{"type":"FeatureCollection", "features": [
{"type":"Feature","geometry":{"type":"MultiPolygon","coordinates":[[[[150.74,59.126],[150.7193,59.1421],[150.6864,59.1317],[150.6855,59.1149],[150.634,59.0821],[150.6125,59.0897],[150.5665,59.0773],[150.5041,59.0439],[150.4728,59.0159],[150.4684,59.001],[150.5452,58.9963],[150.6172,59.0041],[150.7327,59.0763],[150.7874,59.093],[150.7742,59.1163],[150.74,59.126]]],[[[155.5939,59.3356],[155.5428,59.3379],[155.5154,59.3253],[155.5267,59.3129],[155.596,59.3158],[155.5939,59.3356]]],[[[149.1402,59.2098],[149.1098,59.2102],[149.0699,59.1972],[149.0419,59.1986],[149.0321,59.159],[148.9857,59.157],[148.9877,59.1423],[148.9556,59.1384],[148.9545,59.1243],[149.0061,59.1084],[149.0262,59.1419],[149.0606,59.155],[149.1067,59.1576],[149.1201,59.1806],[149.1539,59.2024],[149.1402,59.2098]]],[[[27.2031,59.8646],[27.1769,59.8582],[27.1742,59.8443],[27.1992,59.8354],[27.2275,59.8526],[27.2031,59.8646]]],[[[164.6782,59.5894],[164.6956,59.6053],[164.682,59.6277],[164.646,59.6261],[164.6534,59.5996],[164.6782,59.5894]]],[[[138.3876,55.0937],[138.3391,55.0925],[138.3251,55.0817],[138.3246,55.0592],[138.3552,55.0573],[138.4039,55.0436],[138.4245,55.0602],[138.4262,55.0868],[138.3876,55.0937]]],[[[137.1928,55.1139],[137.1701,55.1188],[137.0917,55.1053],[137.0142,55.1061],[136.9478,55.0669],[136.9014,55.0512],[136.8939,55.0397],[136.85,55.0253],[136.7852,55.0128],[136.7656,54.9893],[136.7143,54.9684],[136.6821,54.95],[136.6862,54.9309],[136.668,54.9122],[136.6729,54.8984],[136.7068,54.8973],[136.7513,54.8822],[136.7791,54.8947],[136.7574,54.9262],[136.775,54.935],[136.81,54.9249],[136.8383,54.9466],[136.8616,54.9381],[136.9015,54.9608],[136.9431,54.9444],[136.9278,54.9336],[136.942,54.9142],[136.9688,54.9183],[137.0617,54.9151],[137.083,54.9326],[137.0884,54.9521],[137.0552,54.9771],[137.0689,55.0036],[137.1109,55.0173],[137.1144,55.0372],[137.1336,55.0619],[137.1583,55.0757],[137.1928,55.1139]]],[[[164.5961,59.2286],[164.5898,59.2398],[164.5466,59.2298],[164.4916,59.203],[164.4462,59.1942],[164.3949,59.1762],[164.3711,59.1433],[164.3501,59.1277],[164.302,59.1114],[164.1877,59.0876],[164.0967,59.0561],[164.0145,59.0375],[163.9249,59.0242],[163.9182,58.9872],[163.8853,58.9748],[163.845,58.9479],[163.8324,58.9321],[163.7731,58.8853],[163.7732,58.825],[163.7386,58.7633],[163.7187,58.7403],[163.6656,58.7047],[163.6467,58.6805],[163.6288,58.6345],[163.5726,58.5793],[163.517,58.5671],[163.4556,58.5638],[163.4148,58.5543],[163.4085,58.5411],[163.4487,58.5074],[163.4407,58.49],[163.4893,58.4488],[163.5042,58.4613],[163.4983,58.4787],[163.5091,58.5035],[163.5746,58.5459],[163.5875,58.5741],[163.6241,58.5885],[163.6521,58.5895],[163.6761,58.6033],[163.7163,58.6149],[163.7793,58.6447],[163.809,58.6699],[163.8611,58.6971],[163.9191,58.6977],[163.9486,58.705],[163.9919,58.74],[164.0206,58.7442],[164.1239,58.7836],[164.1405,58.8006],[164.1872,58.8147],[164.2228,58.8144],[164.2661,58.8056],[164.3278,58.8325],[164.3922,58.85],[164.4265,58.8527],[164.4428,58.8628],[164.4845,58.8672],[164.5228,58.8608],[164.5706,58.8706],[164.61,58.8644],[164.645,58.8775],[164.6962,58.9094],[164.7039,58.9228],[164.6852,58.9411],[164.6852,58.9696],[164.7,58.9983],[164.7356,59.0306],[164.7011,59.0778],[164.6717,59.0928],[164.642,59.128],[164.6328,59.1508],[164.6371,59.1748],[164.5995,59.1842],[164.5885,59.2035],[164.5961,59.2286]]],[[[27.887,60.0089],[27.8426,60.0258],[27.8086,60.0251],[27.812,60.0089],[27.7933,59.9957],[27.8286,59.9819],[27.887,60.0089]]],[[[26.9745,60.0859],[26.9516,60.0849],[26.9693,60.0422],[26.9849,60.0224],[27.0125,60.0125],[27.0245,60.0307],[26.9745,60.0859]]],[[[28.3937,60.0042],[28.4074,60.0159],[28.3946,60.0398],[28.3547,60.0307],[28.3776,60.0068],[28.3937,60.0042]]],[[[28.4792,60.3667],[28.425,60.3667],[28.4776,60.3214],[28.5036,60.3141],[28.5266,60.3307],[28.4792,60.3667]]],[[[28.571,60.3425],[28.5474,60.3349],[28.5411,60.313],[28.5526,60.2964],[28.6417,60.2646],[28.6813,60.2625],[28.7083,60.2958],[28.6693,60.2984],[28.6172,60.3255],[28.5995,60.3411],[28.571,60.3425]]],[[[28.5979,60.5187],[28.5609,60.513],[28.5839,60.4901],[28.6833,60.4625],[28.687,60.4745],[28.6505,60.4839],[28.5979,60.5187]]],[[[28.537,60.6484],[28.5068,60.6422],[28.5318,60.6172],[28.5745,60.6203],[28.5667,60.5979],[28.5734,60.5693],[28.6047,60.5682],[28.638,60.5849],[28.6286,60.6089],[28.6042,60.6125],[28.5703,60.638],[28.537,60.6484]]],[[[28.4724,60.4464],[28.4339,60.4495],[28.4797,60.4109],[28.4995,60.4203],[28.4724,60.4464]]],[[[132.3521,42.7796],[132.3315,42.7801],[132.314,42.7676],[132.3079,42.7485],[132.3412,42.7529],[132.3399,42.7287],[132.3613,42.7337],[132.3613,42.7682],[132.3521,42.7796]]],[[[146.1436,43.5444],[146.0831,43.5339],[146.0761,43.5192],[146.0889,43.5008],[146.1059,43.4929],[146.1075,43.4781],[146.1269,43.4619],[146.1856,43.4822],[146.1783,43.5022],[146.1972,43.5283],[146.1511,43.5383],[146.1436,43.5444]]],[[[145.9,43.4481],[145.8966,43.4298],[145.9544,43.4244],[145.9267,43.4481],[145.9,43.4481]]],[[[146.1095,43.4376],[146.0833,43.4406],[146.0386,43.4242],[146.0244,43.4125],[146.0411,43.4006],[146.0619,43.4167],[146.092,43.423],[146.1095,43.4376]]],[[[131.7318,42.9924],[131.7065,42.9779],[131.7301,42.9437],[131.7621,42.961],[131.7318,42.9924]]],[[[131.8354,43.0674],[131.8435,43.059],[131.8551,43.0551],[131.8665,43.0457],[131.8154,43.0446],[131.794,43.0349],[131.8049,43.0229],[131.7746,43.0168],[131.7718,43.001],[131.7496,42.9957],[131.764,42.9754],[131.7826,42.984],[131.8135,42.9729],[131.8321,42.9549],[131.8668,42.969],[131.889,42.9593],[131.906,42.9671],[131.9354,42.9957],[131.9132,43.0076],[131.9079,43.026],[131.8938,43.0313],[131.8907,43.0621],[131.8657,43.0624],[131.8435,43.0601],[131.8354,43.0674]]],[[[132.429,42.9029],[132.4076,42.8974],[132.4151,42.8721],[132.3924,42.8604],[132.396,42.8421],[132.4235,42.8374],[132.439,42.8118],[132.4546,42.8129],[132.4351,42.8421],[132.4576,42.8604],[132.4337,42.879],[132.429,42.9029]]],[[[131.7343,42.9215],[131.7135,42.9238],[131.7218,42.901],[131.7446,42.9051],[131.7343,42.9215]]],[[[146.3176,43.6478],[146.2937,43.625],[146.3578,43.6188],[146.3442,43.6375],[146.3176,43.6478]]],[[[146.8431,43.888],[146.823,43.8899],[146.8204,43.8655],[146.7952,43.8788],[146.7738,43.8762],[146.7487,43.8573],[146.7211,43.8456],[146.7211,43.832],[146.6621,43.8276],[146.6322,43.8186],[146.6135,43.8207],[146.5858,43.7989],[146.6053,43.7633],[146.5903,43.7572],[146.593,43.7353],[146.6156,43.7422],[146.6425,43.7008],[146.6889,43.7208],[146.6825,43.7321],[146.7033,43.7461],[146.7212,43.7335],[146.7345,43.7475],[146.7589,43.7489],[146.7928,43.7653],[146.7892,43.7781],[146.8231,43.7897],[146.8421,43.8089],[146.8615,43.806],[146.9203,43.8356],[146.893,43.8472],[146.8738,43.8694],[146.8431,43.888]]],[[[146.1731,44.5133],[146.1314,44.5092],[146.0783,44.4703],[146.0714,44.4494],[146.0506,44.4172],[146.0056,44.3778],[146.01,44.3703],[145.9906,44.3215],[145.9536,44.2902],[145.887,44.2488],[145.8615,44.2197],[145.8547,44.2009],[145.8173,44.1652],[145.7885,44.1494],[145.7427,44.0931],[145.7478,44.06],[145.7326,44.044],[145.6878,44.0267],[145.6772,44.0116],[145.6548,44.0041],[145.5942,43.9678],[145.5892,43.9497],[145.5599,43.9431],[145.5334,43.9203],[145.4731,43.8988],[145.4475,43.8565],[145.4099,43.8436],[145.3986,43.8285],[145.4103,43.818],[145.4255,43.7819],[145.418,43.7519],[145.4352,43.7215],[145.5078,43.7347],[145.5447,43.7325],[145.5586,43.7225],[145.5392,43.6917],[145.5367,43.665],[145.5553,43.6683],[145.5608,43.7281],[145.573,43.7748],[145.5706,43.7999],[145.5761,43.8433],[145.5908,43.8685],[145.6492,43.9081],[145.6756,43.9054],[145.7144,43.9108],[145.7653,43.9317],[145.7886,43.9469],[145.7933,43.9831],[145.8202,44.0239],[145.8421,44.0328],[145.8658,44.0291],[145.8636,44.0507],[145.8805,44.0856],[145.8994,44.1031],[145.9057,44.1211],[145.9462,44.1533],[145.9663,44.1529],[145.9821,44.1705],[146.0242,44.1769],[146.0406,44.1856],[146.0658,44.2325],[146.1139,44.2642],[146.1969,44.2686],[146.22,44.2742],[146.2917,44.2747],[146.3075,44.29],[146.3603,44.32],[146.3661,44.3397],[146.3883,44.3592],[146.4261,44.375],[146.4544,44.3772],[146.49,44.3528],[146.4981,44.3631],[146.533,44.3792],[146.5519,44.4283],[146.5322,44.4319],[146.4858,44.4225],[146.4411,44.4192],[146.3978,44.4225],[146.34,44.4172],[146.3264,44.4253],[146.2811,44.4353],[146.2397,44.4553],[146.2253,44.4831],[146.1947,44.4931],[146.1731,44.5133]]],[[[148.8053,45.5519],[148.7535,45.5547],[148.7093,45.541],[148.6528,45.5383],[148.6386,45.5239],[148.64,45.5094],[148.6086,45.4918],[148.5789,45.49],[148.5556,45.4564],[148.5206,45.4464],[148.4708,45.4],[148.4792,45.3831],[148.4611,45.3758],[148.4447,45.3528],[148.4169,45.3365],[148.4167,45.3256],[148.3706,45.3161],[148.343,45.2981],[148.3389,45.2878],[148.2997,45.2764],[148.2303,45.265],[148.1347,45.2561],[148.0575,45.2594],[148.0289,45.2714],[148.0094,45.2931],[147.9972,45.3236],[148,45.3411],[147.9778,45.3631],[147.9625,45.4214],[147.9242,45.4387],[147.9018,45.4292],[147.8713,45.4024],[147.8485,45.3656],[147.8567,45.3198],[147.8719,45.297],[147.8664,45.2636],[147.8839,45.2572],[147.8675,45.2331],[147.8708,45.2242],[147.8391,45.2076],[147.8277,45.2174],[147.7757,45.2077],[147.7663,45.1951],[147.7339,45.193],[147.7275,45.1766],[147.7069,45.1572],[147.6917,45.1322],[147.6956,45.0978],[147.6585,45.0811],[147.5855,45.0842],[147.5735,45.1005],[147.5522,45.1098],[147.5267,45.0983],[147.5315,45.0788],[147.5165,45.0331],[147.5183,44.9985],[147.4886,44.99],[147.4535,44.9712],[147.4014,44.9236],[147.3817,44.9104],[147.3333,44.8888],[147.3256,44.8904],[147.2656,44.868],[147.2467,44.8127],[147.2342,44.8049],[147.1948,44.7966],[147.1696,44.8187],[147.1347,44.83],[147.1081,44.8226],[147.1007,44.801],[147.1136,44.7786],[147.1389,44.7678],[147.1905,44.7649],[147.2005,44.7469],[147.1994,44.7256],[147.1883,44.6996],[147.1265,44.6499],[147.0972,44.6383],[147.0731,44.6383],[147.06,44.6552],[147.0281,44.6623],[147.0036,44.6558],[147.0335,44.6376],[147.0258,44.5981],[147,44.5778],[146.9761,44.5789],[146.9594,44.5947],[146.9342,44.605],[146.9322,44.5794],[146.9544,44.555],[146.9242,44.5256],[146.8972,44.5203],[146.8747,44.4986],[146.8578,44.4544],[146.8722,44.4386],[146.9058,44.4286],[146.9483,44.4267],[146.9908,44.4514],[146.9883,44.4589],[147.0186,44.51],[147.0438,44.5334],[147.0833,44.5608],[147.1078,44.5688],[147.1463,44.5592],[147.1916,44.573],[147.2083,44.5724],[147.2602,44.6129],[147.2656,44.6363],[147.2836,44.6595],[147.3,44.6675],[147.3358,44.7143],[147.3651,44.7241],[147.378,44.7398],[147.421,44.7647],[147.4609,44.7792],[147.4866,44.7802],[147.512,44.8113],[147.5414,44.8145],[147.5962,44.8516],[147.5983,44.8624],[147.6357,44.911],[147.6518,44.9191],[147.6117,44.9386],[147.6261,44.9743],[147.652,44.9939],[147.69,45.0064],[147.7286,45.0014],[147.7275,44.9811],[147.7461,44.9644],[147.7919,44.9469],[147.8527,44.9649],[147.9044,44.9612],[147.9305,44.9864],[147.9837,45.0029],[148.0178,45.0442],[148.1,45.1142],[148.17,45.1486],[148.1997,45.1578],[148.2378,45.1828],[148.265,45.1889],[148.2798,45.2022],[148.3247,45.2225],[148.3781,45.2272],[148.4089,45.2356],[148.4364,45.2522],[148.4592,45.2497],[148.5436,45.2939],[148.5639,45.3114],[148.5958,45.3181],[148.6405,45.335],[148.6508,45.3303],[148.7408,45.3375],[148.7778,45.3225],[148.8042,45.3358],[148.8394,45.3361],[148.8525,45.3597],[148.8764,45.3875],[148.8558,45.4181],[148.8294,45.4272],[148.8328,45.4606],[148.875,45.4747],[148.8895,45.4856],[148.8931,45.5106],[148.8693,45.5343],[148.8053,45.5519]]],[[[155.0118,50.2031],[154.9811,50.214],[154.9586,50.2054],[154.9642,50.1858],[154.9933,50.1864],[155.0118,50.2031]]],[[[156.0594,50.7633],[156.0417,50.7689],[155.9809,50.74],[155.8989,50.6857],[155.8856,50.6679],[155.8611,50.6558],[155.851,50.6129],[155.8345,50.5811],[155.8313,50.5519],[155.8025,50.5277],[155.7777,50.5173],[155.7836,50.5065],[155.7702,50.4719],[155.739,50.4372],[155.6485,50.3776],[155.6028,50.3711],[155.5815,50.3884],[155.5483,50.3622],[155.5148,50.3644],[155.4644,50.3529],[155.4261,50.3527],[155.3874,50.3385],[155.3952,50.3253],[155.3655,50.2902],[155.3369,50.2825],[155.2774,50.3037],[155.2246,50.3006],[155.2029,50.2782],[155.2133,50.2442],[155.2606,50.2136],[155.2549,50.1864],[155.2623,50.1594],[155.231,50.0926],[155.2114,50.0761],[155.2283,50.0493],[155.3061,50.0606],[155.3514,50.0537],[155.3856,50.0375],[155.4088,50.0058],[155.4259,50.0165],[155.4301,50.0505],[155.4777,50.1155],[155.5103,50.1393],[155.5518,50.1491],[155.6129,50.184],[155.6507,50.1779],[155.6945,50.1899],[155.735,50.1914],[155.7541,50.1813],[155.79,50.195],[155.8218,50.233],[155.8531,50.2446],[155.8783,50.2425],[155.8997,50.2606],[155.9197,50.2921],[155.9508,50.3241],[155.9888,50.38],[156.01,50.3844],[156.0267,50.4022],[156.0211,50.4347],[156.0339,50.4578],[156.0589,50.4775],[156.1033,50.4933],[156.1378,50.4867],[156.1663,50.5089],[156.1478,50.5342],[156.1467,50.5592],[156.1694,50.6036],[156.1533,50.6083],[156.1361,50.6297],[156.1267,50.6572],[156.1478,50.6744],[156.13,50.6881],[156.1478,50.7033],[156.1456,50.75],[156.1222,50.7483],[156.0594,50.7633]]],[[[156.4954,50.8463],[156.464,50.8628],[156.4313,50.8518],[156.4106,50.8525],[156.3667,50.8422],[156.323,50.8093],[156.2718,50.7802],[156.2475,50.7714],[156.1992,50.7682],[156.2039,50.7492],[156.1922,50.7186],[156.1733,50.7077],[156.1917,50.6767],[156.2244,50.6689],[156.2766,50.6339],[156.2934,50.6379],[156.3344,50.6261],[156.3422,50.6336],[156.4139,50.6367],[156.4033,50.6517],[156.4506,50.69],[156.454,50.7025],[156.4783,50.7242],[156.5094,50.7636],[156.4961,50.8197],[156.4954,50.8463]]],[[[155.5605,50.9186],[155.5306,50.9221],[155.4894,50.9132],[155.4575,50.8836],[155.4895,50.833],[155.5258,50.8091],[155.5682,50.8046],[155.6262,50.8036],[155.6592,50.8074],[155.6732,50.8203],[155.6609,50.857],[155.6668,50.8638],[155.6584,50.8993],[155.5938,50.9149],[155.5605,50.9186]]],[[[154.8558,49.6314],[154.8161,49.6336],[154.818,49.6121],[154.7964,49.5925],[154.7783,49.59],[154.7673,49.5592],[154.7038,49.4735],[154.7025,49.4572],[154.6411,49.3961],[154.6127,49.3313],[154.6201,49.3177],[154.6253,49.2786],[154.6771,49.2637],[154.7114,49.2586],[154.7756,49.2856],[154.82,49.2925],[154.8378,49.3228],[154.8483,49.3536],[154.8247,49.3708],[154.8344,49.3858],[154.8117,49.4151],[154.8117,49.4645],[154.837,49.506],[154.8918,49.5344],[154.9021,49.5933],[154.8866,49.6085],[154.8575,49.6198],[154.8558,49.6314]]],[[[154.4489,49.8164],[154.3992,49.8051],[154.3865,49.7536],[154.4187,49.7328],[154.4447,49.7269],[154.4739,49.7723],[154.4938,49.7851],[154.4797,49.8094],[154.4489,49.8164]]],[[[154.1992,48.8993],[154.1728,48.9036],[154.1231,48.895],[154.1013,48.8864],[154.0942,48.858],[154.0935,48.8213],[154.0813,48.799],[154.0625,48.7847],[154.0336,48.7878],[153.9962,48.7766],[153.9753,48.7483],[153.9782,48.7331],[154,48.7183],[154.016,48.7201],[154.0592,48.7431],[154.0718,48.7783],[154.1103,48.8008],[154.1259,48.7991],[154.1686,48.8153],[154.2026,48.8435],[154.2072,48.8651],[154.2286,48.8822],[154.1992,48.8993]]],[[[153.9497,48.9669],[153.905,48.9647],[153.9011,48.9428],[153.9139,48.925],[153.9725,48.9211],[154.0109,48.9312],[154,48.9564],[153.9497,48.9669]]],[[[153.499,48.9903],[153.4689,48.9854],[153.4863,48.9659],[153.5044,48.9793],[153.499,48.9903]]],[[[154.4811,49.1639],[154.4508,49.1581],[154.4686,49.1314],[154.4764,49.0958],[154.5178,49.0701],[154.5573,49.0861],[154.5753,49.0853],[154.6043,49.107],[154.5991,49.1289],[154.5647,49.1471],[154.5153,49.1667],[154.4811,49.1639]]],[[[143.6281,49.3219],[143.5703,49.3189],[143.4838,49.3234],[143.4486,49.3133],[143.5819,49.3181],[143.6281,49.3219]]],[[[19.8797,54.6387],[19.8431,54.6004],[19.7769,54.5493],[19.6425,54.4599],[19.7008,54.4768],[19.7592,54.5238],[19.7714,54.5396],[19.8069,54.5555],[19.8542,54.6021],[19.8825,54.6093],[19.8797,54.6387]]],[[[167.4641,54.8671],[167.4391,54.8632],[167.4514,54.8442],[167.453,54.817],[167.5547,54.7563],[167.6124,54.7345],[167.6383,54.7147],[167.6583,54.7153],[167.705,54.6878],[167.7137,54.6731],[167.7541,54.6495],[167.7896,54.6503],[167.8377,54.6354],[167.8891,54.6063],[167.9161,54.5975],[167.9356,54.5675],[167.9777,54.5505],[168.0227,54.539],[168.0614,54.5101],[168.0842,54.5191],[168.032,54.5365],[168.0046,54.5613],[167.9956,54.5789],[167.9761,54.5783],[167.9422,54.6044],[167.9256,54.625],[167.9406,54.645],[167.8856,54.6439],[167.8544,54.6775],[167.8367,54.6881],[167.7883,54.6819],[167.7572,54.6981],[167.7422,54.7231],[167.73,54.7617],[167.6844,54.755],[167.675,54.7822],[167.5939,54.795],[167.5417,54.7992],[167.565,54.8233],[167.4832,54.8553],[167.4641,54.8671]]],[[[137.6177,54.5516],[137.5734,54.5334],[137.5616,54.489],[137.5878,54.4663],[137.5919,54.4523],[137.5533,54.4094],[137.5744,54.3831],[137.595,54.3823],[137.6383,54.3944],[137.6367,54.4085],[137.6056,54.4343],[137.647,54.4668],[137.6539,54.506],[137.639,54.5094],[137.6347,54.5361],[137.6177,54.5516]]],[[[136.3103,54.6933],[136.2807,54.698],[136.2565,54.6822],[136.2799,54.673],[136.2926,54.649],[136.3338,54.6502],[136.3328,54.6924],[136.3103,54.6933]]],[[[139.7976,54.3549],[139.7661,54.3552],[139.765,54.3361],[139.8013,54.3426],[139.7976,54.3549]]],[[[137.9292,54.4836],[137.868,54.4929],[137.8409,54.4843],[137.8208,54.4477],[137.8263,54.433],[137.7922,54.4155],[137.774,54.3985],[137.743,54.3909],[137.7077,54.3717],[137.7334,54.3574],[137.7618,54.3724],[137.7841,54.3707],[137.8291,54.3831],[137.8475,54.4076],[137.856,54.4408],[137.9545,54.4605],[137.9292,54.4836]]],[[[143.2561,52.4581],[143.2322,52.4606],[143.2044,52.4475],[143.1961,52.4228],[143.2561,52.4581]]],[[[141.8306,53.4219],[141.8167,53.4253],[141.7278,53.4119],[141.7033,53.4031],[141.7144,53.3881],[141.7778,53.4056],[141.8067,53.4044],[141.8306,53.4219]]],[[[142.4328,53.5954],[142.393,53.5939],[142.3037,53.5659],[142.3069,53.5523],[142.3679,53.5599],[142.4579,53.5818],[142.4328,53.5954]]],[[[141.3728,53.3511],[141.3244,53.3511],[141.3322,53.3275],[141.3739,53.3286],[141.4272,53.3158],[141.4328,53.3258],[141.3989,53.345],[141.3728,53.3511]]],[[[150.9056,46.5444],[150.8822,46.5461],[150.8547,46.5381],[150.8292,46.5105],[150.8558,46.495],[150.8767,46.5003],[150.8911,46.5329],[150.9056,46.5444]]],[[[150.8175,46.4794],[150.7792,46.4698],[150.788,46.4524],[150.8442,46.4439],[150.8175,46.4794]]],[[[150.7418,46.7344],[150.7199,46.739],[150.7086,46.7223],[150.7415,46.7026],[150.7508,46.7236],[150.7418,46.7344]]],[[[152.235,47.1606],[152.225,47.1676],[152.192,47.1598],[152.1467,47.1042],[152.1183,47.0759],[152.1147,47.0631],[152.0763,47.0309],[152.0598,47.0009],[152.0159,46.9816],[152.0038,46.9815],[151.9718,46.9553],[151.9308,46.9467],[151.9133,46.9303],[151.9138,46.9168],[151.8731,46.8753],[151.8778,46.8653],[151.8483,46.8497],[151.815,46.8592],[151.7931,46.8522],[151.7769,46.86],[151.7247,46.8564],[151.7097,46.8364],[151.7251,46.829],[151.7348,46.7925],[151.7584,46.776],[151.7981,46.7684],[151.8186,46.7745],[151.8636,46.8097],[151.8747,46.8314],[151.9064,46.8524],[151.9453,46.8608],[152.0226,46.8977],[152.0892,46.9742],[152.1299,46.985],[152.1514,46.9985],[152.1593,47.0206],[152.1571,47.0415],[152.1699,47.0596],[152.2768,47.1155],[152.29,47.1466],[152.2709,47.1549],[152.2247,47.135],[152.2039,47.1181],[152.1957,47.1427],[152.235,47.1606]]],[[[152.472,47.377],[152.4483,47.3786],[152.4166,47.3601],[152.4209,47.318],[152.4467,47.2989],[152.5145,47.2989],[152.5337,47.3102],[152.5434,47.3281],[152.5379,47.3518],[152.5119,47.3722],[152.472,47.377]]],[[[153.0502,47.7958],[153.0422,47.8062],[153.0079,47.7955],[152.9687,47.7506],[152.9731,47.7219],[152.9607,47.7028],[152.9775,47.6942],[153.0022,47.6953],[153.0431,47.7133],[153.0625,47.7561],[153.0611,47.7802],[153.0502,47.7958]]],[[[153.2067,48.1183],[153.18,48.1227],[153.1628,48.1133],[153.1638,48.0721],[153.203,48.0574],[153.2322,48.0375],[153.273,48.0456],[153.263,48.0773],[153.2355,48.1081],[153.2067,48.1183]]],[[[150.5419,46.2083],[150.5146,46.2099],[150.4482,46.2027],[150.4194,46.2236],[150.3436,46.2244],[150.3103,46.2142],[150.2885,46.1985],[150.265,46.1992],[150.2178,46.1879],[150.1783,46.1544],[150.1872,46.1461],[150.1891,46.1102],[150.1658,46.0944],[150.1353,46.0886],[150.0871,46.0901],[150.0678,46.095],[149.9931,46.0522],[149.9833,46.0278],[149.9622,46.0147],[149.9378,46.0103],[149.8817,45.9669],[149.8725,45.9458],[149.8572,45.9388],[149.8469,45.9042],[149.7939,45.8642],[149.7672,45.8514],[149.7354,45.8442],[149.7117,45.8522],[149.67,45.8489],[149.6275,45.8128],[149.6122,45.7861],[149.5889,45.7797],[149.563,45.7328],[149.5307,45.6937],[149.472,45.6645],[149.4586,45.6139],[149.4292,45.5926],[149.4715,45.5763],[149.5258,45.5753],[149.5392,45.5881],[149.5736,45.5889],[149.5753,45.602],[149.6264,45.6092],[149.6619,45.6211],[149.6936,45.6444],[149.6969,45.6553],[149.7228,45.6653],[149.7342,45.6811],[149.7586,45.6917],[149.7864,45.7242],[149.8286,45.7456],[149.8617,45.7769],[149.8789,45.7856],[149.9136,45.7903],[149.9142,45.8089],[149.9547,45.8256],[149.9689,45.8189],[150.0033,45.8194],[150.0247,45.8386],[150.1031,45.8844],[150.1272,45.8886],[150.1756,45.9341],[150.1762,45.9609],[150.1994,45.9997],[150.2428,46.0331],[150.3039,46.0697],[150.325,46.09],[150.3517,46.1025],[150.3844,46.1261],[150.4136,46.1372],[150.4575,46.1614],[150.4672,46.1747],[150.5053,46.195],[150.5419,46.2083]]],[[[141.2438,46.2762],[141.2193,46.2674],[141.2103,46.2506],[141.2284,46.2253],[141.2627,46.2486],[141.2438,46.2762]]],[[[142.1182,46.0008],[142.1703,46.0152],[142.1802,46.0272],[142.1937,46.0685],[142.1887,46.0771],[142.2014,46.1022],[142.2193,46.1202],[142.2208,46.1396],[142.2376,46.1626],[142.2486,46.2044],[142.2431,46.2307],[142.2494,46.2729],[142.2767,46.3247],[142.3073,46.3902],[142.3505,46.4549],[142.3853,46.5333],[142.4017,46.5775],[142.4209,46.6096],[142.4481,46.6443],[142.4874,46.6767],[142.5458,46.7079],[142.5795,46.7199],[142.6255,46.7291],[142.6841,46.7306],[142.6891,46.7512],[142.7031,46.7547],[142.7272,46.7356],[142.7483,46.6615],[142.7681,46.6258],[142.7664,46.6111],[142.791,46.6036],[142.8382,46.6126],[142.879,46.6266],[142.9355,46.6194],[142.9801,46.6059],[143.01,46.61],[143.0489,46.5978],[143.1036,46.5947],[143.1219,46.6083],[143.1678,46.5994],[143.215,46.5767],[143.2628,46.5444],[143.2625,46.5667],[143.2944,46.5547],[143.3278,46.5689],[143.3636,46.5567],[143.3782,46.5353],[143.3556,46.4983],[143.3203,46.5081],[143.3025,46.505],[143.3389,46.4667],[143.3417,46.4439],[143.33,46.4272],[143.3408,46.3794],[143.3706,46.3364],[143.3725,46.3206],[143.4042,46.2614],[143.4208,46.2161],[143.4214,46.1739],[143.407,46.1547],[143.4119,46.12],[143.3967,46.0986],[143.4064,46.0406],[143.4597,46.0886],[143.4669,46.1008],[143.4575,46.1311],[143.4581,46.1719],[143.4789,46.2039],[143.5056,46.2222],[143.5183,46.2797],[143.5423,46.299],[143.5647,46.2997],[143.5644,46.3458],[143.6044,46.3694],[143.6027,46.3838],[143.5422,46.4039],[143.5654,46.4107],[143.5697,46.4339],[143.5408,46.4806],[143.5443,46.4939],[143.5314,46.5194],[143.5311,46.5528],[143.5103,46.5944],[143.5089,46.6106],[143.5214,46.6264],[143.4997,46.6603],[143.4967,46.6928],[143.51,46.7156],[143.4969,46.7347],[143.478,46.8075],[143.4648,46.8371],[143.4333,46.8489],[143.4233,46.83],[143.4239,46.8036],[143.3789,46.7925],[143.3319,46.7933],[143.2681,46.8069],[143.2169,46.8267],[143.1758,46.8336],[143.1603,46.8194],[143.1653,46.8047],[143.1903,46.7847],[143.2122,46.7878],[143.2469,46.7828],[143.3083,46.7592],[143.3514,46.7508],[143.3831,46.72],[143.3803,46.7039],[143.36,46.6864],[143.3317,46.6856],[143.3114,46.7033],[143.2517,46.7192],[143.2108,46.7169],[143.1953,46.7053],[143.1533,46.7194],[143.1586,46.7408],[143.1339,46.7475],[143.1167,46.8019],[143.0678,46.8144],[143.0942,46.8614],[143.1158,46.8917],[143.093,46.9119],[143.1014,46.9392],[143.0856,46.9572],[143.0867,46.9714],[143.0558,47.0133],[143.0517,47.0318],[143.0188,47.0779],[143.0193,47.095],[143.0403,47.1164],[143.0431,47.1461],[143.0322,47.1642],[143.0294,47.2011],[143.0159,47.2193],[143.0149,47.2521],[142.9735,47.2865],[142.9406,47.3528],[142.9117,47.372],[142.8847,47.3778],[142.8379,47.4128],[142.8111,47.415],[142.7726,47.4334],[142.7356,47.4582],[142.6942,47.4944],[142.6356,47.5613],[142.5916,47.6238],[142.5515,47.7026],[142.533,47.7517],[142.5215,47.8016],[142.5199,47.8493],[142.5308,47.8583],[142.5131,47.8722],[142.5103,47.8976],[142.5319,47.963],[142.5278,47.9892],[142.5328,48.0107],[142.551,48.0373],[142.5436,48.0608],[142.5592,48.1128],[142.5752,48.1301],[142.6462,48.3082],[142.6603,48.3169],[142.6697,48.3577],[142.7135,48.4416],[142.7171,48.4677],[142.739,48.5287],[142.763,48.5785],[142.7879,48.62],[142.8022,48.6582],[142.8586,48.7495],[142.9035,48.8024],[142.913,48.8201],[142.9405,48.8488],[142.9797,48.8983],[142.987,48.9325],[142.9796,48.9722],[142.9536,48.9938],[142.9442,49.03],[142.9476,49.0595],[142.9694,49.0996],[142.9731,49.1182],[143.0456,49.1833],[143.1225,49.2278],[143.2003,49.2592],[143.3483,49.3031],[143.4153,49.3092],[143.4319,49.3222],[143.3625,49.3233],[143.345,49.3156],[143.3122,49.315],[143.3008,49.3228],[143.3336,49.3367],[143.3111,49.3517],[143.285,49.3506],[143.235,49.3796],[143.2803,49.4019],[143.3614,49.4114],[143.4044,49.4064],[143.4514,49.3839],[143.4806,49.3575],[143.5106,49.3425],[143.5225,49.3544],[143.5719,49.3544],[143.5894,49.3361],[143.6181,49.3425],[143.6542,49.3322],[143.7092,49.335],[143.7536,49.3142],[143.7556,49.3036],[143.8428,49.2925],[144,49.2661],[144.0533,49.2519],[144.1383,49.2192],[144.2036,49.1564],[144.2253,49.1491],[144.2778,49.0836],[144.3209,49.0647],[144.3369,49.0337],[144.3987,49.0173],[144.4475,48.9881],[144.4623,48.9663],[144.515,48.9325],[144.565,48.8897],[144.5876,48.8502],[144.6031,48.8419],[144.6262,48.8061],[144.6536,48.7745],[144.6606,48.7392],[144.6538,48.705],[144.6734,48.6884],[144.6776,48.6609],[144.6873,48.6501],[144.7303,48.6536],[144.6829,48.7041],[144.6733,48.725],[144.6742,48.7536],[144.6828,48.7689],[144.7053,48.7781],[144.6877,48.7927],[144.674,48.8199],[144.6783,48.8483],[144.6911,48.8572],[144.6619,48.8853],[144.6167,48.9075],[144.5243,48.9612],[144.4266,49.0113],[144.4022,49.0271],[144.3894,49.0235],[144.3681,49.0476],[144.3955,49.059],[144.3575,49.116],[144.3324,49.1754],[144.2803,49.2453],[144.2703,49.3025],[144.2538,49.328],[144.241,49.368],[144.2467,49.3771],[144.2219,49.4147],[144.2234,49.4448],[144.2141,49.4812],[144.2375,49.5068],[144.1995,49.5385],[144.1425,49.6018],[144.1335,49.617],[144.1144,49.701],[144.125,49.7252],[144.1204,49.7551],[144.0842,49.8],[144.0537,49.8495],[143.9989,49.9514],[143.9858,49.9903],[143.9973,50.0192],[143.9336,50.1026],[143.9118,50.1235],[143.8725,50.1767],[143.8354,50.2348],[143.7919,50.3159],[143.7633,50.3853],[143.7225,50.4991],[143.6991,50.5794],[143.6892,50.643],[143.7,50.6567],[143.6759,50.7189],[143.6649,50.7904],[143.6699,50.804],[143.652,50.8294],[143.6232,50.9264],[143.6209,50.9452],[143.535,51.2028],[143.5122,51.2175],[143.4653,51.2137],[143.4646,51.2239],[143.4872,51.2464],[143.465,51.2703],[143.4739,51.2858],[143.4534,51.2996],[143.4289,51.3044],[143.3839,51.3386],[143.4294,51.3689],[143.4494,51.3676],[143.475,51.3472],[143.4661,51.3936],[143.4406,51.4839],[143.4239,51.5272],[143.4006,51.525],[143.3994,51.5439],[143.3817,51.5978],[143.335,51.6122],[143.3411,51.57],[143.3561,51.5417],[143.3556,51.5181],[143.3422,51.5042],[143.3011,51.4961],[143.2883,51.5061],[143.2472,51.5089],[143.2272,51.5028],[143.2039,51.5086],[143.2122,51.5447],[143.2433,51.5789],[143.2233,51.6181],[143.2428,51.6147],[143.2528,51.6808],[143.2794,51.7103],[143.3061,51.7144],[143.3089,51.7447],[143.2861,51.7856],[143.23,51.8694],[143.1738,51.8589],[143.1456,51.8803],[143.1544,51.9097],[143.105,51.9286],[143.1044,51.94],[143.1306,51.9547],[143.1161,51.965],[143.1511,51.9747],[143.1377,52.0022],[143.1395,52.0158],[143.1193,52.0261],[143.1006,52.0506],[143.12,52.0625],[143.0994,52.0985],[143.075,52.1089],[143.0991,52.1311],[143.0972,52.1614],[143.1206,52.1603],[143.14,52.1469],[143.1433,52.2228],[143.1583,52.2831],[143.1822,52.3117],[143.1606,52.3253],[143.1533,52.2914],[143.115,52.2847],[143.1206,52.3106],[143.1083,52.3461],[143.135,52.3714],[143.1555,52.4178],[143.1799,52.4364],[143.1894,52.4561],[143.1738,52.4653],[143.1828,52.4825],[143.235,52.505],[143.2089,52.5208],[143.2144,52.5467],[143.2306,52.5672],[143.25,52.5706],[143.2317,52.5981],[143.2667,52.5919],[143.2917,52.6003],[143.3011,52.5867],[143.28,52.5742],[143.2678,52.5369],[143.2294,52.4797],[143.2722,52.4792],[143.2744,52.4525],[143.24,52.4389],[143.2195,52.4125],[143.2006,52.4014],[143.1823,52.3679],[143.2106,52.3581],[143.2461,52.3917],[143.2828,52.4514],[143.3051,52.5255],[143.3167,52.5819],[143.3244,52.7403],[143.3233,52.8089],[143.3356,52.8331],[143.3056,52.8322],[143.3017,52.9067],[143.2933,52.9503],[143.267,52.9338],[143.2861,52.9081],[143.2572,52.8731],[143.2372,52.8667],[143.2109,52.8834],[143.2154,52.9014],[143.2004,52.9083],[143.1644,52.9456],[143.1867,52.9561],[143.165,52.9739],[143.1678,52.9956],[143.1177,53.0106],[143.1216,53.022],[143.099,53.0371],[143.1255,53.0655],[143.1046,53.0866],[143.1045,53.1036],[143.0829,53.1173],[143.0896,53.143],[143.0754,53.1897],[143.0782,53.2102],[143.0579,53.2168],[143.0646,53.2469],[143.0315,53.2616],[143.0412,53.2764],[143.0703,53.2841],[143.0762,53.3114],[143.0883,53.323],[143.0814,53.3412],[143.1287,53.3659],[143.1503,53.3602],[143.1821,53.3293],[143.1738,53.2939],[143.1286,53.2773],[143.1487,53.2454],[143.1364,53.2229],[143.1519,53.1977],[143.1864,53.19],[143.2262,53.1628],[143.2478,53.155],[143.2572,53.1394],[143.2474,53.0995],[143.2608,53.0634],[143.286,53.0443],[143.2645,53.1608],[143.2417,53.2325],[143.2128,53.3039],[143.154,53.4062],[143.1094,53.3782],[143.0846,53.3873],[143.1115,53.402],[143.106,53.423],[143.1395,53.4356],[143.1195,53.47],[143.0649,53.5518],[143.0513,53.5341],[142.9933,53.5342],[142.9867,53.5486],[142.9628,53.5592],[143.0054,53.572],[143.0272,53.5889],[143.0322,53.6075],[142.9894,53.6172],[142.9623,53.6122],[142.9394,53.6194],[143.0128,53.6356],[142.9928,53.6628],[142.9672,53.6425],[142.9517,53.6442],[142.9406,53.665],[142.9428,53.6877],[142.9728,53.6994],[142.9517,53.7364],[142.9283,53.7647],[142.8806,53.7647],[142.8815,53.7809],[142.8644,53.8064],[142.9058,53.8206],[142.8933,53.8698],[142.8533,53.8672],[142.8329,53.8775],[142.8883,53.8856],[142.8895,53.9483],[142.9072,53.9892],[142.9389,54.0134],[142.9755,54.0311],[142.9973,54.0806],[142.9875,54.1157],[142.9659,54.1475],[142.923,54.1802],[142.8498,54.2529],[142.8163,54.2767],[142.7874,54.3082],[142.7677,54.36],[142.7339,54.3867],[142.7243,54.4161],[142.7047,54.4252],[142.6621,54.4102],[142.6742,54.3832],[142.6696,54.3587],[142.6037,54.3207],[142.6359,54.2865],[142.5905,54.2662],[142.5716,54.2846],[142.5457,54.282],[142.567,54.2413],[142.5349,54.2314],[142.5189,54.2375],[142.5044,54.26],[142.5232,54.2968],[142.5912,54.292],[142.5758,54.3125],[142.4794,54.2875],[142.4276,54.2795],[142.3849,54.2781],[142.3176,54.2927],[142.275,54.3127],[142.2621,54.2989],[142.3311,54.2675],[142.355,54.2441],[142.3735,54.2369],[142.4018,54.2009],[142.4141,54.1567],[142.4423,54.1275],[142.5065,54.0909],[142.5425,54.0536],[142.5745,54.0318],[142.6639,53.9628],[142.6956,53.9425],[142.6995,53.9151],[142.6898,53.8567],[142.6723,53.8228],[142.6338,53.7696],[142.5813,53.7103],[142.5991,53.686],[142.6232,53.7038],[142.6707,53.7249],[142.677,53.7716],[142.7039,53.8389],[142.7426,53.8312],[142.757,53.8144],[142.776,53.7562],[142.7915,53.7287],[142.7896,53.7073],[142.7586,53.6783],[142.7302,53.634],[142.686,53.6303],[142.6528,53.6484],[142.6384,53.6853],[142.6163,53.6848],[142.5794,53.6708],[142.5356,53.6776],[142.4786,53.6611],[142.4951,53.6216],[142.5028,53.5869],[142.5024,53.5568],[142.5214,53.5537],[142.5263,53.5763],[142.5436,53.6001],[142.5637,53.6001],[142.585,53.5711],[142.6287,53.5461],[142.664,53.5464],[142.665,53.5178],[142.6325,53.5155],[142.6017,53.5283],[142.5701,53.5109],[142.5463,53.4877],[142.5237,53.4534],[142.4963,53.4242],[142.4421,53.3802],[142.406,53.3736],[142.3486,53.3883],[142.3299,53.3692],[142.2719,53.3643],[142.2416,53.3847],[142.2286,53.4177],[142.2406,53.4442],[142.2239,53.4801],[142.2448,53.4997],[142.2151,53.5253],[142.1954,53.5324],[142.1639,53.5252],[142.0087,53.4784],[141.8717,53.4333],[141.8272,53.4069],[141.7646,53.3775],[141.7639,53.3606],[141.7772,53.3394],[141.8,53.3258],[141.7872,53.2839],[141.7911,53.2567],[141.8244,53.2089],[141.8328,53.1794],[141.8289,53.1614],[141.8406,53.1433],[141.885,53.1064],[141.9206,53.0664],[141.9178,53.0167],[141.9107,52.9941],[141.8889,52.962],[141.8917,52.9323],[141.873,52.8971],[141.8575,52.8833],[141.849,52.8219],[141.8533,52.7745],[141.8197,52.7208],[141.8446,52.706],[141.8195,52.6589],[141.8364,52.6508],[141.8329,52.6323],[141.8061,52.5942],[141.8293,52.5914],[141.835,52.5727],[141.7888,52.4915],[141.7559,52.451],[141.7128,52.4213],[141.7014,52.4043],[141.6535,52.3921],[141.6578,52.3775],[141.6299,52.3182],[141.6593,52.2906],[141.6694,52.2651],[141.6439,52.2229],[141.6745,52.1965],[141.6951,52.1587],[141.6802,52.1307],[141.6379,52.1039],[141.6331,52.0724],[141.6511,52.051],[141.6508,52.0303],[141.6689,52.0009],[141.6817,51.9653],[141.6839,51.9317],[141.654,51.8995],[141.6301,51.8896],[141.6376,51.8768],[141.6897,51.8594],[141.7348,51.854],[141.761,51.8412],[141.8163,51.7968],[141.8285,51.769],[141.8161,51.7564],[141.8238,51.7412],[141.8135,51.7251],[141.7515,51.7061],[141.7872,51.6889],[141.8149,51.6659],[141.8561,51.6228],[141.8883,51.6027],[141.9261,51.6292],[141.9539,51.6028],[141.9372,51.5842],[141.9172,51.5772],[141.9406,51.5578],[142.0722,51.48],[142.0906,51.4394],[142.07,51.4283],[142.0872,51.4092],[142.0828,51.3966],[142.145,51.3336],[142.1744,51.3139],[142.18,51.2842],[142.1646,51.2742],[142.195,51.2103],[142.2367,51.1797],[142.2539,51.1417],[142.2567,51.07],[142.2406,51.0142],[142.2207,50.9812],[142.1824,50.936],[142.1406,50.8991],[142.1172,50.8915],[142.113,50.8529],[142.0859,50.8212],[142.096,50.7953],[142.094,50.7234],[142.0766,50.7019],[142.0573,50.6381],[142.0441,50.552],[142.0479,50.5169],[142.0573,50.5088],[142.0994,50.4266],[142.151,50.3725],[142.1567,50.3228],[142.137,50.2891],[142.1579,50.2585],[142.1596,50.2226],[142.1522,50.2177],[142.1702,50.1479],[142.1731,50.0456],[142.1439,50.0208],[142.1574,50.0083],[142.1576,49.9831],[142.1355,49.9577],[142.1475,49.9119],[142.1378,49.8935],[142.152,49.8473],[142.1515,49.8317],[142.1675,49.8034],[142.1545,49.7446],[142.1587,49.7193],[142.1564,49.6444],[142.1473,49.6308],[142.1442,49.5187],[142.1295,49.4794],[142.1288,49.4517],[142.0987,49.4224],[142.0778,49.3568],[142.0706,49.3006],[142.0719,49.2572],[142.0945,49.2234],[142.0677,49.194],[142.0634,49.1521],[142.0307,49.1466],[142.0284,49.1313],[142.0411,49.0892],[142.0294,49.072],[142.0278,49.0433],[142.0142,49.0306],[142.0067,49.0011],[142.0043,48.9458],[141.9883,48.9294],[141.9578,48.9217],[141.9792,48.8794],[141.9444,48.8483],[141.9181,48.8431],[141.8836,48.8189],[141.8494,48.7817],[141.8469,48.7664],[141.8606,48.7358],[141.8719,48.6922],[141.8678,48.6786],[141.8905,48.6439],[141.9639,48.5478],[142.0617,48.4423],[142.1096,48.3783],[142.1494,48.3081],[142.1542,48.2625],[142.1512,48.238],[142.1628,48.2215],[142.1651,48.1813],[142.1758,48.1133],[142.1725,48.0862],[142.1819,48.0708],[142.1793,48.0404],[142.1876,48.0063],[142.2036,47.9833],[142.1894,47.9487],[142.1548,47.9151],[142.0869,47.8613],[142.0851,47.8238],[142.0647,47.7742],[142.0461,47.7609],[142.0308,47.7299],[142.0027,47.6959],[142.0021,47.6679],[141.9789,47.6332],[141.9613,47.619],[141.966,47.6051],[141.9585,47.577],[141.9628,47.549],[141.9537,47.5248],[141.9687,47.4556],[141.9642,47.4486],[141.9991,47.3675],[141.9686,47.314],[141.9644,47.2986],[142.0242,47.2439],[142.0517,47.19],[142.0583,47.1387],[142.0523,47.124],[142.0571,47.0782],[142.0289,47.0339],[142.0272,47.0098],[142.0068,46.9449],[141.987,46.8972],[141.9746,46.8967],[141.956,46.8611],[141.9236,46.8168],[141.8933,46.748],[141.8564,46.6907],[141.8512,46.6286],[141.8112,46.6015],[141.8223,46.5586],[141.81,46.5462],[141.8232,46.4817],[141.8354,46.4455],[141.8707,46.3687],[141.8704,46.3565],[141.8871,46.3154],[141.8959,46.2438],[141.9101,46.197],[141.9315,46.1012],[141.9336,46.0767],[141.9271,46.0525],[141.9158,46.0462],[141.9607,46.0184],[141.9881,45.9903],[141.9941,45.9729],[142.0175,45.9448],[142.0535,45.913],[142.0782,45.9129],[142.0897,45.9411],[142.0858,45.9539],[142.0969,45.9833],[142.1182,46.0008]]],[[[22.3652,54.3444],[22.4218,54.3485],[22.5281,54.3492],[22.7691,54.3608],[22.7691,54.3771],[22.746,54.4257],[22.7266,54.4501],[22.702,54.4597],[22.6909,54.5245],[22.7087,54.5586],[22.695,54.5859],[22.6961,54.6016],[22.7198,54.6078],[22.729,54.6301],[22.7529,54.6385],[22.7541,54.6565],[22.7392,54.6658],[22.7482,54.6836],[22.7339,54.702],[22.7398,54.7235],[22.7762,54.7504],[22.8153,54.754],[22.8474,54.7667],[22.8645,54.7888],[22.8879,54.7882],[22.8901,54.8197],[22.8729,54.8551],[22.8548,54.87],[22.8571,54.9015],[22.82,54.913],[22.7953,54.912],[22.7663,54.9442],[22.7459,54.945],[22.7363,54.9629],[22.6447,54.9965],[22.6074,55.0243],[22.5869,55.0697],[22.5637,55.0748],[22.5074,55.0535],[22.4787,55.0496],[22.3948,55.0566],[22.3513,55.0657],[22.2574,55.0676],[22.1896,55.056],[22.1549,55.0561],[22.1141,55.0267],[22.0711,55.0263],[22.0368,55.0472],[22.0387,55.0851],[22.0029,55.0873],[21.9727,55.0772],[21.9407,55.0779],[21.8747,55.0969],[21.8511,55.0985],[21.8215,55.1201],[21.7505,55.1257],[21.6971,55.1625],[21.6661,55.1719],[21.6509,55.1857],[21.5881,55.1911],[21.5491,55.2007],[21.5017,55.1921],[21.4811,55.2105],[21.4555,55.2197],[21.4105,55.2785],[21.3887,55.2907],[21.3475,55.2819],[21.2765,55.2457],[21.2909,55.2301],[21.2809,55.2085],[21.2558,55.1946],[21.2142,55.2018],[21.1786,55.1965],[21.1808,55.1712],[21.2037,55.1007],[21.2119,55.0474],[21.2214,55.0187],[21.2142,55.011],[21.2264,54.9843],[21.2481,54.9657],[21.2408,54.9399],[21.2169,54.9246],[21.1519,54.9149],[21.1219,54.9043],[21.1003,54.9065],[21.0847,54.8924],[21.0601,54.9015],[21.0403,54.8932],[20.9747,54.8935],[20.9425,54.8993],[20.8564,54.9043],[20.8303,54.9291],[20.7803,54.9477],[20.7192,54.9307],[20.6231,54.9404],[20.5814,54.9377],[20.5414,54.9465],[20.5375,54.9768],[20.5803,54.984],[20.6442,55.031],[20.7069,55.0574],[20.7786,55.1157],[20.7986,55.1276],[20.8425,55.1407],[20.8642,55.1535],[20.8503,55.1654],[20.8769,55.1829],[20.9181,55.2277],[20.9447,55.2371],[20.9469,55.249],[20.9747,55.2599],[20.9506,55.2768],[20.8569,55.1949],[20.7842,55.1418],[20.7214,55.0865],[20.6786,55.056],[20.5781,54.9993],[20.4975,54.9676],[20.4536,54.9543],[20.3814,54.9382],[20.3442,54.9374],[20.2981,54.9432],[20.2714,54.9629],[20.2169,54.9543],[20.2086,54.9593],[20.1331,54.9437],[20.0931,54.9479],[20.0353,54.946],[19.9781,54.9613],[19.9464,54.9285],[19.9319,54.9049],[19.9325,54.8601],[19.9525,54.8432],[19.9658,54.7851],[19.9403,54.7182],[19.8897,54.6568],[19.8986,54.6351],[19.9514,54.6357],[19.9403,54.656],[19.9475,54.704],[19.9808,54.726],[20.0442,54.7235],[20.0636,54.6943],[20.0642,54.6693],[20.0869,54.6574],[20.1181,54.6565],[20.1658,54.6868],[20.2019,54.6943],[20.2175,54.6885],[20.2958,54.6904],[20.3303,54.6849],[20.3725,54.6901],[20.3775,54.6604],[20.3519,54.6512],[20.3303,54.6557],[20.2881,54.6326],[20.2342,54.6113],[20.1631,54.599],[20.1308,54.5738],[20.0914,54.5549],[20.0592,54.5488],[20.0186,54.5762],[19.9803,54.5699],[19.9658,54.5529],[19.9619,54.5271],[19.9403,54.4985],[19.9014,54.4846],[19.8692,54.4832],[19.8303,54.4696],[19.8014,54.4393],[19.8937,54.4282],[20.2195,54.408],[20.3277,54.3957],[20.3611,54.3959],[20.4385,54.3879],[20.584,54.378],[20.6311,54.3663],[20.6894,54.3723],[20.7408,54.3693],[20.8184,54.36],[20.8874,54.3584],[20.8941,54.3511],[21.0479,54.346],[21.2254,54.3341],[21.4403,54.3224],[21.5727,54.3242],[21.7971,54.3318],[21.9697,54.3327],[22.0102,54.3362],[22.1528,54.3366],[22.2196,54.3417],[22.3188,54.3405],[22.3652,54.3444]]],[[[138.2306,54.7219],[138.1806,54.7169],[138.2028,54.6986],[138.2462,54.711],[138.2306,54.7219]]],[[[165.9973,55.3574],[165.9674,55.362],[165.9239,55.3253],[165.866,55.3113],[165.8089,55.3033],[165.7867,55.2842],[165.8183,55.2731],[165.8905,55.26],[165.978,55.2281],[166.0135,55.2037],[165.9944,55.1983],[166.0473,55.1651],[166.0519,55.1479],[166.0837,55.1242],[166.0881,55.0862],[166.0725,55.0766],[166.1061,55.0369],[166.1545,55.0148],[166.1722,54.9897],[166.1754,54.9611],[166.2065,54.9395],[166.2328,54.9358],[166.245,54.9153],[166.2822,54.9161],[166.2839,54.8933],[166.3094,54.8683],[166.3503,54.8445],[166.385,54.8317],[166.4493,54.8229],[166.4961,54.8339],[166.5089,54.8181],[166.4883,54.8078],[166.4863,54.7885],[166.5583,54.7569],[166.5621,54.7353],[166.5848,54.7169],[166.6324,54.6999],[166.671,54.6786],[166.6789,54.6953],[166.6717,54.7128],[166.6768,54.7464],[166.6683,54.7775],[166.6472,54.8169],[166.6511,54.8475],[166.6331,54.8738],[166.5872,54.8908],[166.5939,54.9131],[166.5472,54.915],[166.5339,54.9281],[166.4733,54.9486],[166.4439,54.9631],[166.4317,54.9825],[166.3989,55.0114],[166.39,55.0431],[166.3678,55.0522],[166.3506,55.0722],[166.3517,55.0914],[166.2972,55.1131],[166.2628,55.1669],[166.2483,55.1781],[166.2411,55.2019],[166.2572,55.2394],[166.2667,55.2853],[166.2856,55.2883],[166.2772,55.3172],[166.2114,55.3121],[166.1761,55.3203],[166.1339,55.3217],[166.0857,55.3328],[166.0318,55.3558],[165.9973,55.3574]]],[[[137.6671,55.1821],[137.6311,55.1959],[137.618,55.1869],[137.5584,55.1829],[137.5556,55.1572],[137.5172,55.1283],[137.5053,55.1122],[137.5183,55.0975],[137.5083,55.0725],[137.4878,55.0578],[137.4789,55.0315],[137.4495,55.0124],[137.4075,54.9981],[137.3978,54.9759],[137.3675,54.9529],[137.3394,54.9397],[137.3081,54.911],[137.2711,54.854],[137.2621,54.8094],[137.247,54.776],[137.2782,54.7662],[137.3045,54.7766],[137.3027,54.7905],[137.3293,54.7963],[137.3733,54.8179],[137.3962,54.8432],[137.4196,54.8556],[137.4724,54.8677],[137.4909,54.8597],[137.5227,54.8315],[137.5518,54.7928],[137.5507,54.7764],[137.5894,54.7622],[137.5974,54.7394],[137.626,54.7188],[137.6277,54.6973],[137.6662,54.6423],[137.6887,54.6423],[137.7005,54.615],[137.7217,54.6203],[137.7313,54.6466],[137.7475,54.6628],[137.8103,54.6999],[137.836,54.7011],[137.8594,54.7168],[137.8691,54.7434],[137.8867,54.7564],[137.9193,54.7625],[137.9521,54.7528],[137.9588,54.7661],[137.9839,54.7701],[138.0067,54.7964],[138.0044,54.8456],[137.9926,54.8711],[137.9979,54.9208],[138.0256,54.9317],[138.0775,54.9802],[138.1261,55.0022],[138.1792,54.9942],[138.2178,55.0325],[138.1239,55.0452],[138.1072,55.0514],[138.0228,55.05],[137.9674,55.0349],[137.9361,55.0178],[137.9305,55.0047],[137.879,54.99],[137.8963,55.0139],[137.9285,55.0301],[137.9675,55.0711],[137.9935,55.0823],[137.9561,55.1039],[137.9444,55.1291],[137.9167,55.1436],[137.8905,55.1292],[137.8678,55.1269],[137.7872,55.1443],[137.7635,55.1418],[137.73,55.1508],[137.6671,55.1821]]],[[[162.6141,61.5734],[162.5807,61.5891],[162.5271,61.5771],[162.5479,61.5625],[162.5813,61.5604],[162.6141,61.5734]]],[[[-172.6536,64.6359],[-172.6917,64.6521],[-172.7287,64.6193],[-172.6917,64.6188],[-172.6708,64.5979],[-172.5208,64.5917],[-172.4547,64.6068],[-172.4484,64.6245],[-172.4875,64.6438],[-172.5167,64.6458],[-172.5708,64.6312],[-172.625,64.6417],[-172.6536,64.6359]]],[[[-179.2833,65.5375],[-179.3349,65.5568],[-179.35,65.5458],[-179.3495,65.5068],[-179.2953,65.5162],[-179.2833,65.5375]]],[[[-173.95,66.2646],[-173.9911,66.2662],[-174.0203,66.2505],[-173.9979,66.2396],[-173.95,66.2646]]],[[[-172.3708,64.8292],[-172.4042,64.8333],[-172.4583,64.8146],[-172.4937,64.8146],[-172.5255,64.7839],[-172.5849,64.7516],[-172.5964,64.7255],[-172.6286,64.7078],[-172.637,64.6922],[-172.5661,64.6891],[-172.4812,64.7],[-172.3542,64.7021],[-172.2505,64.7318],[-172.2375,64.7417],[-172.125,64.7479],[-172.063,64.7568],[-172.1771,64.7958],[-172.2432,64.8089],[-172.2833,64.8271],[-172.3708,64.8292]]],[[[36.6151,64.237],[36.5938,64.2417],[36.563,64.2255],[36.6083,64.2208],[36.6286,64.1901],[36.6745,64.213],[36.6151,64.237]]],[[[41.3146,64.3396],[41.2062,64.3458],[41.1708,64.3333],[41.2875,64.3354],[41.3146,64.3396]]],[[[35.9536,64.3839],[35.9328,64.3953],[35.863,64.3776],[35.8672,64.3651],[35.9141,64.3411],[35.9276,64.3193],[35.9833,64.3083],[36.0141,64.3234],[35.9995,64.3536],[35.9672,64.3651],[35.9536,64.3839]]],[[[40.8786,64.437],[40.8464,64.4234],[40.8672,64.3922],[40.8828,64.3891],[40.9193,64.3526],[40.9542,64.3521],[41.0016,64.3672],[40.9599,64.4245],[40.9354,64.4354],[40.8786,64.437]]],[[[178.6109,64.5745],[178.5688,64.5875],[178.5213,64.5651],[178.5542,64.5604],[178.6109,64.5745]]],[[[39.9958,64.7521],[39.9547,64.7599],[39.9255,64.737],[39.9708,64.7208],[40.0167,64.7375],[39.9958,64.7521]]],[[[39.9729,64.6979],[39.8917,64.7104],[39.8667,64.6958],[39.9083,64.6729],[39.9667,64.6625],[40.0292,64.6667],[40.0995,64.6412],[40.1391,64.6141],[40.1339,64.5797],[40.1667,64.5646],[40.2667,64.5687],[40.3495,64.5599],[40.4,64.5313],[40.4667,64.5313],[40.4516,64.5703],[40.4828,64.5839],[40.4828,64.5974],[40.4229,64.6208],[40.3542,64.6188],[40.3208,64.6333],[40.2703,64.637],[40.2547,64.6609],[40.2536,64.6849],[40.162,64.6984],[40.0807,64.6859],[40.0271,64.6917],[39.9833,64.6833],[39.9729,64.6979]]],[[[35.5703,64.6839],[35.525,64.6771],[35.5849,64.6568],[35.5974,64.6672],[35.5703,64.6839]]],[[[35.1599,64.9245],[35.1312,64.9479],[35.0964,64.9391],[35.1208,64.9208],[35.1599,64.9245]]],[[[36.0083,65.05],[35.8875,65.0437],[35.8922,65.0214],[35.9417,65.025],[36.0062,65.0125],[36.0245,65.0359],[36.0083,65.05]]],[[[35.9755,65.187],[35.9401,65.1828],[35.9339,65.1443],[36.0208,65.1375],[36.0354,65.1292],[36.1,65.1292],[36.1193,65.1391],[36.2146,65.1396],[36.2125,65.1563],[36.1,65.1604],[36.0583,65.1563],[36.0167,65.1854],[35.9755,65.187]]],[[[40.2005,64.9859],[40.1797,64.9755],[40.2161,64.9453],[40.2292,64.9],[40.2568,64.8588],[40.3036,64.8828],[40.2792,64.9],[40.2953,64.9328],[40.2443,64.9464],[40.2005,64.9859]]],[[[35.7813,65.1646],[35.7604,65.1729],[35.6708,65.1687],[35.6599,65.1505],[35.6104,65.1292],[35.5833,65.1521],[35.5396,65.1458],[35.5005,65.1203],[35.5047,65.0964],[35.5297,65.0714],[35.5958,65.0375],[35.6729,65.0375],[35.7161,65.0099],[35.7151,64.9922],[35.738,64.9568],[35.8312,64.9875],[35.8589,65.0162],[35.8411,65.037],[35.8167,65.0417],[35.7583,65.0375],[35.7401,65.0443],[35.7714,65.087],[35.8047,65.0745],[35.8214,65.0484],[35.8505,65.0568],[35.8255,65.0964],[35.8411,65.1349],[35.8182,65.1557],[35.7813,65.1646]]],[[[33.8,66.325],[33.675,66.3229],[33.6604,66.3021],[33.7729,66.3],[33.7651,66.3141],[33.8,66.325]]],[[[33.925,66.2771],[33.8812,66.2833],[33.8104,66.2813],[33.8104,66.2667],[33.8604,66.2542],[33.9042,66.2521],[33.9625,66.2708],[33.925,66.2771]]],[[[40.1559,64.7799],[40.1396,64.7875],[40.0812,64.7729],[40.1437,64.7646],[40.1583,64.7375],[40.2167,64.725],[40.2932,64.6828],[40.2964,64.6505],[40.3875,64.625],[40.412,64.6276],[40.3943,64.6839],[40.4057,64.7161],[40.3583,64.7521],[40.3682,64.762],[40.2792,64.7667],[40.2557,64.7609],[40.1917,64.7771],[40.1559,64.7799]]],[[[72.2432,66.3505],[72.1943,66.3599],[72.1828,66.3422],[72.2432,66.3505]]],[[[33.8646,66.3562],[33.812,66.3495],[33.8089,66.3339],[33.8536,66.3359],[33.8646,66.3562]]],[[[70.1188,66.4313],[70.0667,66.4458],[69.9745,66.4234],[69.9688,66.4125],[70.0292,66.4083],[70.0583,66.4187],[70.1203,66.4213],[70.1188,66.4313]]],[[[71.1307,66.5578],[71.0604,66.5604],[71.0172,66.5495],[71.0354,66.5354],[71.0687,66.5354],[71.1307,66.5578]]],[[[78.8057,67.587],[78.8104,67.5729],[78.9167,67.5687],[78.9646,67.5583],[78.9771,67.5771],[78.9063,67.5917],[78.8187,67.5938],[78.8057,67.587]]],[[[77.7708,67.5563],[77.7557,67.5599],[77.7266,67.5068],[77.7089,67.488],[77.7182,67.4703],[77.762,67.4797],[77.8099,67.5026],[77.838,67.5266],[77.8729,67.5396],[77.8047,67.5599],[77.7708,67.5563]]],[[[69.3771,66.7083],[69.3359,66.7099],[69.288,66.6911],[69.2953,66.662],[69.3245,66.6547],[69.3151,66.6401],[69.3703,66.6349],[69.375,66.6604],[69.3568,66.6724],[69.4464,66.6901],[69.4328,66.7037],[69.3771,66.7083]]],[[[69.5505,66.762],[69.5125,66.7688],[69.4693,66.7578],[69.512,66.7203],[69.513,66.7068],[69.5432,66.6891],[69.5437,66.6687],[69.5693,66.6443],[69.6141,66.6203],[69.6271,66.5854],[69.6162,66.5724],[69.6734,66.5339],[69.7063,66.5292],[69.7562,66.5083],[69.7937,66.5083],[69.8938,66.4729],[69.9667,66.4917],[70.0021,66.4875],[70.1479,66.5208],[70.1234,66.537],[70.1766,66.5422],[70.1474,66.562],[70.0943,66.5755],[70.0563,66.5958],[70.0396,66.6167],[70.1333,66.6188],[70.1401,66.637],[70.1724,66.6443],[70.1682,66.6641],[70.0896,66.6854],[69.8562,66.7167],[69.7667,66.75],[69.6438,66.7458],[69.5859,66.7557],[69.5693,66.737],[69.538,66.738],[69.5505,66.762]]],[[[68.55,66.6667],[68.4672,66.6484],[68.487,66.6276],[68.3729,66.6021],[68.3812,66.5833],[68.4953,66.6234],[68.55,66.6667]]],[[[71.4297,66.8859],[71.3792,66.8896],[71.338,66.8724],[71.3562,66.8562],[71.275,66.8542],[71.2354,66.8625],[71.1557,66.8234],[71.1062,66.8146],[71.0563,66.7979],[70.9437,66.7979],[70.8833,66.8083],[70.8401,66.7953],[70.8078,66.7651],[70.7667,66.7646],[70.7401,66.7536],[70.7188,66.7125],[70.6542,66.7125],[70.6193,66.6859],[70.6625,66.6729],[70.7458,66.6646],[70.8479,66.6312],[70.8912,66.6245],[70.9146,66.6083],[71.0083,66.5917],[70.9984,66.5818],[70.8979,66.6062],[70.8703,66.6245],[70.8313,66.6271],[70.8,66.6438],[70.7271,66.6625],[70.6589,66.6672],[70.6229,66.675],[70.5687,66.675],[70.5021,66.6646],[70.4354,66.6687],[70.4125,66.6458],[70.3313,66.6438],[70.2901,66.6328],[70.2568,66.6078],[70.2672,66.5776],[70.3333,66.5604],[70.3938,66.5604],[70.4667,66.5396],[70.5417,66.5271],[70.5979,66.5062],[70.65,66.5062],[70.6771,66.4938],[70.7396,66.4917],[70.763,66.5078],[70.8958,66.525],[70.9708,66.5271],[71.0141,66.5526],[70.9505,66.563],[70.9938,66.5792],[71.0339,66.563],[71.1229,66.5687],[71.1224,66.5828],[71.088,66.5984],[71.0932,66.6203],[71.1563,66.5958],[71.2167,66.6],[71.2875,66.6396],[71.3297,66.6297],[71.3276,66.6109],[71.4313,66.6104],[71.4396,66.6271],[71.5104,66.6271],[71.5708,66.6417],[71.575,66.6792],[71.6412,66.6922],[71.6484,66.7109],[71.6162,66.737],[71.5359,66.7484],[71.537,66.7662],[71.4875,66.8187],[71.5313,66.8688],[71.4297,66.8859]]],[[[32.8224,66.738],[32.8005,66.7255],[32.8333,66.7167],[32.8641,66.7307],[32.8224,66.738]]],[[[69.8688,66.7667],[69.8417,66.7729],[69.7839,66.7682],[69.8771,66.7188],[69.9271,66.7104],[70.0771,66.7104],[70.0313,66.7354],[69.9396,66.7479],[69.8688,66.7667]]],[[[42.5453,66.7703],[42.4708,66.775],[42.4318,66.7557],[42.4318,66.7401],[42.5292,66.6937],[42.65,66.6625],[42.6745,66.6828],[42.6495,66.7391],[42.6146,66.7562],[42.5453,66.7703]]],[[[69.4854,66.7937],[69.4521,66.7979],[69.3792,66.7792],[69.2667,66.775],[69.2911,66.7974],[69.225,66.7979],[69.1583,66.7896],[69.2146,66.7583],[69.2641,66.7432],[69.2833,66.7271],[69.3271,66.7479],[69.3484,66.7401],[69.3854,66.7542],[69.4521,66.7562],[69.5349,66.7797],[69.4854,66.7937]]],[[[40.539,67.8245],[40.5104,67.8354],[40.463,67.8234],[40.4896,67.8021],[40.5474,67.8026],[40.539,67.8245]]],[[[-174.6792,67.0667],[-174.7245,67.0172],[-174.6708,67.0229],[-174.6792,67.0667]]],[[[-174.3833,67.0687],[-174.4479,67.0771],[-174.5521,67.0729],[-174.6057,67.0661],[-174.5958,67.0437],[-174.4833,67.0729],[-174.4708,67.0625],[-174.3833,67.0687]]],[[[32.3901,67.1033],[32.362,67.0953],[32.3833,67.0792],[32.4354,67.0813],[32.3901,67.1033]]],[[[161.1453,69.3245],[161.1193,69.3214],[161.1245,69.2995],[161.1703,69.3109],[161.1453,69.3245]]],[[[58.7687,69.3542],[58.7359,69.3464],[58.7687,69.3292],[58.8125,69.3229],[58.8651,69.2963],[58.9208,69.2833],[59.0062,69.2833],[59.0958,69.2542],[59.1953,69.2266],[59.2234,69.1995],[59.2255,69.1609],[59.2693,69.1391],[59.2958,69.1146],[59.3057,69.1807],[59.2526,69.1964],[59.2854,69.2229],[59.2349,69.2536],[59.0104,69.3083],[58.925,69.3167],[58.8708,69.3354],[58.8208,69.3354],[58.7687,69.3542]]],[[[34.1646,69.3812],[34.0667,69.3854],[34.0026,69.3724],[33.9609,69.3443],[33.9792,69.3354],[34.0396,69.3375],[34.1292,69.3229],[34.1625,69.3104],[34.2125,69.3104],[34.2542,69.3208],[34.3307,69.3224],[34.3667,69.3146],[34.4099,69.3339],[34.3042,69.3542],[34.2708,69.3646],[34.1646,69.3812]]],[[[58.5724,69.4661],[58.5599,69.4766],[58.5016,69.4724],[58.5089,69.4568],[58.5724,69.4661]]],[[[67,69.4625],[66.9833,69.4729],[66.9266,69.4526],[66.9547,69.4234],[66.9995,69.3912],[67.05,69.3708],[67.1583,69.3521],[67.1734,69.3807],[67.2724,69.413],[67.1901,69.4172],[67.0458,69.4396],[67.0146,69.4396],[67,69.4625]]],[[[161.6339,69.4464],[161.5958,69.4521],[161.537,69.413],[161.6104,69.4146],[161.6495,69.4359],[161.6339,69.4464]]],[[[170.5682,70.1078],[170.4646,70.1125],[170.4297,70.1026],[170.4875,70.0896],[170.5521,70.0875],[170.5682,70.1078]]],[[[82.9458,70.2167],[82.9297,70.2068],[82.9537,70.1849],[82.9151,70.1766],[82.9089,70.1589],[82.9557,70.1349],[82.9297,70.1214],[83.0604,70.0958],[83.1026,70.1349],[83.1141,70.1745],[83.0286,70.2037],[82.9458,70.2167]]],[[[82.8938,70.2167],[82.8708,70.2188],[82.8276,70.1807],[82.8547,70.1547],[82.9078,70.1818],[82.8938,70.2167]]],[[[82.8297,70.2005],[82.7792,70.2167],[82.7609,70.1995],[82.7714,70.1797],[82.8193,70.1547],[82.8391,70.1641],[82.8172,70.1818],[82.8297,70.2005]]],[[[59.4745,69.8724],[59.4339,69.8745],[59.4161,69.8588],[59.4828,69.8547],[59.4745,69.8724]]],[[[161.0229,69.675],[160.9672,69.6766],[160.9943,69.6568],[161.0583,69.6542],[161.0229,69.675]]],[[[170.2167,69.7583],[170.2193,69.7703],[170.1417,69.7729],[170.0271,69.7521],[169.9984,69.738],[170.0292,69.7292],[170.0938,69.725],[170.125,69.7042],[170.1995,69.7401],[170.2167,69.7583]]],[[[162.0271,69.5771],[161.9818,69.5807],[161.9568,69.5641],[161.975,69.5479],[162.0271,69.5771]]],[[[161.9042,69.6417],[161.8375,69.6479],[161.6984,69.6234],[161.6922,69.588],[161.7359,69.5641],[161.7646,69.5354],[161.8687,69.5354],[161.912,69.5526],[161.8776,69.588],[161.8714,69.6182],[161.9042,69.6417]]],[[[67.3495,69.562],[67.3417,69.5813],[67.2042,69.5687],[67.163,69.5557],[67.0922,69.5162],[67.0109,69.4807],[67.0745,69.4495],[67.1563,69.4354],[67.2458,69.4292],[67.2875,69.4354],[67.3745,69.5005],[67.3807,69.5286],[67.3495,69.562]]],[[[161.5604,69.6125],[161.4859,69.6162],[161.4787,69.5922],[161.4172,69.5787],[161.4193,69.5401],[161.4453,69.5328],[161.4682,69.5099],[161.4474,69.4838],[161.4578,69.4505],[161.4099,69.4213],[161.3729,69.4208],[161.3568,69.4047],[161.3813,69.3875],[161.4438,69.4042],[161.5328,69.4172],[161.5359,69.4287],[161.5859,69.4537],[161.6354,69.4604],[161.6682,69.4891],[161.6214,69.5109],[161.6297,69.5328],[161.6578,69.5505],[161.6662,69.5724],[161.6037,69.6057],[161.5604,69.6125]]],[[[168.5458,70.0167],[168.4,70.0167],[168.3438,70.0083],[168.2833,70.0083],[168.1625,69.9979],[168.0813,69.975],[168.0599,69.9568],[168.0208,69.95],[167.9287,69.9109],[167.838,69.8557],[167.7984,69.8266],[167.7917,69.8083],[167.85,69.7896],[167.9292,69.7833],[167.9583,69.7729],[168.0708,69.7562],[168.1083,69.7458],[168.1182,69.7078],[168.1609,69.6818],[168.2312,69.6729],[168.3542,69.6396],[168.4146,69.6333],[168.5271,69.6062],[168.5604,69.6062],[168.6083,69.5917],[168.7479,69.5729],[168.8,69.5708],[168.9146,69.5542],[168.9812,69.5563],[169.0167,69.5646],[169.187,69.5547],[169.2255,69.5787],[169.3016,69.6422],[169.2891,69.6995],[169.2672,69.7161],[169.3047,69.7297],[169.2713,69.7557],[169.3458,69.7583],[169.4,69.7542],[169.4125,69.7729],[169.4557,69.7943],[169.4599,69.8151],[169.4297,69.8547],[169.3396,69.8771],[169.2792,69.8812],[169.2229,69.8979],[169.1604,69.8958],[169.1193,69.9026],[169.0604,69.9271],[169.0292,69.95],[168.9063,69.9604],[168.8354,69.9708],[168.7708,69.9708],[168.6958,69.9875],[168.6146,69.9938],[168.5458,70.0167]]],[[[50.1833,69.025],[50.1688,69.0479],[50.1255,69.0266],[50.1833,69.025]]],[[[161.3979,68.8625],[161.3484,68.8599],[161.3125,68.8125],[161.3703,68.8318],[161.3979,68.8625]]],[[[161.413,69.5234],[161.3833,69.5313],[161.3109,69.5141],[161.2245,69.4755],[161.1667,69.4604],[161.1313,69.4604],[161.0943,69.4474],[161.088,69.4068],[161.1005,69.3839],[161.1411,69.362],[161.1443,69.3359],[161.1787,69.3266],[161.1932,69.3047],[161.1766,69.2818],[161.1432,69.2693],[161.1089,69.2078],[161.113,69.1693],[161.1375,69.1271],[161.0521,69.1125],[161.0021,69.0896],[161.0234,69.0714],[161.0792,69.0583],[161.3188,69.0333],[161.362,69.0203],[161.3859,69.0026],[161.4474,68.9828],[161.5057,68.9422],[161.3901,68.8807],[161.4333,68.8646],[161.537,68.8953],[161.5276,68.9724],[161.5,68.9938],[161.4745,69.0349],[161.4359,69.0609],[161.4484,69.112],[161.4912,69.1484],[161.4766,69.1745],[161.3922,69.1943],[161.3547,69.2255],[161.3589,69.2391],[161.4287,69.2714],[161.4224,69.2911],[161.3651,69.3005],[161.3547,69.312],[161.4016,69.3391],[161.3542,69.3875],[161.338,69.4182],[161.3917,69.425],[161.4432,69.4526],[161.4068,69.4776],[161.4391,69.4922],[161.413,69.5234]]],[[[-176.4229,65.5104],[-176.3083,65.4833],[-176.1729,65.4625],[-176.0896,65.4542],[-176.0375,65.4604],[-176.0229,65.4417],[-175.9333,65.4208],[-175.9047,65.4036],[-175.8838,65.3641],[-175.888,65.3443],[-175.9099,65.3297],[-175.8589,65.3057],[-175.8505,65.2911],[-175.8833,65.275],[-175.8807,65.2505],[-175.8338,65.2286],[-175.8292,65.2188],[-175.7693,65.2057],[-175.7979,65.1958],[-175.7292,65.1396],[-175.7912,65.0755],[-175.7797,65.0516],[-175.7859,65.0297],[-175.8146,65.0167],[-175.8599,65.0109],[-175.8641,64.9922],[-175.8083,64.9833],[-175.7651,64.9661],[-175.763,64.9505],[-175.7229,64.9375],[-175.65,64.9271],[-175.5422,64.8974],[-175.5167,64.8792],[-175.4703,64.8797],[-175.4766,64.8505],[-175.4563,64.8375],[-175.4167,64.8375],[-175.4021,64.85],[-175.3338,64.8432],[-175.3505,64.8234],[-175.3833,64.8208],[-175.4375,64.8],[-175.3974,64.7891],[-175.3583,64.7937],[-175.3229,64.7771],[-175.2917,64.7813],[-175.2312,64.775],[-175.1438,64.775],[-175.0854,64.7667],[-175.0312,64.7646],[-174.9693,64.7776],[-174.9812,64.8167],[-174.975,64.8604],[-174.9417,64.8646],[-174.9068,64.8172],[-174.9438,64.8104],[-174.9516,64.7901],[-174.8786,64.788],[-174.8229,64.8083],[-174.7667,64.8],[-174.7109,64.8193],[-174.6943,64.8484],[-174.6995,64.8641],[-174.675,64.8958],[-174.6297,64.8932],[-174.6109,64.8745],[-174.612,64.8526],[-174.5922,64.8391],[-174.6068,64.8109],[-174.6328,64.8016],[-174.6641,64.737],[-174.6313,64.7042],[-174.5833,64.6958],[-174.5125,64.675],[-174.4333,64.6604],[-174.3708,64.6333],[-174.3313,64.6312],[-174.3042,64.6417],[-174.2276,64.6495],[-174.2354,64.6229],[-174.2604,64.6125],[-174.2016,64.5859],[-174.1672,64.5787],[-174.05,64.5354],[-174.0276,64.5193],[-174.037,64.5057],[-174.0266,64.4568],[-173.9438,64.4063],[-173.8729,64.3875],[-173.7984,64.4213],[-173.7849,64.4432],[-173.7557,64.4578],[-173.7172,64.4516],[-173.7807,64.4099],[-173.7901,64.3859],[-173.812,64.3734],[-173.7833,64.3604],[-173.75,64.3604],[-173.7026,64.3495],[-173.6417,64.325],[-173.5937,64.3354],[-173.5312,64.3333],[-173.5021,64.3521],[-173.4443,64.363],[-173.3609,64.4005],[-173.3474,64.4161],[-173.3005,64.438],[-173.3057,64.4599],[-173.2172,64.4234],[-173.1875,64.4437],[-173.1604,64.4417],[-173.1729,64.4208],[-173.2271,64.3958],[-173.2724,64.3974],[-173.3328,64.3609],[-173.3682,64.3224],[-173.3708,64.3021],[-173.337,64.2943],[-173.2937,64.3271],[-173.2776,64.3505],[-173.2443,64.3339],[-173.2724,64.312],[-173.2912,64.2839],[-173.1922,64.2599],[-173.1786,64.2484],[-173.0979,64.2417],[-173.0312,64.2604],[-172.9359,64.2609],[-172.9687,64.3146],[-172.9484,64.3672],[-172.9151,64.3672],[-172.937,64.3349],[-172.8729,64.2937],[-172.838,64.3005],[-172.8104,64.3583],[-172.8286,64.3672],[-172.825,64.3875],[-172.8005,64.4193],[-172.813,64.4453],[-172.8724,64.4578],[-172.9203,64.4557],[-172.9354,64.4437],[-173.0286,64.438],[-173.0333,64.4542],[-172.9755,64.4755],[-172.9604,64.4917],[-172.9125,64.4958],[-172.7937,64.4979],[-172.7588,64.5078],[-172.7516,64.4568],[-172.7088,64.4349],[-172.7266,64.3984],[-172.5854,64.3729],[-172.4714,64.3901],[-172.4234,64.4068],[-172.4182,64.4339],[-172.3938,64.4563],[-172.3318,64.4495],[-172.3609,64.4703],[-172.4036,64.4776],[-172.3943,64.4932],[-172.4162,64.5109],[-172.4172,64.5391],[-172.4833,64.5375],[-172.5208,64.5479],[-172.5911,64.5547],[-172.6026,64.5745],[-172.6479,64.5833],[-172.6833,64.5792],[-172.7161,64.5859],[-172.7229,64.6042],[-172.7667,64.6104],[-172.8313,64.6104],[-172.8813,64.6],[-172.9042,64.575],[-172.9333,64.5604],[-172.9724,64.5724],[-172.9193,64.588],[-172.9016,64.6141],[-172.8338,64.6536],[-172.8813,64.6583],[-172.9125,64.6708],[-172.9438,64.65],[-172.9687,64.6604],[-173.05,64.6375],[-173.0807,64.6474],[-173.0412,64.6641],[-172.9792,64.6813],[-172.8813,64.6896],[-172.8313,64.7021],[-172.8432,64.7224],[-172.8021,64.7271],[-172.7526,64.7484],[-172.7568,64.7745],[-172.8036,64.7839],[-172.8151,64.7995],[-172.8578,64.8068],[-172.9333,64.8333],[-172.9547,64.8151],[-173.0099,64.7995],[-173.0464,64.7714],[-173.1062,64.7562],[-173.1849,64.7589],[-173.1521,64.775],[-173.0859,64.7859],[-173.0609,64.7963],[-173.0911,64.8151],[-173.0828,64.8307],[-172.9792,64.8604],[-172.9042,64.8625],[-172.8479,64.8479],[-172.8021,64.8458],[-172.7542,64.8333],[-172.6818,64.8588],[-172.6766,64.8682],[-172.5979,64.8854],[-172.5505,64.9026],[-172.5125,64.925],[-172.4333,64.9146],[-172.375,64.9271],[-172.3208,64.9521],[-172.2526,64.9693],[-172.2078,65.0141],[-172.1172,65.0484],[-172.0838,65.0839],[-172.1417,65.0667],[-172.1646,65.0708],[-172.1797,65.1036],[-172.2099,65.1266],[-172.1703,65.1547],[-172.1984,65.1974],[-172.2417,65.2125],[-172.3062,65.2125],[-172.3333,65.2063],[-172.475,65.2125],[-172.525,65.2],[-172.5958,65.2083],[-172.625,65.225],[-172.6833,65.2125],[-172.6891,65.2453],[-172.6271,65.2646],[-172.6,65.2646],[-172.538,65.2516],[-172.4729,65.2542],[-172.4396,65.25],[-172.4146,65.2604],[-172.2646,65.2604],[-172.2167,65.2479],[-172.1776,65.2911],[-172.2161,65.3068],[-172.2161,65.3307],[-172.1542,65.425],[-172.1875,65.4167],[-172.1797,65.4026],[-172.2542,65.4104],[-172.3188,65.4083],[-172.3932,65.4359],[-172.4245,65.4568],[-172.4266,65.4724],[-172.2984,65.4755],[-172.3193,65.4912],[-172.4016,65.5339],[-172.3792,65.575],[-172.475,65.6062],[-172.5208,65.6146],[-172.6187,65.6104],[-172.6662,65.6276],[-172.6359,65.6526],[-172.6401,65.6641],[-172.6875,65.6708],[-172.6974,65.6849],[-172.6167,65.6875],[-172.575,65.7],[-172.5188,65.675],[-172.475,65.6833],[-172.3917,65.6833],[-172.3213,65.6724],[-172.2609,65.6557],[-172.3057,65.6234],[-172.2588,65.6099],[-172.2047,65.5849],[-172.2172,65.5651],[-172.1521,65.5333],[-172.1,65.5625],[-172.0396,65.5563],[-172,65.5458],[-171.9563,65.5188],[-171.9208,65.5229],[-171.8,65.5208],[-171.7422,65.5141],[-171.7167,65.5021],[-171.6187,65.5125],[-171.4458,65.5146],[-171.4146,65.5208],[-171.3562,65.5208],[-171.2875,65.5292],[-171.1943,65.5078],[-171.1646,65.4875],[-171.1208,65.4854],[-171.0729,65.4667],[-171.0417,65.4667],[-170.988,65.4984],[-170.9917,65.5083],[-170.9714,65.5599],[-171.037,65.6026],[-171.038,65.6182],[-171.1396,65.6438],[-171.2359,65.6536],[-171.2401,65.662],[-171.3307,65.7151],[-171.3313,65.7333],[-171.3995,65.7568],[-171.4328,65.7984],[-171.4193,65.8109],[-171.4729,65.825],[-171.4396,65.8375],[-171.3021,65.7854],[-171.2443,65.7703],[-171.213,65.7557],[-171.1776,65.7266],[-171.1662,65.7037],[-171.125,65.6937],[-171.0229,65.6813],[-170.8651,65.6495],[-170.8359,65.6349],[-170.8417,65.6208],[-170.7917,65.6208],[-170.7333,65.6083],[-170.6729,65.6083],[-170.6167,65.6],[-170.5833,65.6042],[-170.5443,65.6234],[-170.5328,65.6474],[-170.5047,65.6505],[-170.4964,65.6724],[-170.5141,65.6891],[-170.5026,65.7203],[-170.5307,65.7453],[-170.5182,65.7828],[-170.4755,65.8005],[-170.4901,65.8391],[-170.5583,65.8458],[-170.5005,65.8693],[-170.4891,65.8849],[-170.3813,65.9313],[-170.3229,65.9458],[-170.2604,65.95],[-170.2287,65.9703],[-170.2021,65.975],[-170.1687,66.0021],[-169.9708,66.0437],[-169.8938,66.0437],[-169.8271,66.0062],[-169.7479,66.0021],[-169.7068,66.0151],[-169.7068,66.0286],[-169.6734,66.0463],[-169.6542,66.075],[-169.6766,66.113],[-169.6734,66.1245],[-169.7354,66.15],[-169.8021,66.1583],[-169.8391,66.1359],[-169.9937,66.1542],[-170.0938,66.1771],[-170.1151,66.1484],[-170.1667,66.1375],[-170.2391,66.1547],[-170.2312,66.1813],[-170.2021,66.1833],[-170.1708,66.1687],[-170.1229,66.1792],[-170.1151,66.2161],[-170.1557,66.2359],[-170.1651,66.2536],[-170.213,66.2828],[-170.2479,66.2937],[-170.3708,66.2917],[-170.4255,66.2651],[-170.4766,66.2516],[-170.5172,66.2234],[-170.6099,66.2214],[-170.6245,66.2328],[-170.5813,66.2458],[-170.5339,66.2359],[-170.5266,66.2755],[-170.4714,66.2974],[-170.4042,66.3146],[-170.5208,66.3354],[-170.5786,66.3505],[-170.5797,66.3599],[-170.7068,66.4349],[-170.7411,66.4422],[-170.8578,66.4859],[-170.8963,66.5099],[-170.9667,66.525],[-170.9917,66.5417],[-171.0604,66.5563],[-171.137,66.5797],[-171.1484,66.5891],[-171.2391,66.6234],[-171.263,66.637],[-171.3229,66.6542],[-171.3641,66.6755],[-171.387,66.713],[-171.375,66.7333],[-171.3338,66.7474],[-171.3521,66.7646],[-171.4125,66.7688],[-171.587,66.813],[-171.6786,66.8547],[-171.6953,66.8786],[-171.6682,66.8974],[-171.6297,66.9068],[-171.6443,66.9287],[-171.7146,66.9479],[-171.7583,66.9521],[-171.8646,66.9521],[-171.9104,66.9729],[-171.9875,66.95],[-172.0682,66.9443],[-172.1083,66.9563],[-172.1479,66.9521],[-172.2563,66.9583],[-172.3479,66.9729],[-172.3901,66.987],[-172.4583,66.9833],[-172.5437,66.9917],[-172.6583,66.9979],[-172.7995,67.0255],[-172.8625,67.0229],[-172.8771,67.0333],[-173.0167,67.0437],[-173.0266,67.0193],[-172.9896,67.0125],[-172.9604,67.0208],[-172.9062,67.0208],[-172.8396,67.0062],[-172.7667,66.9979],[-172.7375,67],[-172.5083,66.9812],[-172.4021,66.9458],[-172.3604,66.9354],[-172.4062,66.9167],[-172.4771,66.9042],[-172.5437,66.9021],[-172.5854,66.9229],[-172.6187,66.9229],[-172.6109,66.8922],[-172.7688,66.8896],[-172.8687,66.9083],[-172.9792,66.9104],[-173.0417,66.9229],[-173.1,66.9792],[-173.1662,66.9703],[-173.1583,66.9479],[-173.1667,66.9083],[-173.138,66.888],[-173.1672,66.8734],[-173.15,66.8625],[-173.0776,66.8547],[-173.0818,66.8401],[-173.1333,66.8271],[-173.2646,66.8208],[-173.3203,66.8255],[-173.3188,66.8604],[-173.2776,66.8786],[-173.3167,66.9021],[-173.3016,66.9203],[-173.3521,66.9396],[-173.4005,66.9724],[-173.3604,66.9833],[-173.3188,66.9667],[-173.2891,66.9891],[-173.2083,67],[-173.2563,67.0167],[-173.2568,67.0391],[-173.1854,67.0375],[-173.1307,67.0266],[-173.0937,67.0479],[-173.2708,67.0667],[-173.3687,67.0729],[-173.3979,67.0792],[-173.5958,67.1],[-173.6438,67.1104],[-173.6547,67.0859],[-173.7146,67.075],[-173.8708,67.075],[-173.9333,67.0792],[-174.1458,67.0813],[-174.2458,67.0625],[-174.3417,67.0646],[-174.4146,67.0458],[-174.3708,67.0354],[-174.3375,67.0437],[-174.2167,67.0563],[-174.2141,67.0339],[-174.1896,67.0104],[-174.213,66.988],[-174.1953,66.9807],[-174.1313,66.9854],[-174.1099,66.9776],[-174.0437,66.9792],[-174.0109,66.9266],[-174.0224,66.9005],[-173.9651,66.8516],[-173.9422,66.8037],[-173.9297,66.7578],[-173.9391,66.7297],[-173.9162,66.6818],[-173.887,66.6693],[-173.9625,66.6542],[-174.0474,66.6266],[-174.0651,66.5943],[-174.1167,66.5771],[-174.1583,66.5708],[-174.1849,66.5839],[-174.2172,66.5755],[-174.2078,66.5589],[-174.1338,66.5526],[-174.0688,66.5313],[-173.9958,66.5313],[-173.9604,66.5188],[-173.9021,66.5208],[-173.8333,66.5125],[-173.8016,66.4807],[-173.7088,66.4516],[-173.6901,66.4391],[-173.7109,66.4005],[-173.7172,66.3588],[-173.7854,66.3417],[-173.8313,66.3354],[-173.8542,66.3417],[-173.8932,66.3297],[-173.8687,66.3167],[-173.8354,66.3187],[-173.8021,66.3021],[-173.8354,66.2896],[-173.9141,66.2745],[-173.9422,66.2443],[-174.0125,66.2229],[-174.0458,66.2542],[-174.0234,66.2745],[-174.0292,66.2917],[-174.0141,66.3203],[-173.9354,66.3417],[-173.9318,66.3682],[-173.9787,66.3922],[-173.9849,66.4203],[-173.9609,66.4474],[-174.0213,66.4703],[-174.1,66.4646],[-174.163,66.4516],[-174.1484,66.4172],[-174.1687,66.4021],[-174.2557,66.3828],[-174.3099,66.3484],[-174.2953,66.3182],[-174.313,66.2963],[-174.3938,66.2833],[-174.4479,66.3],[-174.4703,66.3297],[-174.3958,66.3458],[-174.4724,66.3734],[-174.4766,66.4182],[-174.4588,66.4401],[-174.462,66.4641],[-174.4182,66.4797],[-174.4453,66.5068],[-174.4401,66.5286],[-174.4583,66.5375],[-174.5375,66.5479],[-174.6062,66.575],[-174.6562,66.5813],[-174.6734,66.5932],[-174.7208,66.5979],[-174.7667,66.5875],[-174.8938,66.5896],[-174.8625,66.6125],[-174.8838,66.6349],[-174.9599,66.6589],[-174.9354,66.6687],[-174.8974,66.7016],[-174.8484,66.7068],[-174.8083,66.7417],[-174.7646,66.7542],[-174.7047,66.7609],[-174.7109,66.812],[-174.7328,66.8401],[-174.7339,66.8724],[-174.7578,66.8839],[-174.7547,66.9266],[-174.8307,66.963],[-174.8729,67],[-174.8609,67.0141],[-174.9057,67.0411],[-174.8984,67.0682],[-174.9146,67.0792],[-174.8859,67.1495],[-174.8891,67.2099],[-174.8786,67.2432],[-174.8568,67.2557],[-174.8703,67.2693],[-174.8271,67.3],[-174.7484,67.312],[-174.7859,67.3474],[-174.8208,67.3479],[-174.8443,67.3724],[-174.9245,67.3839],[-174.9151,67.4266],[-174.9521,67.4354],[-174.9714,67.4109],[-175.0651,67.3505],[-175.1516,67.338],[-175.1828,67.3276],[-175.2521,67.3417],[-175.2875,67.3333],[-175.3089,67.3484],[-175.2563,67.3771],[-175.2245,67.4266],[-175.1734,67.4318],[-175.1891,67.4443],[-175.1943,67.4807],[-175.1859,67.4995],[-175.2141,67.5089],[-175.1922,67.5328],[-175.2464,67.5599],[-175.2443,67.5787],[-175.2995,67.6088],[-175.3146,67.6375],[-175.2588,67.6505],[-175.2875,67.6687],[-175.3208,67.6687],[-175.4458,67.7063],[-175.5083,67.7146],[-175.5354,67.7271],[-175.575,67.7229],[-175.5854,67.7396],[-175.6547,67.7536],[-175.7312,67.7562],[-175.7005,67.7745],[-175.7536,67.7911],[-175.7833,67.7771],[-175.8432,67.7745],[-175.8526,67.763],[-175.9187,67.7396],[-175.8813,67.7271],[-175.8547,67.7068],[-175.8786,67.6766],[-175.8818,67.6568],[-175.8604,67.6458],[-175.8099,67.6547],[-175.7292,67.6458],[-175.7182,67.6276],[-175.663,67.6162],[-175.6755,67.588],[-175.712,67.5766],[-175.6812,67.5667],[-175.6271,67.5667],[-175.6005,67.5484],[-175.6276,67.5339],[-175.5604,67.5167],[-175.5099,67.5432],[-175.4401,67.5391],[-175.5458,67.5062],[-175.6146,67.5208],[-175.6542,67.5188],[-175.6807,67.538],[-175.6693,67.5537],[-175.7667,67.5708],[-175.7958,67.5833],[-175.8354,67.5771],[-175.8771,67.5833],[-175.9245,67.5797],[-175.888,67.6307],[-175.9417,67.6375],[-176.0042,67.6292],[-176.1687,67.6292],[-176.2521,67.6563],[-176.2891,67.6755],[-176.3229,67.6813],[-176.4208,67.675],[-176.4125,67.6917],[-176.3792,67.6917],[-176.3276,67.7047],[-176.3104,67.7292],[-176.15,67.7292],[-176.0609,67.7391],[-176.1245,67.7589],[-176.1286,67.7995],[-176.1099,67.8224],[-176.0724,67.8453],[-176.0333,67.8562],[-176.0375,67.8708],[-176.1417,67.8979],[-176.1807,67.9036],[-176.2125,67.8917],[-176.2583,67.9],[-176.3542,67.8917],[-176.4104,67.8938],[-176.4854,67.8833],[-176.5458,67.8938],[-176.5401,67.912],[-176.5995,67.9255],[-176.6417,67.925],[-176.7146,67.9521],[-176.8021,67.9708],[-176.8917,67.9667],[-176.9083,67.9854],[-176.7609,67.9838],[-176.788,68.0005],[-176.7359,68.0214],[-176.7276,68.0432],[-176.7583,68.0563],[-176.8672,68.0891],[-176.8839,68.1057],[-176.9563,68.1271],[-177.0167,68.1312],[-177.1125,68.1167],[-177.1708,68.1208],[-177.2078,68.1359],[-177.1667,68.1854],[-177.2792,68.2271],[-177.3417,68.2417],[-177.3995,68.2328],[-177.4167,68.2208],[-177.4583,68.2188],[-177.5224,68.1974],[-177.5672,68.2172],[-177.6766,68.1901],[-177.6891,68.2016],[-177.6562,68.225],[-177.6104,68.2458],[-177.7432,68.2474],[-177.6104,68.2729],[-177.6193,68.2963],[-177.65,68.3125],[-177.7208,68.3125],[-177.8083,68.2917],[-177.9307,68.2578],[-177.9479,68.2417],[-178.0396,68.2458],[-178.0328,68.2682],[-177.9859,68.2797],[-177.9807,68.2953],[-177.9297,68.313],[-177.9557,68.3193],[-177.9932,68.3443],[-177.9734,68.3745],[-178.0188,68.4167],[-178.0813,68.4208],[-178.1995,68.4505],[-178.3245,68.4682],[-178.4104,68.4979],[-178.5229,68.5062],[-178.6313,68.5229],[-178.7021,68.5396],[-178.6963,68.5516],[-178.7099,68.5964],[-178.7088,68.6495],[-178.7193,68.6787],[-178.8026,68.7328],[-178.8443,68.7495],[-178.9167,68.7688],[-178.9687,68.7708],[-179.0396,68.7833],[-179.1479,68.7875],[-179.1771,68.8083],[-179.2708,68.8021],[-179.325,68.8104],[-179.3599,68.8276],[-179.3729,68.8625],[-179.4208,68.8854],[-179.4516,68.9161],[-179.5562,68.8979],[-179.7146,68.8958],[-179.8104,68.9083],[-179.8443,68.9266],[-179.9787,68.9672],[-179.9979,68.9792],[-180,67.9964],[-180,66.0307],[-179.9984,65.0484],[-179.9359,65.0609],[-179.8807,65.0891],[-179.8417,65.0917],[-179.812,65.1141],[-179.7521,65.1375],[-179.6651,65.1505],[-179.6453,65.1745],[-179.6047,65.1943],[-179.5682,65.2245],[-179.5297,65.288],[-179.5333,65.3042],[-179.5078,65.3474],[-179.4818,65.363],[-179.5005,65.3974],[-179.5318,65.3901],[-179.6609,65.4099],[-179.737,65.4057],[-179.7979,65.3812],[-179.8437,65.3938],[-179.8672,65.3776],[-179.8958,65.375],[-179.9193,65.3557],[-179.8974,65.3339],[-179.8422,65.3203],[-179.8547,65.3005],[-179.8938,65.2958],[-179.9703,65.3109],[-179.9787,65.3422],[-179.9703,65.3662],[-179.9354,65.3708],[-179.9125,65.3854],[-179.8771,65.3833],[-179.8583,65.4],[-179.7479,65.4063],[-179.7375,65.4146],[-179.6646,65.4187],[-179.6438,65.4083],[-179.5771,65.4],[-179.5333,65.4125],[-179.5063,65.4104],[-179.4693,65.4255],[-179.4745,65.4391],[-179.4286,65.4703],[-179.3875,65.4833],[-179.3953,65.5005],[-179.4438,65.5521],[-179.4266,65.5724],[-179.3641,65.5734],[-179.3089,65.6026],[-179.3062,65.6333],[-179.3938,65.6542],[-179.4479,65.6271],[-179.4807,65.6297],[-179.4734,65.6651],[-179.4979,65.6667],[-179.5667,65.7104],[-179.6938,65.7813],[-179.725,65.7792],[-179.7318,65.8005],[-179.7234,65.8245],[-179.7432,65.838],[-179.7609,65.8682],[-179.7818,65.8786],[-179.7974,65.9537],[-179.7526,66.0432],[-179.7609,66.0661],[-179.787,66.0755],[-179.7953,66.0974],[-179.7521,66.1],[-179.6755,66.1359],[-179.6828,66.1641],[-179.6125,66.1771],[-179.5609,66.1599],[-179.5641,66.1443],[-179.5276,66.1224],[-179.5542,66.1104],[-179.3562,66.1146],[-179.2922,66.1297],[-179.2234,66.163],[-179.2182,66.1807],[-179.2578,66.2109],[-179.2484,66.2161],[-179.3172,66.2578],[-179.3557,66.2609],[-179.3807,66.2797],[-179.3859,66.3109],[-179.4104,66.3354],[-179.3375,66.3208],[-179.3,66.2958],[-179.1875,66.275],[-179.1604,66.2646],[-179.1297,66.2734],[-179.1328,66.2911],[-179.113,66.3193],[-179.1203,66.3453],[-179.0896,66.3667],[-179.0568,66.3682],[-179.0443,66.312],[-179.0443,66.2651],[-179.0724,66.2578],[-179.0786,66.2359],[-179.0088,66.2057],[-178.9995,66.1818],[-178.9599,66.1609],[-178.925,66.1542],[-178.8458,66.1563],[-178.7479,66.1917],[-178.7276,66.1943],[-178.7172,66.2234],[-178.687,66.2641],[-178.6359,66.2776],[-178.6021,66.3542],[-178.5729,66.3438],[-178.538,66.3484],[-178.537,66.3932],[-178.4588,66.3828],[-178.4401,66.3339],[-178.4516,66.2984],[-178.4339,66.2807],[-178.4896,66.2458],[-178.4401,66.2193],[-178.4604,66.2125],[-178.5109,66.1672],[-178.4693,66.1412],[-178.5167,66.1],[-178.5589,66.0922],[-178.625,66.0917],[-178.6396,66.0854],[-178.662,66.0463],[-178.6484,66.0193],[-178.6812,66.0021],[-178.7245,65.9912],[-178.7333,65.975],[-178.7792,65.975],[-178.8443,65.987],[-178.8411,65.9651],[-178.8188,65.9437],[-178.8193,65.9151],[-178.8479,65.9021],[-178.8016,65.8776],[-178.7401,65.8578],[-178.6984,65.8328],[-178.6995,65.8005],[-178.6286,65.7995],[-178.637,65.763],[-178.6089,65.7578],[-178.5792,65.7354],[-178.5125,65.7521],[-178.4484,65.7432],[-178.4026,65.7037],[-178.4026,65.688],[-178.437,65.6661],[-178.4505,65.6068],[-178.4849,65.5953],[-178.4667,65.5667],[-178.4833,65.5396],[-178.5266,65.5266],[-178.5375,65.5062],[-178.4839,65.4974],[-178.4375,65.4688],[-178.3354,65.4583],[-178.3042,65.4625],[-178.2688,65.4542],[-178.2042,65.4667],[-178.0979,65.4667],[-178.0312,65.4583],[-177.9,65.4583],[-177.8521,65.4667],[-177.8125,65.4646],[-177.7583,65.45],[-177.5979,65.4646],[-177.5,65.4646],[-177.4708,65.4792],[-177.4125,65.4708],[-177.3313,65.4854],[-177.3047,65.4964],[-177.2703,65.5266],[-177.1662,65.5807],[-177.1057,65.5995],[-177.0708,65.6042],[-176.975,65.6521],[-176.9807,65.6318],[-176.9359,65.6088],[-176.7875,65.5771],[-176.7375,65.5729],[-176.6792,65.5604],[-176.6479,65.5625],[-176.6042,65.5479],[-176.5005,65.5495],[-176.4854,65.5313],[-176.4229,65.5104]]],[[[-176.7042,68.0542],[-176.6396,68.0188],[-176.5896,68.0062],[-176.5672,68.012],[-176.7042,68.0542]]],[[[54.3495,68.3255],[54.3312,68.3375],[54.2047,68.2891],[54.2068,68.2464],[54.2833,68.2479],[54.3307,68.2609],[54.3542,68.2958],[54.3495,68.3255]]],[[[53.9688,68.3688],[53.9208,68.3688],[53.8547,68.3411],[53.8609,68.3089],[53.8812,68.2979],[53.95,68.2854],[53.9938,68.3146],[53.9828,68.3641],[53.9688,68.3688]]],[[[46.3245,68.3578],[46.2375,68.3562],[46.225,68.3313],[46.3208,68.3271],[46.3729,68.3063],[46.3953,68.3203],[46.3745,68.3411],[46.3245,68.3578]]],[[[51.3146,68.4875],[51.1646,68.4875],[51.0229,68.4646],[50.9089,68.4245],[50.8625,68.3938],[50.9271,68.3917],[50.9578,68.4026],[50.9505,68.4203],[51.0354,68.4271],[51.0938,68.4229],[51.1458,68.4417],[51.3063,68.4417],[51.375,68.4604],[51.4396,68.4583],[51.4766,68.4797],[51.4167,68.4854],[51.3146,68.4875]]],[[[54.2771,68.8208],[54.2026,68.8193],[54.25,68.8],[54.2938,68.8],[54.3646,68.7854],[54.3917,68.7979],[54.2771,68.8208]]],[[[48.2599,68.8057],[48.2333,68.8021],[48.2839,68.7547],[48.3276,68.7589],[48.2599,68.8057]]],[[[55,68.9333],[54.9146,68.9354],[54.9089,68.9255],[54.9958,68.9146],[55,68.9333]]],[[[54.6708,68.975],[54.6208,68.9854],[54.5964,68.9651],[54.6125,68.9521],[54.6625,68.95],[54.6708,68.975]]],[[[66.0437,69.0917],[65.9896,69.0938],[65.9479,69.0813],[66.1162,69.0672],[66.1604,69.0687],[66.2859,69.0172],[66.3562,69.0125],[66.237,69.062],[66.1854,69.075],[66.1438,69.0771],[66.0771,69.0917],[66.0437,69.0917]]],[[[55.4667,68.925],[55.4,68.9208],[55.5417,68.8938],[55.5958,68.8771],[55.6203,68.8891],[55.5417,68.9146],[55.4667,68.925]]],[[[49.1667,69.5021],[49.0938,69.5021],[48.9396,69.4938],[48.8104,69.4688],[48.7438,69.4604],[48.6172,69.4182],[48.5359,69.387],[48.4214,69.3307],[48.3568,69.2911],[48.3167,69.2479],[48.275,69.1708],[48.2526,69.1495],[48.2557,69.1339],[48.2318,69.1057],[48.2328,69.0839],[48.213,69.0307],[48.2203,68.9776],[48.2047,68.9578],[48.2026,68.9213],[48.25,68.8771],[48.3,68.8625],[48.3411,68.8422],[48.2859,68.838],[48.3516,68.8161],[48.3797,68.7963],[48.5203,68.7536],[48.5589,68.7276],[48.5932,68.7182],[48.5839,68.7047],[48.7083,68.6937],[48.7161,68.7037],[48.8,68.7125],[48.8458,68.7125],[49.0542,68.7417],[49.1083,68.7542],[49.1896,68.7562],[49.2604,68.7729],[49.3354,68.7833],[49.3521,68.7917],[49.4979,68.8125],[49.5958,68.8458],[49.6208,68.8438],[49.7167,68.8688],[49.7359,68.9057],[49.8021,68.9458],[49.8849,68.9797],[49.8974,68.9901],[49.8693,69.0141],[49.9245,69.038],[49.9234,69.0537],[50.0245,69.0714],[50.0797,69.1141],[50.113,69.1047],[50.1828,69.1255],[50.2286,69.1307],[50.2411,69.1057],[50.2776,69.0901],[50.3036,69.1088],[50.3099,69.1307],[50.2766,69.1724],[50.1964,69.2172],[50.1495,69.2516],[50.0557,69.2745],[50.0859,69.2484],[50.1453,69.2141],[50.1693,69.1776],[50.1641,69.163],[50.1271,69.1542],[50.0651,69.1651],[50.0854,69.1937],[50.0766,69.2224],[50.0266,69.262],[49.938,69.2943],[49.9422,69.3109],[49.85,69.3375],[49.7922,69.3495],[49.6937,69.3792],[49.6104,69.4083],[49.5479,69.4208],[49.4318,69.4568],[49.3443,69.488],[49.2458,69.5021],[49.1667,69.5021]]],[[[59.0687,70.4417],[59.0458,70.4521],[58.9693,70.4411],[58.9167,70.4229],[58.8375,70.4229],[58.7672,70.4016],[58.7995,70.3755],[58.7521,70.3479],[58.6896,70.3417],[58.6703,70.313],[58.5729,70.325],[58.5167,70.3229],[58.5938,70.2958],[58.6646,70.2771],[58.7057,70.2745],[58.7479,70.2396],[58.8187,70.2354],[58.8297,70.2151],[58.8661,70.1995],[58.7521,70.1979],[58.6818,70.2151],[58.6745,70.2245],[58.6146,70.2396],[58.5646,70.2375],[58.5208,70.25],[58.4495,70.2412],[58.5187,70.1958],[58.5208,70.1792],[58.6063,70.1396],[58.6542,70.0958],[58.6172,70.0787],[58.6589,70.038],[58.7026,70.013],[58.7349,70.0057],[58.8083,69.9625],[58.9458,69.9333],[58.9932,69.9161],[58.9943,69.8964],[59.0229,69.875],[59.0641,69.8682],[59.0979,69.8521],[59.1667,69.8542],[59.1724,69.8786],[59.1172,69.8964],[59.075,69.9021],[59.0667,69.9208],[59.1328,69.9141],[59.1729,69.9187],[59.2646,69.8854],[59.3667,69.8812],[59.4568,69.8839],[59.5104,69.8729],[59.6349,69.8328],[59.6672,69.8026],[59.7161,69.787],[59.5984,69.7745],[59.5755,69.7568],[59.6286,69.7432],[59.6193,69.712],[59.7792,69.6854],[59.8458,69.6917],[59.9766,69.662],[59.9932,69.6828],[59.9693,69.6901],[60.0328,69.7057],[60.0687,69.7063],[60.1458,69.6958],[60.1849,69.6766],[60.2979,69.6771],[60.325,69.7],[60.3812,69.6979],[60.3943,69.7255],[60.45,69.7104],[60.5016,69.7286],[60.4776,69.7495],[60.5068,69.7786],[60.5661,69.7943],[60.5411,69.8287],[60.4833,69.8479],[60.4807,69.8703],[60.4568,69.8776],[60.4833,69.8979],[60.4536,69.9287],[60.3401,69.9422],[60.337,69.9537],[60.2776,69.9693],[60.1672,70.013],[60.1661,70.0203],[60.0984,70.0422],[60.0547,70.063],[60.0453,70.0911],[59.9625,70.0875],[59.9083,70.0938],[59.8417,70.1188],[59.7911,70.1536],[59.7375,70.1667],[59.6458,70.1979],[59.6021,70.2],[59.5411,70.2474],[59.4891,70.2766],[59.4339,70.2943],[59.3818,70.3193],[59.3818,70.3359],[59.3208,70.3604],[59.2151,70.388],[59.1813,70.4063],[59.1005,70.4276],[59.0687,70.4417]]],[[[83.6229,70.4063],[83.6104,70.4187],[83.5479,70.4167],[83.5005,70.4036],[83.4724,70.3776],[83.4401,70.3703],[83.4193,70.3505],[83.4792,70.35],[83.4984,70.362],[83.5687,70.3708],[83.6016,70.3818],[83.6229,70.4063]]],[[[66.9313,70.4458],[66.8896,70.45],[66.8818,70.4297],[66.9005,70.4089],[66.9734,70.4057],[66.9891,70.4203],[66.9443,70.4297],[66.9313,70.4458]]],[[[83.6214,70.5089],[83.575,70.5125],[83.5516,70.4984],[83.5583,70.4563],[83.4922,70.4391],[83.5083,70.425],[83.5833,70.4271],[83.6109,70.462],[83.6516,70.488],[83.6214,70.5089]]],[[[128.7713,72.0359],[128.6938,72.0417],[128.725,72.0188],[128.7667,72.0188],[128.9375,71.9938],[128.9667,72.0104],[128.8521,72.0167],[128.7713,72.0359]]],[[[133.1422,71.9651],[133.0375,71.9688],[132.9276,71.9474],[132.9479,71.9396],[133.0521,71.9604],[133.1313,71.9563],[133.1422,71.9651]]],[[[128.6021,72.0083],[128.5688,71.9708],[128.6318,71.9318],[128.7292,71.9063],[128.7766,71.9109],[128.7729,71.9271],[128.8537,71.9349],[128.775,71.9479],[128.6286,72.0036],[128.6021,72.0083]]],[[[128.687,72.0286],[128.6125,72.0271],[128.6729,71.9917],[128.7021,71.9917],[128.8,71.9604],[128.8396,71.9563],[128.9391,71.962],[128.8375,71.9938],[128.7958,71.9958],[128.7708,72.0125],[128.6797,72.013],[128.687,72.0286]]],[[[138.8375,71.9667],[138.7437,71.9688],[138.6,71.9458],[138.5354,71.9229],[138.4339,71.8995],[138.4432,71.8891],[138.4005,71.8703],[138.3599,71.8359],[138.2661,71.7714],[138.238,71.7109],[138.3438,71.6729],[138.4375,71.6729],[138.5083,71.65],[138.5958,71.6542],[138.6339,71.6474],[138.6313,71.6292],[138.7063,71.6375],[138.7505,71.6578],[138.7401,71.6682],[138.8229,71.6792],[138.8833,71.6937],[138.9276,71.7328],[139.0661,71.7714],[139.0266,71.7932],[138.9984,71.7963],[138.9859,71.8255],[138.9995,71.8745],[138.9693,71.8901],[138.9318,71.9339],[138.9307,71.9495],[138.8792,71.9667],[138.8375,71.9667]]],[[[-179.0083,71.5833],[-179.0188,71.5583],[-179.1208,71.5667],[-179.1495,71.5495],[-179.2,71.5354],[-179.2479,71.5396],[-179.3047,71.5307],[-179.3583,71.55],[-179.4375,71.5542],[-179.4688,71.5437],[-179.5437,71.55],[-179.5854,71.5667],[-179.6875,71.5437],[-179.7297,71.5609],[-179.7583,71.5437],[-179.8583,71.5458],[-179.8417,71.5208],[-179.9979,71.5292],[-180,71.3917],[-180,71.1167],[-179.9979,70.9792],[-179.8979,70.9771],[-179.8313,70.9646],[-179.6646,70.9479],[-179.6229,70.9333],[-179.5729,70.9271],[-179.4818,70.9266],[-179.4667,70.8896],[-179.4312,70.8979],[-179.25,70.9],[-179.1833,70.8938],[-179.0833,70.9042],[-178.9167,70.9354],[-178.8354,70.9396],[-178.8125,70.9479],[-178.7146,70.9604],[-178.6667,70.9583],[-178.4021,70.9875],[-178.2792,70.9896],[-178.1625,71.0104],[-178.0958,71.0083],[-178.0646,71.0146],[-177.9208,71.0208],[-177.7937,71.0583],[-177.7172,71.0651],[-177.6333,71.0958],[-177.5896,71.1],[-177.5849,71.1182],[-177.5422,71.1401],[-177.5625,71.1667],[-177.5437,71.175],[-177.6151,71.1891],[-177.5188,71.1979],[-177.4896,71.1917],[-177.4339,71.2224],[-177.4443,71.2349],[-177.5125,71.2375],[-177.5333,71.2667],[-177.6229,71.2625],[-177.7724,71.313],[-177.8203,71.3339],[-177.9229,71.3896],[-177.9974,71.3953],[-178.0375,71.4146],[-177.9922,71.437],[-178.0521,71.4437],[-178.0917,71.4708],[-178.1255,71.4589],[-178.2063,71.4625],[-178.2214,71.4786],[-178.2953,71.4922],[-178.3104,71.5208],[-178.4104,71.5396],[-178.5146,71.5542],[-178.6271,71.5583],[-178.6375,71.5667],[-178.7271,71.575],[-178.9208,71.575],[-179.0083,71.5833]]],[[[53.2167,71.3],[53.1755,71.2859],[53.2333,71.2708],[53.2578,71.2891],[53.2167,71.3]]],[[[137.5599,71.3974],[137.4875,71.4021],[137.4771,71.3854],[137.5599,71.3974]]],[[[53.2474,71.3495],[53.1589,71.3484],[53.2224,71.3307],[53.2297,71.3151],[53.2938,71.2833],[53.3464,71.2984],[53.2474,71.3495]]],[[[151.2682,71.3891],[151.1563,71.3917],[151.1547,71.3776],[151.1958,71.3688],[151.3021,71.3625],[151.375,71.3458],[151.4354,71.3562],[151.3542,71.3792],[151.2682,71.3891]]],[[[53.2333,71.3917],[53.1672,71.3953],[53.1755,71.3714],[53.2661,71.3536],[53.2849,71.3724],[53.2333,71.3917]]],[[[137.1687,71.4708],[137.0859,71.4672],[137.1662,71.4411],[137.1854,71.4292],[137.2417,71.4313],[137.2536,71.4432],[137.2146,71.4625],[137.1687,71.4708]]],[[[149.9505,71.4807],[149.9438,71.4958],[149.8776,71.4891],[149.9187,71.4604],[149.9505,71.4807]]],[[[137.8313,71.5958],[137.7708,71.5979],[137.7188,71.5792],[137.6313,71.5792],[137.6146,71.5896],[137.4479,71.5917],[137.2708,71.5771],[137.2104,71.5667],[137.1708,71.5479],[137.0938,71.5458],[137.0521,71.5375],[137.0484,71.5172],[137.0151,71.4943],[137.0667,71.475],[137.1062,71.4833],[137.1776,71.4838],[137.3333,71.4479],[137.4167,71.4229],[137.45,71.4208],[137.4875,71.4688],[137.5495,71.4682],[137.6125,71.475],[137.6432,71.462],[137.6417,71.4437],[137.7813,71.4104],[137.8208,71.425],[137.8974,71.438],[137.9411,71.4589],[137.9714,71.4849],[138.0141,71.4964],[138.0307,71.5307],[137.9812,71.5729],[137.8313,71.5958]]],[[[128.5604,72.1104],[128.5771,72.0979],[128.6792,72.0917],[128.7443,72.0672],[128.7875,72.0604],[128.8474,72.0703],[128.8146,72.0938],[128.7354,72.1],[128.6964,72.1109],[128.6313,72.1062],[128.5604,72.1104]]],[[[128.7214,72.1484],[128.725,72.1354],[128.7771,72.1188],[128.8172,72.1359],[128.7214,72.1484]]],[[[128.6453,72.1661],[128.6146,72.175],[128.5479,72.1729],[128.5213,72.1568],[128.5458,72.1458],[128.5375,72.1271],[128.6187,72.1083],[128.7141,72.1214],[128.6625,72.1458],[128.6453,72.1661]]],[[[128.6896,72.1854],[128.625,72.1896],[128.6875,72.1604],[128.7771,72.1479],[128.825,72.1479],[128.8662,72.1286],[128.8651,72.0943],[128.925,72.0729],[128.9958,72.0563],[129.1833,72.0813],[129.2396,72.0771],[129.3646,72.0792],[129.4958,72.1125],[129.5313,72.1333],[129.3979,72.1417],[129.3042,72.1208],[129.2146,72.1271],[129.0813,72.1563],[129.0042,72.1583],[128.8813,72.1521],[128.7937,72.1687],[128.7375,72.1667],[128.6896,72.1854]]],[[[80.7896,72.4375],[80.7328,72.4359],[80.7646,72.4063],[80.8078,72.4182],[80.7896,72.4375]]],[[[128.9245,72.4838],[128.8792,72.4854],[128.8568,72.4714],[128.9354,72.4646],[128.9245,72.4838]]],[[[127.0203,72.538],[126.9854,72.5396],[126.85,72.5208],[126.8063,72.5083],[126.7068,72.4953],[126.6755,72.4609],[126.7208,72.4271],[126.9229,72.4313],[126.9604,72.425],[127.1016,72.4234],[127.1271,72.4313],[127.2208,72.4375],[127.1604,72.4542],[127.0687,72.4563],[127.0542,72.4688],[127.1245,72.4672],[127.1318,72.4807],[127.2042,72.5021],[127.05,72.5125],[126.9276,72.5099],[126.9854,72.5333],[127.0203,72.538]]],[[[128.8604,72.5042],[128.8016,72.488],[128.8604,72.4812],[128.8604,72.5042]]],[[[129.3667,72.5333],[129.3188,72.5354],[129.2818,72.5193],[129.3375,72.5],[129.4625,72.4958],[129.4474,72.5182],[129.3667,72.5333]]],[[[128.7464,72.5589],[128.6396,72.5646],[128.6042,72.5563],[128.5146,72.55],[128.5167,72.5375],[128.5938,72.5125],[128.7063,72.5062],[128.8438,72.5188],[128.8333,72.5437],[128.7464,72.5589]]],[[[128.4443,72.5526],[128.3854,72.5417],[128.4854,72.5292],[128.4995,72.5537],[128.4443,72.5526]]],[[[128.4354,72.2396],[128.4063,72.2438],[128.2932,72.2297],[128.3292,72.2146],[128.5354,72.2104],[128.5412,72.2224],[128.4646,72.2396],[128.4354,72.2396]]],[[[129.3443,72.1891],[129.1854,72.1792],[129.2229,72.1583],[129.2813,72.1521],[129.3542,72.1563],[129.4099,72.1693],[129.3443,72.1891]]],[[[128.8417,72.2021],[128.7292,72.1958],[128.7563,72.1771],[128.825,72.1771],[128.8896,72.1563],[128.9958,72.1667],[129.0792,72.1667],[129.15,72.1542],[129.1646,72.175],[129.0229,72.175],[129.0292,72.1917],[128.9271,72.1917],[128.8417,72.2021]]],[[[128.6182,72.2266],[128.5547,72.2047],[128.5813,72.1937],[128.7099,72.2016],[128.6812,72.2188],[128.6182,72.2266]]],[[[129.3958,72.2271],[129.3537,72.2359],[129.2833,72.2188],[129.2458,72.2333],[129.1938,72.2167],[129.0958,72.2125],[129.0359,72.1964],[129.0813,72.1875],[129.1833,72.1833],[129.2771,72.2021],[129.3333,72.2042],[129.3792,72.1937],[129.45,72.1979],[129.5188,72.2125],[129.5229,72.225],[129.3958,72.2271]]],[[[129.3672,72.2641],[129.3479,72.2708],[129.2672,72.2682],[129.262,72.2589],[129.2167,72.2583],[129.2755,72.2297],[129.3672,72.2641]]],[[[129.4271,72.4208],[129.3521,72.4229],[129.3917,72.4021],[129.4271,72.4208]]],[[[127.4766,72.412],[127.3896,72.4146],[127.363,72.3984],[127.425,72.3792],[127.4896,72.3667],[127.5604,72.3646],[127.5599,72.3786],[127.4766,72.412]]],[[[127.6495,72.4109],[127.6042,72.4125],[127.5922,72.3901],[127.6417,72.3708],[127.7078,72.3693],[127.6932,72.4036],[127.6495,72.4109]]],[[[129.4563,72.7188],[129.3396,72.7229],[129.3938,72.7042],[129.4937,72.7042],[129.4563,72.7188]]],[[[128.5396,72.775],[128.4396,72.7771],[128.3,72.7208],[128.4083,72.7271],[128.5313,72.6979],[128.5938,72.7042],[128.7104,72.6979],[128.8167,72.7021],[128.9833,72.6937],[129.0083,72.6771],[129.1313,72.6667],[129.1604,72.6583],[129.2479,72.6583],[129.2979,72.6687],[129.4396,72.6687],[129.375,72.6917],[129.2813,72.6896],[129.2437,72.6958],[129.1146,72.7021],[129.0021,72.7208],[128.8693,72.7234],[128.7604,72.7521],[128.7104,72.7542],[128.6563,72.7667],[128.5396,72.775]]],[[[129.0068,72.7443],[129.0521,72.7229],[129.1042,72.7208],[129.125,72.7375],[129.0068,72.7443]]],[[[128.8667,72.7583],[128.8062,72.7604],[128.7953,72.7474],[128.8641,72.7432],[128.8667,72.7583]]],[[[129.4734,72.7786],[129.3333,72.7792],[129.3479,72.7625],[129.4734,72.7786]]],[[[129.2797,72.7984],[129.2063,72.8021],[129.175,72.7896],[129.0938,72.7833],[128.9646,72.7833],[129.0271,72.7667],[129.1812,72.7604],[129.2688,72.7688],[129.3229,72.7833],[129.2797,72.7984]]],[[[127.1932,72.6057],[127.0193,72.5703],[127.1,72.5667],[127.1641,72.5839],[127.1932,72.6057]]],[[[128.0974,72.5859],[128.0526,72.5932],[128.025,72.5646],[127.9604,72.5792],[127.9042,72.5833],[127.8833,72.5604],[127.7792,72.5375],[127.8125,72.5292],[127.925,72.5292],[127.9667,72.5354],[128.0521,72.5354],[128.1438,72.5604],[128.2245,72.5589],[128.2047,72.5755],[128.1583,72.5708],[128.0974,72.5859]]],[[[128.5833,72.6167],[128.5417,72.6229],[128.5,72.6],[128.4146,72.6042],[128.3109,72.5651],[128.3807,72.5505],[128.4458,72.5708],[128.4979,72.5583],[128.5771,72.5583],[128.6229,72.5729],[128.6708,72.5667],[128.7354,72.5729],[128.7708,72.5604],[128.8438,72.5542],[128.9417,72.5563],[128.8542,72.5729],[128.7833,72.575],[128.7604,72.5938],[128.6333,72.5958],[128.5833,72.6167]]],[[[127.9187,72.6292],[127.8958,72.6375],[127.8083,72.6375],[127.7151,72.6036],[127.6042,72.5979],[127.5667,72.5854],[127.4437,72.6],[127.3729,72.5958],[127.3646,72.5833],[127.2146,72.5833],[127.1911,72.563],[127.0568,72.537],[127.0583,72.5208],[127.1312,72.5104],[127.2312,72.5188],[127.3167,72.5188],[127.3771,72.5292],[127.3693,72.5557],[127.4646,72.5271],[127.562,72.5203],[127.6042,72.5],[127.7266,72.4984],[127.7146,72.4896],[127.6083,72.4938],[127.5016,72.5245],[127.3792,72.5271],[127.2917,72.5042],[127.2375,72.5],[127.1422,72.4734],[127.1755,72.4505],[127.2292,72.4417],[127.3708,72.4437],[127.4146,72.4479],[127.475,72.4354],[127.5125,72.4375],[127.5458,72.4208],[127.6438,72.4354],[127.675,72.4479],[127.8313,72.425],[127.8766,72.412],[127.8938,72.3958],[127.9833,72.3938],[128.0313,72.3792],[127.9213,72.3703],[127.8771,72.3833],[127.8766,72.3953],[127.8208,72.4208],[127.7646,72.4187],[127.6771,72.4333],[127.6625,72.4187],[127.7625,72.3917],[127.7318,72.3776],[127.7562,72.3667],[127.8104,72.3646],[127.9328,72.3495],[127.9484,72.3339],[128.1443,72.2651],[128.1609,72.2526],[128.2312,72.2521],[128.2542,72.2438],[128.3604,72.2479],[128.4583,72.2562],[128.5729,72.2396],[128.6021,72.2396],[128.6911,72.2224],[128.7208,72.2042],[128.8693,72.2193],[128.9292,72.1979],[129.0229,72.2021],[129.0667,72.2188],[129.1328,72.2297],[129.1687,72.2604],[129.25,72.2646],[129.2953,72.2859],[129.3188,72.2771],[129.3833,72.2729],[129.3938,72.2958],[129.5229,72.3042],[129.5307,72.3328],[129.4812,72.3438],[129.5125,72.3542],[129.4312,72.3812],[129.3417,72.3896],[129.2813,72.3729],[129.2729,72.3458],[129.1708,72.3333],[129.1062,72.3417],[129.2078,72.2891],[129.1089,72.2776],[129.0443,72.3182],[129.0599,72.3349],[129,72.3375],[128.9583,72.325],[128.875,72.3187],[128.8562,72.3125],[128.7417,72.2979],[128.775,72.2875],[128.7542,72.2583],[128.7042,72.2583],[128.7182,72.2828],[128.6938,72.2875],[128.7641,72.3057],[128.9042,72.3333],[128.8516,72.3599],[128.6995,72.3734],[128.6021,72.3771],[128.5729,72.3833],[128.5,72.3812],[128.4708,72.3875],[128.3562,72.3854],[128.3875,72.4021],[128.5042,72.3896],[128.5604,72.4021],[128.5875,72.3896],[128.6687,72.4021],[128.7167,72.4021],[128.8396,72.3688],[128.8958,72.3438],[129.0104,72.35],[129.0542,72.3646],[129.1354,72.3688],[129.1167,72.3896],[129.1875,72.3875],[129.2396,72.3979],[129.2651,72.4161],[129.3562,72.4313],[129.325,72.4437],[129.2188,72.4667],[129.0938,72.4688],[128.9854,72.4625],[128.9146,72.4521],[128.6979,72.4521],[128.6771,72.4646],[128.6214,72.4714],[128.5896,72.4979],[128.5125,72.5125],[128.4563,72.5083],[128.3354,72.5229],[128.3167,72.5354],[128.2312,72.55],[128.1396,72.5521],[128.0708,72.5271],[128,72.5333],[127.9208,72.5208],[127.7849,72.5245],[127.7521,72.5333],[127.8333,72.5563],[127.9125,72.5875],[128.0203,72.5839],[128.0495,72.6026],[128.0042,72.6146],[127.925,72.6167],[127.9187,72.6292]]],[[[77.7583,72.5979],[77.6208,72.6],[77.5229,72.5792],[77.4187,72.5375],[77.338,72.5182],[77.2984,72.4912],[77.2958,72.4708],[77.2484,72.4516],[77.1766,72.4047],[77.2104,72.3896],[77.2604,72.3875],[77.2917,72.3729],[77.2917,72.3542],[77.2354,72.3479],[77.1937,72.3333],[77.1354,72.35],[77.1229,72.4063],[77.025,72.3812],[77.0479,72.35],[76.938,72.3557],[76.8797,72.3224],[76.8693,72.3037],[76.9104,72.2854],[76.9625,72.275],[77.0625,72.2813],[77.1083,72.275],[77.1521,72.2833],[77.2417,72.2896],[77.3141,72.288],[77.2917,72.3042],[77.2104,72.3229],[77.2792,72.3354],[77.3729,72.3313],[77.3786,72.3068],[77.3234,72.2974],[77.3542,72.2833],[77.4333,72.2896],[77.5208,72.2854],[77.7146,72.2958],[77.775,72.2875],[77.8703,72.3255],[77.8901,72.3536],[77.9745,72.3693],[78.0458,72.3917],[78.1208,72.3917],[78.1208,72.4042],[78.2099,72.4193],[78.2375,72.4458],[78.2937,72.4479],[78.3516,72.4724],[78.3266,72.5078],[78.2682,72.5328],[78.1813,72.5583],[78.0583,72.575],[77.7583,72.5979]]],[[[129.4146,72.6354],[129.3167,72.6396],[129.2875,72.6292],[129.1938,72.6292],[129.3396,72.6],[129.4474,72.6109],[129.4146,72.6354]]],[[[128.5146,72.6438],[128.4125,72.6458],[128.3771,72.6375],[128.2542,72.6271],[128.0979,72.6292],[128.1062,72.6146],[128.2167,72.6083],[128.3146,72.5771],[128.3724,72.5922],[128.4021,72.6083],[128.4958,72.6083],[128.5432,72.6297],[128.5146,72.6438]]],[[[128.7396,72.6708],[128.7083,72.6792],[128.5646,72.6625],[128.538,72.6484],[128.6729,72.6021],[128.7479,72.6104],[128.8292,72.5833],[128.9312,72.575],[129.0167,72.575],[129.0667,72.5833],[129.0271,72.6125],[128.9854,72.6167],[128.9229,72.6396],[128.7875,72.6521],[128.7396,72.6708]]],[[[128.925,72.6937],[128.8292,72.6979],[128.7354,72.6937],[128.8021,72.6708],[128.9,72.6542],[129,72.6563],[129.1,72.6458],[129.1479,72.6333],[129.2646,72.6333],[129.3078,72.6401],[129.2917,72.6542],[129.1438,72.6542],[129.0958,72.6646],[129,72.6729],[128.925,72.6937]]],[[[128.1958,72.7104],[128.1438,72.7146],[128.0313,72.6917],[127.9583,72.6917],[127.8734,72.6609],[127.8917,72.6521],[128.0604,72.65],[128.1104,72.6396],[128.1417,72.6479],[128.2063,72.6479],[128.2271,72.6375],[128.3104,72.6417],[128.4063,72.6563],[128.4984,72.6828],[128.6229,72.6833],[128.6125,72.6979],[128.5042,72.6896],[128.4667,72.7083],[128.4063,72.7146],[128.3125,72.7083],[128.1958,72.7104]]],[[[128.3958,72.7708],[128.3292,72.7688],[128.1563,72.7562],[128.1042,72.7417],[128.05,72.7396],[127.9563,72.7583],[127.8792,72.7521],[127.8688,72.7292],[127.8146,72.6937],[127.7833,72.6937],[127.7229,72.675],[127.5729,72.675],[127.5375,72.6833],[127.4109,72.6911],[127.4104,72.6771],[127.338,72.6536],[127.3187,72.6375],[127.5667,72.6354],[127.6542,72.6417],[127.7042,72.6563],[127.7745,72.6609],[127.8229,72.6542],[127.9313,72.6937],[128.0792,72.7042],[128.1396,72.7208],[128.2063,72.7208],[128.2437,72.7333],[128.3042,72.7333],[128.3958,72.7708]]],[[[162.4083,70.6479],[162.3833,70.65],[162.2958,70.6292],[162.3875,70.6208],[162.4083,70.6479]]],[[[83.4354,70.6375],[83.3984,70.6474],[83.3693,70.6193],[83.338,70.6036],[83.3276,70.5776],[83.35,70.5646],[83.4349,70.5839],[83.4474,70.6016],[83.4276,70.6151],[83.4354,70.6375]]],[[[56.1268,70.6238],[56.0896,70.6312],[56.0068,70.6266],[56.1583,70.5792],[56.1849,70.588],[56.1724,70.612],[56.1268,70.6238]]],[[[56.7516,70.5359],[56.6979,70.5396],[56.6646,70.525],[56.6021,70.5167],[56.6,70.4938],[56.6646,70.4958],[56.7516,70.5359]]],[[[83.5604,70.525],[83.575,70.55],[83.5229,70.55],[83.4771,70.5333],[83.3854,70.5437],[83.4193,70.4859],[83.4484,70.4672],[83.5208,70.4604],[83.537,70.4693],[83.4984,70.5005],[83.5604,70.525]]],[[[66.7292,70.5292],[66.6958,70.5396],[66.6604,70.4896],[66.7214,70.4359],[66.8391,70.438],[66.825,70.4625],[66.7833,70.4917],[66.6984,70.5047],[66.7292,70.5292]]],[[[56.863,70.5818],[56.8146,70.5875],[56.8151,70.5672],[56.8755,70.5474],[56.8943,70.5172],[56.9609,70.4943],[57.0432,70.487],[57.0938,70.475],[57.125,70.5021],[57.212,70.4859],[57.2078,70.5099],[57.1333,70.5313],[57.0542,70.5479],[56.9833,70.5542],[56.863,70.5818]]],[[[82.7338,70.9213],[82.7151,70.9245],[82.638,70.888],[82.6505,70.8693],[82.6917,70.8521],[82.7349,70.8776],[82.7536,70.9068],[82.7338,70.9213]]],[[[161.4932,70.9151],[161.4854,70.9292],[161.4276,70.9234],[161.4474,70.9109],[161.4276,70.8953],[161.4458,70.8833],[161.5208,70.8875],[161.4932,70.9151]]],[[[53.0083,71.0229],[52.9901,70.9964],[53.0438,70.9812],[53.0339,70.9443],[53.1333,70.9479],[53.0641,71.0182],[53.0083,71.0229]]],[[[78.3604,71.0646],[78.3536,71.0516],[78.4005,71.0297],[78.4646,71.0417],[78.3604,71.0646]]],[[[53.9688,71.1167],[53.9104,71.1167],[53.8557,71.0995],[53.8755,71.0776],[53.9453,71.0797],[53.9458,71.1042],[54.0958,71.0958],[54.0438,71.1125],[53.9688,71.1167]]],[[[83.1229,70.9479],[83.0859,70.963],[83.0422,70.9599],[83.0453,70.9349],[83.0714,70.9109],[83.1557,70.8745],[83.163,70.8568],[83.1979,70.8396],[83.2307,70.8505],[83.2516,70.8974],[83.2266,70.937],[83.2063,70.9437],[83.1229,70.9479]]],[[[82.3938,70.9729],[82.3432,70.9443],[82.2943,70.9411],[82.3026,70.9193],[82.3646,70.9104],[82.3411,70.8974],[82.3688,70.8604],[82.4354,70.8604],[82.4724,70.8828],[82.4339,70.8922],[82.4432,70.9099],[82.487,70.913],[82.5099,70.9474],[82.3938,70.9729]]],[[[66.6458,70.9833],[66.6141,70.9901],[66.5734,70.962],[66.5766,70.9505],[66.5359,70.9182],[66.4958,70.8667],[66.537,70.8588],[66.5693,70.8818],[66.5828,70.9266],[66.6151,70.9276],[66.613,70.962],[66.7104,70.975],[66.6458,70.9833]]],[[[82.9854,70.9958],[82.9505,70.9974],[82.9557,70.9672],[82.9307,70.9578],[82.987,70.9224],[82.9714,70.913],[83.0208,70.8917],[83.0557,70.8932],[83.0193,70.9213],[82.9854,70.9958]]],[[[82.6375,70.9771],[82.525,70.9812],[82.5276,70.9318],[82.5911,70.9443],[82.5953,70.9599],[82.6375,70.9771]]],[[[66.7911,71.0839],[66.7312,71.0896],[66.7005,71.0568],[66.6255,71.0005],[66.6583,70.9979],[66.7208,70.975],[66.7495,70.9953],[66.8037,71.0016],[66.7521,71.0188],[66.7089,71.0214],[66.787,71.0547],[66.7911,71.0839]]],[[[161.5771,70.8042],[161.5568,70.8109],[161.5047,70.7891],[161.6016,70.762],[161.6833,70.725],[161.7078,70.737],[161.6714,70.7547],[161.6391,70.7995],[161.5771,70.8042]]],[[[83.2922,70.8203],[83.2224,70.7922],[83.2068,70.7453],[83.2786,70.7693],[83.3146,70.8104],[83.2922,70.8203]]],[[[83.387,70.7766],[83.3172,70.7932],[83.2995,70.7651],[83.2443,70.7453],[83.2089,70.7078],[83.1526,70.6745],[83.1193,70.6391],[83.1234,70.613],[83.1474,70.5911],[83.1109,70.5453],[83.1141,70.5255],[83.0943,70.4838],[83.1141,70.4537],[83.112,70.4276],[83.0714,70.3786],[83.1646,70.375],[83.1932,70.3953],[83.2859,70.4328],[83.3161,70.438],[83.3224,70.4682],[83.2458,70.5042],[83.2307,70.5193],[83.2536,70.5401],[83.2495,70.563],[83.3161,70.613],[83.3271,70.6521],[83.4167,70.6687],[83.4599,70.7016],[83.4516,70.7391],[83.387,70.7766]]],[[[66.475,70.7917],[66.4484,70.7953],[66.4234,70.7037],[66.425,70.6583],[66.4453,70.6099],[66.4755,70.5609],[66.5,70.575],[66.5583,70.5833],[66.5766,70.6057],[66.5109,70.6151],[66.5328,70.6328],[66.475,70.6438],[66.4641,70.6974],[66.487,70.7536],[66.5,70.7583],[66.475,70.7917]]],[[[66.5313,70.8542],[66.4838,70.8536],[66.4589,70.8307],[66.5042,70.825],[66.5411,70.8318],[66.5313,70.8542]]],[[[82.512,70.8557],[82.45,70.8604],[82.4271,70.8521],[82.4359,70.8255],[82.4745,70.8318],[82.512,70.8557]]],[[[82.6911,70.838],[82.6713,70.8495],[82.6234,70.8109],[82.6609,70.8109],[82.6911,70.838]]],[[[160.4891,70.9068],[160.5125,70.8917],[160.5583,70.8833],[160.5474,70.8464],[160.4979,70.8146],[160.5792,70.7958],[160.7583,70.8021],[160.7516,70.8224],[160.6776,70.8443],[160.6724,70.8786],[160.5167,70.9104],[160.4891,70.9068]]],[[[82.7125,70.9437],[82.6708,70.9458],[82.6474,70.9151],[82.5776,70.9036],[82.5609,70.8755],[82.5766,70.862],[82.5787,70.8297],[82.5255,70.8161],[82.4964,70.7828],[82.5229,70.7583],[82.5891,70.7693],[82.6099,70.8005],[82.6005,70.813],[82.6516,70.862],[82.6193,70.8828],[82.6568,70.912],[82.7125,70.9437]]],[[[179.9792,70.9729],[179.9979,70.9729],[179.9995,71.112],[179.9995,71.3901],[179.9917,71.5229],[179.9422,71.5224],[179.9271,71.5021],[179.8984,71.4974],[179.8771,71.475],[179.8292,71.475],[179.8016,71.4464],[179.775,71.4396],[179.6896,71.4417],[179.6167,71.4333],[179.5813,71.4208],[179.5063,71.4146],[179.4734,71.4016],[179.4891,71.3776],[179.4125,71.3708],[179.3417,71.3292],[179.3062,71.3292],[179.2547,71.312],[179.2208,71.2792],[179.1104,71.2521],[179.0437,71.2458],[178.9812,71.2333],[178.8984,71.2078],[178.8901,71.1766],[178.8271,71.1479],[178.8604,71.1354],[178.9354,71.1479],[178.9688,71.1354],[178.9187,71.1208],[178.9182,71.1016],[178.9536,71.0828],[178.8771,71.0854],[178.8359,71.0995],[178.887,71.1078],[178.8479,71.1208],[178.7245,71.0734],[178.6297,71.0703],[178.6484,71.0266],[178.7813,71.0104],[178.7521,70.9938],[178.7063,70.9979],[178.6932,70.9807],[178.7151,70.9672],[178.7057,70.9453],[178.7297,70.9151],[178.7849,70.8849],[178.8125,70.8042],[178.8375,70.7896],[178.9854,70.8375],[179.1083,70.8625],[179.2917,70.875],[179.4542,70.8688],[179.5021,70.8833],[179.5583,70.8708],[179.6125,70.8708],[179.6625,70.8812],[179.6755,70.8932],[179.762,70.9172],[179.7979,70.9521],[179.8771,70.9583],[179.9792,70.9729]]],[[[53.5771,71.1583],[53.5443,71.1422],[53.5745,71.1328],[53.5708,71.1125],[53.5104,71.125],[53.462,71.1182],[53.4818,71.1026],[53.5687,71.0813],[53.6349,71.0859],[53.6578,71.113],[53.6224,71.1412],[53.5771,71.1583]]],[[[52.7438,71.3917],[52.7109,71.3766],[52.7099,71.3599],[52.6036,71.3651],[52.5375,71.3583],[52.5104,71.3646],[52.4521,71.3583],[52.4083,71.3417],[52.3229,71.3417],[52.2917,71.325],[52.2583,71.325],[52.2339,71.2891],[52.2589,71.2568],[52.337,71.2412],[52.3484,71.2276],[52.4729,71.2167],[52.4958,71.2292],[52.5979,71.2333],[52.6703,71.2141],[52.6974,71.1974],[52.7125,71.1479],[52.7974,71.1266],[52.8276,71.0797],[52.8214,71.0651],[52.8792,71.05],[52.9604,71.0396],[52.9729,71.0583],[53.1292,71.0604],[53.1807,71.0776],[53.1526,71.1057],[53.2026,71.1307],[53.2411,71.1401],[53.2047,71.1734],[53.2313,71.1917],[53.1995,71.2203],[53.225,71.2417],[53.1568,71.2495],[53.0687,71.2271],[53.0083,71.2583],[52.9505,71.2651],[52.9542,71.2792],[52.8958,71.2875],[52.9,71.3042],[52.9953,71.2807],[53.0563,71.2458],[53.0849,71.2464],[53.0745,71.2766],[53.013,71.3026],[53.0078,71.3161],[52.9036,71.3662],[52.8229,71.3833],[52.7438,71.3917]]],[[[107.5922,78.1734],[107.4708,78.1771],[107.325,78.1604],[107.1932,78.1516],[107.1604,78.1583],[107.0417,78.1479],[106.9734,78.162],[106.8688,78.1667],[106.7729,78.1542],[106.6104,78.1458],[106.5521,78.1354],[106.525,78.1167],[106.6563,78.1062],[106.8229,78.0875],[107,78.0875],[107.0854,78.0771],[107.2625,78.0771],[107.3583,78.0708],[107.5208,78.0875],[107.4771,78.0625],[107.5271,78.0417],[107.6083,78.0479],[107.7724,78.1234],[107.762,78.1391],[107.5922,78.1734]]],[[[106.6917,78.3167],[106.6771,78.325],[106.5479,78.325],[106.4755,78.2995],[106.4641,78.2526],[106.1667,78.2479],[106.1255,78.2214],[106.1563,78.1896],[106.2958,78.1771],[106.3938,78.1979],[106.4563,78.2021],[106.4812,78.2188],[106.6708,78.2667],[106.8307,78.2672],[106.8068,78.2974],[106.7396,78.3],[106.6917,78.3167]]],[[[93.9953,79.4776],[93.8333,79.4812],[93.7917,79.4667],[93.9333,79.4375],[94.0391,79.4464],[93.9953,79.4776]]],[[[93.0796,79.5646],[93.1958,79.5375],[93.2438,79.5563],[93.0796,79.5646]]],[[[92.8667,79.4313],[92.7458,79.4271],[92.7089,79.4109],[92.7521,79.3917],[92.8854,79.3854],[93.0042,79.3979],[93.0411,79.4089],[92.9708,79.4313],[92.8667,79.4313]]],[[[92.5125,79.4375],[92.4896,79.4479],[92.2604,79.4354],[92.1396,79.4146],[92.2125,79.3896],[92.3542,79.3854],[92.3193,79.4172],[92.3833,79.4313],[92.5125,79.4375]]],[[[100.0453,79.4391],[99.9776,79.4391],[99.9812,79.4],[100.0479,79.4063],[100.1193,79.4287],[100.0453,79.4391]]],[[[93.8583,78.2292],[93.7458,78.2292],[93.65,78.2146],[93.6109,78.187],[93.6646,78.1479],[93.7312,78.1479],[93.8516,78.1609],[93.7891,78.1787],[93.8042,78.2021],[93.7646,78.2167],[93.8583,78.2292]]],[[[102.4521,79.4187],[102.3729,79.4187],[102.2797,79.4016],[102.213,79.3578],[102.1974,79.3172],[102.2662,79.2662],[102.2724,79.237],[102.1917,79.2271],[102.0526,79.2338],[101.9812,79.2458],[101.9875,79.2729],[101.937,79.337],[101.8375,79.3542],[101.6396,79.3333],[101.5839,79.2995],[101.637,79.2682],[101.6167,79.2396],[101.5214,79.2245],[101.5266,79.2109],[101.3938,79.2125],[101.338,79.2037],[101.3438,79.1833],[101.2818,79.1724],[101.1266,79.0776],[101.0724,79.0537],[101.0578,79.0172],[100.9943,79.0089],[100.9453,78.9422],[100.8187,78.8812],[100.8203,78.8547],[100.8833,78.8333],[100.8396,78.8208],[100.8187,78.7958],[100.6958,78.7979],[100.6104,78.7813],[100.6162,78.7724],[100.4609,78.7245],[100.4266,78.688],[100.3672,78.6641],[100.3807,78.6234],[100.3276,78.6182],[100.3875,78.5958],[100.3688,78.5708],[100.2505,78.5328],[100.2734,78.5005],[100.2417,78.4917],[100.2703,78.4589],[100.1734,78.4266],[100.1724,78.4109],[100.0708,78.4063],[100.1062,78.3854],[100.0859,78.363],[100.1578,78.3484],[100.125,78.3333],[100.0401,78.3245],[100.0266,78.2963],[99.8854,78.2625],[99.8391,78.2338],[99.7271,78.1833],[99.6479,78.1729],[99.6349,78.1568],[99.5463,78.1224],[99.5453,78.1005],[99.5089,78.0932],[99.4891,78.063],[99.4068,78.0245],[99.4375,78.0104],[99.5286,77.9953],[99.4859,77.9766],[99.488,77.9609],[99.6062,77.925],[99.6729,77.95],[99.8083,77.9563],[100.0313,77.9417],[100.1521,77.9667],[100.3604,78],[100.4729,78.025],[100.5625,78.0354],[100.7312,78.0708],[100.7792,78.0604],[100.8458,78.0833],[100.9,78.0833],[101.1771,78.1542],[101.3708,78.1771],[101.6604,78.1813],[101.725,78.1729],[101.7979,78.1792],[101.8453,78.1932],[102.0854,78.1708],[102.3083,78.1958],[102.4542,78.1917],[102.55,78.2],[102.7234,78.1984],[102.8479,78.1875],[102.8458,78.1563],[102.9083,78.1521],[102.9557,78.1651],[102.9812,78.1875],[103.1438,78.1937],[103.1875,78.2063],[103.313,78.2099],[103.5104,78.2354],[103.8833,78.2438],[103.9708,78.2625],[104.0417,78.2667],[104.1854,78.2917],[104.3042,78.3],[104.3896,78.3125],[104.5542,78.3063],[104.6146,78.3167],[104.7771,78.325],[104.8464,78.3151],[104.9208,78.3187],[105.0188,78.35],[105.0604,78.3542],[105.1682,78.3922],[105.163,78.3995],[105.2599,78.4359],[105.3641,78.5526],[105.3641,78.5839],[105.2963,78.6641],[105.2401,78.6755],[105.362,78.6922],[105.3411,78.7338],[105.2995,78.7745],[105.2333,78.7542],[105.1438,78.7375],[105.1401,78.7641],[105.1813,78.775],[105.1557,78.812],[105.0771,78.8167],[105.0229,78.8354],[104.8979,78.8458],[104.85,78.8333],[104.7708,78.8333],[104.7161,78.8516],[104.7562,78.8604],[104.7078,78.8891],[104.5807,78.9057],[104.5557,78.9391],[104.4708,78.9563],[104.4661,78.9912],[104.3792,78.9917],[104.3151,79.0099],[104.0458,79.0458],[104.0651,79.0953],[104.112,79.1005],[104.1,79.1208],[104.0146,79.1292],[103.9078,79.163],[103.7292,79.1667],[103.6833,79.175],[103.4625,79.175],[103.4964,79.1932],[103.3479,79.2021],[103.2984,79.1818],[103.3542,79.1646],[103.4292,79.1646],[103.4464,79.1151],[103.25,79.0708],[103.1958,79.0458],[103.0938,79.0354],[102.9734,79.0432],[102.9682,78.9838],[102.9104,78.9583],[102.8422,78.9474],[102.7667,78.8958],[102.7297,78.8807],[102.7234,78.8422],[102.5818,78.8182],[102.5646,78.8021],[102.4917,78.7979],[102.45,78.7833],[102.3479,78.7896],[102.4234,78.8078],[102.3568,78.8172],[102.4708,78.8479],[102.5667,78.8604],[102.5755,78.8912],[102.6438,78.9333],[102.7099,78.9391],[102.6818,79.0057],[102.7547,78.9995],[102.7963,79.0172],[102.675,79.0208],[102.7807,79.0463],[102.8172,79.0891],[102.8724,79.1047],[102.8396,79.1292],[102.8792,79.1417],[102.8568,79.1724],[103.0563,79.2542],[103.1917,79.2813],[103.1792,79.3063],[103.0141,79.3307],[102.8833,79.3708],[102.7188,79.3854],[102.6438,79.4021],[102.55,79.4021],[102.4521,79.4187]]],[[[57.9646,80.6375],[57.7479,80.6146],[57.5354,80.6188],[57.4458,80.6146],[57.2693,80.587],[57.3104,80.5604],[57.4208,80.5521],[57.5521,80.5333],[57.8146,80.5292],[57.8917,80.5333],[57.9932,80.5672],[58.0833,80.6146],[58.0563,80.6312],[57.9646,80.6375]]],[[[58.8479,80.6208],[58.7104,80.6188],[58.5547,80.5953],[58.5313,80.5792],[58.7167,80.5708],[58.7714,80.5818],[58.7734,80.6036],[58.8479,80.6208]]],[[[54.2208,80.3104],[54.1625,80.3104],[54.1193,80.2891],[54.1068,80.2568],[54.187,80.2432],[54.1578,80.2193],[54.1589,80.1901],[54.2542,80.2021],[54.3708,80.2042],[54.4245,80.2276],[54.3818,80.2516],[54.4182,80.2776],[54.2813,80.3104],[54.2208,80.3104]]],[[[55.375,80.3208],[55.2813,80.3208],[55.1047,80.2974],[55.1021,80.2708],[55.0208,80.2417],[55.0417,80.225],[55.1875,80.2188],[55.2833,80.2271],[55.3187,80.2458],[55.4125,80.25],[55.5411,80.2818],[55.4917,80.3187],[55.375,80.3208]]],[[[55.2729,80.4375],[55.1896,80.4354],[55.1521,80.4146],[54.9813,80.4167],[54.9589,80.4026],[55.112,80.3891],[55.1583,80.3708],[55.2708,80.3958],[55.2932,80.4089],[55.2729,80.4375]]],[[[54.6833,80.4729],[54.4964,80.4411],[54.4792,80.4083],[54.4188,80.3812],[54.6146,80.3792],[54.7479,80.3938],[54.8307,80.4109],[54.8078,80.4453],[54.6833,80.4729]]],[[[52.4401,80.3505],[52.3271,80.3562],[52.2542,80.3458],[52.2917,80.3313],[52.3854,80.3187],[52.5812,80.3187],[52.4401,80.3505]]],[[[54.8438,80.3833],[54.6708,80.3792],[54.6005,80.3588],[54.6417,80.3521],[54.8083,80.3625],[54.8438,80.3833]]],[[[55.9182,80.4161],[55.8458,80.4146],[55.7625,80.3958],[55.7917,80.3792],[55.95,80.375],[56.1333,80.35],[56.2771,80.3625],[56.2745,80.387],[56.125,80.3938],[56.0313,80.4104],[55.9182,80.4161]]],[[[54.9146,80.5271],[54.6813,80.525],[54.6109,80.5047],[54.6688,80.4875],[54.7849,80.4745],[54.788,80.4651],[54.9479,80.4458],[55.0167,80.4479],[55.0641,80.4672],[55.0771,80.4979],[54.9958,80.5188],[54.9146,80.5271]]],[[[56.6542,80.4958],[56.5458,80.4979],[56.4604,80.4792],[56.5849,80.4703],[56.7104,80.4792],[56.6542,80.4958]]],[[[53.9458,80.5979],[53.8443,80.5828],[53.8422,80.5568],[53.9974,80.5172],[53.8943,80.4953],[53.8911,80.4714],[53.9479,80.4542],[54.0438,80.4458],[54.1396,80.4479],[54.2021,80.4229],[54.3521,80.4167],[54.3568,80.4432],[54.4474,80.4651],[54.4229,80.4938],[54.3125,80.5479],[54.2359,80.5589],[54.2479,80.5833],[54.0583,80.5896],[53.9458,80.5979]]],[[[58.6625,81.6271],[58.4396,81.625],[58.3479,81.6062],[58.3375,81.5833],[58.5458,81.5813],[58.7203,81.6099],[58.6625,81.6271]]],[[[63.275,81.7063],[62.6875,81.7021],[62.6063,81.6917],[62.3792,81.6937],[62.2562,81.6854],[62.2188,81.6604],[62.3958,81.6396],[62.5771,81.6396],[62.6214,81.613],[62.7417,81.5938],[62.9917,81.5813],[63.2438,81.5771],[63.4688,81.5771],[63.6479,81.5917],[63.7167,81.6083],[63.7625,81.6333],[63.6354,81.6813],[63.3661,81.7057],[63.275,81.7063]]],[[[58.9896,81.8542],[58.7771,81.8542],[58.6,81.8417],[58.5062,81.8229],[58.3792,81.8229],[58.2172,81.8307],[57.9104,81.8063],[58.0417,81.7833],[58.1266,81.7786],[58.0953,81.7422],[58.038,81.7391],[58.0396,81.7104],[58.1271,81.6917],[58.312,81.7026],[58.4604,81.7333],[58.5187,81.7292],[58.8083,81.7271],[59.0938,81.7292],[59.2396,81.7417],[59.2891,81.763],[59.2766,81.7807],[59.3266,81.8141],[59.2292,81.8479],[59.1563,81.8542],[58.9896,81.8542]]],[[[61.9063,81.5875],[61.7943,81.5828],[61.8458,81.5437],[62.0458,81.5208],[62.2042,81.525],[62.3,81.5479],[62.1292,81.575],[61.9063,81.5875]]],[[[58.9917,81.4167],[58.775,81.4125],[58.5901,81.3807],[58.5724,81.3505],[58.6146,81.325],[58.725,81.3104],[58.9313,81.2979],[59.1188,81.3],[59.3021,81.3229],[59.2958,81.3458],[59.2146,81.3646],[59.2188,81.3833],[59.1479,81.4146],[58.9917,81.4167]]],[[[57.6167,81.5542],[57.4854,81.5521],[57.4396,81.5354],[57.3125,81.5229],[57.0896,81.5292],[56.9396,81.4812],[56.9292,81.4437],[57.1229,81.4417],[57.1542,81.4333],[57.3042,81.4396],[57.5021,81.425],[57.5896,81.4],[57.7125,81.3958],[57.8688,81.3771],[58.1979,81.375],[58.3708,81.3917],[58.4917,81.3958],[58.5349,81.4089],[58.5354,81.4333],[58.4828,81.4537],[58.2167,81.4854],[57.8958,81.4958],[57.7672,81.5234],[57.7792,81.5437],[57.6167,81.5542]]],[[[56.4854,80.7479],[56.3354,80.7479],[56.1833,80.7354],[55.9375,80.7396],[55.8479,80.7312],[55.7396,80.6979],[55.8417,80.6854],[55.8021,80.6354],[55.7188,80.625],[55.8375,80.6125],[55.9792,80.6062],[56.0125,80.6146],[56.1917,80.6292],[56.3146,80.6312],[56.3729,80.6167],[56.5771,80.6208],[56.7396,80.6125],[56.8438,80.6312],[56.8792,80.6583],[56.9641,80.6693],[56.8974,80.7016],[56.8021,80.7167],[56.6771,80.7188],[56.4854,80.7479]]],[[[47.5042,80.85],[47.4417,80.8562],[47.3464,80.8453],[47.3563,80.8333],[47.1937,80.8333],[47.1396,80.8229],[47.2021,80.8104],[47.1604,80.7896],[47.013,80.7839],[47.0016,80.7609],[46.725,80.7292],[46.5359,80.7188],[46.5208,80.7063],[46.325,80.6937],[46.1896,80.6625],[45.9271,80.6521],[45.8312,80.6417],[45.5646,80.6458],[45.4437,80.6396],[45.2604,80.6188],[44.9729,80.6104],[44.9109,80.5964],[45.1583,80.5646],[45.3104,80.5646],[45.425,80.5542],[45.5026,80.5151],[45.5854,80.5083],[45.775,80.55],[45.8646,80.5375],[45.9104,80.5563],[46.0979,80.5542],[46.1245,80.513],[46.063,80.4932],[46.0339,80.4651],[46.1104,80.4458],[46.2958,80.4437],[46.3771,80.4604],[46.325,80.4771],[46.3937,80.5042],[46.4771,80.5042],[46.5687,80.4917],[46.5318,80.5328],[46.5729,80.5437],[46.7313,80.5375],[46.9141,80.5401],[46.8755,80.5526],[47.0729,80.6042],[47.2271,80.6],[47.2687,80.5896],[47.425,80.5917],[47.3474,80.6412],[47.3026,80.6464],[47.3,80.6854],[47.4646,80.675],[47.5479,80.6771],[47.5516,80.6995],[47.4443,80.7255],[47.5604,80.7292],[47.7734,80.7453],[47.8714,80.7391],[47.8797,80.7172],[48.025,80.725],[48.0286,80.687],[48.0646,80.6667],[48.1688,80.6521],[48.3812,80.6563],[48.4536,80.6495],[48.4703,80.6328],[48.6104,80.6208],[48.7208,80.6229],[48.7625,80.6458],[48.7,80.6708],[48.6063,80.6771],[48.6188,80.7],[48.4464,80.7318],[48.438,80.7401],[48.5714,80.7609],[48.525,80.7937],[48.3563,80.8063],[48.3333,80.8146],[48.1854,80.8063],[48.1042,80.8125],[48.0229,80.7979],[47.8667,80.8021],[47.8474,80.8182],[47.6813,80.8271],[47.6521,80.8396],[47.5042,80.85]]],[[[53.2708,80.6396],[53.0995,80.6172],[53.3286,80.5911],[53.2526,80.5703],[53.2141,80.5411],[53.2229,80.5188],[53.2771,80.4958],[53.4271,80.4729],[53.5495,80.5047],[53.5266,80.5266],[53.4458,80.5375],[53.4214,80.562],[53.4318,80.5932],[53.375,80.625],[53.2708,80.6396]]],[[[61.8229,80.8667],[61.6542,80.8646],[61.5266,80.8443],[61.4604,80.8438],[61.3891,80.8276],[61.2854,80.8354],[61.1437,80.825],[61.0396,80.8292],[61.0417,80.8063],[60.8729,80.8083],[60.4479,80.7813],[60.4042,80.8104],[60.2875,80.8208],[60.0208,80.8292],[59.9625,80.8187],[59.675,80.7979],[59.6161,80.7682],[59.6526,80.7505],[59.6083,80.7312],[59.5458,80.7271],[59.4318,80.6578],[59.4313,80.5958],[59.3797,80.5724],[59.3901,80.5463],[59.4505,80.5224],[59.3568,80.4953],[59.3547,80.4776],[59.5146,80.4396],[59.6583,80.4146],[59.6583,80.3896],[59.7833,80.4],[60.0313,80.4104],[60.1625,80.4313],[60.2083,80.4542],[60.4083,80.4479],[60.6583,80.3979],[60.9125,80.3854],[60.9646,80.375],[61.1208,80.3708],[61.2646,80.3917],[61.3911,80.4297],[61.3812,80.4437],[61.4833,80.4729],[61.4266,80.4964],[61.5062,80.5375],[61.6063,80.5437],[61.7479,80.5708],[61.8312,80.5667],[61.8917,80.5833],[61.9818,80.5859],[61.9297,80.6182],[62.15,80.6604],[62.1724,80.6766],[62.2036,80.7464],[62.1396,80.7729],[62.1224,80.8287],[62.038,80.8422],[62.0542,80.8562],[61.9792,80.8646],[61.8229,80.8667]]],[[[55.1021,80.8667],[54.925,80.8625],[54.8891,80.8443],[54.6625,80.8604],[54.5458,80.8438],[54.3583,80.8583],[54.2083,80.8479],[54.0271,80.8167],[54.0854,80.8],[54.2167,80.7896],[54.4,80.7854],[54.4896,80.7896],[54.7625,80.7875],[54.7328,80.7651],[54.7458,80.7375],[54.9417,80.7167],[54.9911,80.7328],[55.1521,80.75],[55.2375,80.7396],[55.3771,80.7438],[55.5167,80.7562],[55.6542,80.7583],[55.7479,80.7708],[55.6729,80.7917],[55.5604,80.7917],[55.4708,80.8187],[55.2646,80.8208],[55.2542,80.8417],[55.1021,80.8667]]],[[[58.8292,80.875],[58.5979,80.8771],[58.4625,80.8667],[58.2687,80.8667],[58.1646,80.8542],[58.0578,80.8172],[57.9771,80.8],[57.8354,80.7917],[57.8396,80.7729],[57.9292,80.7583],[58.0729,80.7521],[58.1979,80.7542],[58.3833,80.725],[58.5458,80.7271],[58.7083,80.7604],[58.8729,80.7625],[58.9411,80.7734],[58.9974,80.8224],[58.9745,80.8495],[58.8589,80.8609],[58.8292,80.875]]],[[[79.5964,80.8953],[79.4667,80.9021],[79.2521,80.8771],[79.1208,80.8771],[78.9938,80.85],[78.9313,80.8458],[78.8547,80.812],[78.8276,80.7818],[78.887,80.7745],[78.9229,80.7479],[79.0729,80.7417],[79.3667,80.7396],[79.7083,80.7417],[79.8599,80.7505],[80.0208,80.7813],[80.1432,80.7953],[80.1146,80.8042],[80.1995,80.8443],[80.1146,80.8729],[79.825,80.8729],[79.5964,80.8953]]],[[[80.1833,80.925],[80.0833,80.9042],[80.2458,80.9021],[80.2625,80.9167],[80.1833,80.925]]],[[[54.7292,81.1021],[54.6797,81.1016],[54.6229,81.075],[54.6521,81.0583],[54.5464,81.0286],[54.575,80.9896],[54.7333,80.9958],[54.9057,80.9891],[54.9354,80.9708],[54.9047,80.9526],[55.0313,80.9375],[55.1979,80.9396],[55.2875,80.9542],[55.4333,80.9542],[55.4911,80.938],[55.4318,80.9193],[55.5812,80.9042],[55.6667,80.8812],[55.8375,80.8833],[55.9271,80.8729],[55.8667,80.85],[55.8958,80.8396],[56.0708,80.8187],[56.2396,80.8229],[56.3479,80.8042],[56.6521,80.7979],[56.7542,80.7854],[56.8125,80.7667],[56.8875,80.7646],[56.9458,80.7479],[56.9901,80.688],[57.0812,80.675],[57.3354,80.6833],[57.45,80.6937],[57.5646,80.7125],[57.7438,80.7583],[57.7438,80.7708],[57.625,80.7958],[57.5125,80.7979],[57.5083,80.8125],[57.3896,80.8313],[57.2104,80.8333],[57.1646,80.8417],[56.9182,80.8453],[56.8667,80.8583],[56.8604,80.8792],[56.6521,80.8917],[56.5771,80.9146],[56.5667,80.9333],[56.6411,80.938],[56.6375,80.9542],[56.5229,80.9542],[56.5167,80.9688],[56.3958,80.9792],[56.2224,80.9828],[56.1625,81.0125],[55.7667,81.0104],[55.6479,81.0042],[55.5479,81.0208],[55.4833,81.0104],[55.363,81.0172],[55.225,81.0396],[55.2313,81.0521],[55.0979,81.0604],[55.0354,81.0729],[54.8917,81.0729],[54.7292,81.1021]]],[[[79.9917,80.9208],[79.7979,80.9229],[79.8354,80.9104],[79.9917,80.9208]]],[[[50.7188,81.1792],[50.5646,81.175],[50.5453,81.163],[50.3979,81.15],[50.3849,81.1307],[50.3214,81.1266],[50.3271,81.1042],[50.4021,81.0938],[50.3479,81.0625],[50.3797,81.0401],[50.4667,81.0292],[50.5333,81.0521],[50.6312,81.0646],[50.7875,81.0625],[50.7193,81.0849],[50.8708,81.0979],[51.0099,81.1234],[50.9932,81.1453],[50.9083,81.1667],[50.7188,81.1792]]],[[[56.2271,81.0896],[56.25,81.0667],[56.3521,81.0667],[56.4292,81.0375],[56.6167,81.0313],[56.7271,81.0042],[56.8167,81.0062],[56.7979,80.9812],[56.9667,80.9833],[56.9854,80.9563],[57.0271,80.9458],[57.2641,80.9328],[57.3625,80.8917],[57.362,80.8651],[57.5104,80.8396],[57.7172,80.8297],[57.8854,80.8313],[57.8729,80.8646],[57.9526,80.8714],[58.0208,80.8896],[58.1604,80.8917],[58.2146,80.9229],[57.9813,80.9229],[57.8979,80.9458],[57.7276,80.9464],[57.7245,80.9766],[57.6083,80.9875],[57.5526,81.0026],[57.5625,81.025],[57.4063,81.025],[57.0792,81.0417],[56.95,81.0354],[56.813,81.0547],[56.8083,81.0646],[56.6854,81.0833],[56.5375,81.0792],[56.2271,81.0896]]],[[[58.1354,81.0792],[58.1125,81.0479],[57.9,81.0417],[57.8875,81.0313],[58.0729,81.0104],[58.1542,80.9854],[58.2828,80.9745],[58.2708,80.9458],[58.35,80.9375],[58.5583,80.9354],[58.5521,80.9729],[58.6828,80.988],[58.6849,81.0141],[58.5417,81.0271],[58.3792,81.0521],[58.3792,81.0646],[58.1354,81.0792]]],[[[61.4292,81.1229],[61.2479,81.125],[61.0687,81.1167],[60.9375,81.0979],[60.8333,81.0938],[60.6521,81.075],[60.6188,81.0625],[60.3187,81.0354],[60.1312,80.9875],[59.9729,80.9792],[60.0229,80.9604],[60.2146,80.9479],[60.2792,80.925],[60.5646,80.9042],[60.8604,80.8958],[61.0875,80.9083],[61.2016,80.9276],[61.2083,80.9417],[61.3167,80.9583],[61.338,80.9745],[61.437,80.988],[61.5375,81.0125],[61.5661,81.0516],[61.5214,81.0703],[61.6625,81.0938],[61.5646,81.1167],[61.4292,81.1229]]],[[[58.6979,81.0917],[58.5583,81.0792],[58.5563,81.0542],[58.6458,81.0542],[58.7146,81.0667],[58.6979,81.0917]]],[[[60.2771,81.3167],[59.9229,81.3063],[59.862,81.2911],[59.8896,81.2792],[60.0771,81.275],[60.3479,81.2479],[60.4813,81.2458],[60.5375,81.2542],[60.5604,81.2854],[60.4188,81.3],[60.4375,81.3187],[60.2771,81.3167]]],[[[54.3333,81.3292],[54.2333,81.3271],[54.4021,81.2833],[54.4349,81.3057],[54.4104,81.3292],[54.3333,81.3292]]],[[[64.5729,81.2083],[64.4437,81.2104],[64.2562,81.2021],[64.0339,81.1745],[64.0042,81.1521],[63.8396,81.125],[63.8359,81.0984],[63.9146,81.0583],[63.8396,81.0417],[63.5938,81.0125],[63.5995,81.0026],[63.4979,80.9896],[63.3917,80.9875],[63.2708,80.9667],[63.0458,80.9625],[62.9375,80.9313],[62.8479,80.8938],[62.8068,80.8891],[62.6854,80.8333],[62.5187,80.8063],[62.5896,80.7958],[62.5917,80.7771],[62.7396,80.7521],[62.7943,80.7359],[62.9,80.7208],[62.9167,80.7021],[63.0083,80.6833],[63.1229,80.6458],[63.2438,80.6583],[63.3708,80.6604],[63.4458,80.6729],[63.6312,80.6854],[63.8063,80.6813],[63.9917,80.6896],[64.0542,80.7021],[64.2979,80.7021],[64.55,80.7271],[64.6813,80.75],[64.9604,80.7813],[64.9922,80.8037],[65.125,80.8208],[65.1687,80.8458],[65.25,80.8646],[65.3938,80.9146],[65.4516,80.9224],[65.4578,80.9464],[65.4021,80.9625],[65.3,80.9604],[65.1125,80.9979],[65.2828,80.9932],[65.3588,81.0026],[65.3568,81.0328],[65.4792,81.0708],[65.4974,81.0911],[65.3979,81.1521],[65.2417,81.175],[65.1333,81.1708],[65.1307,81.188],[64.9729,81.1917],[64.6958,81.2083],[64.5729,81.2083]]],[[[90.8917,81.2292],[90.775,81.2312],[90.675,81.2229],[90.5479,81.2021],[90.4146,81.2042],[90.1958,81.1813],[90.1589,81.1172],[90.2417,81.0854],[90.4375,81.0625],[90.5125,81.0437],[90.6271,81.0479],[90.7792,81.0333],[91.0729,81.0292],[91.3016,81.0401],[91.5188,81.0625],[91.6099,81.0849],[91.6563,81.1229],[91.5229,81.1813],[91.4375,81.1979],[91.3,81.2125],[91.1979,81.2146],[91.1729,81.2271],[91.0396,81.2292],[91.025,81.2167],[90.8271,81.2125],[90.8917,81.2292]]],[[[57.9021,81.2125],[57.6396,81.2125],[57.6354,81.2042],[57.3542,81.2],[57.2568,81.1932],[57.1922,81.1703],[56.9646,81.1521],[56.9792,81.1438],[57.1937,81.1229],[57.2667,81.1062],[57.5979,81.1042],[57.7333,81.1083],[57.8141,81.1422],[57.8167,81.1646],[57.8937,81.175],[57.9625,81.2083],[57.9021,81.2125]]],[[[59.225,81.2125],[59.0292,81.2125],[59.0271,81.1937],[59.2125,81.1875],[59.3896,81.1875],[59.4604,81.1792],[59.6,81.1979],[59.5563,81.2063],[59.225,81.2125]]],[[[56.6646,81.3958],[56.5026,81.3932],[56.4333,81.3854],[56.3875,81.3479],[56.4938,81.3458],[56.4599,81.3089],[56.5375,81.2813],[56.5875,81.2792],[56.6208,81.25],[56.5021,81.2479],[56.4271,81.2583],[56.2896,81.2625],[56.0687,81.2833],[55.9792,81.2979],[55.8557,81.3057],[55.7333,81.3042],[55.6208,81.3167],[55.5661,81.3016],[55.5812,81.2604],[55.6396,81.2292],[55.5672,81.2005],[55.8542,81.1875],[56.2062,81.2146],[56.3396,81.2167],[56.412,81.1974],[56.3922,81.163],[56.5646,81.1667],[56.7807,81.1922],[57.0083,81.2375],[57.1708,81.2604],[57.4,81.2667],[57.5271,81.2813],[57.6604,81.2813],[57.7979,81.2896],[57.7833,81.3042],[57.6609,81.3172],[57.4833,81.3063],[57.4562,81.3208],[57.2146,81.3521],[57.1479,81.3542],[57.0458,81.375],[56.6646,81.3958]]],[[[76.2875,79.6563],[76.2146,79.6563],[76.1505,79.6193],[76.3438,79.5687],[76.4854,79.5437],[76.6958,79.5417],[76.7432,79.5307],[76.7526,79.5005],[76.8313,79.4854],[77.275,79.4875],[77.3938,79.4812],[77.488,79.4901],[77.5286,79.5141],[77.4187,79.5313],[77.1542,79.5521],[76.9167,79.5979],[76.7271,79.6125],[76.6563,79.6333],[76.4208,79.6333],[76.3604,79.65],[76.2875,79.6563]]],[[[97.5604,80.1625],[97.2854,80.1625],[97.0729,80.1583],[96.7521,80.125],[96.5792,80.1104],[96.3542,80.1],[96.2604,80.1],[96.1271,80.1125],[95.8146,80.1125],[95.7438,80.1021],[95.6417,80.1104],[95.5208,80.1021],[95.4089,80.062],[95.375,80.0292],[95.3229,80.0271],[95.2438,80.0479],[95.075,80.0646],[95.1224,80.0766],[95.0396,80.1104],[94.9276,80.088],[94.9995,80.0651],[94.8005,80.0245],[94.7667,80],[94.7104,79.9854],[94.5583,79.9771],[94.5276,79.962],[94.4542,79.9563],[94.4786,79.9276],[94.35,79.9187],[94.3505,79.888],[94.55,79.8396],[94.7208,79.8208],[94.7208,79.7979],[94.6271,79.8],[94.5917,79.7792],[94.5062,79.7833],[94.1708,79.7771],[94.0625,79.7583],[93.9146,79.7125],[93.8422,79.6953],[93.8026,79.6589],[93.7026,79.6359],[93.7375,79.6229],[93.5875,79.6167],[93.5021,79.5938],[93.4026,79.5787],[93.35,79.5333],[93.375,79.5062],[93.3208,79.4875],[93.2312,79.4854],[93.1995,79.4724],[93.2917,79.4479],[93.3734,79.4661],[93.4729,79.475],[93.4958,79.4979],[93.4109,79.5109],[93.5203,79.5339],[93.6542,79.575],[93.7562,79.5792],[93.7234,79.5953],[93.7755,79.6141],[93.8453,79.6172],[93.8958,79.5979],[93.7896,79.5667],[93.6922,79.5609],[93.8833,79.5417],[93.9187,79.525],[94.0349,79.4974],[94.1667,79.4812],[94.3375,79.4833],[94.4359,79.4537],[94.4229,79.4187],[94.3588,79.4141],[94.3583,79.3938],[94.4141,79.3536],[94.3047,79.3307],[94.3167,79.2917],[94.4234,79.2776],[94.3917,79.2625],[94.4328,79.2412],[94.4021,79.2333],[94.6146,79.2],[94.6563,79.1854],[94.7354,79.1792],[94.7625,79.1604],[94.6859,79.1495],[94.8276,79.0714],[94.9417,79.0396],[95.0104,79.0396],[95.0938,79.025],[95.1995,79.0328],[95.2958,79.0542],[95.4458,79.0792],[95.5104,79.1021],[95.6229,79.0979],[95.6521,79.0604],[95.7354,79.0625],[95.75,79.0354],[95.7089,79.0234],[95.7229,78.9958],[95.7979,79],[96.0104,78.9979],[96.0333,78.9792],[96.1813,78.9854],[96.2338,79.0016],[96.3562,79.0146],[96.4,78.9938],[96.4646,78.9875],[96.5375,78.9979],[96.6146,78.9896],[96.8,78.9875],[96.9042,79.0042],[96.9854,78.9771],[96.9776,78.9453],[97.0729,78.9271],[97.187,78.8859],[97.3187,78.8833],[97.4625,78.8417],[97.6088,78.8422],[97.5521,78.8271],[97.6312,78.8042],[97.8417,78.8187],[97.9141,78.8141],[97.9917,78.825],[98.0417,78.8083],[98.15,78.8208],[98.1958,78.8042],[98.3063,78.8083],[98.375,78.7688],[98.4396,78.7667],[98.5292,78.7813],[98.6312,78.7708],[98.675,78.8042],[98.8854,78.8042],[98.9708,78.7979],[99.1062,78.7979],[99.3354,78.8229],[99.3708,78.8104],[99.5292,78.8167],[99.5818,78.8411],[99.6667,78.8646],[99.8807,78.9068],[99.9578,78.9276],[99.9193,78.9609],[99.9141,78.9932],[99.875,78.9979],[99.9182,79.0401],[99.8557,79.0891],[99.6104,79.1062],[99.5714,79.1245],[99.6807,79.1391],[99.6458,79.1604],[99.5146,79.175],[99.4938,79.1875],[99.3818,79.1953],[99.3042,79.2167],[99.3063,79.2375],[99.4125,79.2479],[99.5313,79.2479],[99.6646,79.2396],[99.8037,79.2734],[99.7859,79.3016],[99.8141,79.3172],[99.7547,79.3776],[99.7521,79.4042],[99.6339,79.4047],[99.6917,79.4542],[99.6583,79.4708],[99.7896,79.4771],[99.8662,79.5026],[99.8354,79.525],[99.8568,79.5391],[99.8026,79.5651],[99.85,79.5813],[100.0125,79.5833],[100.0661,79.5953],[100.1188,79.6375],[100.3104,79.6583],[100.3042,79.6729],[100.1479,79.6833],[100.1292,79.6958],[99.9458,79.6958],[99.9688,79.7083],[99.8562,79.7375],[99.9313,79.7375],[100.0521,79.75],[100.0776,79.7807],[100.0599,79.7995],[99.9922,79.8109],[99.9828,79.8318],[99.8714,79.8662],[99.8891,79.8766],[99.8104,79.9167],[99.5813,79.9479],[99.5458,79.9688],[99.4771,79.975],[99.4583,80.0146],[99.2729,80.0229],[99.3,80.0437],[99.1771,80.0521],[98.8625,80.0396],[98.775,80.0687],[98.6125,80.0813],[98.4708,80],[97.9708,80],[98.0495,80.037],[97.9938,80.0729],[97.6375,80.1604],[97.5604,80.1625]]],[[[91.3042,79.7375],[91.2,79.7292],[91.25,79.7021],[91.325,79.6854],[91.5396,79.6687],[91.6479,79.6479],[91.8167,79.65],[91.9771,79.6687],[91.8984,79.6995],[91.8063,79.7083],[91.8224,79.7255],[91.3896,79.7312],[91.3042,79.7375]]],[[[58.7089,79.9797],[58.5917,79.9833],[58.4667,79.9583],[58.35,79.9542],[58.3708,79.9333],[58.6208,79.9375],[58.6688,79.9271],[58.6708,79.9042],[58.7646,79.8917],[58.8812,79.8958],[58.9063,79.9167],[58.7411,79.9297],[58.7307,79.9495],[58.6625,79.9688],[58.7089,79.9797]]],[[[59.925,79.9208],[59.8625,79.9229],[59.8104,79.9021],[59.8458,79.8896],[59.9604,79.8979],[59.925,79.9208]]],[[[94.1292,80.0271],[93.9901,79.9995],[93.9464,79.9755],[94.0625,79.975],[94.2167,80],[94.1292,80.0271]]],[[[60.1292,80.1854],[59.9401,80.1776],[60.0708,80.1479],[60.2266,80.1464],[60.2182,80.1703],[60.1292,80.1854]]],[[[53.0458,80.3896],[53.0062,80.3917],[52.7583,80.3438],[52.8937,80.3354],[52.8583,80.3125],[52.925,80.2979],[52.6505,80.2891],[52.6578,80.2714],[52.5583,80.2708],[52.5021,80.2604],[52.3063,80.2667],[52.2375,80.2521],[52.2589,80.2193],[52.3083,80.2146],[52.3896,80.1854],[52.5438,80.175],[52.6854,80.1771],[52.8458,80.1563],[52.9667,80.15],[53.0953,80.163],[53.3021,80.1625],[53.3667,80.1375],[53.475,80.1333],[53.5536,80.1484],[53.5182,80.1714],[53.5328,80.1974],[53.5771,80.2104],[53.7062,80.2125],[53.7333,80.1896],[53.8807,80.2109],[53.925,80.2271],[53.7375,80.2625],[53.7167,80.2729],[53.5438,80.3021],[53.3214,80.3287],[53.4141,80.3672],[53.3542,80.3875],[53.2708,80.3875],[53.1458,80.375],[53.0458,80.3896]]],[[[49.4792,80.0792],[49.3896,80.0833],[49.3688,80.0583],[49.3172,80.0411],[49.3875,80.0021],[49.5839,80.0245],[49.6646,80.0229],[49.6792,80.05],[49.6083,80.0646],[49.4792,80.0792]]],[[[91.9703,80.0807],[91.6917,80.0687],[91.5813,80.0687],[91.2312,80.0521],[91.3292,80.0271],[91.3557,80.0109],[91.2688,79.9771],[91.138,79.9589],[91.3568,79.9245],[91.3828,79.9141],[91.3229,79.8875],[91.1563,79.8771],[91.1359,79.8599],[91.3042,79.8438],[91.3,79.8313],[91.8167,79.8125],[91.8708,79.8042],[92.1146,79.8104],[92.188,79.7943],[92.3562,79.7729],[92.3912,79.7432],[92.3396,79.7229],[92.2688,79.725],[92.225,79.7438],[92.1062,79.7417],[92.0042,79.7208],[92.0167,79.6979],[92.1083,79.6917],[92.2708,79.6687],[92.5167,79.6667],[92.7417,79.675],[92.8875,79.6917],[92.9583,79.6917],[93.1417,79.7042],[93.2432,79.7276],[93.25,79.7479],[93.4042,79.7646],[93.5646,79.8125],[93.7182,79.8359],[93.7297,79.8536],[93.7932,79.8714],[93.8583,79.9042],[93.8417,79.9208],[93.7021,79.9292],[93.5833,79.9563],[93.4812,79.9583],[93.4495,79.9786],[93.3542,79.9938],[93.2188,80.0062],[93.1458,80.0062],[92.9896,80.0271],[92.7125,80.0188],[92.5833,80.0083],[92.5208,80.0354],[92.1937,80.0375],[91.9703,80.0807]]],[[[59.5146,80.0854],[59.4063,80.0896],[59.1104,80.0646],[58.8547,80.0193],[58.9458,79.9812],[59.1271,79.9542],[59.2646,79.9437],[59.2521,79.9271],[59.3604,79.9104],[59.4292,79.9125],[59.4813,79.9292],[59.7313,79.9437],[59.8599,79.9984],[59.8875,80.0271],[59.8224,80.0641],[59.5875,80.0854],[59.5146,80.0854]]],[[[51.0333,80.0979],[50.9526,80.0953],[50.9786,80.0745],[50.8896,80.0604],[50.8229,80.0604],[50.7,80.0458],[50.6484,80.0307],[50.5953,79.988],[50.4958,79.975],[50.3667,79.9771],[50.2958,79.9875],[50.15,79.9729],[50.0833,79.9729],[50.05,79.9542],[50.1063,79.9437],[50.2375,79.9437],[50.325,79.9542],[50.4021,79.9292],[50.9167,79.925],[50.9813,79.9146],[51.3625,79.9125],[51.462,79.9307],[51.3479,79.9417],[51.2958,79.9604],[51.1813,79.9708],[51.1609,80.0057],[51.2203,80.0214],[51.2234,80.037],[51.1214,80.0589],[51.1229,80.0771],[51.0333,80.0979]]],[[[50.1104,80.2208],[49.9458,80.2167],[49.6125,80.1771],[49.5339,80.1516],[49.6,80.1333],[49.7057,80.1224],[49.7479,80.1021],[49.8896,80.0896],[49.8833,80.0542],[49.9917,80.0417],[50.0812,80.0437],[50.1161,80.0776],[50.0776,80.1109],[50.3849,80.1703],[50.2729,80.2167],[50.1104,80.2208]]],[[[57.0016,80.3474],[56.9411,80.3432],[56.7062,80.3458],[56.6937,80.3146],[56.5771,80.3042],[56.5062,80.3271],[56.3271,80.3167],[56.2958,80.3292],[56.175,80.3292],[55.9333,80.3063],[56.013,80.2693],[56.0641,80.262],[56.0609,80.2234],[56.1099,80.2141],[56.1766,80.1839],[56.0167,80.15],[55.9313,80.125],[55.8438,80.1104],[55.8104,80.0917],[55.9167,80.0875],[56.1188,80.0667],[56.4042,80.0667],[56.4437,80.0729],[56.7188,80.0583],[57.0453,80.0755],[57.1,80.1083],[57.0547,80.1109],[57.0703,80.1703],[57.1917,80.1979],[57.1026,80.2214],[57.0984,80.2662],[57.1328,80.2807],[57.0958,80.3],[57.1771,80.3167],[57.0521,80.3271],[57.0016,80.3474]]],[[[57.9792,80.475],[57.5438,80.4604],[57.4688,80.4646],[57.3271,80.4479],[57.2646,80.4563],[56.9792,80.4521],[56.9938,80.4396],[57.1167,80.425],[57.2328,80.3953],[57.2396,80.3625],[57.287,80.3474],[57.2526,80.3266],[57.2661,80.3057],[57.2776,80.1922],[57.35,80.1583],[57.5021,80.1333],[57.5833,80.1333],[57.8208,80.0979],[58.05,80.1042],[58.0875,80.1292],[58.1578,80.1526],[58.2896,80.1563],[58.4375,80.15],[58.4151,80.1807],[58.462,80.1964],[58.4667,80.2167],[58.3922,80.2234],[58.3922,80.2391],[58.4651,80.2443],[58.5026,80.2641],[58.6667,80.3021],[58.8,80.3063],[58.8021,80.2875],[58.9646,80.3146],[59.1833,80.3187],[59.2729,80.3333],[59.1042,80.3792],[59.0458,80.3854],[58.9813,80.4083],[58.8583,80.4292],[58.7083,80.4354],[58.5708,80.45],[58.475,80.45],[58.325,80.4667],[58.1813,80.4667],[57.9792,80.475]]],[[[50.8833,80.9354],[50.8063,80.9458],[50.7042,80.9167],[50.5646,80.8938],[50.4292,80.8833],[50.1901,80.8745],[50.1958,80.8625],[50.0589,80.8588],[50.0062,80.875],[50.0536,80.8943],[50.1375,80.9083],[50.3625,80.9146],[50.2083,80.9479],[50,80.9292],[49.9396,80.9167],[49.7938,80.9083],[49.6901,80.8766],[49.6542,80.8521],[49.4917,80.8375],[49.4745,80.8234],[49.3125,80.8187],[49.2792,80.8063],[49.1021,80.7875],[49.1557,80.7609],[49.0979,80.75],[48.9547,80.7412],[49.0542,80.7188],[49.1542,80.7188],[49.1917,80.6979],[49.2896,80.6979],[49.3771,80.7083],[49.5417,80.7063],[49.6172,80.6828],[49.6391,80.6578],[49.5979,80.6417],[49.3958,80.6458],[49.2771,80.6354],[49.2604,80.625],[49.4042,80.6042],[49.4,80.5917],[49.2396,80.5938],[49.2068,80.5724],[49.2521,80.5354],[49.2062,80.5146],[49.1125,80.5104],[48.8896,80.5208],[48.8438,80.4833],[48.7333,80.4833],[48.6917,80.5042],[48.5458,80.5083],[48.55,80.5313],[48.3875,80.5542],[48.2776,80.5474],[48.2062,80.5333],[48.1146,80.5437],[47.9625,80.5354],[47.7354,80.5],[47.5208,80.4771],[47.4255,80.4599],[47.4854,80.45],[47.6417,80.4521],[47.7583,80.4667],[47.8937,80.4667],[48.0724,80.4516],[48.1917,80.4583],[48.1437,80.4333],[48.2792,80.4208],[48.2792,80.4063],[48.0292,80.4125],[48.0099,80.4026],[47.7104,80.4063],[47.6089,80.3953],[47.663,80.3672],[47.7229,80.3583],[48.1083,80.3438],[48.1854,80.3271],[48.05,80.3167],[48.1,80.3021],[48.0229,80.2937],[47.8312,80.2917],[47.7396,80.2958],[47.575,80.2896],[47.4708,80.3146],[47.3354,80.3],[47.2438,80.2979],[47.1797,80.3099],[47.3396,80.3354],[47.3083,80.3708],[47.1771,80.3812],[47.0313,80.3667],[46.9443,80.3432],[46.9516,80.3339],[46.7339,80.3099],[46.7188,80.2917],[46.7917,80.2708],[46.8958,80.2542],[46.9271,80.2396],[47.0542,80.2229],[46.9292,80.1958],[46.9896,80.1729],[47.1729,80.1583],[47.1818,80.1766],[47.2396,80.1875],[47.4432,80.1797],[47.4375,80.1979],[47.3104,80.2146],[47.3875,80.2354],[47.4859,80.2328],[47.6292,80.2396],[47.7562,80.2292],[47.8667,80.2458],[48.0875,80.2458],[48.0687,80.225],[47.9771,80.2229],[47.8464,80.2057],[47.8438,80.1958],[48.0271,80.1937],[48.1583,80.1979],[48.0438,80.1646],[47.838,80.1557],[47.7604,80.1083],[47.6672,80.0859],[47.725,80.05],[48.0391,80.0766],[47.9745,80.0932],[47.9922,80.112],[48.1271,80.125],[48.2729,80.1208],[48.313,80.0932],[48.3708,80.0854],[48.4599,80.1036],[48.4849,80.1286],[48.3943,80.1724],[48.5021,80.2021],[48.575,80.1979],[48.6188,80.1667],[48.7771,80.1417],[48.9479,80.1646],[49.025,80.1583],[49.0995,80.1734],[49.0682,80.1953],[48.9146,80.1979],[48.8417,80.2167],[48.9568,80.263],[48.9,80.2813],[48.6771,80.275],[48.5083,80.2813],[48.4604,80.3187],[48.5958,80.3292],[48.7229,80.3229],[48.7953,80.3276],[48.7443,80.3703],[48.8937,80.3812],[48.9313,80.3688],[49.1771,80.3708],[49.2,80.3625],[49.35,80.3479],[49.5208,80.3458],[49.7271,80.3667],[49.7661,80.4109],[49.7625,80.4437],[49.6396,80.4563],[49.7208,80.4812],[49.8646,80.4833],[49.9938,80.4938],[50.1312,80.5188],[50.3229,80.5313],[50.75,80.5292],[50.8833,80.5354],[51.0557,80.563],[51.1443,80.6182],[51.2021,80.6292],[51.375,80.6292],[51.4542,80.6542],[51.6375,80.6771],[51.6604,80.6896],[51.7974,80.7109],[51.6083,80.7417],[51.4651,80.7422],[51.4771,80.7625],[51.2813,80.7979],[51.1208,80.7917],[51.1266,80.7641],[50.9938,80.7688],[50.95,80.7875],[50.8292,80.7813],[50.7542,80.7542],[50.6688,80.7708],[50.4521,80.7271],[50.3625,80.7312],[50.3146,80.7542],[50.4083,80.7646],[50.5458,80.7937],[50.5271,80.8187],[50.6917,80.8167],[50.6563,80.8375],[50.7813,80.8354],[50.9167,80.8542],[51.0036,80.8568],[50.9401,80.8901],[50.8833,80.9354]]],[[[95.7625,81.2708],[95.4005,81.2682],[95.2104,81.2625],[95.1208,81.2542],[95.1318,81.2297],[95.2396,81.2188],[95.4604,81.2125],[95.5083,81.1896],[95.3667,81.1896],[95.2562,81.1729],[95.2188,81.1563],[95.0104,81.1271],[94.9146,81.0896],[94.7792,81.075],[94.8141,81.0651],[94.7312,81.0479],[94.6151,81.0359],[94.7292,81],[94.4943,81.0026],[94.4641,81.0328],[94.3958,81.05],[94.2833,81.0375],[94.1943,81.0182],[94.1958,81],[94.05,81.0146],[93.8896,81.0146],[93.7875,80.9854],[93.6021,80.9979],[93.6271,80.9729],[93.5667,80.9583],[93.475,80.9688],[93.1651,80.9495],[93.1396,80.9292],[93.1937,80.9146],[93.4854,80.8854],[93.1833,80.8854],[92.9833,80.8604],[92.9208,80.8396],[92.9807,80.8172],[92.875,80.8146],[92.8708,80.8021],[92.7583,80.7813],[92.6141,80.7714],[92.5891,80.7401],[92.6458,80.7146],[92.8333,80.7188],[93.0807,80.7307],[93.1937,80.7438],[93.3542,80.7792],[93.4641,80.7807],[93.4271,80.7458],[93.4411,80.7193],[93.3953,80.7068],[93.2271,80.6937],[93.0474,80.6484],[92.9453,80.6172],[92.9021,80.5938],[92.8714,80.5484],[92.9229,80.5313],[92.8938,80.5125],[92.7521,80.5167],[92.6964,80.5078],[92.7292,80.4708],[92.6062,80.4688],[92.3729,80.4563],[92.2188,80.4333],[92.1484,80.4036],[92.275,80.3979],[92.3417,80.3854],[92.5021,80.3688],[92.6687,80.3667],[92.6729,80.3417],[92.4021,80.3625],[92.3521,80.3438],[92.1771,80.3458],[92.1396,80.3562],[92,80.3542],[91.9104,80.3417],[91.7604,80.3458],[91.7641,80.3318],[91.6667,80.3271],[91.5979,80.2979],[91.4984,80.2755],[91.725,80.2688],[91.7583,80.2604],[92.0104,80.2729],[92.2875,80.2708],[92.3104,80.2667],[92.55,80.2646],[92.5255,80.2245],[92.5938,80.2208],[92.6188,80.2],[92.7167,80.1896],[92.8646,80.2],[92.9042,80.1771],[93.0224,80.1734],[92.9146,80.1521],[92.8562,80.1667],[92.7479,80.1771],[92.4667,80.1833],[92.2833,80.1833],[92.1833,80.175],[92.2188,80.1583],[92.3771,80.1583],[92.5625,80.1417],[92.6854,80.1417],[93.0604,80.1167],[93.0708,80.1062],[93.3646,80.0583],[93.4896,80.0458],[93.4875,80.025],[93.5917,80.0104],[93.8479,80.0021],[93.9688,80.0125],[94.0167,80.0271],[94.2167,80.0417],[94.3083,80.0542],[94.4583,80.0896],[94.5349,80.113],[94.5062,80.1375],[94.6396,80.1375],[94.7833,80.1312],[94.8583,80.1458],[95.1563,80.15],[95.825,80.2146],[96.0521,80.2167],[96.5396,80.2146],[96.85,80.2292],[96.9396,80.2292],[97.1896,80.2396],[97.3125,80.2521],[97.4833,80.2833],[97.6,80.2958],[97.5521,80.3313],[97.4875,80.3458],[97.3651,80.3495],[97.4682,80.3714],[97.4979,80.3938],[97.4724,80.4349],[97.4146,80.4583],[97.3396,80.4583],[97.3641,80.4838],[97.3125,80.5042],[97.2375,80.5146],[97.3896,80.5437],[97.4042,80.5542],[97.3005,80.5682],[97.3932,80.5787],[97.4063,80.5979],[97.2234,80.6266],[97.4938,80.6167],[97.6833,80.6521],[97.8458,80.6521],[97.8812,80.6687],[97.9896,80.6646],[98.0042,80.6917],[97.9375,80.7021],[97.8125,80.7042],[97.9063,80.7229],[97.7854,80.7312],[97.8693,80.7484],[97.8208,80.7729],[97.8422,80.788],[97.7458,80.7917],[97.4604,80.8125],[97.4104,80.8292],[97.2667,80.8417],[97.0938,80.8938],[96.9229,80.9021],[96.8255,80.9213],[96.738,80.9568],[96.7208,80.9792],[96.8063,80.9917],[96.7083,81.0021],[96.5563,81.0354],[96.5167,81.0604],[96.4083,81.0729],[96.4938,81.1146],[96.3187,81.175],[96.225,81.1917],[96.1839,81.212],[96.0104,81.2583],[95.9146,81.2583],[95.85,81.2708],[95.7625,81.2708]]],[[[131.77757870280738,43.35338189738627],[131.77763126163006,43.35351414216598],[131.8401,43.3446],[131.8451,43.3279],[131.8229,43.3237],[131.8174,43.3015],[131.8371,43.2979],[131.8749,43.319],[131.9176,43.3196],[131.9612,43.3099],[131.991,43.2912],[132.0124,43.3274],[132.0593,43.3296],[132.0715,43.3115],[132.0529,43.2976],[132.056,43.2851],[132.029,43.2679],[132.0029,43.2615],[132.0096,43.2371],[131.981,43.2329],[131.921,43.2038],[131.8979,43.174],[131.9068,43.1546],[131.8757,43.1268],[131.8721,43.1074],[131.8807,43.0854],[131.9332,43.0654],[131.9593,43.0738],[131.9735,43.0868],[132.0307,43.116],[132.0604,43.1518],[132.1087,43.1824],[132.1126,43.1935],[132.1493,43.1996],[132.1746,43.2157],[132.2096,43.2201],[132.2538,43.251],[132.2585,43.269],[132.2787,43.2749],[132.2921,43.2962],[132.281,43.3093],[132.3135,43.3146],[132.3504,43.2962],[132.3526,43.2788],[132.3157,43.2474],[132.3085,43.2274],[132.384,43.2101],[132.3904,43.189],[132.3554,43.1665],[132.3135,43.1665],[132.3401,43.1457],[132.3276,43.1149],[132.3301,43.0901],[132.3193,43.0754],[132.2979,43.0671],[132.3174,43.0493],[132.304,43.0382],[132.3082,43.0171],[132.2968,42.9982],[132.3071,42.979],[132.2918,42.9562],[132.2968,42.8982],[132.2907,42.8776],[132.3138,42.8604],[132.3629,42.8601],[132.3643,42.889],[132.3529,42.904],[132.4043,42.9243],[132.4263,42.9235],[132.4401,42.9351],[132.4632,42.9212],[132.5074,42.9104],[132.5218,42.9007],[132.5115,42.8776],[132.5293,42.8532],[132.5593,42.8521],[132.5776,42.8385],[132.5926,42.841],[132.6196,42.8607],[132.7012,42.8643],[132.7293,42.8879],[132.7226,42.9049],[132.7365,42.911],[132.7801,42.9074],[132.784,42.8924],[132.7724,42.8688],[132.7762,42.8365],[132.8071,42.8037],[132.8062,42.7585],[132.8604,42.7335],[132.8943,42.7615],[132.8876,42.7768],[132.9107,42.7885],[132.9104,42.8082],[132.8849,42.7988],[132.899,42.8296],[132.9226,42.8382],[132.9618,42.8399],[132.9974,42.8324],[132.9899,42.8065],[133.0235,42.7918],[133.0476,42.7699],[133.0726,42.7574],[133.0732,42.7337],[133.0493,42.7465],[133.0243,42.7337],[132.9985,42.7124],[133.0254,42.6949],[133.0313,42.6787],[133.0765,42.6912],[133.1493,42.6843],[133.186,42.7107],[133.2035,42.7287],[133.2276,42.7382],[133.229,42.7513],[133.2746,42.7526],[133.2857,42.7665],[133.3454,42.776],[133.3496,42.7649],[133.4071,42.771],[133.4368,42.7854],[133.4418,42.796],[133.4821,42.7954],[133.5143,42.8129],[133.5168,42.8338],[133.5601,42.8196],[133.596,42.834],[133.5957,42.854],[133.6413,42.8618],[133.6832,42.8526],[133.6913,42.8374],[133.7118,42.8238],[133.7157,42.8068],[133.7465,42.8257],[133.7474,42.8451],[133.7871,42.8624],[133.8218,42.8913],[133.8596,42.8963],[133.874,42.9093],[133.8918,42.8974],[133.911,42.8704],[133.9504,42.8799],[133.9568,42.9071],[134.0068,42.9388],[134.0104,42.9493],[134.0471,42.9724],[134.0804,42.9743],[134.0971,42.9871],[134.1282,42.9987],[134.1282,43.0182],[134.1621,43.0326],[134.1754,43.0649],[134.2143,43.0807],[134.2337,43.0799],[134.2521,43.096],[134.2779,43.1079],[134.3018,43.1107],[134.3207,43.1218],[134.3432,43.1113],[134.3579,43.1263],[134.3826,43.1321],[134.3865,43.1432],[134.4396,43.1587],[134.449,43.1726],[134.4854,43.1821],[134.5576,43.2374],[134.586,43.2438],[134.6074,43.2374],[134.6313,43.2554],[134.6815,43.2802],[134.6826,43.2932],[134.7251,43.3082],[134.7726,43.3063],[134.7857,43.3157],[134.7932,43.3499],[134.8163,43.354],[134.8387,43.384],[134.8885,43.4113],[134.9307,43.4224],[134.9688,43.4401],[134.9618,43.4579],[134.9724,43.4688],[135.006,43.4621],[135.0363,43.481],[135.0715,43.4888],[135.0968,43.5026],[135.1349,43.5013],[135.1529,43.5221],[135.1471,43.5438],[135.1687,43.556],[135.1812,43.5885],[135.1837,43.6115],[135.2251,43.6432],[135.2349,43.6974],[135.2135,43.6999],[135.2254,43.7235],[135.2582,43.7279],[135.2513,43.7026],[135.2796,43.686],[135.3393,43.7149],[135.3718,43.7249],[135.3771,43.7393],[135.4012,43.759],[135.4365,43.7649],[135.4362,43.786],[135.4749,43.814],[135.4829,43.841],[135.5015,43.846],[135.5129,43.884],[135.4832,43.8735],[135.4607,43.9135],[135.4704,43.9326],[135.4535,43.9432],[135.466,43.956],[135.5099,43.944],[135.5154,43.9721],[135.5318,43.986],[135.5288,44.0073],[135.5564,44.0136],[135.5649,44.0234],[135.5971,44.0212],[135.6104,44.0354],[135.6329,44.0351],[135.6304,44.0618],[135.6507,44.1256],[135.6602,44.1306],[135.6476,44.1538],[135.6481,44.175],[135.6861,44.1919],[135.6884,44.202],[135.7204,44.2394],[135.7367,44.2486],[135.7751,44.2548],[135.7954,44.2656],[135.8074,44.2926],[135.8227,44.3059],[135.8373,44.3344],[135.8283,44.3494],[135.8703,44.3896],[135.8793,44.4119],[135.9191,44.4162],[135.9296,44.4227],[135.99,44.4342],[136,44.4506],[136.0358,44.4466],[136.0627,44.4638],[136.1098,44.4772],[136.1516,44.5025],[136.1922,44.5343],[136.1863,44.5613],[136.1931,44.575],[136.2298,44.5854],[136.2129,44.6145],[136.2272,44.6544],[136.2419,44.6754],[136.2955,44.7103],[136.3191,44.7106],[136.3382,44.731],[136.3089,44.7386],[136.3388,44.7512],[136.3543,44.7784],[136.3511,44.7966],[136.3815,44.8055],[136.4136,44.7794],[136.4422,44.7686],[136.4541,44.7892],[136.4369,44.8153],[136.4424,44.8277],[136.4942,44.8551],[136.507,44.8898],[136.5433,44.9008],[136.5617,44.9225],[136.5531,44.95],[136.5687,44.9581],[136.6011,44.9933],[136.6228,45.0058],[136.6395,45.0469],[136.6835,45.0398],[136.694,45.0562],[136.7263,45.0693],[136.7651,45.092],[136.77,45.1226],[136.7908,45.1852],[136.8365,45.2216],[136.8623,45.235],[136.9187,45.2524],[136.9449,45.2658],[136.9754,45.2969],[137.0012,45.3103],[137.0603,45.3533],[137.0912,45.3675],[137.1397,45.3756],[137.1532,45.3869],[137.165,45.4144],[137.1841,45.4238],[137.1961,45.4508],[137.2161,45.4664],[137.2433,45.4744],[137.2706,45.5053],[137.2983,45.5221],[137.3219,45.5593],[137.3272,45.5777],[137.3618,45.6146],[137.4454,45.663],[137.4875,45.672],[137.562,45.7334],[137.5808,45.7391],[137.6232,45.7686],[137.6547,45.783],[137.688,45.8102],[137.6911,45.8526],[137.7271,45.8752],[137.7484,45.9023],[137.7626,45.9336],[137.8822,46.0378],[137.9283,46.0722],[137.9344,46.0958],[137.9517,46.1119],[137.9775,46.1233],[138.0113,46.1631],[138.0294,46.1664],[138.07,46.2039],[138.0753,46.2158],[138.1018,46.2359],[138.1095,46.2509],[138.0978,46.2621],[138.0974,46.2921],[138.1102,46.3082],[138.1239,46.3592],[138.1592,46.4078],[138.1672,46.4347],[138.1912,46.4597],[138.2131,46.4694],[138.2342,46.4925],[138.2992,46.5144],[138.3436,46.5392],[138.3509,46.5881],[138.3394,46.6297],[138.3533,46.6635],[138.3483,46.6912],[138.3658,46.715],[138.3888,46.7646],[138.4049,46.7755],[138.4217,46.8097],[138.4842,46.8561],[138.4957,46.8792],[138.5031,46.9393],[138.5194,46.9533],[138.5361,46.9922],[138.5628,47.0308],[138.6039,47.075],[138.658,47.1105],[138.703,47.1361],[138.7561,47.1939],[138.8367,47.2733],[138.8847,47.3036],[138.9317,47.3192],[138.9533,47.3117],[138.9908,47.3161],[138.9869,47.3528],[139.0197,47.3882],[139.0527,47.408],[139.0508,47.4271],[139.0594,47.4781],[139.0722,47.5103],[139.1048,47.5363],[139.1087,47.5642],[139.1652,47.628],[139.1644,47.6386],[139.1996,47.6591],[139.1975,47.6881],[139.2177,47.7291],[139.2458,47.7541],[139.2682,47.8069],[139.3049,47.8289],[139.3168,47.8466],[139.3527,47.8702],[139.4043,47.9241],[139.5296,47.967],[139.5403,47.992],[139.6288,48.0583],[139.6444,48.0617],[139.6715,48.1037],[139.6921,48.1166],[139.7208,48.1624],[139.7606,48.1817],[139.8094,48.2119],[139.8429,48.2374],[139.8667,48.2454],[139.8798,48.2697],[139.9058,48.2806],[139.9222,48.3002],[139.9987,48.3258],[140.0332,48.33],[140.06,48.3811],[140.107,48.4189],[140.1665,48.4415],[140.1757,48.4544],[140.1698,48.474],[140.1799,48.4891],[140.1801,48.5147],[140.1593,48.5515],[140.1848,48.5802],[140.1787,48.6216],[140.1873,48.6346],[140.1754,48.6742],[140.1821,48.7142],[140.1995,48.7407],[140.1897,48.7492],[140.2142,48.7897],[140.2349,48.8098],[140.235,48.8424],[140.2533,48.8561],[140.2971,48.8742],[140.323,48.8962],[140.3615,48.9197],[140.3701,48.9674],[140.3792,48.9876],[140.3283,49.0173],[140.2831,48.9831],[140.2349,48.969],[140.2533,49],[140.2822,49.0114],[140.2962,49.041],[140.3138,49.0513],[140.3066,49.0775],[140.3153,49.0909],[140.3458,49.0943],[140.3288,49.1253],[140.3515,49.1329],[140.3336,49.165],[140.3437,49.1807],[140.3111,49.2022],[140.3249,49.2198],[140.3443,49.2605],[140.3599,49.249],[140.3755,49.2829],[140.3452,49.2797],[140.3478,49.2959],[140.3804,49.2853],[140.4274,49.3063],[140.4128,49.3211],[140.4319,49.3838],[140.4186,49.3922],[140.4261,49.4168],[140.4851,49.4775],[140.5117,49.4885],[140.5049,49.5331],[140.5234,49.5347],[140.5473,49.5649],[140.5345,49.6193],[140.5146,49.639],[140.4992,49.6792],[140.4985,49.7152],[140.514,49.7406],[140.5287,49.7857],[140.4921,49.7877],[140.4474,49.8089],[140.4325,49.8372],[140.3992,49.8732],[140.4064,49.8897],[140.4301,49.8977],[140.4356,49.9206],[140.4633,49.947],[140.4714,49.9826],[140.4848,49.9962],[140.5309,50.0175],[140.6153,50.0432],[140.66,50.0615],[140.6678,50.0815],[140.625,50.0986],[140.5433,50.1194],[140.5189,50.139],[140.5023,50.1682],[140.4944,50.2106],[140.5073,50.2441],[140.4928,50.2658],[140.4932,50.3016],[140.5111,50.3275],[140.5317,50.34],[140.4989,50.3683],[140.4956,50.4025],[140.4767,50.4444],[140.48,50.4647],[140.4228,50.5075],[140.4133,50.5419],[140.4544,50.6086],[140.4933,50.6289],[140.4706,50.6425],[140.4678,50.66],[140.4296,50.7175],[140.4511,50.7369],[140.4511,50.7561],[140.4911,50.7819],[140.4939,50.7956],[140.5189,50.8333],[140.4983,50.8678],[140.526,50.888],[140.5256,50.9006],[140.5814,50.938],[140.6324,50.9487],[140.6478,50.9565],[140.6487,50.9778],[140.6343,50.9903],[140.6433,51.02],[140.6787,51.0337],[140.6819,51.0566],[140.6669,51.0999],[140.643,51.1198],[140.6626,51.1486],[140.6678,51.1722],[140.6573,51.1943],[140.6588,51.2204],[140.6483,51.2372],[140.6656,51.2471],[140.7,51.2492],[140.69,51.2724],[140.6717,51.2883],[140.6713,51.3269],[140.7587,51.3452],[140.7803,51.3341],[140.8165,51.346],[140.8541,51.3753],[140.8646,51.3921],[140.8545,51.4123],[140.8107,51.4263],[140.7839,51.4272],[140.7928,51.4834],[140.8352,51.4897],[140.8588,51.4853],[140.8867,51.4952],[140.8995,51.5244],[140.8895,51.5374],[140.8895,51.5628],[140.874,51.5896],[140.881,51.6294],[140.907,51.6298],[140.9426,51.6465],[140.9737,51.6694],[141.0308,51.6836],[141.0994,51.6842],[141.1172,51.6906],[141.1017,51.7125],[141.1367,51.7492],[141.1803,51.7839],[141.1622,51.7961],[141.1694,51.8283],[141.1922,51.8475],[141.235,51.8575],[141.2472,51.8792],[141.2811,51.8858],[141.3583,51.9197],[141.3848,51.9169],[141.3978,51.9408],[141.4175,51.9483],[141.3966,51.9672],[141.3566,51.9864],[141.3444,51.9986],[141.338,52.0308],[141.3485,52.0934],[141.3644,52.1096],[141.4191,52.1437],[141.4744,52.1614],[141.5172,52.16],[141.5386,52.2043],[141.5204,52.2132],[141.4573,52.2206],[141.442,52.2169],[141.385,52.2224],[141.3408,52.2523],[141.3143,52.2862],[141.2936,52.2845],[141.258,52.2939],[141.243,52.3051],[141.2506,52.3212],[141.2279,52.3294],[141.1966,52.3542],[141.1719,52.359],[141.1369,52.3854],[141.1167,52.4098],[141.1221,52.4429],[141.1106,52.4839],[141.1483,52.5081],[141.2125,52.5085],[141.2425,52.5516],[141.2535,52.5835],[141.265,52.589],[141.2546,52.6429],[141.2812,52.6557],[141.2504,52.6871],[141.2468,52.7365],[141.1635,52.7917],[141.1996,52.842],[141.0993,52.8872],[141.0705,52.8828],[141.041,52.9246],[140.9847,52.9254],[140.9629,52.933],[140.9489,52.9546],[140.9504,52.9708],[140.9281,53.005],[140.9228,53.0253],[140.9004,53.028],[140.8469,53.0479],[140.8272,53.0447],[140.8141,53.0655],[140.775,53.0875],[140.765,53.1019],[140.7225,53.1117],[140.725,53.1308],[140.7661,53.1417],[140.8183,53.1361],[140.8628,53.11],[140.875,53.0872],[140.9611,53.0675],[141.0058,53.0402],[141.0723,53.0156],[141.1017,52.9974],[141.1393,52.9909],[141.202,53.0013],[141.2072,53.0214],[141.2367,53.0283],[141.2417,53.0558],[141.2206,53.0697],[141.2406,53.08],[141.2989,53.0889],[141.3683,53.0825],[141.3439,53.1011],[141.3672,53.1203],[141.3639,53.1369],[141.4439,53.1525],[141.4106,53.1931],[141.4044,53.2272],[141.365,53.2217],[141.3656,53.2394],[141.4172,53.2956],[141.3217,53.2997],[141.2794,53.3117],[141.2439,53.3042],[141.19,53.3175],[141.1367,53.3539],[141.11,53.3642],[141.0928,53.3811],[141.0947,53.401],[141.0589,53.3994],[140.992,53.4125],[140.9961,53.4439],[140.9722,53.4428],[140.9533,53.4267],[140.91,53.4247],[140.913,53.4491],[140.8967,53.4689],[140.915,53.4756],[140.9422,53.4997],[140.8317,53.53],[140.7189,53.5683],[140.6739,53.5919],[140.63,53.6039],[140.5506,53.6444],[140.5094,53.6758],[140.5172,53.7133],[140.4761,53.7322],[140.3572,53.7717],[140.3117,53.8039],[140.2717,53.8475],[140.2533,53.8736],[140.2556,53.8936],[140.2796,53.9213],[140.3094,53.9283],[140.3289,53.9558],[140.2531,53.9767],[140.2078,53.9991],[140.2159,54.0217],[140.1992,54.0549],[140.1344,54.0738],[140.0936,54.0817],[139.9851,54.1135],[139.9496,54.1276],[139.8761,54.1764],[139.8528,54.1803],[139.7939,54.2006],[139.7811,54.2114],[139.7922,54.2611],[139.7893,54.2901],[139.7294,54.2963],[139.6661,54.2714],[139.6435,54.2525],[139.5611,54.2281],[139.5117,54.2192],[139.4845,54.205],[139.4419,54.1933],[139.3585,54.1882],[139.3215,54.1776],[139.2621,54.178],[139.1672,54.1876],[138.9967,54.2211],[138.9403,54.2349],[138.8522,54.2636],[138.8324,54.2745],[138.766,54.2904],[138.7274,54.3068],[138.6961,54.2867],[138.6622,54.28],[138.6928,54.2653],[138.7186,54.265],[138.7367,54.2477],[138.72,54.1942],[138.7322,54.1683],[138.7283,54.1481],[138.6811,54.0819],[138.6625,54.0651],[138.6833,54.0561],[138.7017,54.0678],[138.755,54.0847],[138.7756,54.0772],[138.7605,54.0373],[138.7706,54.0106],[138.7694,53.9808],[138.7372,53.9281],[138.72,53.9131],[138.7044,53.8761],[138.7078,53.8469],[138.678,53.7845],[138.6647,53.7417],[138.6613,53.709],[138.595,53.6228],[138.5589,53.5958],[138.5456,53.5769],[138.5222,53.5656],[138.5067,53.5469],[138.4794,53.5308],[138.385,53.5072],[138.34,53.5086],[138.2928,53.5183],[138.2655,53.5161],[138.2544,53.5317],[138.2744,53.5433],[138.2667,53.56],[138.3006,53.565],[138.3661,53.6056],[138.3389,53.6242],[138.3878,53.6719],[138.47,53.7244],[138.4906,53.7478],[138.525,53.7611],[138.5744,53.8097],[138.5811,53.8497],[138.5945,53.8619],[138.5794,53.8906],[138.5783,53.9417],[138.5978,53.9708],[138.5928,53.9861],[138.5694,53.9928],[138.53,53.9761],[138.4878,53.9508],[138.4338,53.9329],[138.3722,53.9039],[138.3589,53.8828],[138.3544,53.8569],[138.335,53.8292],[138.3383,53.7908],[138.3239,53.7564],[138.3066,53.735],[138.2767,53.7162],[138.2154,53.7015],[138.1726,53.6701],[138.1117,53.6556],[138.1011,53.6439],[138.01,53.6256],[137.9777,53.6093],[137.9511,53.5811],[137.9261,53.5742],[137.844,53.5645],[137.775,53.5628],[137.69,53.5478],[137.6189,53.5503],[137.4589,53.5483],[137.4289,53.545],[137.3733,53.5292],[137.3144,53.5322],[137.2439,53.5606],[137.2067,53.5878],[137.2322,53.6006],[137.2667,53.6331],[137.3056,53.6433],[137.3172,53.6531],[137.3644,53.6675],[137.465,53.6747],[137.4989,53.6722],[137.4972,53.6911],[137.5444,53.7244],[137.5589,53.7292],[137.5711,53.7739],[137.5994,53.7736],[137.5956,53.8108],[137.6083,53.8331],[137.6494,53.85],[137.6689,53.8703],[137.7328,53.8842],[137.7594,53.9008],[137.8039,53.9036],[137.8183,53.9189],[137.8306,53.9633],[137.7655,53.9508],[137.6644,53.9658],[137.6228,53.9631],[137.6031,53.9527],[137.5811,53.9558],[137.4764,54.0097],[137.4307,54.0384],[137.4117,54.0314],[137.3901,54.0421],[137.3462,54.0372],[137.2944,54.055],[137.3018,54.0809],[137.3334,54.1265],[137.3859,54.1402],[137.4411,54.1437],[137.4901,54.1334],[137.5202,54.1423],[137.5522,54.1757],[137.5863,54.1934],[137.5858,54.2027],[137.6206,54.2207],[137.6288,54.2406],[137.7406,54.3111],[137.6967,54.3195],[137.6698,54.3159],[137.6424,54.2948],[137.6103,54.3035],[137.5685,54.2913],[137.506,54.2973],[137.4986,54.3091],[137.458,54.309],[137.4247,54.2992],[137.3954,54.3052],[137.3933,54.2858],[137.3581,54.2651],[137.3337,54.2686],[137.2653,54.2467],[137.2866,54.2406],[137.2903,54.2249],[137.2442,54.2079],[137.2234,54.22],[137.1974,54.2137],[137.1897,54.1892],[137.1653,54.1773],[137.1152,54.166],[137.0939,54.1465],[137.0849,54.124],[137.1159,54.1173],[137.1307,54.079],[137.1531,54.0691],[137.1623,54.0352],[137.1965,54.0346],[137.2671,54.0531],[137.298,54.0427],[137.2661,53.9992],[137.2522,53.9619],[137.2094,53.9117],[137.1979,53.8802],[137.1967,53.8492],[137.1772,53.8328],[137.115,53.8067],[137.0739,53.8156],[137.0683,53.8444],[136.995,53.8419],[136.984,53.849],[136.9398,53.8525],[136.9349,53.8393],[136.8783,53.8323],[136.8595,53.8165],[136.8581,53.7995],[136.835,53.7844],[136.8077,53.7785],[136.7922,53.7607],[136.7617,53.7802],[136.722,53.7885],[136.6942,53.8496],[136.6753,53.9199],[136.6825,53.9352],[136.6757,53.957],[136.6905,53.9706],[136.6964,54.0143],[136.7168,54.0318],[136.7665,54.0587],[136.7837,54.0631],[136.7713,54.0846],[136.791,54.0962],[136.8015,54.1251],[136.8164,54.1339],[136.8074,54.1521],[136.8131,54.1684],[136.7899,54.1897],[136.769,54.1912],[136.7591,54.2111],[136.8085,54.2354],[136.7564,54.2709],[136.7575,54.2935],[136.81,54.3015],[136.8186,54.3209],[136.7813,54.3309],[136.7472,54.3589],[136.7609,54.3928],[136.7468,54.4085],[136.7601,54.4265],[136.8271,54.4232],[136.825,54.4382],[136.8008,54.4609],[136.8218,54.4671],[136.8299,54.4919],[136.8022,54.514],[136.829,54.5425],[136.8766,54.5686],[136.8561,54.591],[136.8327,54.5899],[136.815,54.6116],[136.8134,54.6331],[136.773,54.6421],[136.7491,54.6137],[136.6792,54.6052],[136.6417,54.6241],[136.6555,54.6363],[136.6473,54.6606],[136.6152,54.6385],[136.6132,54.6245],[136.569,54.6024],[136.5083,54.5864],[136.4625,54.5865],[136.4136,54.5938],[136.384,54.5882],[136.375,54.6005],[136.3319,54.5901],[136.3056,54.5997],[136.2528,54.5931],[136.1945,54.6117],[136.1657,54.6013],[136.1004,54.6011],[136.0895,54.5925],[136.0506,54.5886],[136.0161,54.5754],[135.9439,54.5661],[135.8453,54.5621],[135.78,54.5667],[135.7689,54.5625],[135.7122,54.5758],[135.7032,54.6068],[135.6872,54.6197],[135.6906,54.645],[135.6388,54.665],[135.6079,54.656],[135.5228,54.6769],[135.4028,54.6972],[135.2669,54.7348],[135.2222,54.7683],[135.1772,54.8131],[135.1739,54.8478],[135.1828,54.8644],[135.2215,54.8928],[135.2306,54.9119],[135.2894,54.9444],[135.2972,54.9594],[135.3506,54.9903],[135.4525,55.0271],[135.4681,55.0584],[135.5065,55.0702],[135.5396,55.0903],[135.5783,55.0967],[135.6337,55.1158],[135.6697,55.1211],[135.6986,55.1138],[135.7554,55.1356],[135.7732,55.1533],[135.8048,55.1659],[135.8156,55.185],[135.8595,55.1723],[135.9014,55.1891],[135.9176,55.2117],[135.9568,55.2243],[135.9652,55.2432],[136.0328,55.2558],[136.0511,55.2792],[136.0767,55.2889],[136.1339,55.2883],[136.1439,55.3111],[136.1708,55.3168],[136.1744,55.3458],[136.2144,55.3515],[136.2495,55.385],[136.2594,55.4131],[136.3022,55.4242],[136.3006,55.4567],[136.3239,55.4747],[136.3383,55.5089],[136.3794,55.54],[136.3972,55.5408],[136.42,55.5675],[136.4817,55.5847],[136.52,55.5781],[136.5406,55.5822],[136.5561,55.6167],[136.5954,55.6135],[136.62,55.6183],[136.7161,55.6678],[136.7622,55.6497],[136.7889,55.6594],[136.8006,55.6972],[136.8311,55.7156],[136.8528,55.7397],[136.8806,55.7461],[136.9211,55.7792],[136.9383,55.7783],[136.9756,55.7942],[137.0056,55.7967],[137.0215,55.7869],[137.0528,55.7889],[137.065,55.8278],[137.0989,55.86],[137.1306,55.8686],[137.1594,55.8928],[137.1789,55.8942],[137.2472,55.92],[137.2861,55.9578],[137.3133,55.9686],[137.3899,55.9448],[137.3983,55.9667],[137.4139,55.9692],[137.413,56.0031],[137.4282,56.0365],[137.4626,56.0559],[137.4899,56.0618],[137.5651,56.1059],[137.6676,56.1291],[137.7172,56.1333],[137.7185,56.1544],[137.7513,56.1763],[137.7794,56.2174],[137.7974,56.2263],[137.8352,56.228],[137.84,56.2578],[137.8643,56.275],[137.8766,56.3092],[137.9175,56.3649],[137.9403,56.3639],[138.0184,56.3824],[138.0442,56.379],[138.0644,56.3975],[138.0693,56.4402],[138.1294,56.4364],[138.18,56.445],[138.1987,56.4305],[138.2276,56.426],[138.236,56.4536],[138.2099,56.4699],[138.1758,56.4719],[138.1354,56.4933],[138.1122,56.5231],[138.1128,56.5781],[138.1411,56.6025],[138.2167,56.6078],[138.22,56.6217],[138.2444,56.6294],[138.2572,56.6633],[138.3017,56.7036],[138.3428,56.7186],[138.3794,56.7208],[138.395,56.7331],[138.4028,56.7586],[138.4233,56.7722],[138.4206,56.785],[138.455,56.8075],[138.44,56.8375],[138.4572,56.8478],[138.5333,56.8508],[138.5517,56.8422],[138.545,56.7964],[138.58,56.7847],[138.5672,56.8308],[138.5711,56.8808],[138.61,56.9544],[138.6611,56.98],[138.7312,56.9938],[138.82,57.0317],[138.8256,57.0156],[138.8731,57.0146],[138.9043,57.0308],[138.9317,57.0908],[138.9089,57.1047],[138.9256,57.1314],[138.9761,57.1544],[139.0317,57.1592],[139.0506,57.1908],[139.1306,57.2464],[139.1844,57.2717],[139.2613,57.2769],[139.3083,57.2764],[139.3556,57.3006],[139.385,57.3089],[139.418,57.3004],[139.5172,57.3525],[139.5506,57.3936],[139.5722,57.4353],[139.6111,57.4636],[139.6458,57.4681],[139.7056,57.4897],[139.7394,57.4925],[139.7908,57.4839],[139.8204,57.5109],[139.8425,57.5542],[139.8794,57.6019],[139.9267,57.6498],[139.9944,57.6983],[140.0617,57.7281],[140.115,57.7425],[140.198,57.7464],[140.2433,57.7644],[140.3183,57.7639],[140.35,57.79],[140.3964,57.801],[140.4276,57.8263],[140.4903,57.8422],[140.4984,57.8993],[140.5525,58.0024],[140.5735,58.033],[140.6075,58.0634],[140.6301,58.1052],[140.6358,58.1288],[140.6785,58.2026],[140.7625,58.2922],[140.7955,58.3144],[140.8625,58.3471],[140.9039,58.3747],[141.0422,58.4428],[141.0827,58.4503],[141.1433,58.4697],[141.1956,58.4683],[141.2251,58.4844],[141.3283,58.5153],[141.463,58.5731],[141.5406,58.5996],[141.6467,58.6658],[141.681,58.6809],[141.7616,58.7483],[141.8072,58.7931],[141.8399,58.8158],[141.925,58.9117],[141.9617,58.945],[142.0196,58.99],[142.0802,59.0319],[142.1589,59.0747],[142.275,59.1278],[142.4222,59.1881],[142.4789,59.2056],[142.5606,59.2256],[142.6939,59.2503],[142.8467,59.2722],[142.9767,59.31],[143.0691,59.3302],[143.0917,59.3321],[143.2229,59.3575],[143.2713,59.3619],[143.3244,59.3585],[143.3828,59.3253],[143.4715,59.3244],[143.4819,59.3184],[143.7521,59.3843],[143.8396,59.3977],[143.9148,59.4019],[144.025,59.4017],[144.1361,59.3953],[144.2111,59.3847],[144.2906,59.3775],[144.3013,59.3899],[144.3428,59.3869],[144.4118,59.3691],[144.5239,59.3681],[144.572,59.3783],[144.7759,59.3831],[144.8626,59.3695],[144.9101,59.3737],[144.9854,59.3669],[145.0809,59.382],[145.1939,59.4064],[145.2566,59.4161],[145.2965,59.4149],[145.3595,59.3872],[145.4087,59.3999],[145.4683,59.4097],[145.5743,59.4206],[145.6186,59.4147],[145.6741,59.4148],[145.7039,59.4253],[145.7151,59.4012],[145.7655,59.3894],[145.7733,59.3731],[145.8043,59.3651],[145.8189,59.4094],[145.8683,59.3994],[145.8961,59.405],[145.9228,59.4225],[145.9706,59.4044],[145.943,59.3632],[145.9487,59.3524],[145.9021,59.3177],[145.8519,59.3023],[145.85,59.278],[145.8267,59.246],[145.8932,59.2123],[145.9115,59.2183],[145.9534,59.2025],[145.9901,59.1812],[145.9857,59.1518],[146.0039,59.1408],[146.0534,59.144],[146.0761,59.1617],[146.1529,59.1936],[146.1895,59.2045],[146.2778,59.1992],[146.3107,59.1849],[146.3521,59.2064],[146.3508,59.224],[146.3176,59.2354],[146.3197,59.261],[146.3046,59.2819],[146.3261,59.3057],[146.321,59.3538],[146.3033,59.3907],[146.315,59.4041],[146.3694,59.4344],[146.4385,59.461],[146.5118,59.4655],[146.5746,59.4471],[146.6159,59.448],[146.68,59.432],[146.6991,59.4176],[146.6912,59.3941],[146.7582,59.3834],[146.7819,59.3721],[146.8739,59.3659],[147.025,59.3703],[147.0502,59.3568],[147.0933,59.3569],[147.1313,59.3422],[147.1554,59.3209],[147.2517,59.3353],[147.2961,59.3347],[147.3283,59.3108],[147.3917,59.2967],[147.4207,59.2684],[147.4746,59.2471],[147.5433,59.2358],[147.5589,59.2508],[147.537,59.2599],[147.54,59.2781],[147.5722,59.2928],[147.6344,59.3071],[147.6993,59.2985],[147.7245,59.2734],[147.7889,59.2614],[147.8428,59.2897],[147.8438,59.3072],[147.8064,59.3245],[147.7778,59.3458],[147.8294,59.3717],[147.8972,59.3875],[148.0371,59.3927],[148.0908,59.4026],[148.2036,59.4086],[148.3001,59.4046],[148.389,59.3812],[148.4211,59.341],[148.4083,59.311],[148.4399,59.2912],[148.4423,59.2691],[148.417,59.2533],[148.4896,59.2448],[148.5264,59.2472],[148.575,59.2382],[148.6062,59.2518],[148.7086,59.2671],[148.7294,59.2618],[148.7197,59.2411],[148.7731,59.2378],[148.7896,59.2711],[148.8407,59.28],[148.8812,59.2647],[148.9044,59.2393],[148.9253,59.2331],[148.9563,59.2516],[148.9629,59.2802],[148.9219,59.3032],[148.9505,59.3428],[148.9955,59.3616],[148.9865,59.3755],[148.9308,59.377],[148.9408,59.353],[148.8911,59.3494],[148.9081,59.3771],[148.8945,59.3913],[148.8495,59.3782],[148.8237,59.3505],[148.7372,59.3611],[148.7172,59.3864],[148.7217,59.4137],[148.7128,59.4539],[148.7433,59.4723],[148.7689,59.4974],[148.8185,59.5145],[148.831,59.5296],[148.8761,59.5501],[148.9258,59.5303],[148.8914,59.5211],[148.8625,59.4957],[148.8869,59.4717],[148.9508,59.4526],[148.9972,59.4558],[149.0285,59.472],[149.0759,59.4857],[149.1646,59.4845],[149.2008,59.46],[149.2316,59.4992],[149.2147,59.5222],[149.1419,59.5282],[149.0984,59.5476],[149.0953,59.5606],[149.1177,59.572],[149.0833,59.6097],[149.0581,59.6232],[149.1042,59.6335],[149.1757,59.6618],[149.2357,59.6801],[149.3402,59.72],[149.4874,59.7506],[149.5552,59.7577],[149.6355,59.7566],[149.7852,59.7404],[149.8767,59.7244],[149.9803,59.7014],[150.0697,59.6885],[150.1261,59.662],[150.205,59.6515],[150.2976,59.6469],[150.3094,59.6556],[150.3956,59.6178],[150.4228,59.6231],[150.4588,59.6159],[150.4715,59.5934],[150.524,59.5606],[150.6019,59.5401],[150.656,59.5507],[150.6872,59.5625],[150.7719,59.563],[150.783,59.544],[150.7601,59.5304],[150.6917,59.5219],[150.6726,59.5267],[150.604,59.5149],[150.5318,59.4983],[150.5824,59.4847],[150.6644,59.4986],[150.7495,59.4886],[150.7793,59.4677],[150.7422,59.4568],[150.76,59.4325],[150.8142,59.4392],[150.8601,59.4504],[150.9105,59.4446],[150.9425,59.4737],[150.9169,59.486],[150.9288,59.5209],[150.8914,59.5427],[150.9162,59.5656],[150.94,59.5562],[151.0594,59.5818],[151.1362,59.5829],[151.2054,59.5744],[151.2815,59.5597],[151.3429,59.5692],[151.365,59.6041],[151.4076,59.6049],[151.4969,59.5394],[151.4971,59.5208],[151.5221,59.5054],[151.59,59.4982],[151.6413,59.4733],[151.6867,59.435],[151.7125,59.3927],[151.7471,59.3643],[151.7706,59.3556],[151.766,59.3394],[151.7402,59.3287],[151.7363,59.2997],[151.8156,59.3025],[151.8641,59.2988],[151.8978,59.3072],[151.9316,59.2923],[151.9505,59.2749],[152.0088,59.2639],[152.0279,59.2749],[152.0761,59.2753],[152.1064,59.2899],[152.1713,59.2917],[152.2061,59.28],[152.2117,59.2658],[152.2417,59.2636],[152.2661,59.2447],[152.3244,59.2264],[152.3183,59.2019],[152.2748,59.2028],[152.2161,59.1947],[152.1867,59.1822],[152.1594,59.1817],[152.145,59.1661],[152.111,59.1497],[152.0544,59.1442],[151.9895,59.1518],[151.9701,59.14],[151.9075,59.1307],[151.8443,59.1454],[151.7933,59.1417],[151.7532,59.1291],[151.7012,59.1411],[151.6499,59.1639],[151.5909,59.1487],[151.5146,59.1582],[151.4453,59.1609],[151.3998,59.1517],[151.3836,59.1266],[151.3172,59.1048],[151.2547,59.1029],[151.2189,59.0863],[151.1797,59.0849],[151.1358,59.0981],[151.1424,59.067],[151.1756,59.0283],[151.2375,58.9992],[151.2333,58.9719],[151.2678,58.9342],[151.3158,58.9069],[151.3153,58.8915],[151.3613,58.8574],[151.3635,58.8381],[151.4465,58.8622],[151.5481,58.8662],[151.6118,58.8495],[151.6929,58.843],[151.7052,58.8501],[151.7611,58.8572],[151.7764,58.8674],[151.826,58.8742],[151.9253,58.8797],[151.9799,58.8769],[152.0644,58.8883],[152.1253,58.904],[152.1436,58.9185],[152.1507,58.9458],[152.1362,58.9615],[152.1468,58.9759],[152.2089,58.997],[152.2715,59.008],[152.3345,59.0142],[152.3897,59.0143],[152.3557,59.032],[152.3462,59.0452],[152.3791,59.0527],[152.4086,59.024],[152.4407,59.0105],[152.4677,59.0107],[152.5191,58.9873],[152.5503,58.9506],[152.6602,58.9414],[152.6963,58.922],[152.7463,58.9174],[152.8123,58.9275],[152.9137,58.9164],[152.9029,58.9368],[152.911,58.9527],[152.9388,58.9712],[152.9472,59.0086],[152.9909,59.033],[152.9982,59.0572],[153.0161,59.0667],[153.0972,59.0806],[153.1197,59.0881],[153.2421,59.0936],[153.2731,59.0845],[153.3383,59.0883],[153.3502,59.1023],[153.3486,59.172],[153.3636,59.1803],[153.3567,59.2021],[153.3878,59.2484],[153.4036,59.236],[153.495,59.2337],[153.5868,59.2156],[153.6056,59.1976],[153.641,59.1902],[153.6725,59.1931],[153.6989,59.225],[153.7378,59.2353],[153.7506,59.2517],[153.7743,59.2518],[153.7675,59.2243],[153.7153,59.2139],[153.6849,59.1891],[153.8095,59.1761],[153.8441,59.1666],[153.8761,59.1405],[153.8956,59.1039],[153.9386,59.0703],[153.9991,59.0644],[154.0422,59.0472],[154.0795,59.057],[154.1678,59.0947],[154.2153,59.0968],[154.2724,59.0847],[154.2973,59.0876],[154.3478,59.1244],[154.3417,59.1758],[154.3294,59.1903],[154.3533,59.2008],[154.3944,59.1953],[154.4333,59.2122],[154.4856,59.2206],[154.535,59.2162],[154.5892,59.1973],[154.5825,59.1843],[154.6209,59.1744],[154.6755,59.1475],[154.7648,59.1404],[154.7861,59.1528],[154.7911,59.18],[154.8317,59.1967],[154.8552,59.1891],[154.9211,59.1956],[154.995,59.1853],[155.0831,59.1912],[155.1822,59.1741],[155.1554,59.2189],[155.2011,59.236],[155.1606,59.2703],[155.155,59.2936],[155.1806,59.3086],[155.2184,59.307],[155.1946,59.3317],[155.2103,59.3468],[155.171,59.3774],[155.0861,59.3914],[155.0686,59.411],[155.025,59.4314],[155.0129,59.4777],[154.9725,59.4964],[154.9424,59.4956],[154.9157,59.4833],[154.9126,59.4698],[154.8739,59.4649],[154.8411,59.4739],[154.7916,59.4639],[154.7286,59.4922],[154.6556,59.5348],[154.62,59.532],[154.5752,59.5141],[154.5046,59.5193],[154.4153,59.5511],[154.43,59.5234],[154.4639,59.5208],[154.4501,59.4996],[154.4576,59.4755],[154.4898,59.4579],[154.494,59.4458],[154.5281,59.4396],[154.5343,59.42],[154.4221,59.4142],[154.4084,59.4347],[154.4168,59.4515],[154.3776,59.4754],[154.4143,59.5064],[154.4058,59.5315],[154.382,59.5346],[154.3569,59.5127],[154.3477,59.4717],[154.2927,59.4372],[154.164,59.4462],[154.1272,59.4606],[154.1147,59.4813],[154.0775,59.5048],[154.0758,59.5241],[154.1064,59.5414],[154.1523,59.5411],[154.1553,59.561],[154.1888,59.5779],[154.2032,59.612],[154.2118,59.6516],[154.2501,59.6691],[154.2759,59.662],[154.2965,59.6435],[154.2975,59.6159],[154.34,59.61],[154.2703,59.673],[154.2272,59.7392],[154.2165,59.7781],[154.227,59.8235],[154.2207,59.8671],[154.2398,59.8812],[154.2732,59.8817],[154.3275,59.8961],[154.3667,59.8862],[154.4087,59.8956],[154.4872,59.881],[154.4888,59.9103],[154.4664,59.9453],[154.4695,59.975],[154.4579,59.9997],[154.4176,60],[154.4224,60.0224],[154.4026,60.0401],[154.4042,60.0563],[154.4292,60.0708],[154.4958,60.0958],[154.5479,60.0979],[154.5953,60.1109],[154.6734,60.187],[154.7578,60.2297],[154.812,60.2714],[154.8047,60.2932],[154.8562,60.3167],[154.8849,60.3214],[154.9588,60.3661],[155.0333,60.3792],[155.0672,60.3953],[155.1474,60.413],[155.25,60.4875],[155.2786,60.4901],[155.3109,60.5161],[155.375,60.5313],[155.4083,60.5313],[155.4318,60.5172],[155.4547,60.5328],[155.4787,60.5318],[155.4755,60.5557],[155.4901,60.5807],[155.5328,60.588],[155.5609,60.6182],[155.6099,60.6297],[155.6292,60.6458],[155.6687,60.6583],[155.7224,60.6547],[155.7276,60.6661],[155.7995,60.7047],[155.8068,60.7266],[155.8646,60.7313],[155.8714,60.7151],[155.9162,60.713],[155.9005,60.737],[155.9203,60.7401],[155.9047,60.7703],[155.9026,60.8057],[155.9162,60.8172],[155.9151,60.8557],[155.9234,60.8724],[155.987,60.9089],[155.9484,60.9161],[155.9417,60.9375],[156.0286,60.9464],[156.0443,60.9724],[156.1089,61.0161],[156.1964,61.0557],[156.2661,61.0776],[156.3526,61.137],[156.4578,61.1755],[156.5167,61.2],[156.5604,61.2104],[156.6266,61.2036],[156.6599,61.2068],[156.6484,61.2297],[156.6495,61.2536],[156.6297,61.2693],[156.6339,61.312],[156.6516,61.3234],[156.6391,61.3557],[156.6214,61.3703],[156.6339,61.4224],[156.6495,61.4339],[156.6589,61.487],[156.6875,61.5104],[156.6896,61.5271],[156.7542,61.525],[156.7667,61.5187],[156.8333,61.5187],[156.9099,61.5422],[156.962,61.5672],[157.0036,61.6151],[156.9943,61.6245],[157.0333,61.6479],[157.1146,61.6646],[157.1958,61.675],[157.2542,61.6937],[157.3042,61.6958],[157.3516,61.6818],[157.3745,61.6984],[157.3609,61.7224],[157.3958,61.7438],[157.4349,61.7568],[157.4359,61.7724],[157.4979,61.7896],[157.5646,61.7917],[157.5917,61.7854],[157.7063,61.7813],[157.8208,61.7813],[157.8583,61.7687],[157.925,61.7646],[157.95,61.7417],[157.9896,61.7438],[158.0375,61.7313],[158.0729,61.7333],[158.1109,61.7495],[158.1417,61.7708],[158.1682,61.7693],[158.237,61.8047],[158.2526,61.8224],[158.2937,61.8271],[158.3958,61.8229],[158.4745,61.8016],[158.5182,61.7984],[158.5542,61.8312],[158.6375,61.8292],[158.6604,61.8375],[158.7104,61.8375],[158.7688,61.8208],[158.8411,61.8193],[158.8401,61.8411],[158.8537,61.8651],[158.8797,61.8828],[158.925,61.8958],[158.9807,61.8964],[158.9937,61.9229],[159.0437,61.9167],[159.0771,61.9229],[159.1,61.9167],[159.1458,61.9208],[159.2021,61.9188],[159.2875,61.9],[159.3542,61.8917],[159.4057,61.8703],[159.3958,61.8333],[159.3542,61.8292],[159.3526,61.8172],[159.3953,61.8036],[159.425,61.7854],[159.462,61.7828],[159.5245,61.7964],[159.5412,61.7536],[159.537,61.7255],[159.5125,61.7125],[159.5328,61.6849],[159.5297,61.6672],[159.5661,61.6599],[159.6,61.6646],[159.6479,61.6854],[159.6833,61.6896],[159.7193,61.7089],[159.7792,61.7],[159.8026,61.7172],[159.875,61.7042],[159.8984,61.7266],[159.9307,61.7318],[159.9484,61.7599],[159.9703,61.7609],[159.9755,61.7828],[160.0318,61.8453],[160.0849,61.8547],[160.1333,61.8812],[160.1708,61.8792],[160.2161,61.8984],[160.2479,61.9208],[160.3021,61.9271],[160.3188,61.9375],[160.3641,61.937],[160.3667,61.9083],[160.3891,61.8828],[160.3734,61.8703],[160.4016,61.8276],[160.3547,61.8047],[160.4016,61.7911],[160.412,61.7609],[160.3734,61.7453],[160.3557,61.7276],[160.288,61.7016],[160.3245,61.6682],[160.3057,61.6401],[160.2609,61.6245],[160.2807,61.6141],[160.2464,61.5911],[160.2807,61.5599],[160.2245,61.5193],[160.1687,61.5042],[160.1109,61.5016],[160.0974,61.4776],[160.0589,61.4682],[160.0396,61.45],[160.0917,61.4521],[160.1099,61.4411],[160.0932,61.413],[160.0672,61.4036],[160.0354,61.3792],[159.9979,61.3812],[159.9766,61.3641],[159.9703,61.338],[159.9146,61.3167],[159.95,61.2896],[160.0109,61.2922],[159.95,61.2687],[159.8958,61.2917],[159.8271,61.2917],[159.8224,61.2693],[159.7859,61.262],[159.8229,61.2333],[159.8568,61.2578],[159.912,61.2578],[159.9536,61.2276],[159.9193,61.2141],[159.9807,61.1745],[159.9833,61.1292],[160.0057,61.112],[159.9953,61.0943],[159.9609,61.0724],[159.9568,61.0495],[159.9318,61.0193],[159.9026,61.012],[159.8724,60.988],[159.8359,60.9766],[159.8417,60.9646],[159.8271,60.9333],[159.8938,60.9146],[159.8859,60.937],[159.9021,60.9458],[159.9516,60.9443],[159.9505,60.962],[159.9937,60.9625],[160.0724,60.9974],[160.0958,61.0167],[160.1375,61.0292],[160.2146,61.0375],[160.2792,61.0208],[160.3438,61.0333],[160.3708,61.0438],[160.4104,61.0333],[160.4422,61.0328],[160.4068,61.0057],[160.4266,60.9839],[160.3963,60.9786],[160.3505,60.938],[160.3484,60.9172],[160.3047,60.9036],[160.2833,60.9063],[160.2651,60.8828],[160.2401,60.8786],[160.2578,60.8286],[160.2167,60.8438],[160.1984,60.8089],[160.2599,60.7776],[160.2443,60.7557],[160.2536,60.738],[160.2339,60.7224],[160.2141,60.687],[160.2208,60.6688],[160.1563,60.6625],[160.1662,60.6401],[160.1463,60.6182],[160.15,60.5771],[160.2063,60.5812],[160.2422,60.6016],[160.2807,60.6068],[160.2859,60.6328],[160.3068,60.6516],[160.3417,60.6521],[160.3703,60.6693],[160.3849,60.6953],[160.3708,60.7229],[160.4162,60.7401],[160.4026,60.7047],[160.4625,60.6979],[160.4937,60.7042],[160.5005,60.7203],[160.5286,60.7214],[160.5443,60.7391],[160.5786,60.7359],[160.6068,60.713],[160.6354,60.7146],[160.6568,60.7516],[160.725,60.7562],[160.7255,60.7401],[160.7479,60.7313],[160.7859,60.7328],[160.8292,60.7646],[160.8401,60.8057],[160.8641,60.8276],[160.8651,60.8474],[160.9016,60.8589],[160.913,60.8995],[160.9563,60.9],[160.9953,60.9172],[161.013,60.937],[161.0432,60.9422],[161.0917,60.9625],[161.1807,60.9922],[161.1859,61.0161],[161.2161,61.0297],[161.2047,61.0464],[161.2458,61.0479],[161.3474,61.0755],[161.3755,61.1057],[161.4042,61.1167],[161.4453,61.1193],[161.4505,61.1328],[161.4063,61.1563],[161.4578,61.1672],[161.4776,61.1974],[161.5188,61.1958],[161.5604,61.1854],[161.6037,61.2151],[161.5974,61.237],[161.5688,61.25],[161.65,61.2583],[161.6687,61.2813],[161.6932,61.2807],[161.7995,61.313],[161.7922,61.337],[161.8026,61.3589],[161.8214,61.3693],[161.8687,61.3354],[161.9099,61.3505],[161.9151,61.3797],[161.9854,61.3729],[162.0245,61.3984],[162.0234,61.4099],[162.0578,61.4193],[162.0437,61.4354],[162.0917,61.4354],[162.1016,61.4568],[162.1339,61.4755],[162.1349,61.4911],[162.1682,61.4922],[162.1776,61.5057],[162.2287,61.5172],[162.2193,61.5339],[162.2542,61.5479],[162.2734,61.5703],[162.3286,61.5859],[162.3458,61.6125],[162.3662,61.6214],[162.3932,61.6526],[162.3901,61.662],[162.4292,61.6729],[162.4542,61.6646],[162.5542,61.65],[162.6328,61.6266],[162.6547,61.6068],[162.7786,61.5974],[162.7516,61.6266],[162.6859,61.6255],[162.6359,61.6484],[162.6547,61.6661],[162.7292,61.6958],[162.7958,61.7083],[162.8479,61.7083],[162.912,61.6828],[162.9328,61.6661],[162.8599,61.6151],[162.9063,61.6063],[162.9229,61.5792],[162.9599,61.5786],[162.9787,61.5557],[162.9755,61.538],[163.0104,61.5146],[163.0557,61.5193],[163.1162,61.5484],[163.1078,61.5703],[163.0792,61.5792],[163.1109,61.6141],[163.1479,61.6271],[163.1911,61.6286],[163.2146,61.6437],[163.2563,61.6437],[163.3016,61.6526],[163.3234,61.6641],[163.3193,61.6891],[163.3432,61.7026],[163.25,61.7333],[163.1396,61.7438],[163.1229,61.7583],[163.075,61.7583],[162.9984,61.7818],[162.9693,61.8047],[163.0099,61.8318],[163.0255,61.8703],[163.0495,61.888],[163.0641,61.9182],[163.0521,61.9292],[163.0786,61.9453],[163.1391,62.012],[163.1359,62.0328],[163.1766,62.0464],[163.187,62.0682],[163.1479,62.075],[163.1229,62.0667],[163.0984,62.0953],[163.1328,62.0984],[163.1411,62.1151],[163.113,62.1401],[163.0922,62.1734],[163.1016,62.212],[163.0776,62.2224],[163.1245,62.2401],[163.1526,62.262],[163.1938,62.2771],[163.2412,62.2839],[163.2193,62.2964],[163.2318,62.312],[163.2875,62.325],[163.3542,62.325],[163.3714,62.337],[163.3078,62.3724],[163.2708,62.3708],[163.2276,62.3859],[163.2224,62.4203],[163.1708,62.425],[163.1859,62.4391],[163.2167,62.4417],[163.2641,62.4589],[163.2505,62.5141],[163.2776,62.5266],[163.3833,62.5479],[163.4771,62.5479],[163.5458,62.5604],[163.6104,62.5833],[163.6687,62.5812],[163.7625,62.6042],[163.8438,62.6083],[163.8979,62.5875],[163.9271,62.5854],[163.9859,62.6349],[164.05,62.6521],[164.1062,62.6521],[164.1812,62.6625],[164.2917,62.6625],[164.3755,62.6911],[164.4375,62.6917],[164.5333,62.6854],[164.5604,62.675],[164.6062,62.6792],[164.6328,62.6682],[164.6411,62.6516],[164.6849,62.6349],[164.6859,62.6234],[164.7161,62.6016],[164.7349,62.5724],[164.7833,62.5521],[164.8583,62.5521],[164.9021,62.5438],[164.9896,62.5125],[165.05,62.5042],[165.0896,62.4875],[165.2542,62.4875],[165.2708,62.4813],[165.3562,62.4813],[165.3958,62.4625],[165.2563,62.4583],[165.1812,62.4604],[165.1167,62.4479],[165.1089,62.4297],[165.2083,62.3917],[165.2521,62.3875],[165.2912,62.3703],[165.1771,62.3833],[165.1083,62.4063],[164.9625,62.4042],[164.8646,62.4292],[164.7854,62.4396],[164.7354,62.4562],[164.6604,62.4521],[164.6354,62.4562],[164.5875,62.4417],[164.5354,62.4396],[164.4995,62.4026],[164.4422,62.3932],[164.4411,62.362],[164.4146,62.35],[164.375,62.35],[164.3583,62.3333],[164.3167,62.3333],[164.2318,62.312],[164.2104,62.2896],[164.1568,62.2745],[164.1234,62.2266],[164.1307,62.1922],[164.1047,62.1651],[164.1266,62.1234],[164.0776,62.0911],[164.1057,62.0578],[164.1141,62.0214],[164.0714,61.987],[164.0911,61.962],[164.0797,61.938],[164.0995,61.9224],[164.087,61.8755],[164.0464,61.8432],[164.0745,61.8141],[164.0703,61.7401],[164.0458,61.6792],[164.0182,61.662],[163.9271,61.6646],[163.8734,61.6495],[163.8609,61.6307],[163.8557,61.5839],[163.8349,61.5526],[163.787,61.5005],[163.7672,61.4911],[163.7526,61.4516],[163.7729,61.4146],[163.7953,61.4193],[163.8047,61.4391],[163.8417,61.4458],[163.8917,61.4458],[163.9787,61.4161],[164.0266,61.3599],[164.0307,61.3422],[164.0089,61.3328],[164.0016,61.3026],[163.9484,61.2724],[163.9557,61.2422],[163.9203,61.213],[163.8604,61.2042],[163.7937,61.1792],[163.763,61.1745],[163.6958,61.1354],[163.6589,61.1328],[163.6411,61.1151],[163.6328,61.0734],[163.5938,61.0417],[163.5562,61.0458],[163.5109,61.0266],[163.4922,61.0068],[163.5292,61.0021],[163.5505,60.9797],[163.6662,60.9495],[163.7057,60.9234],[163.7005,60.9016],[163.6792,60.8812],[163.6521,60.8708],[163.6104,60.8667],[163.575,60.85],[163.5354,60.8479],[163.4396,60.8187],[163.4005,60.812],[163.3745,60.7859],[163.3266,60.7651],[163.3292,60.8],[163.2729,60.7917],[163.2312,60.7938],[163.1917,60.8042],[163.1766,60.7901],[163.1229,60.775],[163.1349,60.7568],[163.0729,60.75],[163.0042,60.7729],[162.8922,60.7474],[162.8943,60.7318],[162.862,60.7047],[162.8359,60.6953],[162.7703,60.6318],[162.7224,60.6214],[162.712,60.6109],[162.6583,60.5958],[162.6167,60.5958],[162.538,60.6099],[162.4901,60.5953],[162.4891,60.5859],[162.4297,60.5641],[162.4224,60.5484],[162.3891,60.5359],[162.2792,60.5375],[162.2354,60.525],[162.2042,60.5271],[162.1745,60.4922],[162.1516,60.4797],[162.1021,60.4771],[162.0599,60.4505],[162.0083,60.4271],[161.9917,60.4313],[161.9484,60.4203],[161.9318,60.3891],[161.9328,60.363],[161.9026,60.3266],[161.9453,60.2911],[161.9516,60.2745],[161.9432,60.2276],[161.9182,60.2047],[161.888,60.1953],[161.8464,60.1724],[161.8349,60.1547],[161.6792,60.0896],[161.6276,60.0786],[161.5562,60.0458],[161.5333,60.05],[161.4734,60.0307],[161.4682,60.0151],[161.4028,59.955],[161.3789,59.9539],[161.3347,59.9278],[161.32,59.9028],[161.2688,59.8487],[161.1881,59.8151],[161.1573,59.7849],[161.113,59.7597],[161.0672,59.7442],[161.0517,59.7462],[160.9995,59.7114],[160.9438,59.7026],[160.9528,59.6786],[160.8979,59.6282],[160.8534,59.6093],[160.7499,59.5913],[160.6963,59.5909],[160.6508,59.5724],[160.5789,59.5569],[160.496,59.5561],[160.4811,59.5369],[160.4678,59.4819],[160.4517,59.4508],[160.4128,59.3975],[160.3211,59.345],[160.2639,59.3297],[160.1969,59.3293],[160.1886,59.3101],[160.1563,59.2838],[160.1018,59.2658],[160.0873,59.2481],[159.9702,59.1755],[159.9337,59.1654],[159.8561,59.1252],[159.833,59.095],[159.8297,59.0756],[159.7786,59.0406],[159.7244,58.9881],[159.7578,58.9619],[159.7552,58.9149],[159.7367,58.8736],[159.7011,58.8419],[159.6805,58.8312],[159.6324,58.8335],[159.6267,58.8108],[159.5778,58.7606],[159.4872,58.6975],[159.4189,58.6708],[159.3656,58.6272],[159.3311,58.6042],[159.2262,58.5607],[159.1809,58.5197],[159.1767,58.4994],[159.1155,58.4511],[159.0774,58.4279],[159.0248,58.403],[158.809,58.3147],[158.7466,58.2961],[158.6659,58.2621],[158.5717,58.2062],[158.4279,58.1383],[158.3731,58.0972],[158.3219,58.0705],[158.1992,58.0225],[158.1872,58.0234],[158.1283,58],[158,58],[158,57.9803],[157.9022,57.9775],[157.8294,57.9828],[157.7678,57.9928],[157.7583,58.0133],[157.675,58.0133],[157.6644,57.975],[157.6283,57.9564],[157.5846,57.9253],[157.5873,57.8958],[157.5741,57.869],[157.5206,57.8189],[157.4394,57.7903],[157.36,57.7725],[157.3044,57.7658],[157.2417,57.7664],[157.1756,57.7733],[157.0522,57.8003],[157.03,57.8167],[157.0111,57.8536],[156.914,57.8112],[156.9044,57.8003],[156.8494,57.7981],[156.8361,57.7728],[156.7883,57.735],[156.8467,57.7161],[156.8722,57.7028],[156.9033,57.6753],[156.9589,57.6019],[156.9889,57.5386],[157.0005,57.4949],[157.0005,57.4335],[156.9837,57.3992],[156.9414,57.3468],[156.8928,57.2803],[156.8518,57.2357],[156.8517,57.2281],[156.8122,57.1956],[156.7817,57.1547],[156.7317,57.1089],[156.7178,57.0842],[156.7272,57.0683],[156.6683,57.0589],[156.5598,57.1009],[156.5333,57.0806],[156.5501,57.0645],[156.541,57.0247],[156.5133,56.9904],[156.47,56.9544],[156.4356,56.9322],[156.3689,56.8997],[156.2144,56.8503],[156.2178,56.8269],[156.1978,56.7961],[156.1306,56.7842],[156.17,56.8183],[156.1644,56.8303],[156.1189,56.8103],[156.0739,56.7769],[156.0428,56.7383],[155.9922,56.6856],[155.9489,56.6136],[155.9289,56.5542],[155.88,56.4419],[155.8253,56.3329],[155.7812,56.215],[155.7575,56.1769],[155.7358,56.1123],[155.7448,56.1043],[155.7271,56.0783],[155.7078,56.0722],[155.6733,56.0172],[155.6505,55.9669],[155.6483,55.8386],[155.64,55.7886],[155.6328,55.7119],[155.6222,55.6828],[155.6167,55.6392],[155.6017,55.5658],[155.5789,55.4933],[155.5631,55.4156],[155.5539,55.3386],[155.5528,55.2481],[155.5689,55.1261],[155.5767,55.1022],[155.5839,55.0486],[155.6239,54.8708],[155.6494,54.7778],[155.6667,54.6914],[155.6889,54.6],[155.7061,54.5464],[155.7306,54.4483],[155.7567,54.3672],[155.7911,54.2728],[155.8039,54.2458],[155.8344,54.1583],[155.8533,54.1125],[155.89,54.01],[155.9367,53.8614],[155.955,53.7758],[155.9857,53.6646],[155.9983,53.5761],[156.0126,53.5224],[156.0221,53.4677],[156.0543,53.3667],[156.0776,53.2631],[156.105,53.1083],[156.1283,52.9156],[156.1532,52.8313],[156.202,52.7252],[156.2691,52.6128],[156.3101,52.5224],[156.335,52.487],[156.4016,52.3487],[156.4262,52.2841],[156.466,52.1397],[156.479,52.0575],[156.5011,51.8214],[156.5033,51.7636],[156.4967,51.5975],[156.4839,51.5214],[156.4911,51.4878],[156.505,51.4665],[156.5072,51.4425],[156.5267,51.4167],[156.5272,51.3797],[156.5361,51.3514],[156.5344,51.3164],[156.5472,51.2856],[156.5907,51.2577],[156.6467,51.2541],[156.6742,51.2327],[156.6839,51.2136],[156.7094,51.2028],[156.7233,51.1719],[156.7126,51.124],[156.703,51.1039],[156.7161,51.0919],[156.7389,51.0936],[156.7611,51.0712],[156.7683,50.9958],[156.7342,50.9475],[156.7021,50.9145],[156.6567,50.8839],[156.6667,50.8647],[156.6906,50.8831],[156.72,50.8931],[156.7522,50.9256],[156.8072,50.9575],[156.8722,51.0197],[156.9394,51.0442],[156.9633,51.0669],[157.0128,51.0933],[157.033,51.1139],[157.055,51.1161],[157.0886,51.1535],[157.1323,51.1593],[157.1616,51.1773],[157.1747,51.1954],[157.2016,51.1946],[157.2344,51.209],[157.2422,51.226],[157.2776,51.2513],[157.2834,51.2732],[157.2999,51.2743],[157.3157,51.2987],[157.3381,51.3078],[157.34,51.3253],[157.3637,51.3421],[157.4022,51.3571],[157.416,51.3492],[157.4595,51.353],[157.4791,51.4135],[157.4936,51.4395],[157.534,51.4808],[157.5656,51.5029],[157.6165,51.5291],[157.6609,51.5376],[157.6961,51.553],[157.7176,51.5558],[157.7459,51.5462],[157.7706,51.5539],[157.7704,51.5677],[157.8317,51.595],[157.8772,51.6278],[157.9062,51.6265],[157.9333,51.6786],[157.9556,51.6856],[157.9684,51.7213],[157.9968,51.7269],[158.0106,51.7636],[158.035,51.7894],[158.0767,51.8083],[158.1052,51.8086],[158.1028,51.8233],[158.1255,51.8511],[158.1578,51.8722],[158.1847,51.8996],[158.2459,51.9461],[158.2744,51.9619],[158.2678,51.9842],[158.2924,52.0129],[158.2835,52.0324],[158.303,52.0412],[158.3003,52.0585],[158.3271,52.0741],[158.2996,52.0986],[158.3056,52.1194],[158.3303,52.1371],[158.3578,52.1419],[158.3837,52.1371],[158.414,52.1722],[158.4126,52.1894],[158.3834,52.2041],[158.3934,52.2264],[158.4245,52.2281],[158.4582,52.2523],[158.4435,52.2713],[158.5152,52.269],[158.5492,52.2901],[158.5591,52.3252],[158.5445,52.3357],[158.4965,52.3299],[158.4831,52.3445],[158.5427,52.3659],[158.5479,52.3809],[158.5712,52.385],[158.545,52.4051],[158.5517,52.4167],[158.5136,52.4352],[158.4856,52.4313],[158.4327,52.4011],[158.4101,52.4048],[158.4814,52.4462],[158.5251,52.4819],[158.4968,52.4945],[158.5159,52.5103],[158.526,52.5316],[158.5127,52.5621],[158.4771,52.5628],[158.4124,52.6006],[158.426,52.6201],[158.3917,52.6469],[158.4061,52.6596],[158.4529,52.6353],[158.4888,52.6272],[158.5056,52.6161],[158.55,52.6268],[158.5536,52.6517],[158.58,52.664],[158.5653,52.6785],[158.5954,52.683],[158.6019,52.6941],[158.5791,52.7089],[158.5076,52.7285],[158.4872,52.7375],[158.4927,52.7806],[158.5236,52.7752],[158.5648,52.776],[158.5761,52.8107],[158.6135,52.8255],[158.6452,52.8456],[158.6019,52.8566],[158.6246,52.8735],[158.6233,52.8921],[158.6394,52.9002],[158.6351,52.9167],[158.6112,52.9214],[158.5789,52.9111],[158.544,52.9119],[158.5307,52.9266],[158.494,52.9336],[158.4963,52.9148],[158.5376,52.9113],[158.5391,52.8942],[158.508,52.8882],[158.4824,52.8965],[158.4449,52.8957],[158.4132,52.9243],[158.4176,52.9538],[158.4532,52.9589],[158.4506,52.979],[158.4099,52.9826],[158.4204,53.0165],[158.467,53.0204],[158.5089,53.035],[158.5161,53.0547],[158.5678,53.0633],[158.6133,53.0497],[158.6416,53.0248],[158.6398,53.0087],[158.6526,52.9898],[158.6733,52.98],[158.6859,52.9614],[158.6453,52.9613],[158.6569,52.941],[158.6772,52.9476],[158.7056,52.8844],[158.7356,52.9011],[158.8288,52.9746],[158.8911,53.0156],[158.9394,53.0417],[159.0617,53.0974],[159.1439,53.1247],[159.2856,53.1608],[159.3488,53.1697],[159.3701,53.1539],[159.3928,53.1557],[159.4218,53.1727],[159.4456,53.2086],[159.4906,53.2314],[159.5311,53.2339],[159.5771,53.2519],[159.6299,53.2562],[159.666,53.247],[159.6804,53.23],[159.7116,53.2187],[159.7511,53.2397],[159.7853,53.2713],[159.8135,53.2615],[159.7567,53.2256],[159.7439,53.2044],[159.762,53.1924],[159.8215,53.1741],[159.9056,53.1377],[159.961,53.1203],[160.0239,53.095],[160.0383,53.1039],[160.0359,53.1221],[160.0572,53.15],[160.0322,53.1711],[160.0394,53.2142],[159.9972,53.2308],[160.0164,53.2611],[159.9804,53.2611],[159.9517,53.2414],[159.928,53.2399],[159.9041,53.2526],[159.9274,53.2829],[159.9628,53.3014],[159.9745,53.3207],[159.9628,53.3358],[159.9318,53.3203],[159.8975,53.3399],[159.9223,53.3808],[159.8972,53.3966],[159.8782,53.3864],[159.8471,53.4004],[159.8518,53.4183],[159.8379,53.4338],[159.8442,53.4671],[159.8405,53.4862],[159.7728,53.51],[159.824,53.5162],[159.8506,53.498],[159.8678,53.5],[159.9227,53.4729],[159.9441,53.4736],[159.9557,53.4975],[159.9485,53.5221],[159.9558,53.5382],[159.941,53.5572],[159.9563,53.5725],[159.9272,53.5961],[159.9153,53.6243],[159.8867,53.6554],[159.8506,53.6703],[159.8375,53.6852],[159.8483,53.6985],[159.8406,53.7528],[159.842,53.7943],[159.8579,53.8554],[159.8893,53.93],[159.9186,53.9811],[159.9599,54.032],[159.968,54.0596],[159.9843,54.0808],[159.9877,54.1078],[159.9776,54.125],[160.0024,54.1473],[160.0128,54.1681],[160.0433,54.1619],[160.0878,54.1992],[160.1211,54.2125],[160.1328,54.2275],[160.1594,54.2256],[160.1694,54.2397],[160.2361,54.2614],[160.2694,54.2769],[160.28,54.2897],[160.315,54.3025],[160.3446,54.3345],[160.3789,54.3594],[160.4794,54.4161],[160.5717,54.4619],[160.6906,54.5097],[160.8222,54.5536],[160.8989,54.5731],[161.01,54.5915],[161.0775,54.594],[161.1621,54.5906],[161.2041,54.5789],[161.2017,54.5242],[161.2354,54.5103],[161.2574,54.492],[161.2961,54.4876],[161.3667,54.5013],[161.4072,54.4977],[161.4812,54.5155],[161.5494,54.5086],[161.6128,54.5185],[161.7158,54.5053],[161.7634,54.5341],[161.8005,54.5621],[161.8042,54.5772],[161.8354,54.6],[161.8723,54.6145],[161.9119,54.6374],[161.9461,54.6464],[161.9889,54.6783],[161.9989,54.6959],[162.0384,54.7025],[162.0719,54.7339],[162.1194,54.7494],[162.1323,54.7742],[162.1267,54.7903],[162.105,54.8011],[162.1048,54.8192],[162.1255,54.8353],[162.1572,54.8375],[162.1544,54.8528],[162.1283,54.8686],[162.0794,54.8867],[162.0556,54.9114],[162.0561,54.9381],[162.0444,54.9547],[162.0044,54.9764],[161.9963,54.9987],[161.961,55.0173],[161.9579,55.0301],[161.9268,55.0501],[161.877,55.0689],[161.8301,55.1306],[161.7824,55.2165],[161.7464,55.3314],[161.7383,55.3983],[161.7414,55.487],[161.7525,55.561],[161.7943,55.6496],[161.8351,55.7033],[161.855,55.7168],[161.8878,55.7594],[161.9082,55.7692],[161.9243,55.7933],[161.9162,55.8077],[161.9297,55.8402],[161.9584,55.8711],[161.9678,55.8932],[161.9966,55.9216],[162.022,55.9373],[162.0261,55.9728],[162.0382,55.9895],[162.0746,56.0144],[162.0526,56.0361],[162.0618,56.0617],[162.0833,56.0867],[162.1605,56.1292],[162.2604,56.1628],[162.3917,56.1933],[162.4435,56.2128],[162.4678,56.2094],[162.4926,56.2266],[162.4545,56.2414],[162.4577,56.2501],[162.5372,56.2298],[162.56,56.2464],[162.6026,56.2623],[162.5773,56.2952],[162.5314,56.2928],[162.5355,56.3218],[162.4951,56.3288],[162.4577,56.3546],[162.4072,56.3644],[162.3988,56.3764],[162.4156,56.3942],[162.4362,56.3881],[162.4944,56.4025],[162.4974,56.417],[162.5209,56.428],[162.5586,56.4212],[162.6257,56.4394],[162.6611,56.4775],[162.7224,56.4844],[162.7659,56.4755],[162.9062,56.4277],[162.9431,56.4468],[162.9546,56.4959],[162.9729,56.5208],[162.9978,56.5394],[163.0361,56.5264],[163.0822,56.5258],[163.1121,56.5088],[163.0989,56.475],[163.0695,56.4498],[163.0098,56.4415],[163.0013,56.4293],[162.9707,56.4245],[162.9418,56.409],[162.9479,56.3814],[162.9094,56.3794],[162.8695,56.3549],[162.8333,56.3602],[162.7774,56.359],[162.7411,56.3409],[162.7391,56.3199],[162.7102,56.2747],[162.6714,56.2527],[162.6155,56.2331],[162.6611,56.2063],[162.6821,56.1788],[162.7539,56.1422],[162.7525,56.12],[162.7852,56.0958],[162.8092,56.0671],[162.8561,56.0513],[162.9131,56.0223],[162.9659,56.0171],[163.0226,56.0054],[163.0469,56.0138],[163.062,56.0373],[163.1173,56.096],[163.1788,56.1341],[163.2247,56.1439],[163.2796,56.1477],[163.2956,56.1611],[163.3615,56.1844],[163.3501,56.2054],[163.3329,56.2686],[163.3513,56.3007],[163.3537,56.326],[163.3376,56.3382],[163.3111,56.3962],[163.2956,56.4132],[163.2512,56.4387],[163.2673,56.481],[163.2469,56.5426],[163.2724,56.5679],[163.2353,56.6049],[163.2378,56.6318],[163.2729,56.6796],[163.2267,56.7146],[163.2346,56.7392],[163.1877,56.733],[163.1463,56.7359],[163.1274,56.725],[163.0785,56.7412],[163.0511,56.7266],[163.0156,56.7288],[162.9734,56.6969],[162.9289,56.6927],[162.8867,56.7013],[162.8345,56.7243],[162.7986,56.7483],[162.7767,56.7744],[162.7908,56.8623],[162.8105,56.9066],[162.8103,56.9334],[162.8428,56.987],[162.8529,57.0388],[162.8357,57.0837],[162.8071,57.1169],[162.7769,57.1894],[162.7655,57.2881],[162.7821,57.3488],[162.8134,57.3804],[162.8426,57.3901],[162.8682,57.416],[162.9111,57.436],[162.9428,57.4367],[163.0289,57.4664],[163.0694,57.4725],[163.1039,57.4908],[163.145,57.5692],[163.2064,57.5789],[163.2244,57.5889],[163.2389,57.6325],[163.2195,57.6436],[163.2317,57.6683],[163.28,57.6933],[163.3086,57.7278],[163.2663,57.7597],[163.2578,57.7766],[163.2328,57.7939],[163.2128,57.8186],[163.1378,57.8197],[163.1194,57.8144],[163.0461,57.8208],[162.9981,57.8365],[162.9419,57.8665],[162.8741,57.895],[162.7529,57.9202],[162.7313,57.9347],[162.6927,57.9393],[162.6547,57.9306],[162.5914,57.9383],[162.5572,57.9264],[162.5331,57.9045],[162.5257,57.8863],[162.4975,57.8702],[162.4934,57.8476],[162.5114,57.8267],[162.5089,57.7907],[162.53,57.7656],[162.531,57.7511],[162.4861,57.7371],[162.4706,57.7064],[162.4422,57.7035],[162.4503,57.6839],[162.3935,57.6647],[162.3483,57.6623],[162.3789,57.7014],[162.427,57.7293],[162.4381,57.7485],[162.4383,57.7739],[162.3016,57.7929],[162.2316,57.8098],[162.1562,57.8395],[162.0838,57.8816],[162.0263,57.9462],[162.0075,57.9896],[161.9813,57.9785],[161.9589,57.9829],[161.9476,57.9609],[161.9089,57.9691],[161.9233,57.9906],[161.9688,57.9991],[161.9906,58.0267],[161.99,58.0933],[162.005,58.1453],[162.0506,58.2144],[162.0911,58.2878],[162.1017,58.3172],[162.1306,58.3681],[162.1794,58.425],[162.2183,58.4633],[162.3372,58.5908],[162.4517,58.6903],[162.5322,58.7414],[162.6044,58.7733],[162.5728,58.7747],[162.5772,58.7947],[162.6328,58.7764],[162.75,58.8169],[162.6867,58.8292],[162.6967,58.8514],[162.7178,58.8694],[162.7544,58.8631],[162.7686,58.8749],[162.8061,58.8733],[162.8317,58.9081],[162.8573,58.9253],[162.9067,58.9425],[162.91,58.9656],[162.9406,58.9725],[162.9622,58.9362],[162.87,58.9264],[162.8828,58.9153],[162.9233,58.9278],[163.0061,58.9419],[163.0436,58.9614],[163.0735,58.9924],[163.018,59.0051],[162.9939,59.0203],[162.9061,59.1089],[162.9333,59.1203],[162.9989,59.1372],[163.0417,59.1417],[163.1074,59.1313],[163.1257,59.1115],[163.2017,59.0947],[163.2431,59.0732],[163.2195,59.0464],[163.1589,59.0417],[163.1783,59.0306],[163.2258,59.0416],[163.2517,59.084],[163.2331,59.1359],[163.2211,59.1444],[163.1422,59.1617],[163.0883,59.1833],[163.0687,59.2259],[163.0772,59.2539],[163.1167,59.27],[163.1647,59.2791],[163.3183,59.2881],[163.3343,59.2666],[163.2661,59.2294],[163.2928,59.2264],[163.3422,59.2706],[163.3487,59.3014],[163.3452,59.3623],[163.3342,59.4013],[163.3176,59.4224],[163.2463,59.4728],[163.2094,59.4783],[163.1883,59.5158],[163.2056,59.5653],[163.2811,59.5917],[163.3622,59.5909],[163.416,59.6204],[163.423,59.6559],[163.3842,59.7152],[163.3819,59.7504],[163.3914,59.7775],[163.4308,59.8216],[163.4775,59.8608],[163.5231,59.8845],[163.6046,59.8921],[163.6674,59.8849],[163.6922,59.8722],[163.7391,59.9059],[163.7741,59.9522],[163.8173,59.9782],[163.8737,60.0036],[163.9532,60.0165],[164.0505,60.0047],[164.1139,59.9908],[164.1533,59.9775],[164.1789,59.9778],[164.2139,59.9906],[164.2367,59.9767],[164.1789,59.9589],[164.1328,59.9297],[164.1231,59.9161],[164.0656,59.8978],[164.0833,59.8639],[164.1606,59.8686],[164.2028,59.8522],[164.2217,59.8584],[164.1638,59.8836],[164.1364,59.8886],[164.1347,59.9149],[164.1662,59.9414],[164.2157,59.9653],[164.3211,59.9836],[164.3439,59.9931],[164.3047,60.0349],[164.3172,60.0745],[164.3578,60.0776],[164.3818,60.0932],[164.4187,60.1042],[164.4563,60.1042],[164.5245,60.0849],[164.5661,60.0641],[164.6187,60.0167],[164.65,60.0167],[164.6875,60],[164.7078,60],[164.7333,59.9625],[164.7794,59.93],[164.8011,59.8675],[164.7922,59.8344],[164.7983,59.8169],[164.8217,59.8075],[164.8261,59.7833],[164.8569,59.7812],[164.8891,59.8019],[164.9243,59.8048],[164.9713,59.8369],[165.0144,59.8374],[165.0662,59.8447],[165.1061,59.8639],[165.1205,59.888],[165.1744,59.9496],[165.1776,59.9699],[165.2341,59.9982],[165.1583,60.0146],[165.1401,60.0276],[165.1401,60.0536],[165.1662,60.0755],[165.1021,60.0854],[165.0339,60.0589],[165.0391,60.0828],[165.0234,60.0943],[165.0542,60.1083],[165.075,60.0896],[165.1333,60.0979],[165.1495,60.1099],[165.1974,60.0995],[165.225,60.0854],[165.2724,60.1026],[165.2839,60.1224],[165.3568,60.1557],[165.4083,60.1729],[165.5208,60.1958],[165.6099,60.2193],[165.6359,60.2328],[165.6833,60.2396],[165.6958,60.25],[165.75,60.2583],[165.7828,60.2693],[165.8276,60.312],[165.9187,60.3333],[165.9292,60.3479],[165.9641,60.3547],[165.9526,60.3891],[165.9755,60.4099],[166.0146,60.4229],[166.0542,60.425],[166.1,60.4354],[166.1771,60.4396],[166.1818,60.4495],[166.2354,60.4667],[166.275,60.4729],[166.3,60.4688],[166.3891,60.4224],[166.3807,60.4026],[166.3474,60.3818],[166.2813,60.3688],[166.263,60.3557],[166.2818,60.3318],[166.2953,60.2786],[166.2818,60.2495],[166.3078,60.2224],[166.3141,60.1943],[166.288,60.1703],[166.2807,60.1422],[166.2068,60.1286],[166.2016,60.0859],[166.1797,60.0745],[166.1859,60.0339],[166.1674,59.9936],[166.1756,59.98],[166.1255,59.9263],[166.1181,59.9005],[166.0952,59.8795],[166.1077,59.8567],[166.086,59.816],[166.1094,59.7999],[166.152,59.8017],[166.1922,59.8133],[166.2111,59.805],[166.2956,59.8122],[166.3567,59.8533],[166.3919,59.8855],[166.4172,59.9246],[166.4995,59.9667],[166.5891,60.0047],[166.6089,60.0245],[166.6453,60.0401],[166.6901,60.0745],[166.7224,60.0859],[166.7745,60.1318],[166.7901,60.162],[166.812,60.1714],[166.8537,60.2026],[166.8542,60.2146],[166.9162,60.238],[166.9682,60.2745],[166.9859,60.2995],[167.0583,60.3],[167.0891,60.3193],[167.0807,60.3411],[167.0547,60.3505],[167.0484,60.3953],[167.0766,60.3953],[167.1047,60.3651],[167.2042,60.3375],[167.2292,60.3375],[167.3037,60.3589],[167.3266,60.3755],[167.3828,60.3776],[167.4016,60.3953],[167.3776,60.4172],[167.3943,60.4297],[167.4563,60.4063],[167.5188,60.4271],[167.5792,60.4271],[167.6417,60.4437],[167.6687,60.4458],[167.7141,60.463],[167.725,60.4771],[167.7708,60.4667],[167.7995,60.4714],[167.8099,60.487],[167.7776,60.5047],[167.7937,60.5313],[167.8167,60.5313],[167.8375,60.5062],[167.8792,60.5021],[167.9625,60.5229],[167.9854,60.525],[168.0479,60.55],[168.1438,60.5646],[168.2167,60.5792],[168.3062,60.5896],[168.4146,60.5958],[168.55,60.5958],[168.5833,60.5771],[168.6083,60.5771],[168.6359,60.5526],[168.7214,60.5578],[168.7521,60.5646],[168.8958,60.5646],[168.9646,60.5604],[169.075,60.5583],[169.1208,60.5521],[169.1708,60.5542],[169.2036,60.562],[169.2412,60.588],[169.25,60.6146],[169.3167,60.6063],[169.3891,60.5745],[169.3818,60.5589],[169.3995,60.5422],[169.3917,60.5208],[169.4224,60.512],[169.4318,60.4901],[169.4943,60.4672],[169.5604,60.45],[169.6068,60.4547],[169.6255,60.438],[169.6953,60.4161],[169.7495,60.387],[169.7401,60.3297],[169.7703,60.3182],[169.7797,60.2672],[169.8349,60.2536],[169.8818,60.2474],[169.9229,60.2521],[169.987,60.2297],[169.9297,60.2224],[169.9271,60.2104],[169.8714,60.2016],[169.8755,60.1766],[169.9203,60.1495],[169.937,60.1203],[169.9401,60.0922],[169.9526,60.0776],[170.0255,60.0547],[170.0958,60.0396],[170.1516,60.0161],[170.1547,59.9943],[170.1365,59.9709],[170.2112,59.963],[170.2691,59.9303],[170.2911,59.9276],[170.3514,59.942],[170.3984,59.9476],[170.4307,59.9695],[170.4413,59.9996],[170.4297,60.0182],[170.4599,60.0641],[170.4526,60.0745],[170.4625,60.1063],[170.4588,60.1266],[170.4724,60.1526],[170.4693,60.1745],[170.4396,60.1792],[170.3958,60.2],[170.4042,60.2083],[170.4839,60.2099],[170.5125,60.2458],[170.4734,60.2526],[170.4646,60.2667],[170.4318,60.2818],[170.4641,60.2932],[170.4964,60.2693],[170.5396,60.2646],[170.5771,60.2833],[170.6458,60.2896],[170.6766,60.3005],[170.6891,60.3161],[170.6828,60.3495],[170.6333,60.3521],[170.6172,60.3682],[170.6438,60.375],[170.6234,60.3901],[170.6354,60.4188],[170.675,60.4063],[170.7328,60.4047],[170.7109,60.4214],[170.7375,60.4292],[170.7875,60.4188],[170.8078,60.4318],[170.8307,60.4661],[170.7901,60.4755],[170.7609,60.5016],[170.7958,60.5167],[170.8432,60.5016],[170.8693,60.487],[170.9229,60.4896],[170.9646,60.5062],[171.0161,60.513],[171.0505,60.5349],[171.1229,60.5563],[171.1521,60.5458],[171.2203,60.5589],[171.2896,60.5917],[171.3479,60.6104],[171.3995,60.6151],[171.4047,60.6432],[171.4333,60.6708],[171.4818,60.6995],[171.5229,60.7146],[171.5542,60.7188],[171.6286,60.7172],[171.6557,60.7474],[171.6193,60.7786],[171.6568,60.8078],[171.6958,60.8083],[171.7005,60.8286],[171.75,60.8438],[171.7917,60.8458],[171.825,60.8229],[171.8833,60.8187],[171.9458,60.8271],[171.9651,60.8391],[171.9588,60.8807],[172.0078,60.887],[172.0328,60.8661],[172.0359,60.8464],[172.1016,60.8651],[172.0901,60.887],[172.1057,60.8922],[172.1328,60.9245],[172.1787,60.9318],[172.2182,60.9484],[172.2203,60.9682],[172.1979,60.9729],[172.1536,61.038],[172.025,61.0833],[172.05,61.0938],[172.1208,61.0687],[172.1583,61.0646],[172.2083,61.0417],[172.275,61.0042],[172.3557,61.0161],[172.375,61.0042],[172.4063,61.0083],[172.4536,61.0276],[172.4849,61.0547],[172.4646,61.0646],[172.4099,61.063],[172.4266,61.0964],[172.4042,61.1104],[172.3667,61.1],[172.3021,61.1],[172.2937,61.1104],[172.3667,61.1125],[172.3917,61.1229],[172.4307,61.1214],[172.425,61.1417],[172.3813,61.1542],[172.3599,61.1932],[172.3401,61.2078],[172.3896,61.2271],[172.4464,61.1984],[172.4995,61.1849],[172.5146,61.1729],[172.5792,61.1667],[172.6521,61.1667],[172.6672,61.1995],[172.7026,61.2266],[172.7745,61.2443],[172.7932,61.2651],[172.7646,61.2875],[172.7146,61.3021],[172.6505,61.3068],[172.6521,61.3208],[172.6896,61.3208],[172.7604,61.3104],[172.7974,61.2974],[172.8005,61.2818],[172.8255,61.2714],[172.9125,61.2604],[172.9682,61.2859],[172.9682,61.3016],[172.9297,61.3109],[172.9516,61.3286],[172.9109,61.3422],[172.9,61.3563],[172.838,61.3651],[172.8271,61.3771],[172.7333,61.3958],[172.6922,61.4182],[172.7088,61.4286],[172.7526,61.4182],[172.825,61.4521],[172.9078,61.4661],[172.937,61.4453],[172.9708,61.4375],[173.0026,61.4068],[173.0792,61.3833],[173.1208,61.3854],[173.1807,61.3964],[173.2318,61.4224],[173.2682,61.4297],[173.3099,61.4526],[173.3328,61.4818],[173.3047,61.5089],[173.3708,61.5417],[173.4187,61.5417],[173.4563,61.5292],[173.4974,61.5443],[173.5078,61.5599],[173.488,61.5891],[173.4912,61.6099],[173.4672,61.6193],[173.4734,61.6411],[173.512,61.6484],[173.5099,61.6828],[173.4958,61.6896],[173.488,61.7266],[173.5318,61.7401],[173.5437,61.7313],[173.5875,61.7396],[173.6453,61.7391],[173.6891,61.7224],[173.7005,61.7047],[173.7354,61.6979],[173.775,61.6813],[173.8161,61.6724],[173.8313,61.65],[173.8729,61.6625],[173.9234,61.6953],[173.9563,61.7021],[173.9953,61.6984],[174.0318,61.7432],[174.0792,61.7583],[174.0339,61.7755],[174.0089,61.8078],[174.0229,61.8146],[174.0911,61.8151],[174.1417,61.8292],[174.187,61.8182],[174.1958,61.8063],[174.2396,61.8021],[174.3354,61.8083],[174.362,61.8234],[174.3771,61.8458],[174.4203,61.8453],[174.4245,61.8245],[174.4604,61.8063],[174.5083,61.8083],[174.525,61.8167],[174.5833,61.8208],[174.6375,61.8333],[174.7307,61.8609],[174.7339,61.8786],[174.7599,61.8901],[174.7229,61.9146],[174.6526,61.9557],[174.7083,61.9625],[174.7396,61.9375],[174.7875,61.9479],[174.825,61.9458],[174.8479,61.9333],[174.825,61.9208],[174.9771,61.9625],[175.0729,61.9729],[175.1396,61.9938],[175.2203,62.0089],[175.2724,62.0359],[175.2932,62.0609],[175.2849,62.0891],[175.3646,62.1083],[175.4083,62.1063],[175.4958,62.1312],[175.5547,62.1516],[175.5979,62.1604],[175.6979,62.1896],[175.7937,62.2125],[175.8271,62.2167],[175.9812,62.2521],[176.0229,62.2562],[176.1125,62.2729],[176.2229,62.2813],[176.2995,62.2984],[176.3516,62.3234],[176.4588,62.387],[176.5151,62.4078],[176.6333,62.4375],[176.6167,62.4708],[176.6599,62.4901],[176.6708,62.5146],[176.7312,62.5292],[176.7547,62.5141],[176.7229,62.4917],[176.75,62.4688],[176.85,62.4938],[176.838,62.5026],[176.9083,62.5125],[176.9833,62.5208],[177.0458,62.5375],[177.125,62.5396],[177.2708,62.5521],[177.3479,62.5563],[177.4688,62.5563],[177.6396,62.5604],[177.7333,62.5563],[177.8833,62.5417],[178.05,62.5354],[178.1016,62.5286],[178.1589,62.4943],[178.2125,62.4854],[178.3292,62.4583],[178.3917,62.4521],[178.4229,62.4417],[178.4917,62.4292],[178.5417,62.425],[178.5562,62.4167],[178.6187,62.4125],[178.6854,62.3958],[178.7813,62.3854],[178.8188,62.3708],[178.8708,62.3667],[178.8979,62.3583],[178.9563,62.3521],[179.037,62.337],[179.0609,62.2964],[179.0838,62.2797],[179.1146,62.275],[179.1557,62.2859],[179.1828,62.3193],[179.1568,62.3297],[179.1463,62.3505],[179.1807,62.3891],[179.1172,62.4172],[179.1141,62.4349],[179.1443,62.4641],[179.2063,62.4917],[179.2563,62.4854],[179.3646,62.4792],[179.4162,62.4984],[179.4214,62.5161],[179.4474,62.5276],[179.4578,62.5536],[179.4438,62.5771],[179.4896,62.6063],[179.5167,62.6146],[179.5708,62.6125],[179.5953,62.6234],[179.5979,62.6521],[179.6224,62.6609],[179.6292,62.6875],[179.6203,62.7151],[179.6245,62.7391],[179.6099,62.7599],[179.5443,62.7818],[179.5766,62.8005],[179.5807,62.8224],[179.562,62.8411],[179.5125,62.8667],[179.3646,62.8771],[179.3255,62.8984],[179.3203,62.9203],[179.2922,62.9401],[179.2797,62.9672],[179.2792,62.9979],[179.263,63.0047],[179.2583,63.0292],[179.2026,63.0266],[179.2229,62.9667],[179.1229,62.9625],[179.0609,62.9859],[179.1396,63.0271],[179.1854,63.0375],[179.2104,63.0333],[179.3068,63.037],[179.3667,63.0646],[179.4,63.0625],[179.4312,63.05],[179.4625,63.0542],[179.4536,63.1161],[179.3943,63.1464],[179.3464,63.1797],[179.337,63.1932],[179.2396,63.2292],[179.1745,63.2328],[179.1083,63.2646],[179.0276,63.2714],[178.9828,63.2839],[178.95,63.3229],[178.9109,63.3141],[178.8995,63.3266],[178.8359,63.3526],[178.8401,63.3766],[178.8979,63.3937],[178.913,63.4089],[178.8651,63.4589],[178.8214,63.5464],[178.813,63.5932],[178.7922,63.5974],[178.8037,63.5536],[178.7984,63.5359],[178.8089,63.5109],[178.8911,63.4109],[178.7839,63.3953],[178.7542,63.3729],[178.7104,63.375],[178.6505,63.3922],[178.6708,63.425],[178.7016,63.4276],[178.6839,63.4693],[178.7188,63.4583],[178.7651,63.4661],[178.7854,63.4958],[178.7526,63.5109],[178.7396,63.5479],[178.6938,63.5229],[178.6734,63.5432],[178.7104,63.5563],[178.7312,63.55],[178.7682,63.5703],[178.6771,63.5583],[178.6474,63.5745],[178.5437,63.5708],[178.5078,63.563],[178.4521,63.5313],[178.3938,63.5125],[178.3479,63.5208],[178.3005,63.5484],[178.2875,63.5812],[178.3266,63.5922],[178.3338,63.6078],[178.3776,63.6224],[178.4104,63.6167],[178.4771,63.6167],[178.5109,63.6099],[178.5141,63.5922],[178.5474,63.5901],[178.5479,63.6333],[178.6187,63.6333],[178.6495,63.6036],[178.6417,63.5896],[178.663,63.5734],[178.7083,63.5917],[178.7437,63.5875],[178.763,63.6036],[178.7474,63.6245],[178.6792,63.6208],[178.6255,63.6526],[178.6193,63.6703],[178.7083,63.6542],[178.7208,63.6437],[178.7724,63.6391],[178.7734,63.6193],[178.8042,63.6125],[178.788,63.6984],[178.787,63.7328],[178.7713,63.7547],[178.762,63.8057],[178.7464,63.8214],[178.7391,63.8495],[178.7109,63.912],[178.6917,63.9125],[178.6953,63.9432],[178.6521,63.9542],[178.5813,63.9583],[178.5495,63.9745],[178.475,63.9854],[178.4396,64.0021],[178.3938,63.9854],[178.3646,63.9875],[178.4255,64.0162],[178.425,64.0313],[178.4875,64.0292],[178.5313,64.0604],[178.5901,64.063],[178.4891,64.1703],[178.4568,64.1984],[178.4255,64.2151],[178.412,64.2578],[178.3755,64.2651],[178.3911,64.2828],[178.363,64.3109],[178.3161,64.3068],[178.2432,64.2672],[178.1687,64.25],[178.1255,64.2349],[178.163,64.1943],[178.1208,64.1854],[178.063,64.2005],[178.0396,64.2167],[177.9771,64.2042],[177.9474,64.2141],[177.8526,64.2338],[177.7839,64.2672],[177.7057,64.3182],[177.6354,64.3438],[177.6109,64.3464],[177.5734,64.3651],[177.5599,64.3807],[177.4859,64.4089],[177.4557,64.4495],[177.4224,64.4786],[177.413,64.4984],[177.4151,64.5286],[177.4422,64.5911],[177.4958,64.6292],[177.4797,64.6443],[177.4901,64.6766],[177.5286,64.7151],[177.5333,64.7354],[177.5083,64.7396],[177.4187,64.7396],[177.3646,64.7521],[177.2901,64.7307],[177.2312,64.7042],[177.1292,64.6979],[177.0859,64.7057],[176.9766,64.6484],[176.8651,64.5932],[176.8641,64.5714],[176.7813,64.5396],[176.7599,64.5474],[176.7287,64.5911],[176.6953,64.6162],[176.6167,64.6458],[176.5375,64.6687],[176.4693,64.6641],[176.4411,64.6214],[176.3562,64.5938],[176.3021,64.5938],[176.2458,64.6083],[176.1859,64.5703],[176.1339,64.5307],[176.1229,64.5042],[176.0911,64.5172],[176.1271,64.5563],[176.1516,64.5609],[176.2068,64.6141],[176.2568,64.6328],[176.3521,64.6396],[176.4125,64.6625],[176.4318,64.688],[176.3651,64.7234],[176.3286,64.7578],[176.3109,64.763],[176.2891,64.8037],[176.2464,64.8214],[176.2326,64.8604],[176.2458,64.8854],[176.2771,64.8854],[176.3917,64.8604],[176.4375,64.8458],[176.4812,64.8],[176.5458,64.8],[176.6083,64.8292],[176.6245,64.8297],[176.6792,64.8542],[176.7047,64.8464],[176.7813,64.8458],[176.8417,64.8229],[176.8813,64.8333],[176.9214,64.8339],[176.963,64.8172],[176.9714,64.7797],[177.0292,64.7813],[177.0891,64.7568],[177.1208,64.7688],[177.1771,64.7646],[177.225,64.775],[177.2771,64.7937],[177.3167,64.7917],[177.3411,64.8047],[177.3125,64.8229],[177.2734,64.8276],[177.2724,64.8588],[177.2609,64.8745],[177.2766,64.9005],[177.2151,64.9172],[177.212,64.9328],[177.1708,64.9479],[177.1104,64.9563],[177.0688,64.9833],[177.037,64.9818],[177.0078,65.0349],[176.975,65.025],[176.9021,65.0229],[176.8682,65.0047],[176.6833,64.9771],[176.6083,64.9771],[176.5875,64.9833],[176.5193,64.9838],[176.4828,65.0057],[176.4599,65.0328],[176.3963,65.0245],[176.3813,65.0104],[176.3422,65.013],[176.3833,65.0333],[176.4224,65.038],[176.4203,65.0557],[176.3839,65.0672],[176.3963,65.0953],[176.4208,65.1208],[176.4536,65.1276],[176.4943,65.1557],[176.513,65.1516],[176.413,65.0911],[176.4167,65.0667],[176.4849,65.062],[176.5229,65.0396],[176.575,65.0396],[176.6026,65.0068],[176.7203,65.0234],[176.7505,65.0391],[176.8854,65.0687],[176.9563,65.0687],[177.0583,65.0396],[177.1037,65.0307],[177.1354,65.0167],[177.1771,65.0167],[177.2182,65.0078],[177.2563,64.9771],[177.2516,64.9526],[177.2318,64.9349],[177.2464,64.9234],[177.3083,64.9125],[177.4104,64.9125],[177.4896,64.9167],[177.5047,64.8974],[177.5057,64.8734],[177.4901,64.8547],[177.5349,64.8401],[177.4937,64.8187],[177.4312,64.8187],[177.4109,64.813],[177.4604,64.7937],[177.5375,64.8021],[177.5682,64.7797],[177.5458,64.7604],[177.6042,64.7604],[177.6391,64.7432],[177.6422,64.7255],[177.6766,64.7141],[177.6859,64.6943],[177.7146,64.6875],[177.8167,64.6792],[177.8979,64.6833],[177.9875,64.6813],[178.0307,64.6661],[178.0333,64.6417],[178.1208,64.6646],[178.1938,64.6646],[178.2771,64.6563],[178.3375,64.6354],[178.4229,64.6438],[178.5792,64.65],[178.6583,64.6708],[178.7604,64.675],[178.8161,64.6464],[178.7896,64.6312],[178.8411,64.6464],[178.9287,64.6818],[179.0151,64.7224],[179.1333,64.7604],[179.2042,64.7667],[179.2792,64.7854],[179.4604,64.7979],[179.5229,64.8],[179.5464,64.8245],[179.5901,64.8495],[179.7266,64.9172],[179.7526,64.9411],[179.8411,64.9901],[179.9125,65.0188],[179.9979,65.0271],[180,65.9841],[180,68.9497],[179.9953,68.9714],[179.8938,68.975],[179.8708,68.9708],[179.7937,68.9792],[179.7208,68.9938],[179.6995,69.0047],[179.6911,69.0432],[179.6271,69.0625],[179.5958,69.0646],[179.5807,69.0964],[179.6266,69.1078],[179.7432,69.0516],[179.8224,69.0266],[179.8958,68.9917],[179.8875,69.0188],[179.7964,69.0463],[179.713,69.0818],[179.6932,69.0974],[179.5104,69.1708],[179.4828,69.1849],[179.4005,69.2109],[179.3932,69.2203],[179.3146,69.2542],[179.2833,69.2521],[179.2292,69.2667],[179.1833,69.2604],[179.1271,69.2646],[178.9854,69.2646],[178.9208,69.275],[178.7875,69.2604],[178.7437,69.2708],[178.7047,69.2984],[178.7307,69.3172],[178.7583,69.3625],[178.7937,69.3562],[178.8542,69.3604],[178.8854,69.3438],[178.9229,69.3458],[178.9682,69.3307],[178.9588,69.2995],[179.0188,69.3104],[179.0813,69.3083],[178.9859,69.3401],[178.9641,69.3536],[178.875,69.3792],[178.7979,69.3896],[178.6438,69.4187],[178.5938,69.4354],[178.4979,69.4479],[178.4583,69.4479],[178.3687,69.4583],[178.3062,69.4229],[178.275,69.425],[178.2229,69.4521],[178.0958,69.4563],[177.9958,69.4688],[177.8646,69.4938],[177.7667,69.5188],[177.75,69.5125],[177.6646,69.5125],[177.6359,69.5234],[177.6516,69.5516],[177.6042,69.5604],[177.5271,69.5833],[177.4354,69.5917],[177.3005,69.5901],[177.3,69.6021],[177.1687,69.5979],[177.1438,69.6083],[177.0625,69.6167],[177.0375,69.625],[176.9625,69.6271],[176.85,69.6542],[176.7495,69.6724],[176.6438,69.6958],[176.5854,69.7021],[176.5083,69.725],[176.4375,69.7333],[176.3646,69.7604],[176.2563,69.7542],[176.2193,69.7724],[176.2974,69.7911],[176.1089,69.8672],[176.0646,69.8771],[175.9729,69.8667],[175.9042,69.8667],[175.9167,69.8521],[175.963,69.8516],[176.025,69.8688],[176.0646,69.8688],[176.1474,69.8411],[176.1641,69.8266],[176.1599,69.8005],[176.1271,69.7708],[175.9979,69.7708],[175.9521,69.7667],[175.8474,69.7828],[175.7412,69.8245],[175.6662,69.8339],[175.6021,69.8333],[175.525,69.8625],[175.5016,69.8359],[175.4292,69.8292],[175.3687,69.8313],[175.3104,69.8208],[175.1833,69.8417],[175.1458,69.8375],[174.9604,69.8396],[174.9042,69.825],[174.8833,69.8354],[174.7813,69.8396],[174.5833,69.8417],[174.5083,69.8479],[174.4937,69.8417],[174.4229,69.8479],[174.3458,69.8688],[174.275,69.8625],[174.1292,69.8771],[174.0479,69.8771],[174.0021,69.8875],[173.8875,69.8708],[173.8646,69.8438],[173.8313,69.8458],[173.8375,69.8667],[173.7688,69.8667],[173.7417,69.8542],[173.7641,69.8328],[173.7167,69.8187],[173.6651,69.8526],[173.7083,69.8667],[173.6083,69.8854],[173.5213,69.9151],[173.5,69.9313],[173.425,69.9313],[173.3083,69.9187],[173.2813,69.9042],[173.3026,69.8776],[173.4162,69.8516],[173.4229,69.8396],[173.4792,69.8292],[173.4734,69.8089],[173.5182,69.7995],[173.4667,69.775],[173.4333,69.7688],[173.35,69.7771],[173.3005,69.7641],[173.2312,69.7604],[173.1979,69.7688],[173.1943,69.7849],[173.2703,69.8016],[173.2167,69.8333],[173.1,69.8313],[172.9859,69.8547],[172.9312,69.8771],[172.8479,69.8938],[172.8026,69.9089],[172.7818,69.9255],[172.7912,69.9432],[172.7417,69.9625],[172.6,69.9417],[172.3979,69.9417],[172.3542,69.9521],[172.275,69.9583],[172.2479,69.9688],[172.1292,69.975],[171.9979,69.9771],[171.9021,69.9854],[171.8042,70.0021],[171.7,70.0146],[171.6042,70.0167],[171.4229,70.0521],[171.3542,70.0521],[171.2958,70.0458],[171.2563,70.0563],[171.1042,70.0625],[171.0396,70.0833],[170.9125,70.0771],[170.7583,70.0813],[170.7021,70.0958],[170.6047,70.0974],[170.5734,70.0787],[170.5995,70.0422],[170.5437,69.9729],[170.5474,69.9443],[170.5297,69.9047],[170.5578,69.8974],[170.5786,69.8318],[170.5729,69.8021],[170.5984,69.7714],[170.6182,69.7662],[170.5333,69.7312],[170.4854,69.7229],[170.3938,69.725],[170.2797,69.6995],[170.1984,69.6578],[170.1526,69.6047],[170.1979,69.5813],[170.2729,69.5792],[170.3938,69.5958],[170.5625,69.5979],[170.612,69.5849],[170.6662,69.5557],[170.6979,69.5125],[170.6943,69.4786],[170.725,69.4583],[170.7599,69.4495],[170.7724,69.4287],[170.763,69.3734],[170.7833,69.3604],[170.8401,69.3526],[170.8974,69.3161],[170.9287,69.2849],[170.9375,69.2292],[170.9162,69.1859],[170.8901,69.163],[170.9458,69.1542],[170.9912,69.137],[171.0349,69.0953],[171.0104,69.0667],[171.0151,69.0484],[170.9651,69.0286],[170.9599,69.0151],[170.8354,68.9708],[170.7625,68.9437],[170.663,68.9307],[170.7005,68.8964],[170.6724,68.8682],[170.7057,68.8516],[170.663,68.8443],[170.6401,68.8849],[170.6516,68.912],[170.6109,68.9203],[170.5229,68.8792],[170.475,68.8646],[170.3547,68.8411],[170.4021,68.8229],[170.5104,68.8146],[170.5224,68.8037],[170.4193,68.7828],[170.4162,68.8057],[170.3682,68.8287],[170.3125,68.8375],[170.2771,68.8229],[170.1979,68.8021],[170.0917,68.7917],[170.0313,68.7917],[169.8854,68.775],[169.7208,68.7646],[169.6146,68.7667],[169.55,68.7896],[169.463,68.8089],[169.4151,68.8544],[169.413,68.9016],[169.4411,68.9193],[169.4307,68.9943],[169.3917,69.0542],[169.3083,69.0792],[169.2292,69.0729],[169.1854,69.0813],[169.1042,69.0854],[169.0703,69.1057],[169.012,69.1245],[168.9542,69.1354],[168.8958,69.1583],[168.8229,69.1708],[168.7146,69.1979],[168.6583,69.2021],[168.4812,69.2],[168.3417,69.2063],[168.2891,69.2286],[168.2589,69.2526],[168.2297,69.2943],[168.2151,69.3714],[168.2292,69.425],[168.2557,69.4464],[168.2766,69.4849],[168.2651,69.512],[168.2849,69.5411],[168.2703,69.5516],[168.1583,69.5687],[168.0089,69.6172],[167.962,69.6412],[168.0479,69.6854],[168.0932,69.6766],[168.0568,69.7266],[168.0557,69.7432],[167.9792,69.7521],[167.9417,69.7688],[167.7458,69.7688],[167.6854,69.7458],[167.5682,69.6943],[167.5213,69.6787],[167.375,69.6146],[167.3526,69.6099],[167.2328,69.5589],[167.0375,69.4938],[166.9604,69.4771],[166.8979,69.4771],[166.8896,69.4875],[166.7734,69.4859],[166.6771,69.5125],[166.5917,69.5],[166.4083,69.4979],[166.2167,69.5062],[166.0917,69.5208],[165.9875,69.5396],[165.9312,69.5542],[165.8042,69.5708],[165.4417,69.5708],[165.325,69.5813],[165.1917,69.5854],[165.1083,69.5729],[164.9563,69.5604],[164.8625,69.5583],[164.6771,69.5708],[164.5604,69.5813],[164.5021,69.5938],[164.2792,69.6604],[164.1839,69.7005],[164.137,69.7453],[164.0125,69.7542],[163.8792,69.6958],[163.8042,69.6792],[163.6792,69.6708],[163.5583,69.6708],[163.4708,69.675],[163.3271,69.7042],[163.1979,69.6979],[163.1104,69.675],[163.0396,69.6687],[162.9583,69.6542],[162.9167,69.6542],[162.8687,69.6354],[162.7875,69.6396],[162.7292,69.6354],[162.5833,69.6708],[162.5313,69.6563],[162.4125,69.6583],[162.3537,69.6318],[162.2917,69.625],[162.2172,69.6318],[162.2328,69.5964],[162.1979,69.5875],[162.1479,69.5896],[162.1141,69.5714],[162.0609,69.562],[162.0745,69.5401],[161.9818,69.5266],[161.9354,69.5104],[161.8375,69.5021],[161.7766,69.4693],[161.7068,69.4464],[161.6641,69.4109],[161.6042,69.3854],[161.5089,69.3786],[161.4818,69.3422],[161.4521,69.3271],[161.4443,69.2984],[161.4766,69.2891],[161.5078,69.263],[161.4787,69.2401],[161.4453,69.1995],[161.4729,69.1854],[161.5328,69.1724],[161.537,69.1547],[161.5005,69.1349],[161.5266,69.1203],[161.5203,69.0797],[161.4964,69.0599],[161.5453,69.0391],[161.5755,68.9484],[161.6224,68.9307],[161.6125,68.8979],[161.6245,68.8891],[161.5932,68.8672],[161.5375,68.875],[161.5021,68.8708],[161.4339,68.8328],[161.4203,68.8047],[161.3833,68.7958],[161.3682,68.7776],[161.3214,68.7578],[161.3234,68.7443],[161.2922,68.7255],[161.3432,68.6974],[161.3516,68.6713],[161.3109,68.6578],[161.2734,68.6328],[161.2766,68.6234],[161.2193,68.5807],[161.2036,68.5568],[161.1495,68.5255],[161.1088,68.5125],[161.0932,68.5333],[161.1516,68.5568],[161.1672,68.5995],[161.2266,68.638],[161.2412,68.6641],[161.2214,68.6953],[161.2516,68.713],[161.2276,68.7422],[161.238,68.7662],[161.2912,68.8026],[161.3,68.825],[161.3807,68.8943],[161.4162,68.9109],[161.4099,68.9224],[161.4411,68.9484],[161.4292,68.9771],[161.3338,69.0026],[161.2854,69.025],[161.1958,69.0396],[161.0833,69.0521],[161.0313,69.0542],[160.9828,69.0693],[160.9776,69.0828],[161.0068,69.1036],[161.0849,69.1401],[161.0932,69.1599],[161.0276,69.2245],[161.0974,69.2974],[161.0641,69.3287],[161.0068,69.3672],[160.9901,69.3943],[161.0099,69.4193],[160.9979,69.4354],[160.9625,69.4375],[160.9609,69.4724],[160.9917,69.4854],[160.9849,69.4984],[161.0932,69.538],[161.1,69.5771],[161.0068,69.5818],[160.9375,69.6292],[160.8917,69.6292],[160.8438,69.6417],[160.7437,69.6438],[160.7083,69.6542],[160.5792,69.6687],[160.4292,69.6667],[160.3896,69.6479],[160.3849,69.6328],[160.4193,69.5891],[160.4172,69.5734],[160.4583,69.5667],[160.5057,69.537],[160.4688,69.5375],[160.3891,69.5714],[160.3349,69.6349],[160.3193,69.6422],[160.362,69.663],[160.3474,69.6828],[160.2417,69.7083],[160.175,69.7042],[160.1542,69.7229],[160.0792,69.7312],[160.0526,69.7172],[159.9708,69.7521],[159.8646,69.7729],[159.8161,69.7891],[159.7786,69.812],[159.7443,69.8214],[159.7307,69.838],[159.6776,69.8662],[159.7464,69.9182],[159.8505,69.9724],[159.8682,69.9891],[159.8505,69.9995],[159.8818,70.0328],[159.9516,70.0734],[159.9396,70.0833],[159.8687,70.0833],[159.7646,70.1],[159.7563,70.1146],[159.8875,70.1146],[159.9266,70.1068],[159.9693,70.1641],[160.0224,70.1922],[160.0974,70.2422],[160.0849,70.287],[160.0599,70.3328],[160.0078,70.3974],[159.9203,70.4891],[159.8651,70.5276],[159.8182,70.5682],[159.7661,70.5995],[159.6984,70.6255],[159.6578,70.6557],[159.6016,70.6849],[159.4766,70.7214],[159.4187,70.7458],[159.3313,70.7688],[159.125,70.8313],[159.0938,70.8313],[158.9937,70.8562],[158.875,70.8812],[158.7245,70.9078],[158.675,70.9125],[158.6313,70.9271],[158.4688,70.9271],[158.4563,70.9521],[158.4063,70.9521],[158.2833,70.9688],[158.2375,70.9792],[158.1687,70.9792],[158.125,70.9938],[157.975,71.0021],[157.9604,71.0083],[157.5625,71.0396],[157.4208,71.0417],[157.3854,71.0542],[157.3,71.0583],[157.2854,71.0437],[157.1646,71.05],[157.1812,71.0604],[157.0979,71.0667],[157.0292,71.0667],[156.9187,71.0729],[156.7083,71.0729],[156.6625,71.075],[156.6047,71.0578],[156.55,71.0687],[156.3146,71.0687],[156.1417,71.0771],[155.9438,71.075],[155.7937,71.0667],[155.6417,71.05],[155.6016,71.0349],[155.4833,71.0354],[155.1958,71.0146],[154.9375,70.9979],[154.8292,70.9875],[154.8141,70.9672],[154.7667,70.9792],[154.6604,70.9708],[154.6271,70.9604],[154.5729,70.9646],[154.5042,70.9521],[154.4229,70.9479],[154.2083,70.925],[154.0604,70.9021],[154.0458,70.8896],[153.9833,70.8938],[153.9208,70.8792],[153.8208,70.875],[153.7792,70.8604],[153.5167,70.8604],[153.4187,70.8479],[153.3521,70.8458],[153.1354,70.8229],[153.113,70.812],[153.0625,70.8167],[152.9563,70.8083],[152.8813,70.8125],[152.8167,70.8104],[152.7063,70.8167],[152.5896,70.8167],[152.5589,70.8016],[152.5,70.8271],[152.4104,70.8292],[152.2854,70.8562],[152.2167,70.8604],[152.1812,70.8792],[152.1208,70.8938],[152.0625,70.925],[151.9792,70.9375],[151.8208,70.9375],[151.6875,70.9625],[151.675,70.9792],[151.8354,70.975],[151.9042,70.9667],[151.9917,70.9688],[152.0724,70.9859],[152.0583,71.0083],[151.9672,71.0391],[151.9526,71.0537],[151.8313,71.0563],[151.7542,71.0625],[151.8354,71.0896],[151.9245,71.0974],[151.8667,71.1188],[151.8182,71.1578],[151.7214,71.1964],[151.6745,71.2224],[151.7214,71.238],[151.7016,71.2547],[151.6167,71.2937],[151.5318,71.3078],[151.5292,71.3208],[151.4146,71.3354],[151.3708,71.3354],[151.2,71.3646],[151.15,71.3646],[151.1062,71.3854],[151.025,71.3833],[150.9083,71.3625],[150.813,71.3516],[150.7703,71.3234],[150.738,71.3161],[150.712,71.2943],[150.6484,71.2828],[150.6224,71.2484],[150.5734,71.2203],[150.5464,71.2193],[150.6458,71.2875],[150.6818,71.3391],[150.738,71.3703],[150.8021,71.3708],[150.8849,71.3859],[150.8354,71.4],[150.8662,71.4287],[150.8557,71.4391],[150.7708,71.4292],[150.7339,71.4141],[150.7083,71.3812],[150.6005,71.3411],[150.5807,71.3234],[150.5266,71.3005],[150.4979,71.3104],[150.413,71.3037],[150.3375,71.2604],[150.275,71.2708],[150.237,71.2547],[150.1839,71.2203],[150.1354,71.2146],[150.0271,71.2229],[149.9536,71.1776],[149.837,71.1818],[149.8583,71.2208],[149.9229,71.2271],[149.9901,71.2203],[150.0375,71.2271],[150.1646,71.225],[150.2188,71.2646],[150.2437,71.2729],[150.3438,71.2708],[150.3505,71.2828],[150.4083,71.3167],[150.4563,71.3146],[150.5625,71.3292],[150.6182,71.3828],[150.6641,71.3859],[150.6703,71.4161],[150.7182,71.4557],[150.6687,71.4979],[150.6187,71.4979],[150.5417,71.5104],[150.3891,71.5099],[150.1938,71.5146],[150.1708,71.525],[150.2646,71.5313],[150.2813,71.5437],[150.2604,71.5604],[150.1687,71.5667],[150.0896,71.55],[150.0708,71.5292],[149.9922,71.512],[149.9609,71.4912],[149.9703,71.4807],[149.9411,71.4568],[149.8104,71.4396],[149.7745,71.4234],[149.7495,71.3984],[149.725,71.3875],[149.6938,71.3854],[149.6411,71.4057],[149.6146,71.4042],[149.5818,71.387],[149.6542,71.3854],[149.6891,71.3766],[149.6604,71.3562],[149.5792,71.3604],[149.5443,71.3745],[149.5859,71.4036],[149.6687,71.4187],[149.6599,71.4057],[149.6818,71.3922],[149.7167,71.3896],[149.763,71.4391],[149.8583,71.4583],[149.9057,71.463],[149.8651,71.4849],[149.8979,71.4979],[149.9604,71.5083],[150.0557,71.5411],[150.0422,71.5484],[150.1187,71.5729],[150.1953,71.5849],[150.1547,71.6005],[150.0922,71.6109],[150.0583,71.6333],[149.9,71.6604],[149.8458,71.65],[149.8104,71.6563],[149.7609,71.6401],[149.7083,71.65],[149.6021,71.6417],[149.4646,71.6479],[149.3505,71.6755],[149.3229,71.6917],[149.2229,71.6729],[149.1354,71.6958],[149.1016,71.6734],[149.0583,71.6646],[148.9812,71.6667],[148.8714,71.6974],[148.9521,71.7042],[149.0141,71.6953],[149.0401,71.7307],[149.0849,71.7547],[149.175,71.7708],[149.2234,71.8037],[149.3062,71.8438],[149.3271,71.8375],[149.4057,71.8651],[149.4104,71.8896],[149.5271,71.8875],[149.562,71.8922],[149.5401,71.9224],[149.5771,71.9271],[149.6162,71.9161],[149.5797,71.8818],[149.5208,71.8792],[149.5484,71.8443],[149.5995,71.813],[149.5838,71.7943],[149.6578,71.7828],[149.688,71.7526],[149.7125,71.7479],[149.8625,71.7896],[149.9958,71.8146],[150.0458,71.8167],[150.1057,71.8422],[150.1099,71.8891],[150.0412,71.9505],[149.9776,71.9818],[149.9599,72.0016],[149.9208,72.0083],[149.875,72.0396],[149.8464,72.0401],[149.7849,72.0745],[149.7042,72.0938],[149.6375,72.1208],[149.4729,72.1667],[149.3479,72.1917],[149.2979,72.1937],[149.05,72.2354],[149.0453,72.2224],[148.9818,72.2245],[148.9724,72.2401],[148.6875,72.275],[148.6104,72.2917],[148.3979,72.3187],[148.2208,72.3187],[148.1,72.3229],[148.0188,72.3146],[147.8479,72.3167],[147.8083,72.3229],[147.6,72.3271],[147.5688,72.3208],[147.5021,72.325],[147.3833,72.3167],[147.2771,72.3146],[147.1354,72.3063],[147.1062,72.2958],[147.0537,72.2589],[146.9755,72.2349],[146.8297,72.1807],[146.7203,72.0943],[146.6609,72.0724],[146.6266,72.0422],[146.5547,72.0162],[146.4891,71.9734],[146.4276,71.9432],[146.3443,71.9224],[146.3307,71.8922],[146.2505,71.8641],[146.2307,71.8443],[146.1609,71.8182],[146.1141,71.7922],[146.0167,71.7604],[145.9542,71.7521],[145.8729,71.7271],[145.7813,71.7083],[145.7083,71.7063],[145.6839,71.7193],[145.5771,71.7083],[145.5583,71.6854],[145.4833,71.6771],[145.4521,71.6604],[145.3755,71.6516],[145.337,71.6787],[145.2583,71.6729],[145.2146,71.6604],[145.1078,71.6693],[145.0625,71.65],[145.038,71.6609],[145.0646,71.6896],[145.0146,71.6896],[144.938,71.7068],[144.9479,71.725],[144.9234,71.7422],[144.9214,71.7682],[144.9708,71.775],[145.0682,71.7672],[145.1208,71.7979],[145.1891,71.7984],[145.2328,71.838],[145.2104,71.8542],[145.15,71.8542],[145.1151,71.8651],[145.0599,71.8953],[145.0318,71.8984],[145.0297,71.9495],[145.1125,71.9375],[145.1193,71.9245],[145.1917,71.9271],[145.2813,71.9021],[145.3307,71.8828],[145.3417,71.8625],[145.4208,71.8833],[145.4896,71.8812],[145.563,71.9057],[145.6187,71.9167],[145.7167,71.9167],[145.7563,71.9],[145.788,71.9224],[145.8208,71.9271],[145.8474,71.9474],[145.8172,71.9838],[145.8286,72.0078],[145.7896,72.0354],[145.6729,72.0292],[145.6401,72.0568],[145.6516,72.0724],[145.6276,72.0932],[145.6625,72.1042],[145.6729,72.1354],[145.7776,72.1776],[145.8068,72.2172],[145.7437,72.2083],[145.6547,72.2109],[145.6542,72.2438],[145.7995,72.2641],[145.7854,72.2354],[145.8896,72.2167],[145.912,72.2016],[145.8797,72.1787],[145.8792,72.1458],[145.9354,72.1542],[146.0286,72.1964],[146.0828,72.2005],[146.0026,72.1432],[145.9505,72.0911],[145.9943,72.088],[146.0901,72.1245],[146.0234,72.1339],[146.0479,72.1563],[146.1771,72.1521],[146.3042,72.1208],[146.263,72.112],[146.2547,72.0953],[146.2026,72.0828],[146.1104,72.0313],[146.0234,72.0214],[145.9839,71.9776],[145.9995,71.9505],[145.9609,71.8974],[145.9984,71.8849],[146.1422,71.9516],[146.2036,71.9724],[146.2583,71.9771],[146.3182,72.0005],[146.4036,72.0234],[146.4588,72.0537],[146.5245,72.0755],[146.5724,72.1047],[146.4958,72.0958],[146.4036,72.1057],[146.4458,72.1167],[146.4026,72.138],[146.4099,72.1484],[146.4714,72.1526],[146.5307,72.1432],[146.5089,72.1214],[146.5833,72.1083],[146.6411,72.1339],[146.7276,72.1953],[146.8089,72.2328],[146.8974,72.2651],[146.9599,72.3037],[146.9375,72.3146],[146.8438,72.3083],[146.6583,72.3125],[146.5271,72.3125],[146.3687,72.3021],[146.2458,72.3021],[146.0938,72.2958],[145.8417,72.2792],[145.5542,72.2729],[145.4292,72.2625],[145.2292,72.2583],[145.1417,72.2521],[144.8662,72.2193],[144.7667,72.2208],[144.7328,72.1964],[144.6833,72.1792],[144.5375,72.1521],[144.4896,72.1583],[144.4187,72.1563],[144.3313,72.1729],[144.2828,72.2016],[144.2516,72.2297],[144.288,72.2786],[144.3693,72.2714],[144.4411,72.2495],[144.4396,72.2292],[144.5042,72.2292],[144.563,72.2745],[144.7047,72.3641],[144.7937,72.4042],[144.9021,72.4187],[144.9542,72.4313],[145.0667,72.4208],[145.1005,72.3964],[145.1438,72.4],[145.2271,72.4292],[145.3021,72.4063],[145.3557,72.3745],[145.3891,72.3432],[145.4479,72.3542],[145.5458,72.3542],[145.6313,72.3458],[145.85,72.3396],[145.9688,72.3396],[146.0708,72.3438],[146.1833,72.3438],[146.2708,72.3375],[146.3979,72.3375],[146.5104,72.3438],[146.6625,72.3417],[146.7292,72.3354],[146.7771,72.3458],[146.6812,72.3688],[146.4729,72.3958],[146.338,72.4193],[146.3208,72.4292],[146.2583,72.4292],[146.1083,72.4542],[146.0313,72.4729],[145.9438,72.475],[145.8854,72.4875],[145.7271,72.5083],[145.6417,72.5083],[145.6021,72.5229],[145.4776,72.5297],[145.325,72.5521],[145.2771,72.5521],[145.1146,72.5667],[145.0813,72.5667],[144.875,72.5833],[144.7542,72.5979],[144.675,72.6],[144.6146,72.6125],[144.3104,72.6396],[144.1563,72.65],[144.0938,72.65],[144,72.6583],[143.8479,72.6542],[143.7583,72.6583],[143.6042,72.6771],[143.4771,72.6854],[142.9417,72.6896],[142.7688,72.6958],[142.6354,72.6958],[142.4146,72.7042],[142.2813,72.7042],[142.0333,72.7125],[141.8583,72.725],[141.5833,72.7646],[141.55,72.7771],[141.4484,72.8005],[141.4224,72.8266],[141.3042,72.8479],[141.2,72.85],[141.1375,72.8562],[141.0375,72.8562],[140.9688,72.8688],[140.8667,72.8771],[140.7542,72.8667],[140.7318,72.8318],[140.7703,72.8182],[140.763,72.7984],[140.8328,72.787],[140.9021,72.7417],[140.962,72.7245],[140.9771,72.7042],[141.013,72.688],[141.0958,72.6792],[141.1662,72.6536],[141.1307,72.612],[141.0437,72.5896],[140.9734,72.5589],[140.9109,72.5234],[140.8458,72.5208],[140.7625,72.4979],[140.5229,72.4688],[140.2375,72.4708],[140.0813,72.4854],[139.9625,72.4854],[139.8583,72.4958],[139.7375,72.4958],[139.6083,72.4917],[139.5359,72.4703],[139.487,72.4443],[139.4109,72.4182],[139.2984,72.3703],[139.2401,72.3411],[139.2276,72.3151],[139.1568,72.2807],[139.1438,72.2583],[139.163,72.2109],[139.2104,72.1583],[139.2542,72.1396],[139.3333,72.1229],[139.3938,72.1333],[139.4708,72.1729],[139.5391,72.1943],[139.5505,72.2057],[139.6354,72.2271],[139.7625,72.2271],[139.8208,72.2188],[140.0146,72.2333],[140.0828,72.2266],[140.1167,72.2146],[140.2083,72.2146],[140.2536,72.2078],[140.2833,72.1792],[140.2333,72.15],[140.1479,72.1333],[140.0729,72.1354],[140.0375,72.15],[140.1458,72.1708],[140.1687,72.1875],[140.075,72.1917],[139.9812,72.1792],[139.9318,72.1661],[139.9089,72.1453],[139.9016,72.1109],[139.8526,72.1036],[139.8604,72.0875],[139.7922,72.0724],[139.7526,72.0537],[139.7042,71.9958],[139.6042,71.9563],[139.5313,71.9604],[139.4359,71.9734],[139.5036,72.0276],[139.5068,72.0453],[139.4479,72.0396],[139.3729,71.9812],[139.3672,71.9339],[139.4312,71.9437],[139.4979,71.9396],[139.5792,71.9271],[139.7292,71.9167],[139.762,71.9016],[139.7651,71.8693],[139.7901,71.8495],[139.7755,71.8287],[139.7797,71.7786],[139.7995,71.7599],[139.7776,71.6984],[139.8005,71.6547],[139.85,71.6292],[139.8646,71.5917],[139.9224,71.5745],[139.913,71.5568],[139.9599,71.538],[140.0313,71.5208],[139.9839,71.5089],[140.0526,71.4786],[139.9401,71.4838],[139.8755,71.4724],[139.862,71.4537],[139.7932,71.4578],[139.7417,71.4792],[139.6687,71.4854],[139.4771,71.4938],[139.4568,71.4734],[139.4682,71.4589],[139.4287,71.4234],[139.3313,71.4063],[139.2333,71.4021],[139.1818,71.4193],[139.1609,71.4391],[139.1849,71.4568],[139.1484,71.5068],[139.1599,71.5203],[139.1318,71.5599],[139.1724,71.5818],[139.1646,71.5958],[139.0938,71.6125],[139.0578,71.6339],[139.0625,71.6479],[139.0172,71.6526],[139.0245,71.6745],[138.9604,71.6896],[138.8375,71.6708],[138.7167,71.6229],[138.6563,71.6146],[138.5771,71.6208],[138.4917,71.6146],[138.4125,71.6021],[138.2729,71.5875],[138.1812,71.5833],[138.1255,71.5891],[138.1005,71.562],[138.137,71.5443],[138.1037,71.4859],[138.0724,71.4589],[138.0109,71.4328],[137.9953,71.4089],[137.9417,71.3854],[137.9474,71.3703],[138.0188,71.3625],[138.0391,71.3495],[138.0958,71.3438],[138.125,71.3313],[138.225,71.3208],[138.0833,71.3083],[138.0318,71.2943],[138.1125,71.2833],[138.175,71.275],[138.2208,71.2833],[138.2771,71.2688],[138.2937,71.2854],[138.3557,71.2714],[138.3125,71.2583],[138.2896,71.2354],[138.1521,71.2396],[138.0958,71.2146],[138.0193,71.213],[137.9667,71.225],[137.9245,71.2474],[137.8818,71.2495],[137.8089,71.2391],[137.7943,71.2151],[137.8229,71.2083],[137.8828,71.2141],[137.9146,71.2021],[137.9812,71.2104],[138.0083,71.1937],[138.0437,71.2],[138.1271,71.1646],[138.1146,71.1563],[138.1662,71.1391],[138.1208,71.1083],[138.0661,71.1047],[138.0146,71.1146],[138.0412,71.137],[137.9271,71.1354],[137.9229,71.1042],[137.8474,71.1109],[137.8537,71.1495],[137.8089,71.163],[137.8042,71.1854],[137.7797,71.1901],[137.7672,71.2193],[137.7828,71.2557],[137.738,71.2557],[137.7786,71.2807],[137.7292,71.2813],[137.6667,71.2479],[137.5464,71.2734],[137.5516,71.2974],[137.5151,71.3193],[137.4995,71.3432],[137.4312,71.3479],[137.3771,71.3604],[137.3333,71.3542],[137.2984,71.3662],[137.387,71.3786],[137.387,71.3932],[137.3229,71.4063],[137.1854,71.4125],[137.0922,71.4297],[137.0521,71.4563],[136.9792,71.4646],[136.9557,71.487],[136.9021,71.5125],[136.938,71.5255],[136.875,71.5333],[136.8,71.5313],[136.7292,71.5354],[136.675,71.5167],[136.6313,71.4917],[136.6005,71.4849],[136.6536,71.4641],[136.6276,71.4537],[136.5724,71.4818],[136.5974,71.4964],[136.5437,71.5104],[136.4542,71.4958],[136.4479,71.5104],[136.5917,71.5229],[136.6089,71.5349],[136.6833,71.5604],[136.7495,71.5693],[136.6458,71.5917],[136.6037,71.5922],[136.5734,71.6109],[136.5,71.6104],[136.4708,71.5875],[136.3583,71.5792],[136.3537,71.5922],[136.2937,71.6167],[136.2854,71.6083],[136.1682,71.6099],[136.0911,71.6193],[136.0792,71.6333],[135.9896,71.6333],[135.9708,71.6417],[135.7875,71.6375],[135.7896,71.6271],[135.6812,71.6271],[135.575,71.6021],[135.4646,71.5938],[135.2083,71.5458],[135.1625,71.5417],[135.0188,71.5167],[134.9208,71.4875],[134.8896,71.4729],[134.8479,71.4729],[134.8193,71.4526],[134.8703,71.4349],[134.8651,71.4255],[134.975,71.4021],[134.9995,71.387],[134.9438,71.3812],[134.8474,71.3662],[134.7833,71.3729],[134.7234,71.3922],[134.6583,71.4],[134.5813,71.3792],[134.4396,71.3625],[134.3396,71.3625],[134.0771,71.3792],[133.7833,71.4187],[133.6896,71.4354],[133.6354,71.45],[133.4958,71.4792],[133.3568,71.5193],[133.1839,71.5859],[133.162,71.5974],[133.1141,71.6453],[133.0661,71.6745],[133.013,71.6922],[132.9912,71.7224],[132.9438,71.7417],[132.85,71.7438],[132.7922,71.7589],[132.7609,71.7755],[132.75,71.8],[132.7734,71.8245],[132.8167,71.8333],[132.7964,71.8505],[132.7818,71.912],[132.8005,71.9276],[132.8542,71.9396],[132.7542,71.9479],[132.6547,71.9203],[132.5464,71.8662],[132.4755,71.8078],[132.462,71.788],[132.3766,71.7359],[132.3505,71.7266],[132.2818,71.6682],[132.2578,71.6276],[132.2401,71.6203],[132.1734,71.5432],[132.0401,71.3109],[132.0516,71.288],[132.013,71.287],[131.9953,71.2703],[132,71.2396],[132.0604,71.2312],[132.1208,71.2312],[132.2036,71.2141],[132.0604,71.2188],[132.0188,71.2271],[131.9588,71.2161],[131.9089,71.1953],[131.8583,71.1583],[131.9292,71.1542],[131.8917,71.1208],[131.8479,71.1292],[131.8146,71.1104],[131.8068,71.0578],[131.7396,70.9542],[131.6839,70.9203],[131.6745,70.9068],[131.6255,70.8849],[131.6182,70.8588],[131.5297,70.8224],[131.5167,70.8],[131.4776,70.7953],[131.4641,70.7797],[131.3146,70.725],[131.2667,70.7188],[131.0646,70.7063],[131.037,70.7245],[130.9651,70.7422],[130.9318,70.7651],[130.9417,70.7854],[130.9536,70.812],[130.9349,70.8391],[130.8797,70.8547],[130.8708,70.9187],[130.8338,70.9276],[130.8266,70.8755],[130.7625,70.8521],[130.6417,70.8458],[130.5859,70.8505],[130.5714,70.8609],[130.5599,70.9057],[130.5146,70.9063],[130.4583,70.8958],[130.4,70.8958],[130.3443,70.9068],[130.3432,70.9182],[130.2813,70.9313],[130.2422,70.962],[130.2766,70.9828],[130.2292,70.9979],[130.2188,71.0167],[130.1703,71.0578],[130.1208,71.0729],[130.062,71.0463],[129.9839,71.0557],[129.9932,71.0755],[129.9312,71.0792],[129.9026,71.0599],[129.8338,71.0787],[129.8042,71.1062],[129.8161,71.1286],[129.763,71.1672],[129.7661,71.2057],[129.6854,71.2438],[129.5833,71.2646],[129.4958,71.2604],[129.463,71.2797],[129.4766,71.2974],[129.4464,71.313],[129.4432,71.3391],[129.4068,71.3734],[129.412,71.4036],[129.3724,71.4599],[129.3255,71.4578],[129.288,71.4755],[129.2912,71.5005],[129.3224,71.5245],[129.312,71.5474],[129.263,71.5672],[129.2474,71.5953],[129.1958,71.6062],[129.1458,71.5917],[129.0396,71.5958],[128.9958,71.5792],[128.9333,71.5792],[128.9109,71.5922],[128.9328,71.6109],[128.8833,71.6417],[128.8963,71.6828],[128.9583,71.6896],[128.9812,71.7042],[129.1229,71.7021],[129.2453,71.7193],[129.2521,71.7333],[129.4193,71.7349],[129.5292,71.7208],[129.4661,71.7682],[129.3917,71.7875],[129.3479,71.8125],[129.3682,71.8453],[129.2932,71.8995],[129.1714,71.9526],[129.1333,71.9875],[129.1401,71.9547],[129.1578,71.9411],[129.1609,71.9005],[129.2057,71.8828],[129.2047,71.8651],[129.2328,71.8557],[129.2724,71.8234],[129.2297,71.7859],[129.1021,71.7458],[128.9812,71.7333],[128.9438,71.725],[128.9083,71.7438],[128.8729,71.7438],[128.7401,71.763],[128.7214,71.7839],[128.7349,71.8016],[128.7026,71.8151],[128.7141,71.8328],[128.6797,71.8547],[128.6787,71.8724],[128.6354,71.8875],[128.5896,71.8917],[128.5255,71.9359],[128.5068,71.9724],[128.5229,72.0083],[128.5141,72.037],[128.4583,72.0542],[128.3359,72.0776],[128.3266,72.1182],[128.3125,72.125],[128.2021,72.1375],[128.1333,72.1521],[128.0984,72.1713],[128.0974,72.1911],[128.0167,72.1979],[127.9766,72.2245],[127.925,72.2396],[127.8063,72.2375],[127.7859,72.2578],[127.8604,72.2542],[127.8875,72.2646],[127.8438,72.2875],[127.8328,72.3078],[127.7958,72.325],[127.6396,72.3604],[127.4854,72.3583],[127.4083,72.3708],[127.3729,72.3833],[127.2167,72.4063],[127.1354,72.4],[127.0667,72.4083],[126.8438,72.4083],[126.725,72.3922],[126.6443,72.3964],[126.6474,72.4078],[126.5974,72.4422],[126.5943,72.487],[126.6286,72.5068],[126.7479,72.5292],[126.8688,72.5396],[126.9313,72.5458],[126.9891,72.5651],[127.0901,72.6099],[127.15,72.6167],[127.2438,72.6146],[127.2568,72.6391],[127.2932,72.6484],[127.3818,72.7078],[127.4208,72.7021],[127.5729,72.7021],[127.5792,72.7188],[127.538,72.7297],[127.5917,72.7542],[127.637,72.7297],[127.5917,72.6917],[127.6937,72.6896],[127.7542,72.6979],[127.7859,72.7328],[127.8708,72.7646],[127.9838,72.7682],[128.0604,72.7479],[128.1062,72.75],[128.1729,72.7708],[128.2146,72.7917],[128.2688,72.7937],[128.3037,72.8047],[128.3037,72.8245],[128.2713,72.8401],[128.2937,72.8729],[128.3333,72.8729],[128.4021,72.8958],[128.3854,72.9083],[128.3188,72.9083],[128.275,72.9],[128.2083,72.9],[128.0854,72.8917],[127.9896,72.9],[127.9063,72.8833],[127.8271,72.8875],[127.7458,72.9],[127.6609,72.8849],[127.6453,72.8672],[127.587,72.8588],[127.525,72.8625],[127.3505,72.837],[127.3479,72.8479],[127.4583,72.8604],[127.4729,72.8688],[127.625,72.8688],[127.6604,72.9063],[127.725,72.9292],[127.8042,72.9458],[127.9313,72.9333],[127.9083,72.9292],[127.9667,72.9104],[128.0938,72.9396],[128.2437,72.9354],[128.3708,72.9708],[128.5208,72.9792],[128.5479,72.9896],[128.5833,72.9917],[128.7167,73.0188],[128.8286,73.0495],[128.7943,73.063],[128.8479,73.0833],[128.9396,73.0875],[128.9021,73.1271],[128.8328,73.1412],[128.8037,73.0984],[128.7354,73.1083],[128.8141,73.1318],[128.8026,73.1495],[128.8667,73.175],[128.9328,73.1922],[128.8521,73.2188],[128.825,73.2354],[128.7625,73.2458],[128.6083,73.2479],[128.575,73.2417],[128.4604,73.2396],[128.4146,73.2562],[128.3375,73.2667],[128.2625,73.2271],[128.1859,73.2266],[128.1938,73.2417],[128.3104,73.2729],[128.4271,73.2813],[128.4729,73.2958],[128.4104,73.3104],[128.4312,73.3417],[128.3813,73.3625],[128.2604,73.3729],[128.1979,73.3646],[128.1542,73.3438],[128.0917,73.3438],[128.0339,73.3307],[128.0047,73.3453],[128.0807,73.3693],[128.0859,73.3912],[128.1229,73.3938],[128.225,73.4083],[128.2042,73.4167],[128.1333,73.4125],[128.0359,73.3943],[128.0146,73.4083],[127.9583,73.4187],[127.8875,73.4167],[127.8167,73.3938],[127.762,73.3859],[127.7547,73.4141],[127.8479,73.4146],[127.8771,73.4229],[127.9542,73.4229],[128.0188,73.4354],[128.0313,73.4146],[128.0958,73.4146],[128.1125,73.4313],[128.0437,73.4583],[127.9,73.4708],[127.8964,73.4505],[127.8063,73.45],[127.8354,73.4688],[127.6896,73.4667],[127.6151,73.4734],[127.612,73.4849],[127.5479,73.4875],[127.5083,73.4708],[127.4542,73.4708],[127.4599,73.4401],[127.4109,73.4287],[127.4589,73.3734],[127.4938,73.3625],[127.4792,73.3542],[127.4583,73.3479],[127.3568,73.3411],[127.3786,73.2943],[127.2922,73.2807],[127.2828,73.2422],[127.2542,73.2375],[127.2016,73.188],[127.1849,73.2203],[127.2245,73.2276],[127.2786,73.2536],[127.263,73.2807],[127.3662,73.3005],[127.3318,73.337],[127.3792,73.35],[127.4688,73.3521],[127.4807,73.3599],[127.4484,73.3693],[127.425,73.3875],[127.3938,73.3917],[127.4063,73.4083],[127.3672,73.4151],[127.3568,73.4391],[127.4234,73.4557],[127.4396,73.4812],[127.3828,73.4797],[127.3641,73.5036],[127.2958,73.5188],[127.0479,73.5229],[126.9838,73.5047],[127.012,73.4891],[126.988,73.4484],[126.9458,73.4125],[126.8922,73.3922],[126.9292,73.3812],[126.8807,73.3703],[126.8234,73.4047],[126.8318,73.4401],[126.7583,73.4375],[126.7104,73.4],[126.7542,73.3854],[126.7333,73.3708],[126.6354,73.3667],[126.5958,73.3729],[126.5333,73.3625],[126.4995,73.3453],[126.5057,73.3234],[126.4437,73.325],[126.4036,73.3047],[126.3568,73.2974],[126.313,73.2547],[126.3932,73.2266],[126.3703,73.2214],[126.2943,73.2464],[126.2859,73.2609],[126.3109,73.2911],[126.3995,73.313],[126.3839,73.3266],[126.4187,73.3375],[126.4891,73.3901],[126.4724,73.4078],[126.3708,73.3896],[126.2672,73.4005],[126.2479,73.4208],[126.3724,73.4287],[126.3453,73.3984],[126.4141,73.4047],[126.4495,73.4411],[126.4255,73.4505],[126.4349,73.4745],[126.4187,73.5021],[126.3401,73.5255],[126.3391,73.5453],[126.2412,73.5401],[126.1943,73.5307],[126.1807,73.4964],[126.1016,73.487],[126.0583,73.5],[126.012,73.4995],[125.9672,73.5109],[125.9104,73.4833],[125.8083,73.4563],[125.912,73.4495],[125.8974,73.4297],[125.7651,73.4401],[125.7604,73.4563],[125.6818,73.4537],[125.6828,73.4401],[125.5964,73.4391],[125.6062,73.4229],[125.6974,73.4224],[125.6563,73.3896],[125.5672,73.3807],[125.5938,73.4229],[125.5479,73.4229],[125.5484,73.4495],[125.638,73.4526],[125.6807,73.4745],[125.6464,73.4995],[125.6083,73.5104],[125.6271,73.5354],[125.4661,73.5339],[125.4099,73.5411],[125.3271,73.5271],[125.2443,73.5453],[125.1964,73.5359],[125.2161,73.5745],[125.1839,73.587],[125.1911,73.612],[125.2333,73.6333],[125.0203,73.6286],[125.0432,73.6787],[124.9984,73.6932],[124.9667,73.6479],[124.913,73.6568],[124.9422,73.6818],[124.9287,73.7089],[124.8875,73.725],[124.8042,73.6958],[124.7417,73.7063],[124.7536,73.7412],[124.6839,73.7307],[124.6229,73.7438],[124.5333,73.7312],[124.5266,73.7578],[124.4026,73.7609],[124.4557,73.788],[124.4417,73.7979],[124.3562,73.7979],[124.3849,73.7797],[124.3172,73.7766],[124.3245,73.7484],[124.2516,73.7328],[124.1464,73.7016],[124.1568,73.6797],[124.0792,73.6604],[124.0437,73.6438],[124.0141,73.5964],[123.9391,73.5964],[123.9125,73.5833],[123.8625,73.6208],[123.788,73.6016],[123.7745,73.5818],[123.6911,73.6068],[123.7182,73.6224],[123.6401,73.6297],[123.6318,73.6609],[123.7125,73.6687],[123.7042,73.6958],[123.6062,73.6958],[123.6083,73.6667],[123.562,73.6505],[123.4771,73.6438],[123.4297,73.6516],[123.4297,73.6193],[123.4641,73.6088],[123.4172,73.5964],[123.4833,73.575],[123.4375,73.5687],[123.3901,73.5755],[123.3828,73.5463],[123.3068,73.537],[123.3318,73.5089],[123.3766,73.4922],[123.3318,73.4807],[123.3464,73.4516],[123.3063,73.4042],[123.2979,73.3854],[123.3729,73.3792],[123.3938,73.3604],[123.3588,73.3401],[123.3912,73.3307],[123.3979,73.3083],[123.4542,73.2937],[123.3984,73.2859],[123.425,73.2729],[123.5682,73.2724],[123.5516,73.2328],[123.5766,73.2182],[123.575,73.1958],[123.6375,73.2021],[123.6583,73.1854],[123.6312,73.1625],[123.4568,73.162],[123.4729,73.1458],[123.5604,73.1521],[123.5672,73.1391],[123.6354,73.1125],[123.6042,73.1021],[123.5229,73.1146],[123.5307,73.0693],[123.488,73.0672],[123.5083,73.0958],[123.4417,73.0854],[123.437,73.0651],[123.3922,73.0516],[123.3755,73.013],[123.4266,72.987],[123.4307,72.9651],[123.3604,72.9646],[123.3453,72.938],[123.3057,72.9151],[123.2521,72.8979],[123.1745,72.8953],[123.1083,72.9333],[122.9521,72.9458],[122.9979,72.9625],[122.9479,72.9812],[122.8604,72.9938],[122.762,73.0141],[122.7578,73.0286],[122.7146,73.0437],[122.6625,73.0417],[122.6563,73.0271],[122.5958,73.0271],[122.5453,73.0005],[122.7042,72.9521],[122.7792,72.95],[122.8542,72.9354],[122.8833,72.9208],[122.8792,72.9021],[122.9,72.8917],[123.0687,72.8792],[123.1979,72.8771],[123.1896,72.8667],[123.0896,72.8667],[123.0479,72.8729],[122.9604,72.8729],[122.9042,72.8646],[122.838,72.8682],[122.9016,72.8349],[122.9083,72.8167],[123.0313,72.8125],[123.0604,72.8],[123.1563,72.8],[123.2338,72.7922],[123.2896,72.7729],[123.3458,72.7688],[123.3318,72.7505],[123.2896,72.7417],[123.1833,72.7646],[123.0188,72.7792],[122.9458,72.7792],[122.7792,72.8021],[122.6687,72.8417],[122.6021,72.8438],[122.4812,72.8604],[122.4083,72.8604],[122.3688,72.8708],[122.2333,72.8792],[122.1604,72.8938],[122.0729,72.9],[122.0417,72.9125],[121.9271,72.925],[121.8828,72.9391],[121.7521,72.95],[121.7307,72.9661],[121.5833,72.9667],[121.4417,72.9625],[121.3208,72.9417],[121.15,72.925],[121.0396,72.925],[120.8146,72.9479],[120.6833,72.9729],[120.525,72.9792],[120.4458,72.975],[120.3417,72.9917],[120.1333,72.9896],[120.0479,72.9979],[119.9583,73.0125],[119.8479,73.0146],[119.8047,72.9922],[119.8755,72.9672],[120.0396,72.9313],[120.1504,72.9229],[120.153,72.9125],[120.0104,72.9063],[119.9646,72.9208],[119.9167,72.925],[119.8875,72.9417],[119.8167,72.9563],[119.7729,72.9792],[119.7109,72.9755],[119.6891,72.9953],[119.6333,73.0042],[119.6047,73.0193],[119.5964,73.0526],[119.4479,73.0521],[119.35,73.0667],[119.225,73.0729],[119.1937,73.0813],[119.1042,73.0854],[118.9688,73.1188],[118.8938,73.1229],[118.8167,73.1375],[118.7708,73.1375],[118.6833,73.15],[118.6,73.1708],[118.5167,73.175],[118.463,73.1964],[118.4099,73.2276],[118.4141,73.2682],[118.3859,73.2797],[118.412,73.2963],[118.4109,73.3182],[118.4464,73.3411],[118.3708,73.3458],[118.3271,73.3729],[118.4,73.375],[118.4005,73.388],[118.4401,73.4266],[118.4854,73.4417],[118.5411,73.4464],[118.5938,73.4604],[118.6771,73.4646],[118.7562,73.4271],[118.8,73.4437],[118.8458,73.4417],[118.9021,73.4625],[118.8375,73.4875],[118.8167,73.5062],[118.8021,73.5208],[118.8021,73.5229],[118.7651,73.5297],[118.7542,73.5479],[118.6292,73.5625],[118.5,73.5625],[118.3771,73.5667],[118.2188,73.5667],[118.1042,73.5792],[117.9688,73.5792],[117.8812,73.5708],[117.7708,73.5729],[117.5271,73.5729],[117.4458,73.5687],[117.3328,73.5787],[117.2083,73.6062],[117.0958,73.6167],[116.9896,73.6208],[116.8562,73.6458],[116.6813,73.6583],[116.6,73.6708],[116.5,73.6708],[116.4104,73.6583],[116.2875,73.6563],[116.1521,73.6687],[116.0333,73.6896],[115.8542,73.7],[115.6854,73.7021],[115.6542,73.7083],[115.4688,73.7104],[115.4229,73.7],[115.3479,73.7042],[115.2646,73.6979],[115.2641,73.6859],[115.2,73.6833],[115.0875,73.6625],[115.0807,73.6484],[115.0188,73.6417],[114.9146,73.5979],[114.7937,73.5979],[114.5813,73.5813],[114.4521,73.5833],[114.3375,73.5979],[114.2625,73.5979],[114.1188,73.5875],[114.0625,73.5792],[113.95,73.5458],[113.7042,73.5292],[113.6438,73.5167],[113.5771,73.5125],[113.5516,73.4974],[113.5458,73.4563],[113.6526,73.4172],[113.7729,73.3792],[113.8224,73.3682],[113.8458,73.3479],[113.9063,73.3396],[113.9917,73.3667],[114.1083,73.3583],[114.113,73.3443],[114.2078,73.3224],[114.2438,73.3083],[114.3307,73.3016],[114.3411,73.288],[114.312,73.263],[114.2307,73.2974],[114.0958,73.325],[114.0104,73.3313],[113.9458,73.3146],[113.8562,73.3167],[113.8187,73.3292],[113.7589,73.3203],[113.6974,73.2609],[113.5734,73.2286],[113.6172,73.1859],[113.6682,73.1609],[113.6229,73.1438],[113.6563,73.1104],[113.6203,73.0922],[113.5917,73.0604],[113.5953,73.0422],[113.5516,73.0078],[113.5599,72.9453],[113.5375,72.9187],[113.4938,72.9187],[113.4396,72.9],[113.3667,72.8646],[113.2734,72.8578],[113.2208,72.8271],[113.1667,72.8313],[113.2245,72.8547],[113.3891,72.8839],[113.4807,72.9234],[113.5286,72.9505],[113.5109,72.963],[113.5391,72.9828],[113.4958,73.0104],[113.5271,73.0396],[113.5641,73.0526],[113.538,73.087],[113.6036,73.1172],[113.5297,73.1464],[113.513,73.1745],[113.5328,73.1995],[113.4979,73.2125],[113.4146,73.2125],[113.3464,73.238],[113.4859,73.2328],[113.5557,73.2547],[113.5609,73.287],[113.5807,73.3068],[113.5557,73.3411],[113.5146,73.35],[113.4521,73.35],[113.3646,73.3708],[113.3109,73.3943],[113.312,73.4099],[113.1953,73.4443],[113.2703,73.4818],[113.263,73.5047],[113.2943,73.5391],[113.3557,73.5693],[113.4187,73.575],[113.4703,73.6005],[113.4432,73.6578],[113.4089,73.6734],[113.3724,73.7099],[113.3297,73.7255],[113.2484,73.7839],[113.2412,73.8016],[113.1604,73.875],[112.9964,73.9172],[112.9422,73.9422],[112.8641,73.9891],[112.8271,73.9854],[112.8714,73.9109],[112.9057,73.8995],[112.9401,73.8526],[112.9912,73.8141],[112.9995,73.7901],[112.9849,73.7714],[112.8854,73.7333],[112.8021,73.7208],[112.7208,73.7146],[112.4771,73.7063],[112.2479,73.7042],[112.025,73.7188],[111.825,73.7354],[111.7021,73.7542],[111.6667,73.7542],[111.5604,73.7771],[111.4297,73.813],[111.3672,73.8339],[111.2901,73.8714],[111.238,73.9151],[111.2146,73.9479],[111.2172,73.9745],[111.2438,73.9854],[111.3063,73.9896],[111.35,73.9833],[111.4187,74],[111.4875,74],[111.6057,74.013],[111.5787,74.0411],[111.5333,74.0521],[111.4542,74.0521],[111.2396,74.0417],[111.1708,74.0292],[111.0984,74.0036],[111.0693,73.9828],[111.0787,73.9464],[111.0979,73.9354],[110.9875,73.9063],[110.9667,73.9146],[110.8854,73.9167],[110.8771,73.9292],[110.7292,73.9583],[110.6625,73.9792],[110.5854,73.9938],[110.325,74.0167],[110.1937,74.0146],[109.975,74],[109.9276,73.9745],[109.8536,73.8755],[109.7958,73.8562],[109.675,73.8313],[109.5505,73.8182],[109.538,73.8037],[109.5734,73.7276],[109.6547,73.6776],[109.7354,73.6563],[109.7771,73.6896],[109.8479,73.6937],[109.9646,73.6896],[110.0604,73.7],[110.1375,73.7021],[110.2479,73.6813],[110.2958,73.6813],[110.3255,73.6995],[110.4292,73.7312],[110.5167,73.75],[110.5938,73.75],[110.6438,73.7833],[110.7146,73.7896],[110.7729,73.7708],[110.8943,73.7651],[110.8458,73.7167],[110.9042,73.7021],[110.8932,73.6755],[110.8438,73.6771],[110.7979,73.6583],[110.6563,73.6542],[110.6104,73.6312],[110.4583,73.6354],[110.3588,73.612],[110.3734,73.5964],[110.2917,73.5667],[110.2375,73.5583],[110.1604,73.5583],[110.1578,73.5193],[110.0917,73.4896],[110,73.4917],[109.9411,73.4609],[109.8891,73.4484],[109.75,73.4333],[109.6729,73.4333],[109.6104,73.4479],[109.5167,73.4521],[109.413,73.4776],[109.2943,73.5255],[109.2662,73.5495],[109.2146,73.5521],[109.188,73.5203],[109.2042,73.4958],[109.3104,73.4979],[109.3662,73.4807],[109.3734,73.4672],[109.4437,73.4375],[109.3938,73.4313],[109.3229,73.4458],[109.25,73.4708],[109.2214,73.4432],[109.2318,73.4234],[109.3141,73.3943],[109.1875,73.3812],[109.1458,73.3688],[109.0375,73.3646],[108.9333,73.3375],[108.8208,73.3396],[108.6854,73.3229],[108.6563,73.3146],[108.3854,73.2958],[108.3042,73.2958],[108.25,73.2896],[108.2047,73.2682],[108.2937,73.2562],[108.3688,73.2583],[108.4078,73.2432],[108.4057,73.2234],[108.2792,73.2063],[108.1958,73.2208],[108.1667,73.2354],[108.0917,73.2354],[107.9812,73.2167],[107.8521,73.1646],[107.7958,73.1542],[107.6062,73.1542],[107.4667,73.1583],[107.4521,73.1521],[107.3292,73.1479],[107.1563,73.1646],[107.0188,73.1625],[106.9375,73.1375],[106.8792,73.1292],[106.7667,73.1312],[106.6833,73.1375],[106.5833,73.1604],[106.5167,73.1667],[106.4229,73.1833],[106.3521,73.1875],[106.3349,73.1589],[106.2896,73.1312],[106.2172,73.1266],[106.2286,73.1088],[106.2089,73.0537],[106.2391,73.0141],[106.2214,72.9828],[106.2396,72.9604],[106.3208,72.9542],[106.4083,72.9396],[106.4979,72.9187],[106.5333,72.9021],[106.6083,72.8875],[106.7042,72.8958],[106.7,72.8771],[106.8354,72.8625],[106.8354,72.8521],[106.7562,72.8521],[106.6937,72.8583],[106.6438,72.85],[106.5833,72.8625],[106.5563,72.8771],[106.4333,72.875],[106.2818,72.8943],[106.2729,72.9042],[106.1687,72.9042],[106.0708,72.9458],[106.0047,72.9161],[105.9734,72.8818],[105.9833,72.8625],[105.8938,72.8688],[105.7979,72.8396],[105.7536,72.8026],[105.6979,72.7979],[105.5833,72.7562],[105.4917,72.7396],[105.425,72.7479],[105.275,72.7521],[105.2422,72.7849],[105.3083,72.7917],[105.3812,72.7854],[105.4854,72.7917],[105.5172,72.8182],[105.5,72.8271],[105.5708,72.8583],[105.6563,72.875],[105.8453,72.8818],[105.8786,72.9193],[105.862,72.9318],[105.8995,72.9495],[105.8729,72.9625],[105.8193,72.9693],[105.9245,73.0047],[105.8943,73.0526],[105.9047,73.1026],[105.9505,73.1276],[106.0479,73.1354],[106.0661,73.1453],[106.0453,73.1797],[105.9875,73.1875],[106.0229,73.2125],[106.0849,73.2026],[106.1151,73.2662],[106.2057,73.2859],[106.238,73.312],[106.2771,73.3208],[106.4,73.3167],[106.4896,73.3083],[106.5729,73.3083],[106.6292,73.2958],[106.8021,73.3187],[106.8536,73.3422],[106.8766,73.3693],[106.8526,73.3818],[106.8672,73.4036],[106.9234,73.4453],[107.0062,73.4667],[107.0359,73.4807],[107.1792,73.5292],[107.1839,73.5484],[107.2557,73.5609],[107.1568,73.5755],[107.1682,73.5901],[107.2891,73.5755],[107.3307,73.6016],[107.4604,73.6188],[107.5292,73.6188],[107.5875,73.6292],[107.7312,73.6292],[107.7979,73.6167],[107.8646,73.625],[107.9625,73.6458],[108.0188,73.6667],[108.0875,73.6687],[108.2083,73.6646],[108.2557,73.6839],[108.2984,73.712],[108.3693,73.7307],[108.4891,73.7714],[108.612,73.8359],[108.6526,73.8682],[108.763,73.9307],[108.8995,73.9755],[108.9964,74.0162],[109.1,74.0458],[109.1813,74.0625],[109.2458,74.0687],[109.5437,74.0813],[109.6833,74.1396],[109.8083,74.1625],[109.9099,74.2026],[109.9297,74.2391],[109.9557,74.2568],[109.9396,74.3146],[109.8833,74.3125],[109.8271,74.2937],[109.6813,74.2854],[109.6167,74.3],[109.5542,74.3],[109.4708,74.2813],[109.4755,74.3057],[109.6771,74.3333],[109.8396,74.3271],[109.9313,74.3396],[109.9688,74.3542],[110.1042,74.3854],[110.1854,74.375],[110.2354,74.3771],[110.3021,74.4042],[110.4161,74.4318],[110.4083,74.4875],[110.2604,74.4917],[110.2542,74.5],[110.3938,74.5021],[110.4563,74.4938],[110.5792,74.4875],[110.7042,74.5021],[110.8479,74.5313],[111.0458,74.5542],[111.1286,74.5797],[111.1229,74.6062],[111.2438,74.6292],[111.2922,74.6495],[111.3917,74.6771],[111.5042,74.6896],[111.6021,74.6875],[111.6771,74.6792],[111.7911,74.6557],[111.8203,74.663],[111.8464,74.6932],[111.9641,74.7318],[111.9089,74.7484],[111.975,74.7542],[112.0307,74.7766],[112.0484,74.7953],[112.112,74.8276],[112.1375,74.8708],[112.1625,74.8771],[112.3854,74.8979],[112.5792,74.9229],[112.6312,74.9229],[112.7458,74.9354],[112.8432,74.9609],[112.8734,74.9891],[112.9224,75.0047],[112.9255,75.0203],[113.0521,75.0458],[112.9521,75.0646],[113.1021,75.0604],[113.2151,75.1162],[113.3453,75.1547],[113.5286,75.2172],[113.6474,75.2818],[113.6807,75.3068],[113.6875,75.3854],[113.5542,75.375],[113.5297,75.3912],[113.6229,75.4146],[113.7292,75.4125],[113.7516,75.4193],[113.7516,75.4484],[113.7286,75.4912],[113.6583,75.4979],[113.5458,75.5],[113.3812,75.5167],[113.3005,75.5589],[113.2839,75.5828],[113.3349,75.6234],[113.3203,75.6453],[113.2755,75.6568],[113.2104,75.6521],[113.1312,75.6375],[113.0521,75.6146],[113,75.6104],[112.9797,75.5911],[113.037,75.5703],[113.0328,75.5526],[112.9708,75.5396],[112.8667,75.5354],[112.7979,75.5437],[112.7776,75.5693],[112.8005,75.5995],[112.8703,75.613],[112.8786,75.637],[112.7984,75.6464],[112.8125,75.675],[112.8828,75.6922],[112.8912,75.7109],[112.8083,75.75],[112.7708,75.7479],[112.6667,75.7708],[112.5854,75.7688],[112.5016,75.7818],[112.4682,75.8224],[112.3708,75.8396],[112.5021,75.8438],[112.5604,75.8313],[112.6625,75.8229],[112.7974,75.787],[112.8688,75.7604],[112.9646,75.7417],[113.0891,75.7266],[113.0792,75.7125],[113.1589,75.7016],[113.1297,75.6849],[113.2271,75.6792],[113.3229,75.6813],[113.4146,75.6687],[113.5396,75.6604],[113.5974,75.6474],[113.6151,75.6203],[113.5807,75.5943],[113.4042,75.5479],[113.4224,75.538],[113.5625,75.5375],[113.5839,75.5599],[113.6891,75.5901],[113.7516,75.6359],[113.7589,75.6682],[113.812,75.7161],[113.8828,75.7547],[113.9224,75.8234],[113.8922,75.8693],[113.8583,75.8792],[113.8932,75.8964],[113.8786,75.9141],[113.7958,75.9292],[113.7714,75.9036],[113.6729,75.9125],[113.6042,75.9125],[113.6396,75.8917],[113.6292,75.8729],[113.6479,75.85],[113.5667,75.8583],[113.5641,75.9057],[113.4755,75.9224],[113.4271,75.9437],[113.5354,75.9375],[113.5755,75.9547],[113.5276,76.0016],[113.5463,76.0224],[113.5062,76.0583],[113.4464,76.0609],[113.4609,76.0974],[113.4901,76.1172],[113.4661,76.162],[113.4,76.2],[113.3396,76.2063],[113.3078,76.2432],[113.2271,76.2583],[113.0078,76.2245],[113.0313,76.1896],[113.1687,76.1854],[113.2047,76.163],[113.3187,76.1542],[113.0813,76.1479],[113.0229,76.1271],[113.0578,76.1057],[113.0542,76.0875],[112.9667,76.0667],[112.9125,76.0625],[112.8812,76.0479],[112.7854,76.0563],[112.7083,76.0458],[112.8807,76.0922],[112.8422,76.1047],[112.8688,76.1229],[112.7943,76.1422],[112.7708,76.1771],[112.6708,76.175],[112.5484,76.213],[112.575,76.2312],[112.6563,76.2104],[112.7063,76.2146],[112.6958,76.2417],[112.725,76.2479],[112.7286,76.2953],[112.775,76.3042],[112.7953,76.3245],[112.6687,76.3396],[112.5354,76.3812],[112.4818,76.388],[112.3104,76.4417],[112.175,76.3938],[112.1542,76.3938],[112.05,76.3542],[111.9729,76.3604],[112.0828,76.388],[112.0859,76.4036],[112.1641,76.4234],[112.2224,76.4578],[112.1505,76.4797],[112.1333,76.4958],[112.0563,76.5083],[111.9672,76.5359],[111.925,76.5646],[111.75,76.5958],[111.5547,76.5964],[111.5203,76.6088],[111.5974,76.6401],[111.6224,76.6641],[111.5625,76.675],[111.4938,76.6708],[111.3833,76.6771],[111.3292,76.6875],[111.1713,76.6828],[111.1214,76.7099],[111.1937,76.7229],[111.2208,76.7438],[111.1438,76.7521],[111.0021,76.7375],[111.0255,76.7224],[110.8583,76.7104],[110.6713,76.7214],[110.6693,76.7453],[110.4375,76.7396],[110.2375,76.7063],[110.1604,76.7],[110.088,76.6807],[110.0354,76.6896],[109.9167,76.6729],[109.8729,76.6875],[109.8042,76.6875],[109.6651,76.7068],[109.6557,76.7203],[109.5396,76.7292],[109.4812,76.7208],[109.3958,76.7417],[109.1787,76.7161],[109.125,76.7188],[108.987,76.7037],[108.8625,76.7042],[108.7474,76.6943],[108.5625,76.6979],[108.4667,76.7063],[108.3016,76.6984],[108.25,76.7312],[108.0333,76.7354],[107.9505,76.7224],[107.9859,76.6859],[107.9609,76.6578],[108.0391,76.6339],[108.0068,76.6182],[107.9995,76.5651],[107.8896,76.5271],[107.8354,76.5229],[107.7167,76.4958],[107.5917,76.4979],[107.4458,76.525],[107.3271,76.5229],[107.1,76.5042],[106.975,76.4896],[106.9458,76.5021],[106.8812,76.4979],[106.8807,76.4609],[106.7963,76.4672],[106.7521,76.4938],[106.6021,76.4833],[106.4359,76.5151],[106.463,76.5255],[106.4537,76.5599],[106.412,76.5766],[106.487,76.5953],[106.5787,76.5932],[106.6547,76.5557],[106.7229,76.5729],[106.7208,76.5938],[106.7734,76.6172],[106.7672,76.6495],[106.8432,76.6651],[106.7943,76.6818],[106.7995,76.7078],[106.85,76.7229],[106.937,76.7172],[106.9505,76.737],[107.0271,76.7375],[107.0578,76.7484],[107.0437,76.7667],[107.0672,76.7953],[107.1583,76.7958],[107.2729,76.8083],[107.2896,76.8229],[107.2063,76.8417],[107.3729,76.8562],[107.3396,76.8688],[107.2625,76.8729],[107.238,76.8932],[107.3313,76.8875],[107.4958,76.9021],[107.5255,76.9141],[107.3313,76.9396],[107.2958,76.9625],[107.3307,76.9745],[107.2833,76.9854],[107.2958,77.0042],[107.1188,77],[106.9396,77.0125],[106.9354,77.0375],[106.7917,77.0479],[106.6672,77.0151],[106.5042,77.0021],[106.487,77.0203],[106.4104,77.0437],[106.2917,77.0458],[106.2438,77.0542],[106.1333,77.0396],[105.9542,76.9896],[105.9042,76.9833],[105.7708,76.9854],[105.7292,76.9729],[105.6458,76.9688],[105.4896,76.9833],[105.4646,77.0062],[105.5062,77.0208],[105.6292,77.025],[105.7188,77.0167],[105.7875,77.0271],[105.762,77.0422],[105.7896,77.0563],[105.8917,77.0604],[105.8833,77.0958],[105.8146,77.0854],[105.725,77.0854],[105.6729,77.1],[105.5813,77.0917],[105.4917,77.0708],[105.4396,77.0667],[105.3083,77.0687],[105.2438,77.0813],[105.1146,77.0563],[105.0271,77.0563],[104.8958,77.0667],[104.8146,77.0833],[104.5771,77.0729],[104.3771,77.0729],[104.2479,77.0833],[104.275,77.1021],[104.4583,77.1229],[104.5333,77.1167],[104.65,77.1563],[104.7562,77.1646],[104.8375,77.1646],[104.9313,77.1542],[105.1229,77.175],[105.3771,77.1958],[105.4063,77.2208],[105.5307,77.2255],[105.6146,77.2562],[105.5104,77.2583],[105.5542,77.275],[105.625,77.275],[105.7771,77.325],[105.7771,77.3417],[105.8354,77.3625],[105.9167,77.3625],[106.0042,77.3521],[106.1417,77.3458],[106.1625,77.3354],[106.2974,77.3641],[106.2125,77.3646],[106.1937,77.3833],[106.0458,77.4021],[105.9964,77.4234],[105.9708,77.4521],[105.9109,77.4661],[105.9464,77.5141],[105.8734,77.5401],[105.8104,77.5479],[105.7542,77.5396],[105.6042,77.5354],[105.2667,77.5396],[105.2667,77.5563],[105.1708,77.5583],[105.0708,77.5792],[105.0411,77.5609],[104.9792,77.5563],[104.9146,77.5896],[104.8042,77.5917],[104.7167,77.6062],[104.8292,77.6292],[104.8146,77.6687],[104.6729,77.6813],[104.6229,77.6667],[104.4604,77.6542],[104.3443,77.6578],[104.3271,77.6813],[104.3516,77.6943],[104.3187,77.7083],[104.2312,77.7104],[104.1687,77.7021],[104.0813,77.7083],[103.9875,77.6833],[103.9333,77.6792],[103.8063,77.6396],[103.7984,77.612],[103.7104,77.6188],[103.5875,77.6083],[103.3979,77.6021],[103.3599,77.6193],[103.2854,77.6292],[103.1693,77.6016],[103,77.5333],[102.9021,77.5167],[102.8438,77.5146],[102.6401,77.4891],[102.6542,77.4729],[102.5646,77.4646],[102.5516,77.4484],[102.4484,77.4078],[102.4521,77.3917],[102.3682,77.3755],[102.3313,77.3562],[102.0854,77.3375],[102.0417,77.3104],[101.8708,77.2583],[101.7412,77.2255],[101.5224,77.1443],[101.4026,77.1141],[101.3245,77.0693],[101.2818,77.0537],[101.3438,77.0396],[101.3172,77.0162],[101.35,77.0042],[101.3318,76.9672],[101.2583,76.9479],[101.1729,76.9604],[101.0771,76.9583],[101.0787,76.9318],[101.0234,76.912],[101.0099,76.8901],[100.9255,76.8578],[100.9859,76.8391],[100.9568,76.8245],[100.9964,76.7922],[101.0693,76.7547],[101.1854,76.7562],[101.2703,76.7391],[101.3057,76.7026],[101.2255,76.7026],[101.2276,76.6859],[101.1755,76.662],[101.1828,76.6318],[101.1536,76.5901],[101.1172,76.5849],[101.1266,76.5526],[101.0854,76.5333],[100.9938,76.5333],[101.0333,76.5062],[101.1354,76.4854],[101.2063,76.4979],[101.3292,76.4917],[101.45,76.4917],[101.5938,76.4812],[101.7375,76.4792],[101.7047,76.4589],[101.8,76.4604],[101.8562,76.45],[101.9609,76.4151],[102.0036,76.4078],[102.0271,76.3875],[102.1354,76.3854],[102.2896,76.3667],[102.3912,76.3693],[102.3693,76.3912],[102.5437,76.4187],[102.65,76.4083],[102.6682,76.3839],[102.5568,76.3662],[102.562,76.3505],[102.5083,76.3417],[102.4026,76.3443],[102.4167,76.3083],[102.5583,76.2979],[102.65,76.3083],[102.6229,76.3208],[102.5396,76.325],[102.4792,76.3167],[102.4583,76.3375],[102.5521,76.3354],[102.6729,76.3167],[102.7562,76.3167],[102.8125,76.3354],[102.9917,76.3438],[103.0651,76.3703],[103.1542,76.3729],[103.1521,76.3896],[103.2646,76.3812],[103.5042,76.3771],[103.5542,76.4042],[103.6167,76.4083],[103.5417,76.3667],[103.4354,76.3646],[103.3693,76.3484],[103.2583,76.3562],[103.0792,76.3583],[103.0687,76.3375],[102.9771,76.325],[102.8266,76.3193],[102.7271,76.3083],[102.6271,76.2896],[102.4812,76.2896],[102.4021,76.3021],[102.2979,76.3271],[102.2125,76.3271],[101.9917,76.3583],[101.7833,76.4063],[101.6958,76.4125],[101.4854,76.4187],[101.3396,76.4479],[101.2896,76.4313],[101.0875,76.425],[101.1099,76.4578],[101.025,76.475],[100.9505,76.4797],[100.9563,76.5167],[100.8542,76.4958],[100.6646,76.475],[100.5687,76.4604],[100.3068,76.4464],[100.2896,76.4583],[100.0667,76.4625],[99.9042,76.4479],[99.6937,76.4396],[99.6125,76.4437],[99.4104,76.4458],[99.3146,76.4625],[99.1854,76.4729],[99.0062,76.5],[98.9021,76.4875],[98.8609,76.4703],[98.9458,76.4271],[99.0245,76.4078],[99.0537,76.387],[99.0917,76.3396],[99.2958,76.3375],[99.4099,76.2995],[99.4125,76.2708],[99.5208,76.2562],[99.612,76.2599],[99.6224,76.2172],[99.5984,76.2089],[99.6318,76.1901],[99.7146,76.1792],[99.7891,76.1484],[99.7963,76.1234],[99.8411,76.1162],[99.8479,76.0979],[99.8896,76.0917],[99.8651,76.0578],[99.8708,76.0333],[99.9146,76.0313],[99.9495,76.0036],[99.9953,75.9339],[99.9333,75.9187],[99.8667,75.8792],[99.7714,75.8557],[99.7354,75.8229],[99.7734,75.8068],[99.8229,75.8042],[99.8917,75.8167],[99.9667,75.8146],[99.9411,75.7943],[99.7771,75.7979],[99.6583,75.7854],[99.6146,75.7688],[99.5021,75.7771],[99.3979,75.7771],[99.2839,75.738],[99.3599,75.7109],[99.3453,75.6901],[99.2828,75.6672],[99.2422,75.6745],[99.3037,75.6964],[99.2807,75.7224],[99.1979,75.7354],[99.3271,75.7854],[99.4208,75.7875],[99.5021,75.7958],[99.5578,75.8214],[99.5167,75.8438],[99.6266,75.8734],[99.6755,75.9099],[99.6526,75.9411],[99.6734,75.9661],[99.7526,75.9912],[99.8,75.9979],[99.85,76.0271],[99.5938,76.0458],[99.5813,76.0813],[99.4526,76.088],[99.5083,76.1146],[99.5771,76.1167],[99.575,76.1375],[99.4792,76.125],[99.4292,76.1312],[99.3562,76.1188],[99.2562,76.1188],[99.1859,76.1443],[99.2729,76.1813],[99.3375,76.1854],[99.3354,76.2021],[99.0875,76.2063],[99.0542,76.2146],[98.9542,76.1979],[98.7813,76.2],[98.8391,76.2338],[98.8292,76.2562],[98.6646,76.2292],[98.6146,76.2104],[98.5505,76.2026],[98.5333,76.1875],[98.4729,76.1854],[98.3896,76.1646],[98.2458,76.1583],[98.1474,76.1412],[98.1354,76.1292],[98.025,76.1312],[97.963,76.1182],[97.9625,76.1062],[98.1062,76.1083],[98.1417,76.0979],[98.2662,76.087],[98.1854,76.0708],[98.1,76.0729],[97.9688,76.0437],[97.8917,76.0458],[97.8984,76.0599],[97.7958,76.0813],[97.7354,76.0792],[97.6125,76.05],[97.675,76.025],[97.7875,76.0313],[97.7943,76.0109],[97.8453,75.9995],[97.8786,75.9755],[97.7521,75.9771],[97.725,75.9667],[97.6583,75.9688],[97.6333,75.9854],[97.4979,75.9917],[97.4547,75.9786],[97.4021,75.9812],[97.3172,75.9484],[97.3042,75.925],[97.1755,75.9276],[97.2662,75.9526],[97.1734,75.9755],[97.2125,75.9938],[97.3333,76.0062],[97.3417,76.0229],[97.2188,76.0062],[97.1937,75.9958],[97.0667,75.9812],[96.9958,75.9646],[96.9932,75.9464],[96.9458,75.9187],[96.8875,75.9167],[96.8417,75.8958],[96.75,75.8917],[96.6776,75.8953],[96.6625,75.8792],[96.5417,75.8729],[96.5224,75.888],[96.5755,75.9182],[96.6536,75.938],[96.7099,75.9703],[96.6604,75.9792],[96.5667,75.9708],[96.5104,75.9854],[96.525,75.9979],[96.4318,76.0016],[96.3557,75.9766],[96.3542,75.9479],[96.2495,75.9453],[96.1167,75.9563],[96.0708,75.9417],[95.9859,75.9318],[95.9938,75.9187],[95.9083,75.9021],[95.8193,75.8703],[95.8063,75.8438],[95.7271,75.8292],[95.6583,75.8521],[95.6088,75.8786],[95.6771,75.8812],[95.6943,75.8953],[95.7562,75.9021],[95.7833,75.9333],[95.8453,75.9401],[95.912,75.963],[95.9151,75.9786],[96.0354,75.9979],[96.0146,76.0062],[96.1,76.0396],[96,76.0646],[96.1088,76.0766],[96.2021,76.075],[96.2688,76.0958],[96.1646,76.0958],[96.025,76.1083],[95.8979,76.1396],[95.675,76.1354],[95.6479,76.1479],[95.5062,76.15],[95.45,76.1604],[95.3484,76.1307],[95.3453,76.1088],[95.263,76.1068],[95.1896,76.1229],[95.0542,76.0917],[94.9505,76.1172],[94.9042,76.1354],[94.9042,76.1563],[94.6797,76.1557],[94.5667,76.1521],[94.5833,76.1354],[94.7583,76.1375],[94.7771,76.1125],[94.6979,76.1146],[94.6109,76.1026],[94.6953,76.0818],[94.5146,76.0687],[94.4688,76.0729],[94.5099,76.0953],[94.4167,76.1],[94.3922,76.1088],[94.4187,76.1292],[94.325,76.125],[94.1979,76.0979],[94.1432,76.1182],[93.9917,76.1167],[93.9167,76.1104],[93.8125,76.1229],[93.725,76.1208],[93.7292,76.0958],[93.8625,76.0958],[93.9229,76.0687],[93.9797,76.0651],[93.9792,76.0458],[93.8479,76.0542],[93.7854,76.0479],[93.7312,76.0563],[93.4521,76.0125],[93.4151,76.0224],[93.4786,76.0349],[93.4401,76.0568],[93.3667,76.0604],[93.3792,76.075],[93.4396,76.075],[93.512,76.0911],[93.4854,76.1062],[93.4083,76.1125],[93.3547,76.0974],[93.3432,76.0776],[93.2854,76.0563],[93.2974,76.0443],[93.1958,76.0125],[93.1021,76.0042],[93.1167,76.025],[93.0443,76.037],[93.0995,76.063],[93.0375,76.0625],[92.9693,76.0401],[92.9979,76.0167],[92.9792,75.9833],[92.8839,75.9724],[92.9474,75.9151],[92.9396,75.8979],[93.1167,75.8896],[93.137,75.9057],[93.1083,75.9167],[93.0313,75.9167],[93.0104,75.9313],[93.1104,75.9375],[93.1229,75.9542],[93.2021,75.9542],[93.2875,75.9833],[93.3266,75.963],[93.3037,75.9464],[93.3521,75.9313],[93.475,75.8729],[93.5563,75.8729],[93.5109,75.9068],[93.5943,75.9422],[93.6286,75.9224],[93.6214,75.8964],[93.675,75.8854],[93.7667,75.8896],[93.8146,75.9063],[93.875,75.9063],[93.9271,75.9208],[94.1162,75.9276],[94.15,75.9208],[94.0146,75.9],[93.9313,75.8979],[93.8651,75.8745],[93.688,75.8672],[93.6021,75.8458],[93.4938,75.8438],[93.4437,75.8292],[93.3063,75.8146],[93.1583,75.8167],[93.0958,75.8042],[92.9729,75.7917],[92.875,75.7917],[92.7354,75.7813],[92.6854,75.7708],[92.6146,75.7708],[92.5271,75.7792],[92.4333,75.7458],[92.3542,75.7292],[92.3229,75.7396],[92.1917,75.7396],[92.1292,75.7312],[92.0854,75.7042],[92.0349,75.7203],[91.9417,75.7208],[91.8021,75.7021],[91.8104,75.7208],[91.7271,75.7292],[91.6901,75.7161],[91.7161,75.7005],[91.6422,75.6911],[91.687,75.6703],[91.6713,75.6505],[91.7063,75.6208],[91.6104,75.6333],[91.5354,75.6333],[91.425,75.6458],[91.4063,75.6292],[91.3333,75.6229],[91.2214,75.6214],[91.1984,75.6339],[91.2286,75.6484],[91.1479,75.6542],[90.9896,75.5958],[90.9318,75.6109],[90.9432,75.6224],[90.8891,75.6464],[90.8063,75.6354],[90.7188,75.6375],[90.713,75.6193],[90.6667,75.5979],[90.5583,75.5979],[90.5313,75.5854],[90.4437,75.5813],[90.3396,75.5917],[90.2167,75.5771],[90.1458,75.5771],[90.1354,75.5646],[90.0354,75.5604],[89.9583,75.5375],[90.0099,75.5328],[90.1047,75.5089],[90.0125,75.4958],[89.8609,75.4974],[89.85,75.4875],[89.7208,75.4854],[89.688,75.4609],[89.7562,75.4354],[89.6604,75.4396],[89.6229,75.4271],[89.5604,75.4375],[89.5104,75.425],[89.4271,75.425],[89.4083,75.4458],[89.3583,75.4583],[89.3042,75.4583],[89.2646,75.4896],[89.1839,75.4703],[89.1875,75.4458],[89.1417,75.4333],[89.0625,75.4396],[88.9021,75.4083],[89.0458,75.4125],[89.0458,75.3979],[88.9479,75.3792],[88.8662,75.3776],[88.8229,75.3646],[88.7505,75.3568],[88.7208,75.3417],[88.6208,75.325],[88.5714,75.2995],[88.6453,75.2578],[88.6047,75.2484],[88.5354,75.2792],[88.5042,75.2792],[88.3724,75.2172],[88.2839,75.1932],[88.3411,75.1547],[88.2833,75.1458],[88.175,75.1125],[88.0938,75.1188],[88.075,75.1021],[88.0958,75.0854],[87.9146,75.0854],[87.8146,75.1104],[87.6229,75.1208],[87.4271,75.1375],[87.2792,75.1458],[87.1042,75.1458],[86.9896,75.1312],[86.9151,75.0901],[87.0771,75.0792],[87.2391,75.0599],[87.3422,75.0359],[87.4896,75.0396],[87.5891,75.0297],[87.7021,75.0375],[87.8161,75.0099],[87.7599,74.9932],[87.7438,74.975],[87.6396,74.9708],[87.5672,74.9537],[87.4005,74.9484],[87.4703,74.9891],[87.4,75.0021],[87.3042,74.9938],[87.2521,74.9958],[87.188,74.9776],[87.238,74.9568],[87.2896,74.9479],[87.3896,74.95],[87.3682,74.9276],[87.3167,74.925],[87.275,74.8979],[87.2271,74.8938],[87.1458,74.8688],[87.1766,74.8578],[87.0911,74.8443],[87.0547,74.8287],[87.0542,74.775],[87.1182,74.7609],[87.0609,74.7432],[87.0724,74.7172],[86.9964,74.7234],[86.9958,74.7479],[86.9333,74.7396],[86.8667,74.7542],[86.8432,74.7443],[86.825,74.7125],[86.775,74.7104],[86.7542,74.6958],[86.8,74.6771],[86.8854,74.6771],[86.8771,74.6354],[86.7604,74.625],[86.7161,74.6328],[86.7412,74.6599],[86.6167,74.6563],[86.662,74.687],[86.6417,74.7083],[86.5583,74.7063],[86.5479,74.7271],[86.4167,74.7271],[86.3583,74.7],[86.3292,74.7292],[86.2526,74.7516],[86.2734,74.7641],[86.3438,74.7562],[86.4078,74.7589],[86.3958,74.7813],[86.3146,74.7854],[86.238,74.8068],[86.1833,74.7896],[86.1193,74.8026],[86.1328,74.8307],[86.0083,74.8313],[85.9943,74.8172],[86.0396,74.7917],[86.1703,74.7786],[86.1036,74.7578],[86.0432,74.7224],[85.9292,74.7333],[85.8417,74.7188],[85.8479,74.6979],[85.9036,74.6859],[85.8375,74.6604],[85.7667,74.6604],[85.7854,74.6417],[85.8938,74.6354],[85.9521,74.6208],[85.9833,74.6354],[86.0417,74.6208],[86.2021,74.6229],[86.4078,74.6078],[86.3714,74.5953],[86.3922,74.5839],[86.4792,74.5833],[86.5005,74.5651],[86.5854,74.5563],[86.6062,74.5625],[86.7771,74.5625],[86.6745,74.5339],[86.6021,74.5292],[86.5922,74.5172],[86.6646,74.5125],[86.6979,74.4917],[86.7495,74.4932],[86.7104,74.4583],[86.8042,74.4583],[86.7672,74.438],[86.8083,74.4292],[86.9854,74.4354],[87.1088,74.4432],[87.0917,74.425],[87.0422,74.4172],[87.1438,74.3938],[87.075,74.3896],[87.0276,74.3786],[87.038,74.3609],[87.0953,74.3328],[87.0734,74.3234],[87.0995,74.2995],[87.0437,74.2792],[86.9797,74.2818],[87.0026,74.3057],[86.9818,74.3432],[86.8901,74.3391],[86.8875,74.3104],[86.7354,74.3208],[86.8708,74.35],[86.8958,74.3646],[86.962,74.3714],[86.9589,74.3974],[86.987,74.4099],[86.7875,74.4125],[86.6417,74.4083],[86.663,74.4401],[86.5646,74.4771],[86.4833,74.475],[86.4328,74.4609],[86.3536,74.4609],[86.3083,74.4292],[86.2625,74.4458],[86.1641,74.4224],[86.2828,74.4099],[86.2776,74.3974],[86.3516,74.3536],[86.3271,74.325],[86.2708,74.3583],[86.2354,74.3604],[86.1854,74.3854],[86.1214,74.3859],[86.0896,74.3958],[85.9667,74.3958],[85.913,74.3641],[85.913,74.3297],[85.9646,74.3042],[86.1312,74.2833],[86.2312,74.2854],[86.387,74.2786],[86.4563,74.2521],[86.5125,74.2562],[86.6292,74.2542],[86.7167,74.2333],[86.7953,74.2016],[86.7932,74.1672],[86.7338,74.137],[86.7958,74.1167],[86.8521,74.1146],[86.8682,74.0984],[86.8297,74.0797],[86.8938,74.0667],[86.9583,74.0729],[87.1438,74.0708],[87.2354,74.0646],[87.2646,74.0563],[87.3708,74.0521],[87.4042,74.0313],[87.4896,74.0062],[87.4896,73.9792],[87.362,74.037],[87.2729,74.0458],[87.2354,74.0354],[87.1667,74.0479],[87.0646,74.0521],[87.0167,74.0333],[86.9484,74.0245],[86.9875,74.0042],[87.0995,73.9745],[87.1271,73.9479],[87.1964,73.9328],[87.1651,73.9047],[87.1922,73.8766],[87.2359,73.8568],[87.3854,73.8146],[87.4401,73.8182],[87.4464,73.7953],[87.4807,73.7839],[87.4203,73.7526],[87.3588,73.7432],[87.3833,73.7104],[87.3287,73.6797],[87.2943,73.6724],[87.2958,73.6542],[87.2526,73.6474],[87.1792,73.6104],[87.0958,73.6],[86.9542,73.6125],[86.9021,73.6083],[86.875,73.5896],[86.8063,73.5771],[86.7021,73.5729],[86.6667,73.5792],[86.5687,73.5792],[86.4708,73.5729],[86.3875,73.5604],[86.3585,73.6021],[86.4208,73.6167],[86.4792,73.6667],[86.6333,73.6708],[86.7354,73.6979],[86.8438,73.7458],[86.9292,73.7708],[87.05,73.7813],[87.1307,73.8255],[87.1318,73.8484],[87.0979,73.8583],[87.0188,73.8604],[86.8625,73.8854],[86.8104,73.8792],[86.7562,73.8896],[86.6646,73.8708],[86.5604,73.8688],[86.4875,73.8812],[86.3667,73.8667],[86.2521,73.8604],[86.0979,73.8583],[86.0229,73.8354],[85.9125,73.8167],[85.8562,73.8146],[85.7438,73.8229],[85.5625,73.7937],[85.5339,73.7807],[85.4922,73.738],[85.5062,73.7146],[85.3604,73.7063],[85.2708,73.6937],[85.1583,73.6979],[85.1417,73.7063],[85.0167,73.7021],[85.0083,73.7208],[84.9042,73.7208],[84.8271,73.7542],[84.7063,73.75],[84.5604,73.7229],[84.5062,73.7208],[84.4396,73.7083],[84.2771,73.7042],[84.1354,73.6958],[83.9771,73.6792],[83.9333,73.6792],[83.6458,73.65],[83.3771,73.6375],[83.2771,73.6396],[83.1167,73.6333],[83.0292,73.6396],[82.9208,73.6417],[82.6333,73.6417],[82.5333,73.6396],[82.3458,73.6479],[82.275,73.6375],[82.1875,73.6333],[82.0042,73.6333],[81.9792,73.6271],[81.8958,73.6354],[81.8104,73.6312],[81.7417,73.6208],[81.65,73.6229],[81.55,73.6083],[81.4167,73.6021],[81.3708,73.5729],[81.1042,73.5771],[81.0479,73.5625],[80.9979,73.5687],[80.925,73.5604],[80.9021,73.5396],[80.8417,73.5417],[80.7958,73.5625],[80.5396,73.5542],[80.5682,73.537],[80.5599,73.5172],[80.5234,73.512],[80.5646,73.4854],[80.6953,73.4912],[80.7083,73.4667],[80.6464,73.4578],[80.6484,73.4339],[80.6807,73.4068],[80.637,73.3901],[80.5875,73.3896],[80.55,73.375],[80.5724,73.362],[80.4255,73.3474],[80.4203,73.3193],[80.3745,73.2922],[80.4437,73.275],[80.6292,73.2604],[80.675,73.2396],[80.6818,73.2109],[80.7521,73.2063],[80.7042,73.1896],[80.6078,73.1922],[80.5938,73.1813],[80.4812,73.1792],[80.4146,73.1896],[80.425,73.15],[80.5729,73.1417],[80.6412,73.1245],[80.637,73.0964],[80.6021,73.0854],[80.5234,73.0839],[80.5896,73.0646],[80.6396,73.0646],[80.7354,73.05],[80.8266,73.0162],[80.8026,73.0016],[80.8297,72.9755],[80.8807,72.9537],[80.8792,72.9167],[80.8651,72.9089],[80.8828,72.8776],[80.8297,72.8391],[80.8401,72.7922],[80.7703,72.7464],[80.7104,72.7208],[80.6922,72.6839],[80.7089,72.6318],[80.7542,72.6146],[80.8625,72.6229],[80.8932,72.5995],[80.8766,72.5797],[80.8172,72.5641],[80.8578,72.5443],[80.825,72.5292],[80.7859,72.5307],[80.7672,72.5078],[80.8516,72.4745],[80.8453,72.4557],[80.9125,72.4208],[80.9854,72.4187],[81.0682,72.3974],[81.1208,72.375],[81.175,72.3729],[81.2312,72.3562],[81.3104,72.3479],[81.4078,72.3474],[81.5396,72.3354],[81.6563,72.3375],[81.6792,72.3292],[81.8146,72.3271],[81.8974,72.313],[81.9729,72.2937],[82.075,72.2813],[82.2688,72.2813],[82.2484,72.2578],[82.3578,72.2078],[82.3786,72.1578],[82.3516,72.1214],[82.2693,72.1099],[82.2833,72.0854],[82.3771,72.0729],[82.4333,72.0583],[82.5516,72.0141],[82.5974,71.9849],[82.6255,71.9443],[82.6641,71.9224],[82.8063,71.8917],[82.8521,71.8958],[82.9021,71.8875],[83.0708,71.8833],[83.1917,71.8729],[83.2396,71.8562],[83.375,71.8354],[83.4287,71.812],[83.4641,71.7693],[83.438,71.7318],[83.5286,71.7099],[83.6682,71.6391],[83.6911,71.6162],[83.6787,71.5818],[83.6516,71.5609],[83.6141,71.513],[83.5563,71.4938],[83.4563,71.4792],[83.4234,71.4537],[83.437,71.4432],[83.3922,71.3984],[83.4036,71.3547],[83.3588,71.3266],[83.3182,71.288],[83.1609,71.2412],[83.1755,71.2193],[83.2266,71.187],[83.2422,71.1609],[83.2932,71.112],[83.2583,71.1],[83.1849,71.0953],[83.2193,71.0568],[83.2979,71.0542],[83.3604,71.0333],[83.4203,71.0057],[83.4339,70.9818],[83.4599,70.9682],[83.4568,70.9464],[83.4859,70.9005],[83.5432,70.8682],[83.538,70.8234],[83.5703,70.8037],[83.5943,70.763],[83.5797,70.7505],[83.6286,70.7328],[83.6088,70.6984],[83.662,70.6682],[83.6589,70.6589],[83.7057,70.6141],[83.7266,70.5766],[83.8078,70.5266],[83.7943,70.5036],[83.7505,70.4964],[83.8099,70.4505],[83.7682,70.4193],[83.6776,70.3953],[83.6474,70.3609],[83.5505,70.3307],[83.5849,70.312],[83.5437,70.3042],[83.5036,70.3287],[83.4339,70.3141],[83.4021,70.2979],[83.3021,70.2937],[83.1396,70.3021],[83.0734,70.3109],[83.0437,70.3229],[82.9859,70.3057],[82.9953,70.287],[83.0463,70.2297],[83.0797,70.2026],[83.1266,70.1911],[83.1849,70.1432],[83.187,70.1109],[83.1526,70.0828],[83.1608,70.0729],[83.1208,70.0542],[83.0849,70.0495],[83.0313,70.0646],[82.9771,70.0646],[82.9146,70.075],[82.9042,70.0479],[82.8443,70.063],[82.8411,70.0849],[82.8141,70.1057],[82.775,70.1167],[82.6792,70.1312],[82.6301,70.1479],[82.6505,70.1755],[82.6536,70.2099],[82.6818,70.2536],[82.7662,70.2859],[82.8807,70.3464],[82.912,70.3703],[82.9953,70.3943],[83.0328,70.4464],[83.0495,70.4912],[83.0188,70.4917],[82.988,70.5234],[82.9896,70.5687],[83.0271,70.5563],[83.0641,70.5891],[83.0526,70.6109],[83.0797,70.6766],[83.137,70.7276],[83.0914,70.7438],[83.1203,70.7641],[83.1432,70.8016],[83.1057,70.8703],[83.0708,70.8854],[82.9838,70.8901],[82.9568,70.9047],[82.9432,70.9287],[82.8828,70.9495],[82.7786,70.8839],[82.7557,70.8401],[82.6922,70.8161],[82.6974,70.8057],[82.6464,70.7641],[82.6687,70.7494],[82.6391,70.7349],[82.5901,70.7536],[82.5641,70.7307],[82.5307,70.7276],[82.4891,70.6713],[82.4443,70.6703],[82.4484,70.6443],[82.4724,70.6162],[82.4398,70.5854],[82.3562,70.5875],[82.3258,70.6062],[82.362,70.6172],[82.3771,70.6521],[82.2912,70.6937],[82.3891,70.7255],[82.4141,70.7484],[82.4047,70.7672],[82.3588,70.7901],[82.3453,70.8203],[82.3026,70.8318],[82.2953,70.8912],[82.2599,70.9224],[82.2151,70.9443],[82.2375,70.9729],[82.2026,70.9734],[82.2005,71.012],[82.2359,71.0328],[82.3245,71.0547],[82.3328,71.0807],[82.3245,71.1141],[82.2776,71.1568],[82.2609,71.1839],[82.2745,71.1974],[82.2422,71.2297],[82.2505,71.2495],[82.4833,71.3125],[82.5687,71.325],[82.6542,71.3458],[82.7771,71.3646],[82.9682,71.388],[83.0182,71.4099],[82.9984,71.4193],[82.9776,71.4807],[82.9912,71.4932],[82.9755,71.5182],[83.0083,71.5396],[83.0542,71.55],[83.1417,71.5583],[83.187,71.5734],[83.2151,71.6036],[83.3078,71.6526],[83.3266,71.6745],[83.2828,71.7037],[83.2271,71.7208],[83.1646,71.7292],[83.0417,71.7271],[82.9672,71.738],[82.9458,71.7688],[82.85,71.7688],[82.6792,71.7583],[82.6104,71.7417],[82.5083,71.725],[82.2792,71.7021],[82.1521,71.7],[82.0833,71.6937],[81.9437,71.6875],[81.7188,71.6896],[81.6292,71.7],[81.575,71.7167],[81.3755,71.7484],[81.3328,71.7703],[81.3021,71.7604],[81.2438,71.7646],[81.2271,71.7854],[81.2849,71.7984],[81.2786,71.837],[81.1609,71.8547],[81.1599,71.8745],[81.1266,71.8912],[81.0162,71.9307],[80.9708,71.9354],[80.9411,71.9537],[80.8401,71.9838],[80.8224,72.0057],[80.7375,72.0292],[80.7047,72.0318],[80.6776,72.0505],[80.7099,72.0609],[80.7828,72.0682],[80.7979,72.0771],[80.5583,72.1062],[80.3292,72.1438],[80.0563,72.1813],[79.9333,72.2063],[79.7292,72.2833],[79.5667,72.3354],[79.4917,72.35],[79.2854,72.3625],[78.9833,72.3625],[78.8292,72.3667],[78.6667,72.375],[78.5234,72.3745],[78.5266,72.363],[78.4339,72.3391],[78.5057,72.3161],[78.4776,72.2943],[78.4224,72.3287],[78.3693,72.3359],[78.4724,72.3568],[78.4458,72.375],[78.3896,72.3771],[78.3313,72.3667],[78.3083,72.3479],[78.25,72.3479],[78.2042,72.3375],[78.1625,72.3458],[78.075,72.3333],[77.9979,72.3292],[77.9724,72.3109],[77.8943,72.3078],[77.8786,72.2922],[77.9266,72.2839],[77.8214,72.2599],[77.762,72.2338],[77.7432,72.2005],[77.6937,72.1854],[77.6104,72.1854],[77.5333,72.2104],[77.5083,72.1937],[77.5224,72.1693],[77.4714,72.1495],[77.3984,72.1016],[77.4089,72.0755],[77.4396,72.0625],[77.5437,72.0542],[77.5672,72.0641],[77.6771,72.0813],[77.7396,72.0958],[77.8479,72.1021],[77.9979,72.1],[78.075,72.0813],[78.1953,72.0162],[78.2453,71.962],[78.2412,71.9422],[78.1828,71.8964],[78.0396,71.8521],[77.9042,71.8333],[77.7937,71.8104],[77.7542,71.8146],[77.6458,71.8125],[77.4833,71.8396],[77.4099,71.8724],[77.3182,71.9203],[77.1568,71.963],[77.1167,71.9812],[77.0062,72.0021],[76.9516,72.0203],[76.9333,72.0479],[76.8729,72.0521],[76.6979,72.0437],[76.5854,72.0313],[76.3542,71.9979],[76.2026,71.9495],[76.2078,71.938],[76.1188,71.9146],[76.0359,71.9036],[76.0328,71.8922],[76.0807,71.8766],[76.0755,71.8609],[76.1078,71.8453],[76.1088,71.8214],[76.1286,71.8078],[76.1172,71.7766],[76.1401,71.7318],[76.1672,71.7089],[76.262,71.6724],[76.2891,71.6432],[76.2547,71.6151],[76.2526,71.5964],[76.2755,71.5755],[76.3167,71.5604],[76.3896,71.5604],[76.4812,71.5667],[76.4375,71.5437],[76.5833,71.5083],[76.6297,71.4734],[76.7146,71.4542],[76.8604,71.4333],[76.9125,71.4187],[76.9667,71.4125],[77.0599,71.4172],[77.1474,71.3932],[77.1526,71.3734],[77.2542,71.3313],[77.4146,71.2979],[77.4854,71.2896],[77.55,71.2896],[77.5729,71.2792],[77.7,71.2646],[77.6776,71.2828],[77.75,71.3125],[77.8354,71.3083],[77.8339,71.3349],[77.9542,71.3396],[77.9333,71.3646],[78.0349,71.3641],[77.9974,71.3339],[77.9422,71.3307],[77.9005,71.2849],[77.9151,71.2422],[77.9807,71.2505],[77.9896,71.2667],[78.0521,71.2688],[78.1042,71.2562],[78.1813,71.2479],[78.2562,71.2521],[78.3078,71.2349],[78.3,71.1896],[78.287,71.1609],[78.3047,71.137],[78.2599,71.1318],[78.2651,71.0922],[78.2979,71.0625],[78.3604,71.0646],[78.3484,71.087],[78.425,71.1],[78.4667,71.1],[78.4995,71.0849],[78.4693,71.0568],[78.5167,71.0563],[78.5417,71.0333],[78.4688,71.0208],[78.4745,70.9995],[78.4537,70.9276],[78.4838,70.9245],[78.5542,70.9521],[78.5958,70.95],[78.7375,70.9292],[78.7896,70.9333],[78.8339,70.9599],[78.7818,70.9786],[78.8375,70.9938],[78.9042,70.9625],[78.9807,70.9651],[79.037,70.9984],[79.1057,70.9849],[79.0396,70.9583],[79.0188,70.9396],[78.9292,70.9104],[78.9661,70.8953],[78.9333,70.8833],[78.888,70.9078],[78.7312,70.9125],[78.65,70.9104],[78.5313,70.9187],[78.4792,70.8917],[78.3776,70.8912],[78.3479,70.925],[78.2229,70.9292],[78.175,70.9479],[78.0687,70.9417],[77.9938,70.9646],[77.9604,70.9646],[77.9151,70.9797],[77.9141,71.0266],[77.8828,71.0766],[77.8411,71.1099],[77.7729,71.1312],[77.675,71.1375],[77.4479,71.1646],[77.3167,71.1646],[77.2833,71.1583],[77.1729,71.1604],[77.1417,71.1687],[77.0104,71.1771],[76.9422,71.1641],[76.9667,71.1458],[76.962,71.1057],[76.9437,71.075],[76.9,71.0604],[76.9213,71.0401],[76.9641,71.0307],[76.9437,70.9979],[76.9495,71.0286],[76.8943,71.038],[76.8797,71.0599],[76.9078,71.0859],[76.912,71.113],[76.8333,71.1021],[76.8287,71.0839],[76.7562,71.0687],[76.738,71.0911],[76.8109,71.0922],[76.8703,71.1255],[76.8938,71.1604],[76.8938,71.1813],[76.7063,71.1875],[76.6292,71.1958],[76.5286,71.1891],[76.4292,71.1958],[76.1375,71.2083],[76.1,71.1896],[76.0463,71.1984],[76.0208,71.2125],[75.8771,71.2188],[75.6776,71.2484],[75.5646,71.2813],[75.5,71.2833],[75.4104,71.2937],[75.2943,71.3318],[75.2359,71.3839],[75.2432,71.4036],[75.2234,71.4266],[75.2854,71.4479],[75.35,71.4521],[75.3953,71.4714],[75.413,71.4953],[75.4422,71.5078],[75.5021,71.5167],[75.5036,71.5349],[75.45,71.5583],[75.3875,71.5687],[75.3588,71.5849],[75.4396,71.6062],[75.4828,71.6432],[75.4146,71.675],[75.3333,71.6729],[75.3505,71.6922],[75.2609,71.7276],[75.2432,71.7599],[75.2151,71.7714],[75.2245,71.8287],[75.2208,71.8562],[75.2662,71.8974],[75.2401,71.913],[75.2526,71.9474],[75.3542,71.9417],[75.3807,71.9464],[75.4161,71.9818],[75.388,72.0141],[75.4745,72.0859],[75.4714,72.1162],[75.5234,72.187],[75.5589,72.2203],[75.6292,72.2375],[75.6974,72.2464],[75.7099,72.2703],[75.6953,72.2932],[75.6443,72.3047],[75.6328,72.3266],[75.5734,72.3505],[75.5537,72.3693],[75.562,72.3953],[75.5495,72.4224],[75.5214,72.4359],[75.4922,72.4995],[75.5125,72.5229],[75.6021,72.5271],[75.6391,72.5432],[75.5396,72.5896],[75.4359,72.6276],[75.3521,72.6813],[75.3089,72.6932],[75.3318,72.7203],[75.3979,72.7042],[75.4604,72.7146],[75.4766,72.7266],[75.3562,72.775],[75.2083,72.8167],[75.1125,72.8292],[75.0521,72.8562],[75.0062,72.8688],[74.9479,72.8708],[74.8354,72.8375],[74.7672,72.8078],[74.7734,72.7901],[74.8453,72.7599],[74.8609,72.7422],[74.9474,72.6807],[74.9443,72.6734],[74.9995,72.6182],[75.0203,72.5745],[75.038,72.5026],[75.0578,72.487],[75.0787,72.4287],[75.087,72.3776],[75.0776,72.3151],[75.0828,72.2734],[75.062,72.2297],[75.0349,72.1984],[74.9641,72.1422],[74.8141,72.0734],[74.7125,72.0417],[74.5604,72.0062],[74.3833,71.9708],[74.3208,71.9646],[74.2646,71.9479],[74.1458,71.925],[74.0604,71.9146],[73.9646,71.8958],[73.8708,71.8854],[73.6833,71.8479],[73.5625,71.8187],[73.4651,71.7766],[73.4568,71.7609],[73.4974,71.7453],[73.5224,71.7245],[73.5266,71.6922],[73.5099,71.6589],[73.4641,71.6214],[73.3953,71.5776],[73.2557,71.5172],[73.113,71.4703],[73.0318,71.4266],[73.0026,71.3932],[73.038,71.3755],[73.1917,71.3458],[73.3042,71.3208],[73.3766,71.2974],[73.5078,71.2412],[73.6016,71.1891],[73.6536,71.1432],[73.6625,71.1042],[73.6901,71.0672],[73.7359,71.0318],[73.8932,70.9724],[73.9161,70.938],[73.8776,70.9016],[73.9005,70.8568],[73.9391,70.8307],[74.0943,70.7589],[74.1641,70.7328],[74.2453,70.6849],[74.2786,70.6495],[74.3057,70.5974],[74.3099,70.5276],[74.2745,70.4734],[74.2307,70.4276],[74.1995,70.4089],[74.1088,70.3724],[74.112,70.3588],[74.0349,70.3068],[73.8651,70.2349],[73.8161,70.2047],[73.7859,70.1953],[73.762,70.1672],[73.6984,70.1349],[73.6755,70.1151],[73.7599,70.0953],[73.787,70.0807],[73.7807,70.0505],[73.7599,70.0151],[73.7255,69.9912],[73.7536,69.9568],[73.7307,69.9297],[73.6713,69.8912],[73.6787,69.8641],[73.6641,69.8276],[73.5734,69.7974],[73.5443,69.7682],[73.5297,69.7338],[73.5625,69.7125],[73.5828,69.6818],[73.5859,69.6547],[73.6604,69.5958],[73.7245,69.5766],[73.7932,69.5411],[73.8411,69.5016],[73.8672,69.4547],[73.8995,69.412],[73.8943,69.3599],[73.8287,69.2589],[73.7714,69.1891],[73.7693,69.163],[73.7911,69.1536],[73.8422,69.0984],[73.8714,69.0755],[73.9208,69.0687],[74.0167,69.0708],[74.1312,69.0958],[74.1859,69.1162],[74.2958,69.1312],[74.4833,69.1292],[74.6208,69.1146],[74.6667,69.1042],[74.7292,69.075],[74.8187,69.0729],[74.9125,69.0875],[75.1021,69.0979],[75.1276,69.137],[75.1917,69.1625],[75.3016,69.1797],[75.3214,69.2016],[75.3938,69.2188],[75.4187,69.2188],[75.5,69.2479],[75.6229,69.2521],[75.7583,69.2333],[75.8688,69.2375],[75.9688,69.2354],[76.0313,69.2396],[76.0833,69.2312],[76.2104,69.2],[76.2896,69.1708],[76.3396,69.1667],[76.4479,69.1208],[76.4792,69.125],[76.6167,69.1208],[76.6083,69.1354],[76.6708,69.1375],[76.7333,69.1271],[76.7479,69.1083],[76.8037,69.0932],[76.8224,69.0766],[76.8318,69.038],[76.9047,69.0109],[76.9625,68.9979],[77.0542,68.9875],[77.2458,68.9708],[77.3005,68.938],[77.362,68.9224],[77.3693,68.913],[77.5062,68.9146],[77.6229,68.9],[77.6828,68.8766],[77.6875,68.8271],[77.6776,68.7911],[77.7224,68.7516],[77.7432,68.7224],[77.7474,68.6891],[77.7338,68.6703],[77.7432,68.6505],[77.6937,68.6229],[77.7214,68.588],[77.7745,68.562],[77.7776,68.5172],[77.8396,68.5229],[77.9182,68.5162],[77.9495,68.5036],[77.9537,68.4714],[77.8651,68.4568],[77.9266,68.4245],[77.9213,68.4089],[77.9443,68.3839],[77.9833,68.3667],[78.0083,68.3688],[78.0734,68.3443],[78.0813,68.3333],[78.0505,68.313],[78.1516,68.2745],[78.1703,68.2464],[78.1167,68.2271],[78.0687,68.2292],[78.0167,68.2146],[77.7958,68.2146],[77.7354,68.2083],[77.6526,68.1807],[77.6141,68.1568],[77.538,68.1266],[77.4943,68.0714],[77.5266,68.0474],[77.5125,67.9979],[77.4797,67.9755],[77.5047,67.9547],[77.5005,67.9401],[77.5354,67.9333],[77.5646,67.9437],[77.6036,67.9307],[77.5974,67.9151],[77.5182,67.9109],[77.4589,67.8797],[77.4609,67.8234],[77.4849,67.8037],[77.4526,67.763],[77.5417,67.7208],[77.6146,67.7229],[77.6312,67.7125],[77.7292,67.7271],[77.7604,67.7417],[77.7937,67.7188],[77.9167,67.7146],[77.8953,67.6943],[77.85,67.6771],[77.7708,67.6687],[77.7688,67.65],[77.8313,67.65],[77.8776,67.6682],[77.9437,67.6813],[77.9771,67.6813],[78.0516,67.6599],[78.0583,67.6396],[78.1229,67.6375],[78.1703,67.6547],[78.2438,67.6438],[78.2729,67.6604],[78.3187,67.6604],[78.3474,67.6516],[78.363,67.6234],[78.3995,67.6297],[78.3875,67.6667],[78.4234,67.6713],[78.4599,67.6641],[78.4646,67.6417],[78.5042,67.6417],[78.5047,67.662],[78.5437,67.6667],[78.6286,67.6536],[78.6307,67.6234],[78.5958,67.6146],[78.4354,67.6167],[78.4458,67.6062],[78.5021,67.6021],[78.5708,67.5833],[78.6578,67.5859],[78.663,67.6162],[78.6818,67.6412],[78.7083,67.6458],[78.7813,67.6333],[78.8604,67.5958],[78.9083,67.5958],[78.9688,67.5875],[79.0062,67.5583],[78.9651,67.5557],[78.9495,67.5432],[78.9042,67.5583],[78.875,67.55],[78.8042,67.5646],[78.7786,67.5787],[78.6729,67.5625],[78.6083,67.5563],[78.5521,67.5646],[78.4938,67.5604],[78.4609,67.538],[78.4229,67.5313],[78.3089,67.5297],[78.2505,67.5484],[78.2453,67.5599],[78.1813,67.5563],[78.1375,67.5458],[78.0521,67.5375],[78.0167,67.5292],[77.9359,67.5359],[77.9161,67.5557],[77.8688,67.5625],[77.8891,67.5318],[77.8255,67.5099],[77.8224,67.4964],[77.738,67.4661],[77.6995,67.4255],[77.6474,67.4109],[77.7016,67.4641],[77.6797,67.4755],[77.6797,67.5026],[77.6958,67.5229],[77.7432,67.5516],[77.6979,67.5542],[77.7016,67.5787],[77.662,67.6078],[77.6286,67.6068],[77.5537,67.6516],[77.4896,67.6646],[77.4021,67.675],[77.3255,67.6943],[77.2708,67.7167],[77.1729,67.7354],[77.1208,67.75],[77.0734,67.7714],[77.0693,67.7984],[77.0943,67.8224],[77.1333,67.8354],[77.1521,67.8208],[77.1896,67.8146],[77.2307,67.8276],[77.2568,67.8578],[77.2995,67.8912],[77.2401,67.9151],[77.1901,67.9505],[77.2057,67.9745],[77.1813,67.9875],[77.2057,67.9984],[77.2307,68.0359],[77.1964,68.0922],[77.2828,68.1401],[77.2958,68.1583],[77.2922,68.187],[77.3224,68.1984],[77.337,68.2286],[77.3125,68.2375],[77.2333,68.2375],[77.1609,68.2484],[77.1234,68.2682],[77.1641,68.2943],[77.1651,68.312],[77.2328,68.3214],[77.2338,68.3411],[77.288,68.3693],[77.2828,68.3891],[77.238,68.4193],[77.2234,68.4547],[77.2464,68.4724],[77.3063,68.475],[77.2484,68.5151],[77.2307,68.5411],[77.187,68.5682],[77.0599,68.5828],[77.0349,68.6057],[76.9458,68.6208],[76.9224,68.6412],[76.95,68.65],[76.8714,68.6713],[76.8333,68.6896],[76.7438,68.7104],[76.6505,68.7443],[76.6234,68.7714],[76.638,68.8037],[76.6891,68.8339],[76.6979,68.8552],[76.6453,68.9161],[76.6088,68.937],[76.6016,68.962],[76.5604,68.9729],[76.4938,68.9771],[76.2083,68.9771],[76.05,68.9563],[75.9563,68.9354],[75.8729,68.9292],[75.8,68.9292],[75.7354,68.9187],[75.6792,68.9],[75.5583,68.8958],[75.5682,68.8797],[75.5214,68.8662],[75.4896,68.8396],[75.4625,68.8604],[75.4146,68.8688],[75.3417,68.8625],[75.3292,68.8812],[75.125,68.8354],[75.0667,68.8313],[75.0104,68.8187],[74.9479,68.8146],[74.8979,68.8042],[74.7042,68.7729],[74.5958,68.7479],[74.4859,68.7078],[74.4422,68.6641],[74.4453,68.5984],[74.4359,68.5818],[74.4484,68.5547],[74.4745,68.5307],[74.4641,68.4922],[74.3411,68.3943],[74.3125,68.3646],[74.3807,68.3349],[74.4646,68.2896],[74.4932,68.2849],[74.5911,68.2391],[74.6245,68.2099],[74.6609,68.163],[74.7286,68.0953],[74.7276,68.0734],[74.7995,68.0245],[74.8203,67.962],[74.812,67.8974],[74.7859,67.7995],[74.7911,67.7693],[74.7516,67.6984],[74.737,67.6818],[74.6453,67.6318],[74.538,67.5932],[74.5349,67.588],[74.3214,67.5162],[74.2662,67.4922],[74.1193,67.437],[74.0651,67.3974],[74.0224,67.3443],[73.987,67.3172],[73.9234,67.2974],[73.9068,67.2745],[73.9193,67.2443],[73.9391,67.2328],[73.9542,67.1958],[73.913,67.1401],[73.9026,67.112],[73.9245,67.0807],[73.9182,67.0651],[73.8708,67.0458],[73.8833,67.0146],[73.8536,66.988],[73.7583,66.9563],[73.6068,66.9266],[73.6078,66.9047],[73.5693,66.8786],[73.5557,66.8505],[73.5224,66.8339],[73.4,66.8021],[73.2625,66.7771],[73.1563,66.7521],[73.0396,66.7333],[72.9755,66.7078],[72.9849,66.6828],[72.9745,66.6713],[72.9213,66.6578],[72.8625,66.6312],[72.8125,66.625],[72.6917,66.6208],[72.5938,66.6104],[72.5604,66.6021],[72.4938,66.5979],[72.4526,66.5766],[72.4287,66.5422],[72.3443,66.5036],[72.3953,66.4891],[72.3974,66.4776],[72.3609,66.4661],[72.3547,66.4484],[72.3953,66.4099],[72.4078,66.387],[72.4109,66.3526],[72.3604,66.3521],[72.387,66.3318],[72.3432,66.3005],[72.2729,66.2896],[72.225,66.2729],[72.212,66.2547],[72.1667,66.2521],[72.088,66.2286],[72.0463,66.2391],[72.0104,66.2354],[71.9521,66.25],[71.9146,66.2375],[71.8042,66.2354],[71.7589,66.2568],[71.7432,66.2891],[71.7042,66.3042],[71.6375,66.3167],[71.575,66.3187],[71.5125,66.3313],[71.2792,66.35],[71.1333,66.3521],[71.0354,66.3479],[71.0021,66.3562],[70.9146,66.35],[70.8271,66.35],[70.6896,66.3354],[70.6146,66.3313],[70.4896,66.3333],[70.3792,66.3292],[70.2396,66.3583],[70.1646,66.3583],[70.125,66.375],[70.0708,66.3854],[69.9125,66.4],[69.9141,66.4141],[69.8609,66.4234],[69.8495,66.4453],[69.7958,66.4604],[69.7396,66.4688],[69.5271,66.4875],[69.4375,66.4896],[69.3776,66.5068],[69.312,66.5349],[69.2068,66.5714],[69.1536,66.6057],[69.1297,66.613],[69.1438,66.6854],[69.1833,66.7354],[69.1745,66.7599],[69.1479,66.7708],[68.9771,66.7646],[68.8875,66.7688],[68.7896,66.7562],[68.7557,66.7318],[68.7276,66.7266],[68.6453,66.6734],[68.5609,66.6474],[68.5495,66.6234],[68.5182,66.6026],[68.388,66.5661],[68.3417,66.5478],[68.3125,66.558],[68.3641,66.5734],[68.3276,66.5901],[68.3562,66.6208],[68.4063,66.6167],[68.4641,66.6391],[68.3979,66.6542],[68.2833,66.65],[68.2651,66.6651],[68.2995,66.6828],[68.2583,66.6937],[68.1729,66.6937],[68.113,66.712],[68.1484,66.7245],[68.2271,66.7375],[68.2651,66.7276],[68.3375,66.7354],[68.3401,66.7089],[68.3984,66.7172],[68.4396,66.7104],[68.4089,66.7318],[68.4505,66.7536],[68.5167,66.7542],[68.5833,66.7458],[68.5771,66.7625],[68.5021,66.7604],[68.4875,66.7729],[68.6,66.7688],[68.6271,66.7604],[68.6979,66.7646],[68.7396,66.7792],[68.8141,66.7943],[68.8708,66.7958],[68.9354,66.7854],[69.0188,66.7917],[69.0479,66.8146],[69.0792,66.8042],[69.1125,66.8146],[69.1958,66.8104],[69.2333,66.8146],[69.2875,66.8104],[69.3396,66.7937],[69.3917,66.8125],[69.4563,66.8125],[69.5307,66.8057],[69.5484,66.788],[69.6458,66.7542],[69.7125,66.7708],[69.7125,66.7833],[69.7688,66.7979],[69.8187,66.8042],[69.8854,66.8],[69.8651,66.8193],[69.8938,66.8583],[69.95,66.8521],[69.9891,66.8203],[69.9854,66.8042],[70.0453,66.7745],[70.0787,66.7474],[70.1188,66.7333],[70.1854,66.7292],[70.1526,66.7141],[70.1547,66.7026],[70.2688,66.6729],[70.4063,66.6729],[70.5333,66.6771],[70.5687,66.6917],[70.4917,66.7104],[70.5313,66.7188],[70.5833,66.7104],[70.625,66.7208],[70.6021,66.7396],[70.6312,66.7542],[70.7188,66.7583],[70.7875,66.7729],[70.8005,66.7911],[70.8604,66.8187],[70.9375,66.8104],[71.0766,66.8109],[71.1328,66.8318],[71.1505,66.8516],[71.2021,66.8708],[71.2937,66.8708],[71.3896,66.9021],[71.45,66.8938],[71.4563,66.9083],[71.4167,66.9187],[71.4167,66.9313],[71.3479,66.9333],[71.3359,66.9537],[71.4042,66.9688],[71.4474,66.9537],[71.4547,66.9422],[71.5458,66.9042],[71.5724,66.9151],[71.5938,66.9396],[71.6792,66.9354],[71.6995,66.9287],[71.7068,66.9047],[71.7641,66.9151],[71.788,66.9516],[71.8125,66.9667],[71.8682,66.9776],[71.888,67.0036],[71.9688,67.0375],[72.037,67.0401],[72.0286,67.062],[71.9859,67.0724],[72.0245,67.0911],[71.9458,67.1292],[72.0099,67.1318],[72.0318,67.1474],[72.0792,67.1563],[72.1974,67.1578],[72.2312,67.1875],[72.2203,67.2141],[72.1854,67.25],[72.15,67.2417],[72.075,67.2458],[72.0286,67.2568],[72.0474,67.2786],[72.038,67.2932],[72.0833,67.3063],[72.1453,67.3026],[72.1984,67.3266],[72.25,67.3021],[72.3083,67.3125],[72.3896,67.3125],[72.4328,67.3443],[72.425,67.3646],[72.4443,67.3922],[72.4109,67.4193],[72.4047,67.4422],[72.4172,67.4682],[72.4625,67.4854],[72.525,67.4958],[72.5474,67.5068],[72.5563,67.5646],[72.5255,67.5776],[72.563,67.6036],[72.5896,67.6083],[72.7021,67.6021],[72.8646,67.6312],[72.8766,67.6432],[72.8583,67.6625],[72.8859,67.6849],[73.0021,67.7104],[73.1078,67.7266],[73.0714,67.7651],[73.0568,67.7932],[73.0714,67.812],[73.1057,67.8255],[73.15,67.8271],[73.1849,67.8401],[73.2,67.8708],[73.1891,67.9411],[73.1109,67.9943],[73.0505,68.0401],[73.0339,68.0661],[73.0484,68.1182],[73.1016,68.1464],[73.0729,68.1979],[73.1276,68.2432],[73.1911,68.2589],[73.213,68.2807],[73.2734,68.312],[73.3682,68.3401],[73.413,68.3734],[73.4339,68.412],[73.4609,68.4432],[73.5021,68.4646],[73.6016,68.4849],[73.5828,68.5141],[73.5339,68.5463],[73.4661,68.5828],[73.1943,68.6734],[73.1083,68.7146],[73.075,68.7208],[73.0437,68.7208],[73.0229,68.7375],[72.9271,68.7625],[72.7937,68.8063],[72.7484,68.8005],[72.7474,68.8224],[72.6443,68.8693],[72.5943,68.9068],[72.5526,68.9505],[72.5599,68.9578],[72.5089,69.0255],[72.5057,69.0537],[72.488,69.0661],[72.475,69.1417],[72.4943,69.2016],[72.5255,69.2307],[72.6162,69.2693],[72.6099,69.312],[72.5776,69.3401],[72.5828,69.3516],[72.5401,69.3797],[72.4734,69.4005],[72.5125,69.4146],[72.5651,69.3922],[72.6162,69.4234],[72.6349,69.4484],[72.6432,69.4891],[72.6307,69.5078],[72.5901,69.5318],[72.5651,69.5609],[72.5661,69.5766],[72.4943,69.6401],[72.5359,69.6641],[72.563,69.6932],[72.6328,69.7234],[72.6682,69.7526],[72.6724,69.8266],[72.612,69.8953],[72.5797,69.9109],[72.513,69.9651],[72.4859,70.0047],[72.4974,70.0391],[72.4568,70.062],[72.5463,70.0703],[72.5917,70.1292],[72.5682,70.1661],[72.4026,70.2401],[72.4234,70.2891],[72.4521,70.3104],[72.5516,70.3422],[72.5938,70.3688],[72.7021,70.3938],[72.737,70.3922],[72.7495,70.4255],[72.7422,70.4557],[72.7516,70.4932],[72.7432,70.5224],[72.7026,70.5359],[72.6755,70.5745],[72.6734,70.6141],[72.7151,70.6536],[72.7443,70.6693],[72.7464,70.7037],[72.7662,70.738],[72.7609,70.7932],[72.7786,70.8005],[72.8057,70.8453],[72.7911,70.8745],[72.6797,70.9193],[72.6787,70.9287],[72.6047,70.963],[72.5651,71.0057],[72.6005,71.0505],[72.6536,71.0682],[72.6068,71.0922],[72.5333,71.1458],[72.4672,71.1495],[72.4458,71.1604],[72.3771,71.1687],[72.2479,71.2],[72.0417,71.2875],[72.0047,71.3255],[71.9974,71.3495],[71.863,71.4172],[71.8339,71.4464],[71.8172,71.4943],[71.863,71.5307],[71.9229,71.55],[71.962,71.5505],[72.0224,71.5651],[72.0328,71.5828],[72.1245,71.5901],[72.1443,71.6016],[72.1813,71.6708],[72.2547,71.6849],[72.3266,71.7047],[72.3068,71.7557],[72.3161,71.7693],[72.3005,71.8078],[72.3083,71.8313],[72.3234,71.8526],[72.3917,71.8583],[72.4187,71.875],[72.4724,71.888],[72.5396,71.9917],[72.5859,72.0724],[72.7078,72.1109],[72.688,72.1401],[72.6901,72.1755],[72.7068,72.2016],[72.7792,72.2458],[72.8411,72.2578],[72.8307,72.2911],[72.7901,72.3318],[72.7995,72.3557],[72.7776,72.4005],[72.7839,72.462],[72.8182,72.4693],[72.8104,72.4958],[72.7609,72.5068],[72.7297,72.5318],[72.7359,72.5495],[72.7172,72.5932],[72.75,72.6083],[72.9255,72.5901],[72.9042,72.6208],[72.9213,72.6453],[72.9641,72.6557],[72.9208,72.6771],[72.8583,72.6813],[72.8297,72.6609],[72.8505,72.6214],[72.8172,72.6234],[72.7849,72.6516],[72.7391,72.663],[72.7109,72.6932],[72.7771,72.6917],[72.8,72.7042],[72.6604,72.7271],[72.6333,72.7354],[72.4938,72.7562],[72.2979,72.7813],[72.1833,72.8021],[72.1375,72.8104],[72.0708,72.8104],[72.0516,72.7859],[72.0047,72.7776],[71.9667,72.7875],[71.9083,72.7875],[71.8588,72.8016],[72.0099,72.8047],[71.9583,72.8208],[71.7438,72.8667],[71.6312,72.8875],[71.5479,72.8833],[71.4521,72.8708],[71.3646,72.8667],[71.2729,72.8729],[71.1083,72.8896],[70.9979,72.8875],[70.8187,72.8688],[70.6,72.8792],[70.4734,72.8766],[70.3146,72.8812],[70.1687,72.875],[70.1125,72.8688],[69.975,72.8688],[69.9375,72.8583],[69.7937,72.8625],[69.7734,72.8536],[69.6542,72.85],[69.5729,72.8604],[69.4766,72.8536],[69.4667,72.8438],[69.3734,72.8422],[69.3672,72.8328],[69.2693,72.8078],[69.2391,72.7755],[69.1396,72.7333],[69.063,72.7078],[69.0375,72.6792],[68.988,72.6557],[68.9828,72.6182],[68.9401,72.5328],[68.9104,72.5],[68.9141,72.4661],[68.863,72.4453],[68.8172,72.3464],[68.8068,72.3109],[68.8662,72.3078],[68.875,72.2896],[68.7984,72.2953],[68.8037,72.2776],[68.7609,72.2161],[68.7703,72.2089],[68.6797,72.0849],[68.6807,72.0589],[68.6354,72.0125],[68.5911,71.9318],[68.5672,71.9099],[68.5266,71.8464],[68.4891,71.8068],[68.4651,71.7974],[68.4287,71.7609],[68.3151,71.6953],[68.3063,71.6729],[68.1693,71.6141],[68.1307,71.5839],[68.025,71.5417],[67.7292,71.4521],[67.7021,71.45],[67.5651,71.4141],[67.5557,71.4047],[67.3979,71.3542],[67.0687,71.2833],[66.9375,71.2708],[66.9068,71.2412],[66.887,71.2026],[66.7911,71.1255],[66.7547,71.1078],[66.7771,71.0938],[66.8375,71.0813],[66.9208,71.0771],[66.9182,71.0589],[66.863,71.0432],[66.9016,71.0089],[66.8547,70.9974],[66.8411,70.9589],[66.7859,70.9411],[66.7807,70.9109],[66.6318,70.8599],[66.6401,70.8422],[66.7271,70.825],[66.7203,70.7734],[66.7521,70.7688],[66.8583,70.7729],[66.9833,70.7875],[67.0068,70.7974],[67.0724,70.8047],[67.0776,70.8203],[67.1208,70.8313],[67.2,70.8313],[67.2682,70.8245],[67.2943,70.8026],[67.338,70.7849],[67.3339,70.7734],[67.3745,70.762],[67.3609,70.7412],[67.3818,70.7245],[67.3812,70.7],[67.3422,70.6797],[67.3359,70.6609],[67.3766,70.6526],[67.3193,70.6349],[67.2776,70.6016],[67.287,70.5734],[67.2724,70.5484],[67.2318,70.5182],[67.2797,70.4859],[67.3161,70.4724],[67.3474,70.4328],[67.2833,70.3938],[67.238,70.3786],[67.2068,70.3391],[67.2016,70.3026],[67.1713,70.2807],[67.162,70.2526],[67.125,70.2146],[67.1687,70.1875],[67.2333,70.1896],[67.2562,70.1813],[67.2807,70.1807],[67.313,70.1193],[67.3786,70.0995],[67.3792,70.0604],[67.3958,70.0417],[67.3521,70.025],[67.3333,70.0021],[67.2646,70],[67.1854,69.9729],[67.1042,69.9729],[67.0583,69.9542],[67.0125,69.95],[66.9714,69.9609],[66.9589,70.0036],[67.0083,70.0167],[66.9688,70.0313],[66.9047,69.9828],[66.8703,69.9276],[66.8464,69.9036],[66.813,69.7828],[66.8005,69.7182],[66.8099,69.687],[66.8104,69.6292],[66.8276,69.5505],[66.8693,69.5005],[66.9208,69.4667],[66.9807,69.4964],[66.9734,69.5162],[66.9437,69.5354],[66.937,69.5557],[66.8818,69.5734],[66.8734,69.6047],[66.8896,69.6125],[66.9771,69.625],[67.0307,69.638],[66.9818,69.6766],[67.0229,69.6917],[67.0667,69.6896],[67.1458,69.6563],[67.2125,69.6563],[67.2422,69.6401],[67.3229,69.6229],[67.3646,69.6062],[67.5,69.6125],[67.5214,69.5964],[67.6578,69.5787],[67.6713,69.5589],[67.7146,69.5375],[67.7953,69.5182],[67.8375,69.4938],[67.9104,69.4938],[67.9625,69.4729],[68.0495,69.4755],[68.0104,69.5021],[68.0375,69.5229],[68.0813,69.5292],[68.1245,69.5057],[68.1214,69.4714],[68.137,69.4682],[68.125,69.4146],[68.1068,69.3724],[68.0807,69.3526],[68.0318,69.3432],[68.0734,69.2651],[68.1109,69.2214],[68.1911,69.1766],[68.2047,69.163],[68.2703,69.1307],[68.3724,69.0703],[68.4078,69.0349],[68.4234,69.0047],[68.5229,68.95],[68.5979,68.9292],[68.7688,68.9021],[68.8812,68.9042],[68.9083,68.925],[68.975,68.9354],[69.0479,68.9396],[69.0771,68.9229],[69.1438,68.9354],[69.1729,68.9271],[69.1229,68.9021],[69.0687,68.8938],[68.9958,68.8938],[68.9734,68.8828],[69.0167,68.8688],[69.0479,68.8688],[69.0875,68.8542],[69.1266,68.8234],[69.1062,68.8063],[69.0589,68.7953],[69.013,68.7453],[68.9974,68.7151],[68.9391,68.6276],[68.8859,68.5849],[68.8578,68.5526],[68.8234,68.5349],[68.7474,68.4755],[68.6651,68.4266],[68.6391,68.3984],[68.588,68.3641],[68.5818,68.3234],[68.625,68.3042],[68.5755,68.2995],[68.5339,68.2766],[68.5104,68.2542],[68.4854,68.2396],[68.4437,68.2333],[68.3875,68.2042],[68.3234,68.2078],[68.3026,68.1964],[68.2396,68.2208],[68.1713,68.2297],[68.1875,68.2729],[68.262,68.3287],[68.2026,68.3568],[68.1911,68.3807],[68.1396,68.4],[68.0771,68.4083],[68.0042,68.4271],[67.8917,68.45],[67.7734,68.4589],[67.7214,68.4818],[67.7417,68.5021],[67.6964,68.513],[67.6953,68.537],[67.6141,68.5703],[67.5495,68.587],[67.4109,68.6401],[67.3766,68.6661],[67.3375,68.6729],[67.2667,68.6729],[67.1713,68.7068],[67.1682,68.7245],[67.1349,68.7495],[67.063,68.7609],[67.0672,68.8016],[67.0896,68.8146],[67.1729,68.7979],[67.2104,68.8042],[67.3146,68.7646],[67.4099,68.7703],[67.387,68.7911],[67.3208,68.8125],[67.2708,68.8187],[67.1104,68.8229],[66.9229,68.8521],[66.7396,68.8667],[66.65,68.8792],[66.4208,68.9292],[66.3833,68.9292],[66.3214,68.9464],[66.2922,68.963],[66.3057,68.9807],[66.2583,68.9896],[66.2208,68.9812],[66.1813,69.0021],[66.0771,69.0292],[65.9875,69.0313],[65.8896,69.0604],[65.7937,69.05],[65.7625,69.0667],[65.7089,69.0755],[65.7068,69.0922],[65.763,69.1099],[65.7708,69.0896],[65.8172,69.0839],[65.8667,69.0938],[65.8667,69.1104],[65.7458,69.1271],[65.6479,69.1354],[65.4187,69.1646],[65.2438,69.2021],[65.1625,69.2271],[65.0917,69.2625],[65.0083,69.2562],[64.9417,69.2562],[64.9089,69.2391],[64.9432,69.212],[64.9411,69.1922],[64.8396,69.1563],[64.7443,69.1672],[64.7484,69.1974],[64.7891,69.2005],[64.8042,69.2188],[64.775,69.2375],[64.7208,69.2458],[64.8224,69.2609],[64.8396,69.2833],[64.8812,69.2729],[64.9354,69.2708],[64.9849,69.2797],[64.9578,69.2932],[64.7917,69.3479],[64.7167,69.3792],[64.6979,69.3812],[64.5818,69.4151],[64.5354,69.4333],[64.4417,69.4563],[64.3771,69.4792],[64.2333,69.5146],[64.1521,69.5292],[63.7734,69.5901],[63.6729,69.6083],[63.6229,69.6125],[63.5375,69.6292],[63.3396,69.6521],[63.1104,69.6833],[62.9562,69.7],[62.7203,69.7141],[62.6708,69.725],[62.4396,69.7271],[62.3521,69.7312],[62.2208,69.7312],[61.9958,69.7375],[61.9688,69.7479],[61.9021,69.7375],[61.7854,69.7542],[61.7146,69.7708],[61.6563,69.7625],[61.4542,69.7708],[61.3521,69.7854],[61.3453,69.8037],[61.3,69.8167],[61.1833,69.8146],[61.0911,69.8339],[61.0521,69.8271],[61.0182,69.8411],[60.8875,69.8562],[60.8354,69.8396],[60.7875,69.8438],[60.7536,69.8193],[60.7234,69.8099],[60.7359,69.7776],[60.7724,69.7349],[60.7687,69.7146],[60.7021,69.7167],[60.7255,69.6609],[60.6458,69.6583],[60.6229,69.6521],[60.4396,69.65],[60.375,69.6667],[60.3375,69.6625],[60.2875,69.6438],[60.2068,69.6224],[60.1964,69.6005],[60.2188,69.5833],[60.1901,69.5682],[60.1922,69.5526],[60.2453,69.5328],[60.2339,69.5182],[60.2547,69.4859],[60.3089,69.4682],[60.3089,69.4422],[60.3375,69.4375],[60.387,69.4141],[60.4536,69.3745],[60.4859,69.3401],[60.5682,69.3016],[60.5922,69.2734],[60.6349,69.2578],[60.6563,69.2125],[60.6422,69.1953],[60.6443,69.1339],[60.6797,69.1068],[60.7229,69.0917],[60.7682,69.0901],[60.7599,69.1255],[60.7672,69.1557],[60.8167,69.1583],[60.8891,69.1307],[60.9432,69.0745],[60.9443,69.0234],[60.9745,68.9818],[60.9516,68.9339],[60.9271,68.9187],[60.9542,68.9042],[61.0542,68.8854],[60.9943,68.8651],[60.95,68.8875],[60.8979,68.8875],[60.8167,68.8729],[60.7797,68.856],[60.7578,68.8214],[60.7068,68.7995],[60.6271,68.75],[60.5,68.7063],[60.4167,68.6896],[60.3458,68.6875],[60.2104,68.6771],[60.0938,68.6792],[60.0792,68.6729],[59.9729,68.6979],[59.937,68.6922],[59.8359,68.6599],[59.8089,68.637],[59.8422,68.5734],[59.8828,68.5578],[59.8901,68.5401],[59.937,68.5245],[59.9724,68.4995],[59.9818,68.4589],[59.9286,68.4026],[59.8859,68.3807],[59.8755,68.3609],[59.7526,68.3453],[59.687,68.3151],[59.6146,68.325],[59.5875,68.3354],[59.5062,68.3354],[59.4208,68.3625],[59.3646,68.3708],[59.3167,68.3708],[59.2396,68.3833],[59.138,68.3943],[59.113,68.4172],[59.1151,68.4474],[59.1307,68.4526],[59.1401,68.4828],[59.1771,68.5188],[59.1234,68.5318],[59.0964,68.5599],[59.1349,68.5693],[59.1318,68.6078],[59.187,68.6151],[59.1974,68.6276],[59.1901,68.662],[59.2125,68.6708],[59.275,68.675],[59.3271,68.6687],[59.4682,68.6693],[59.4766,68.7057],[59.4568,68.7359],[59.4599,68.7536],[59.4104,68.7854],[59.3422,68.7901],[59.3516,68.8141],[59.2693,68.8359],[59.1891,68.8766],[59.0979,68.9],[59.0208,68.9],[58.9562,68.9083],[58.9625,68.9187],[59.0833,68.9417],[59.0979,68.95],[59.1651,68.9516],[59.2354,68.9708],[59.2771,68.9583],[59.3307,68.9682],[59.2938,68.9792],[59.2292,68.9833],[59.0354,68.9833],[58.8792,68.9771],[58.7708,68.9625],[58.75,68.9542],[58.625,68.9333],[58.5125,68.9063],[58.325,68.8729],[58.3167,68.8667],[58.2021,68.8521],[58.1583,68.8417],[58.05,68.825],[57.9714,68.8026],[58.0328,68.7995],[58.0417,68.7813],[58.0062,68.7458],[57.9672,68.7474],[57.9297,68.7724],[57.9661,68.7932],[57.9375,68.8021],[57.8333,68.7813],[57.7375,68.7708],[57.5021,68.7542],[57.4542,68.7458],[57.3833,68.7417],[57.2417,68.7146],[57.3229,68.7146],[57.3979,68.7083],[57.4771,68.7333],[57.5271,68.7417],[57.6375,68.7417],[57.6182,68.7026],[57.5828,68.6797],[57.5505,68.6703],[57.4922,68.6412],[57.487,68.5984],[57.4578,68.5755],[57.4193,68.5703],[57.3167,68.5292],[57.2083,68.5271],[57.1229,68.5208],[57.0542,68.5229],[56.9729,68.5417],[56.8771,68.55],[56.8318,68.5693],[56.8224,68.5828],[56.7667,68.6021],[56.6375,68.6188],[56.5354,68.6104],[56.4562,68.5896],[56.4271,68.5833],[56.3063,68.5833],[56.2354,68.5896],[56.1422,68.6172],[56.1021,68.6333],[56.0146,68.6438],[55.938,68.637],[55.9349,68.6214],[55.8729,68.6083],[55.7896,68.5771],[55.7271,68.5708],[55.6786,68.5526],[55.6104,68.5479],[55.4688,68.5583],[55.3604,68.5417],[55.2901,68.5182],[55.1396,68.4604],[55.0667,68.4354],[54.9901,68.4161],[54.937,68.3464],[54.8984,68.3234],[54.8568,68.312],[54.8609,68.3005],[54.9521,68.2562],[54.9516,68.238],[54.8792,68.2125],[54.9016,68.1995],[54.9021,68.1792],[54.8688,68.15],[54.7479,68.1542],[54.7021,68.1625],[54.6234,68.1901],[54.6297,68.2089],[54.5964,68.2234],[54.5828,68.2516],[54.5292,68.2917],[54.4646,68.2917],[54.4266,68.263],[54.4005,68.2599],[54.3229,68.2292],[54.2339,68.2182],[54.2432,68.187],[54.2245,68.1589],[54.1755,68.1245],[54.1797,68.1099],[54.1297,68.0787],[54.1078,68.0505],[54.0661,68.0276],[54.0318,68.0182],[53.9557,67.9734],[53.8563,67.9542],[53.8109,67.9349],[53.7953,67.9109],[53.7568,67.9141],[53.7641,67.9339],[53.6583,67.9021],[53.6167,67.9042],[53.5187,67.8854],[53.4271,67.8792],[53.3167,67.8438],[53.287,67.7984],[53.2214,67.7724],[53.2057,67.7547],[53.1672,67.7391],[53.1599,67.6964],[53.0391,67.6568],[52.9583,67.6563],[52.9021,67.6625],[52.8604,67.6563],[52.7854,67.6625],[52.6464,67.6651],[52.6203,67.6891],[52.4979,67.675],[52.4766,67.6651],[52.4188,67.6667],[52.3255,67.6495],[52.3,67.6208],[52.1974,67.5943],[52.2042,67.6167],[52.2766,67.6193],[52.2708,67.6396],[52.3333,67.6604],[52.4375,67.675],[52.5599,67.7005],[52.5693,67.7245],[52.5979,67.7375],[52.6833,67.7479],[52.7792,67.7688],[52.8833,67.7854],[52.8578,67.7672],[52.8229,67.7708],[52.7687,67.7646],[52.7125,67.7438],[52.6312,67.7375],[52.5797,67.7099],[52.6714,67.6724],[52.675,67.6646],[52.7625,67.6687],[52.7896,67.6854],[52.8833,67.675],[52.9458,67.6625],[52.9792,67.6625],[53.0432,67.6901],[53.0687,67.675],[53.1141,67.6901],[53.1391,67.7109],[53.1443,67.7432],[53.2224,67.7797],[53.25,67.8146],[53.2401,67.8245],[53.2708,67.8583],[53.3187,67.8708],[53.5203,67.9026],[53.5271,67.9083],[53.6661,67.9172],[53.7276,67.9474],[53.7958,67.9667],[53.8208,67.9583],[53.8682,67.9714],[53.9146,67.9958],[54.0016,68.0214],[54.0589,68.0703],[54.1286,68.1068],[54.1224,68.1276],[54.1432,68.1339],[54.1589,68.1766],[54.1953,68.1964],[54.1813,68.2562],[54.1922,68.2932],[54.2208,68.3083],[54.1708,68.2979],[54.1234,68.2786],[54.1167,68.2458],[54.0547,68.2328],[54.0318,68.2161],[53.9417,68.2104],[53.8917,68.2208],[53.8667,68.2167],[53.8042,68.2396],[53.7687,68.2354],[53.7167,68.2479],[53.6396,68.2375],[53.5979,68.2458],[53.5563,68.2375],[53.5167,68.2521],[53.4771,68.2521],[53.375,68.2271],[53.2807,68.2276],[53.2297,68.2182],[53.2271,68.1896],[53.2432,68.163],[53.2083,68.1583],[53.2182,68.1974],[53.2016,68.2141],[53.2349,68.2297],[53.2062,68.2729],[53.3104,68.3375],[53.3651,68.3359],[53.4161,68.3505],[53.4479,68.3708],[53.5,68.3562],[53.5938,68.3542],[53.6151,68.3318],[53.6599,68.362],[53.6036,68.3807],[53.6563,68.3875],[53.7266,68.3682],[53.738,68.3505],[53.7896,68.3354],[53.8047,68.3557],[53.8396,68.3729],[53.9021,68.3792],[53.9453,68.4026],[53.9229,68.4375],[53.9349,68.4724],[53.9214,68.4797],[53.9016,68.5203],[53.8766,68.5411],[53.8167,68.5604],[53.7953,68.5787],[53.7318,68.5984],[53.7188,68.6208],[53.7318,68.6495],[53.8432,68.688],[53.8599,68.7078],[53.8271,68.7375],[53.8339,68.7516],[53.8724,68.7714],[53.8651,68.7932],[53.925,68.8],[53.9661,68.7963],[54.0016,68.8151],[53.9953,68.8349],[53.95,68.8375],[53.9188,68.85],[53.8104,68.8625],[53.7604,68.8583],[53.6875,68.8688],[53.6833,68.8396],[53.6042,68.8667],[53.6333,68.9],[53.7042,68.9021],[53.7958,68.925],[53.825,68.9146],[53.8917,68.9146],[54.1583,68.9417],[54.2292,68.9437],[54.375,68.9563],[54.413,68.9724],[54.4521,68.975],[54.5229,68.9646],[54.5479,68.9833],[54.5062,68.9875],[54.2771,68.9875],[54.2396,68.9833],[54.1229,68.9812],[53.9292,68.9667],[53.5938,68.9208],[53.3479,68.8771],[53.2375,68.8479],[53.1563,68.8313],[53.088,68.812],[53.1182,68.7891],[53.1417,68.7542],[53.1661,68.7349],[53.113,68.7255],[53.1318,68.7089],[53.1766,68.7078],[53.2141,68.6849],[53.1813,68.6729],[53.0833,68.7229],[53.0104,68.7],[53.05,68.6854],[53.0953,68.6828],[53.1036,68.6568],[53.0943,68.638],[53.1458,68.6271],[53.1667,68.6354],[53.2276,68.6328],[53.2062,68.6062],[53.1625,68.5896],[53.0938,68.5854],[53.0589,68.5964],[53.0474,68.6245],[52.9458,68.65],[52.8708,68.6604],[52.8484,68.6828],[52.8688,68.6937],[52.9979,68.7021],[53.0161,68.7089],[52.9672,68.7328],[53.0203,68.7422],[53.0682,68.7672],[53.0646,68.8042],[52.95,68.7813],[52.8271,68.7458],[52.7729,68.7354],[52.6458,68.6979],[52.4479,68.6458],[52.3104,68.6042],[52.2901,68.5901],[52.3646,68.5833],[52.4339,68.5911],[52.4568,68.6057],[52.5083,68.625],[52.5542,68.625],[52.6104,68.6375],[52.6583,68.6271],[52.6437,68.6125],[52.5625,68.6125],[52.5333,68.6229],[52.4818,68.6141],[52.5078,68.6016],[52.4979,68.5729],[52.5578,68.562],[52.5651,68.5339],[52.6005,68.5172],[52.6688,68.5083],[52.7516,68.4786],[52.7474,68.4443],[52.6688,68.4083],[52.6271,68.4083],[52.5755,68.3932],[52.5453,68.3672],[52.4125,68.325],[52.3224,68.3172],[52.3083,68.3104],[52.2172,68.3297],[52.212,68.3411],[52.1609,68.3547],[52.1547,68.3724],[52.1901,68.3932],[52.3078,68.4234],[52.2896,68.4625],[52.2583,68.4667],[52.2167,68.4875],[52.1917,68.4875],[52.1292,68.5062],[52.0667,68.475],[52.0339,68.4838],[52.0318,68.5141],[52.0729,68.5188],[52.1375,68.5167],[52.1542,68.5333],[52.2349,68.5568],[52.2083,68.5729],[52.1312,68.5542],[51.8896,68.5104],[51.7458,68.4958],[51.7271,68.4896],[51.5458,68.4812],[51.5651,68.4526],[51.5953,68.4339],[51.5687,68.4229],[51.475,68.4167],[51.4146,68.425],[51.4068,68.4109],[51.3625,68.4042],[51.2792,68.3771],[51.1937,68.3771],[51.1193,68.362],[51.075,68.3417],[50.9625,68.3417],[50.9313,68.3354],[50.8375,68.3375],[50.7755,68.3578],[50.7359,68.3349],[50.6516,68.2963],[50.5318,68.2557],[50.4708,68.2292],[50.2453,68.1526],[50.2125,68.1458],[50.1333,68.1167],[50.0859,68.1057],[50.0057,68.0755],[49.7729,68.0021],[49.6729,67.9729],[49.6458,67.9688],[49.5271,67.9333],[49.3917,67.9042],[49.3354,67.8875],[49.2833,67.8792],[49.1563,67.8479],[49.0229,67.8313],[48.9167,67.8292],[48.7875,67.8438],[48.7854,67.8063],[48.7734,67.7693],[48.7896,67.7583],[48.7276,67.7037],[48.7396,67.6958],[48.8,67.7146],[48.8521,67.7125],[48.9193,67.6755],[48.9562,67.6729],[49.0349,67.6516],[49.0542,67.6271],[49.0208,67.6125],[48.9859,67.6151],[48.9938,67.6396],[48.9354,67.6625],[48.8979,67.6646],[48.8646,67.6813],[48.8109,67.6828],[48.7813,67.6708],[48.7,67.6687],[48.6589,67.6776],[48.5984,67.6787],[48.5505,67.6578],[48.4729,67.6354],[48.425,67.6396],[48.3458,67.6667],[48.3354,67.6563],[48.2542,67.6521],[48.1979,67.6292],[48.1437,67.6188],[48.0729,67.6146],[48.0104,67.6292],[47.8828,67.5901],[47.838,67.5849],[47.8339,67.563],[47.8609,67.538],[47.8943,67.4901],[47.9245,67.4828],[47.9417,67.4563],[47.9307,67.4276],[47.887,67.3922],[47.7714,67.3349],[47.7766,67.313],[47.7505,67.2943],[47.763,67.2755],[47.8016,67.2557],[47.7953,67.238],[47.762,67.2193],[47.7193,67.212],[47.6797,67.1891],[47.7078,67.1849],[47.7172,67.1609],[47.7495,67.1516],[47.7661,67.1328],[47.7526,67.1203],[47.7599,67.0714],[47.7359,67.0141],[47.7453,67.0047],[47.6755,66.9641],[47.5776,66.9141],[47.5974,66.8807],[47.5125,66.9063],[47.4583,66.9167],[47.3792,66.9146],[47.2875,66.8896],[47.2271,66.8833],[47.0875,66.8604],[47.0786,66.8526],[46.9813,66.8521],[46.8958,66.8396],[46.825,66.8396],[46.6604,66.8146],[46.5521,66.8187],[46.5953,66.8391],[46.5724,66.8578],[46.5167,66.8667],[46.4313,66.8604],[46.3479,66.8396],[46.25,66.8271],[46.1625,66.8229],[46.0224,66.8245],[46.0036,66.8453],[45.8776,66.8672],[45.8557,66.8828],[45.8099,66.8943],[45.7474,66.9578],[45.7005,66.988],[45.6917,67.0229],[45.6766,67.037],[45.6182,67.0672],[45.6286,67.1078],[45.6099,67.1432],[45.5828,67.1599],[45.5021,67.1813],[45.3167,67.2104],[45.1979,67.2354],[45.1089,67.2609],[44.9583,67.3187],[44.9172,67.3234],[44.9214,67.4099],[44.9339,67.4391],[44.963,67.4745],[45.062,67.5234],[45.1917,67.575],[45.2646,67.5813],[45.3099,67.5734],[45.3172,67.5953],[45.3411,67.6151],[45.3432,67.6661],[45.3005,67.6891],[45.3609,67.7141],[45.4792,67.7417],[45.5563,67.7521],[45.6896,67.7479],[45.8312,67.7521],[45.8833,67.7562],[45.9813,67.7896],[46.0604,67.7854],[46.125,67.7896],[46.2625,67.8063],[46.3063,67.8146],[46.4292,67.8146],[46.4875,67.8083],[46.6104,67.8083],[46.6333,67.8021],[46.6932,67.8068],[46.7161,67.8495],[46.6839,67.8651],[46.7057,67.8912],[46.6484,67.913],[46.6141,67.9641],[46.5609,67.9943],[46.5422,68.013],[46.5214,68.0557],[46.5307,68.0911],[46.5578,68.1005],[46.5453,68.1203],[46.4484,68.1547],[46.3943,68.1797],[46.3396,68.1792],[46.2901,68.1922],[46.2391,68.2245],[46.1776,68.2505],[46.125,68.2917],[46.0062,68.3146],[46.0286,68.337],[45.9828,68.3703],[45.9359,68.3901],[45.8776,68.4255],[45.8833,68.4521],[45.775,68.475],[45.7354,68.4875],[45.6917,68.4896],[45.5646,68.5125],[45.4708,68.525],[45.4083,68.5271],[45.2833,68.5396],[45.1,68.5437],[44.9917,68.55],[44.8812,68.5521],[44.7333,68.55],[44.5563,68.55],[44.5146,68.5458],[44.2792,68.5396],[44.1437,68.5313],[44.0625,68.5313],[43.9979,68.5417],[43.9417,68.5583],[43.8026,68.5859],[43.7474,68.612],[43.6479,68.6229],[43.5292,68.6542],[43.4313,68.6687],[43.3,68.6667],[43.2714,68.6547],[43.2859,68.638],[43.3776,68.5964],[43.412,68.587],[43.5,68.5437],[43.6839,68.4838],[43.8708,68.4271],[43.8917,68.425],[43.9688,68.3958],[44.0411,68.3745],[44.2036,68.3016],[44.2161,68.287],[44.2349,68.2182],[44.2224,68.1672],[44.2057,68.1359],[44.2078,68.113],[44.1932,68.0734],[44.1589,68.0474],[44.1901,68.0193],[44.2911,68.0255],[44.2438,68.0042],[44.15,68.0062],[44.1786,67.9609],[44.1432,67.9047],[44.1828,67.9047],[44.2104,67.9292],[44.2958,67.9063],[44.2354,67.875],[44.1937,67.8812],[44.1193,67.8807],[44.1141,67.8568],[44.0943,67.8391],[44.0984,67.8193],[44.1286,67.8078],[44.1432,67.7891],[44.1432,67.7589],[44.1161,67.7214],[44.0714,67.6818],[44.15,67.6854],[44.1,67.6604],[44.063,67.6578],[44.0484,67.6266],[43.9786,67.5505],[43.9193,67.5016],[43.8797,67.4537],[43.812,67.3484],[43.7672,67.2599],[43.7708,67.2125],[43.7818,67.1922],[43.8854,67.1563],[43.9458,67.1625],[44.0771,67.1604],[44.1786,67.1286],[44.2089,67.1026],[44.2568,67.0797],[44.3083,67.0646],[44.3151,67.0297],[44.388,66.9964],[44.4036,66.9953],[44.4276,66.9568],[44.4828,66.9307],[44.5208,66.9],[44.4818,66.8974],[44.4672,66.8807],[44.4974,66.8318],[44.4557,66.8005],[44.4188,66.7979],[44.3589,66.7766],[44.3672,66.7568],[44.4026,66.7151],[44.4714,66.6713],[44.55,66.6458],[44.4589,66.6453],[44.4234,66.6224],[44.3984,66.5911],[44.3755,66.5224],[44.3849,66.4953],[44.3563,66.4958],[44.3005,66.4766],[44.2234,66.4161],[44.1995,66.3755],[44.1568,66.3516],[44.1234,66.3182],[44.1099,66.2859],[44.0797,66.2578],[44.0693,66.2307],[44.0734,66.188],[44.1089,66.1464],[44.1604,66.0625],[44.1599,66.0422],[44.1078,66.013],[44.0833,65.9854],[44.1005,65.9609],[44.1432,65.9453],[44.1359,65.9276],[44.1536,65.8953],[44.1255,65.8943],[44.112,65.9391],[44.0505,65.9609],[44.0255,66.0026],[44.0297,66.0245],[44.0682,66.0484],[44.0583,66.0729],[44.0042,66.0813],[43.9443,66.1047],[43.9245,66.1453],[43.9089,66.1464],[43.8849,66.1787],[43.8438,66.1917],[43.7646,66.1917],[43.7141,66.1859],[43.5708,66.1521],[43.5333,66.15],[43.4568,66.1328],[43.3958,66.1],[43.4005,66.1307],[43.4599,66.1526],[43.4714,66.1745],[43.5479,66.1979],[43.5812,66.2],[43.6641,66.2255],[43.6771,66.2354],[43.6495,66.2662],[43.5833,66.2979],[43.5083,66.3146],[43.3568,66.3359],[43.3266,66.3766],[43.2687,66.4104],[43.1646,66.4146],[43.0667,66.4063],[42.9958,66.4042],[42.8458,66.3896],[42.7687,66.3896],[42.7125,66.3958],[42.6125,66.3938],[42.637,66.4141],[42.5995,66.4411],[42.5042,66.4563],[42.4083,66.4833],[42.2771,66.5125],[42.2167,66.5125],[42.1172,66.4912],[42.0464,66.4432],[42.037,66.4276],[41.9766,66.3672],[41.8646,66.325],[41.8349,66.2943],[41.7807,66.2526],[41.7245,66.2193],[41.6516,66.1839],[41.5792,66.1563],[41.5203,66.1193],[41.3729,66.0708],[41.2729,66.05],[41.2479,66.05],[41.1729,66.0333],[41.0896,66.025],[41.0187,66.0104],[40.9208,66],[40.7646,65.9917],[40.7297,65.9807],[40.6214,65.9224],[40.5682,65.8818],[40.5495,65.8568],[40.4828,65.8109],[40.412,65.7818],[40.3458,65.7604],[40.2714,65.7453],[40.2245,65.7172],[40.1688,65.6917],[40.0104,65.6521],[39.9646,65.6479],[39.8589,65.6224],[39.8229,65.5958],[39.763,65.5661],[39.7432,65.5297],[39.7089,65.4912],[39.7005,65.4557],[39.713,65.4245],[39.7578,65.4141],[39.7068,65.3859],[39.7245,65.3557],[39.7214,65.3359],[39.7922,65.3005],[39.8349,65.287],[39.9307,65.2161],[39.9505,65.188],[40,65.175],[40.0286,65.1453],[40.0484,65.1047],[40.0682,65.0995],[40.1516,65.0537],[40.1729,65.05],[40.2974,65.012],[40.2818,64.9912],[40.2818,64.9651],[40.3193,64.9234],[40.3932,64.9224],[40.3839,64.8859],[40.4141,64.8516],[40.3922,64.8266],[40.3484,64.8193],[40.4313,64.7813],[40.4828,64.7703],[40.4214,64.7453],[40.4266,64.7089],[40.413,64.7037],[40.4151,64.6713],[40.4474,64.6391],[40.4474,64.6224],[40.4974,64.6099],[40.5005,64.5755],[40.5172,64.5578],[40.5068,64.5411],[40.5375,64.5271],[40.6188,64.5208],[40.7229,64.4792],[40.8021,64.4812],[40.8557,64.4641],[40.8958,64.4396],[40.9417,64.4396],[40.9755,64.4234],[41.013,64.3776],[41.0771,64.3542],[41.1625,64.35],[41.3104,64.35],[41.3771,64.3292],[41.4583,64.325],[41.5396,64.3333],[41.5333,64.3208],[41.4792,64.3229],[41.4495,64.3141],[41.4146,64.3187],[41.3042,64.3187],[41.2625,64.325],[41.1896,64.3229],[41.0604,64.3458],[41.0125,64.3604],[40.9688,64.3542],[40.9641,64.3484],[40.9229,64.3479],[40.8839,64.3714],[40.8443,64.4068],[40.8391,64.4328],[40.8078,64.4516],[40.7583,64.4646],[40.6979,64.4646],[40.6146,64.4833],[40.5911,64.5099],[40.5354,64.5229],[40.4896,64.5229],[40.4583,64.5146],[40.3979,64.5208],[40.325,64.5542],[40.2479,64.5458],[40.1792,64.5458],[40.1396,64.5521],[40.1068,64.5714],[40.1057,64.5953],[40.0625,64.6167],[39.9833,64.6188],[39.925,64.625],[39.8401,64.6505],[39.8214,64.6432],[39.8099,64.6109],[39.7734,64.587],[39.7771,64.5687],[39.7359,64.563],[39.75,64.5375],[39.6521,64.5521],[39.5479,64.5417],[39.5062,64.5542],[39.4661,64.5766],[39.3771,64.6042],[39.3286,64.6349],[39.2771,64.6479],[39.1937,64.65],[39.1333,64.6583],[39.0453,64.6953],[38.8583,64.7438],[38.7521,64.7458],[38.6896,64.7542],[38.6208,64.7688],[38.5583,64.7708],[38.4229,64.8083],[38.3943,64.7984],[38.4375,64.7667],[38.4849,64.7474],[38.4604,64.7354],[38.4229,64.7438],[38.3542,64.7438],[38.3063,64.7375],[38.25,64.7188],[38.1604,64.7125],[38.1276,64.687],[38.0703,64.7099],[38.0109,64.7276],[38.0005,64.7443],[38.0464,64.7682],[38.1161,64.7714],[38.1563,64.7896],[38.2016,64.7786],[38.2813,64.8021],[38.3245,64.7995],[38.3557,64.8234],[38.3646,64.8458],[38.3042,64.8438],[38.1083,64.8438],[38.0563,64.8521],[38.0062,64.8667],[37.8875,64.8938],[37.8172,64.913],[37.7464,64.9401],[37.6984,64.9651],[37.712,64.9964],[37.6932,65.0224],[37.6458,65.0396],[37.5771,65.0458],[37.4943,65.0693],[37.4453,65.0891],[37.3625,65.1083],[37.3005,65.1151],[37.2417,65.1354],[37.1521,65.1479],[37.0438,65.1687],[36.9813,65.1667],[36.9146,65.1479],[36.8479,65.1521],[36.8234,65.1349],[36.8234,65.1172],[36.8578,65.1078],[36.8557,65.0589],[36.8474,65.0234],[36.8089,64.9922],[36.8349,64.9714],[36.8036,64.9526],[36.7104,64.9417],[36.625,64.8979],[36.575,64.8979],[36.5328,64.9287],[36.5125,64.9333],[36.4443,64.9245],[36.4526,64.8714],[36.4797,64.8484],[36.5536,64.8182],[36.513,64.8068],[36.5193,64.7651],[36.5505,64.7391],[36.5339,64.7151],[36.6417,64.7188],[36.6833,64.7125],[36.7474,64.6828],[36.763,64.6505],[36.7901,64.6234],[36.8245,64.6078],[36.8797,64.5526],[36.9922,64.4818],[37.0745,64.437],[37.1089,64.4005],[37.15,64.3833],[37.2208,64.3646],[37.2646,64.3583],[37.3208,64.3417],[37.3458,64.3417],[37.3776,64.3578],[37.4458,64.3792],[37.5396,64.3792],[37.6167,64.3542],[37.6234,64.3828],[37.6536,64.4047],[37.6505,64.4203],[37.7021,64.4396],[37.7708,64.4396],[37.7953,64.4287],[37.788,64.3651],[37.8312,64.35],[37.9,64.3479],[37.9432,64.3391],[37.9089,64.3245],[37.9354,64.3021],[37.9625,64.3063],[38.0057,64.2911],[37.9911,64.2755],[37.9589,64.2703],[37.9516,64.2568],[37.8901,64.2203],[37.9005,64.1922],[37.938,64.1589],[37.9938,64.1479],[38.0026,64.1193],[38.0599,64.0682],[38.0578,64.038],[38.0443,64.0276],[38.0724,64.0005],[38.0417,63.975],[38.0005,63.9516],[38.0104,63.9354],[38.0536,63.9245],[38.0922,63.9026],[38.1375,63.8979],[38.2057,63.8766],[38.1922,63.8609],[38.1375,63.8875],[38.0979,63.8917],[38.0646,63.9063],[37.9729,63.9271],[37.8479,63.8875],[37.775,63.8875],[37.7313,63.9021],[37.6896,63.9],[37.6401,63.8849],[37.6432,63.8505],[37.6161,63.8172],[37.5458,63.7958],[37.4521,63.7854],[37.3979,63.7854],[37.3125,63.7979],[37.2547,63.813],[37.2536,63.8328],[37.2062,63.8771],[37.125,63.8875],[36.9979,63.8833],[36.925,63.8958],[36.8542,63.8917],[36.8146,63.9021],[36.7,63.9042],[36.6547,63.9109],[36.6391,63.9411],[36.6021,63.9542],[36.525,63.9521],[36.4875,63.9562],[36.4547,63.9693],[36.3979,63.975],[36.3479,63.9896],[36.2938,63.9792],[36.2526,64.0068],[36.2661,64.0495],[36.2083,64.0667],[36.1734,64.0974],[36.2224,64.1088],[36.2391,64.1255],[36.2104,64.1438],[36.1688,64.1458],[36.1599,64.162],[36.0964,64.188],[36.0729,64.2063],[36.037,64.2089],[36.0104,64.1854],[35.9771,64.1833],[35.9391,64.2255],[35.8964,64.2359],[35.9245,64.263],[35.8995,64.2849],[35.8307,64.3203],[35.8021,64.3271],[35.7547,64.3234],[35.7474,64.3453],[35.6979,64.3604],[35.6036,64.3818],[35.5974,64.3703],[35.6245,64.3474],[35.6036,64.3234],[35.55,64.3292],[35.5021,64.3187],[35.4313,64.2896],[35.3833,64.3],[35.3417,64.2958],[35.3255,64.3161],[35.3432,64.3411],[35.2901,64.3443],[35.2776,64.3526],[35.3016,64.3714],[35.3167,64.3979],[35.2687,64.4021],[35.2474,64.3724],[35.2557,64.3547],[35.2078,64.3401],[35.1234,64.3797],[35.1214,64.4068],[35.0854,64.4167],[35.0276,64.4089],[35.0187,64.4208],[34.9734,64.4234],[34.9901,64.4641],[35.0349,64.4932],[35.0042,64.5042],[34.9604,64.5042],[34.9401,64.4922],[34.9068,64.4974],[34.8792,64.4875],[34.8265,64.512],[34.7771,64.5229],[34.8464,64.5599],[34.9203,64.5797],[34.9339,64.5911],[34.9953,64.6151],[34.9604,64.6292],[34.9297,64.6276],[34.9104,64.6583],[34.8526,64.6776],[34.8297,64.6943],[34.8729,64.7125],[34.9396,64.7208],[35.0203,64.7412],[34.9667,64.7583],[34.9354,64.7604],[34.8526,64.7474],[34.8187,64.725],[34.788,64.7297],[34.8229,64.7604],[34.8646,64.7667],[34.8734,64.7786],[34.9245,64.7984],[34.9505,64.8307],[34.9318,64.8339],[34.9266,64.8724],[34.9047,64.8734],[34.8833,64.8979],[34.8401,64.9026],[34.8401,64.9182],[34.7818,64.938],[34.6771,64.9521],[34.7833,64.9812],[34.8203,65.0089],[34.7818,65.0214],[34.7755,65.0516],[34.7807,65.0828],[34.6984,65.0859],[34.6922,65.0974],[34.7286,65.113],[34.6646,65.1229],[34.6479,65.1438],[34.6911,65.1484],[34.6729,65.1646],[34.6958,65.1937],[34.6375,65.1854],[34.6099,65.2099],[34.6141,65.2245],[34.5828,65.2307],[34.5375,65.2229],[34.5307,65.2557],[34.4734,65.2589],[34.4646,65.2688],[34.4901,65.3078],[34.4891,65.3411],[34.4104,65.35],[34.4063,65.3667],[34.4292,65.4],[34.4932,65.3912],[34.5026,65.4109],[34.4818,65.4213],[34.5,65.4354],[34.5542,65.4354],[34.6896,65.4208],[34.6891,65.4557],[34.6526,65.4953],[34.7036,65.5026],[34.7641,65.5255],[34.7641,65.5349],[34.7255,65.562],[34.7953,65.5807],[34.7641,65.6047],[34.7557,65.6266],[34.7307,65.6412],[34.7292,65.6583],[34.7724,65.687],[34.6901,65.7297],[34.6667,65.7583],[34.6937,65.7646],[34.7682,65.7557],[34.7797,65.7401],[34.8208,65.7167],[34.8536,65.7099],[34.9109,65.6755],[34.9495,65.6755],[34.9771,65.7042],[35.0146,65.7229],[35.037,65.7547],[35.0099,65.7766],[34.912,65.787],[34.8943,65.8078],[34.8958,65.8292],[34.8286,65.8297],[34.8578,65.8599],[34.8297,65.8859],[34.725,65.8938],[34.6849,65.9089],[34.663,65.9453],[34.7057,65.9766],[34.6563,65.9958],[34.6297,65.9984],[34.5995,66.0266],[34.6078,66.037],[34.5557,66.0505],[34.5203,66.0787],[34.4771,66.0854],[34.3818,66.1151],[34.3172,66.1401],[34.2521,66.15],[34.162,66.1734],[34.1807,66.1891],[34.1432,66.2141],[34.1042,66.2292],[34.0255,66.2224],[33.9214,66.2224],[33.912,66.2349],[33.8708,66.2375],[33.7396,66.2771],[33.7146,66.2771],[33.6042,66.3125],[33.5229,66.3146],[33.5078,66.3026],[33.45,66.3],[33.3438,66.3042],[33.2938,66.2833],[33.2771,66.2896],[33.3167,66.3104],[33.3958,66.3167],[33.4271,66.3271],[33.6083,66.3354],[33.5896,66.3646],[33.5458,66.3771],[33.5,66.3729],[33.5005,66.3912],[33.5333,66.4],[33.6604,66.4021],[33.6729,66.4167],[33.5604,66.4417],[33.5547,66.4516],[33.6063,66.4729],[33.5318,66.4766],[33.5104,66.4479],[33.3609,66.4609],[33.3026,66.4755],[33.2583,66.5],[33.2458,66.5188],[33.1417,66.5146],[33.0771,66.5521],[32.9875,66.5687],[32.8875,66.5667],[32.8641,66.5932],[32.9417,66.5938],[32.9938,66.5896],[33.0068,66.5797],[33.0667,66.5813],[33.1099,66.5984],[33.1333,66.6438],[33.2224,66.637],[33.2516,66.6162],[33.237,66.5964],[33.2068,66.5891],[33.2167,66.575],[33.1068,66.5807],[33.0771,66.5604],[33.2422,66.5537],[33.3,66.5396],[33.3833,66.5354],[33.4453,66.5526],[33.3812,66.5896],[33.3078,66.5953],[33.2875,66.6062],[33.3141,66.6391],[33.2729,66.6396],[33.2333,66.6604],[33.1896,66.6729],[33.1333,66.675],[33.0854,66.6687],[32.9292,66.6813],[32.8026,66.7151],[32.7729,66.7312],[32.7255,66.7359],[32.6922,66.7474],[32.8021,66.7542],[32.8333,66.7396],[32.9,66.7271],[32.9417,66.7271],[32.9099,66.7536],[32.8521,66.775],[32.7646,66.7708],[32.6776,66.7922],[32.7016,66.8078],[32.5818,66.8505],[32.5375,66.8729],[32.4771,66.8688],[32.4333,66.8833],[32.525,66.9104],[32.5234,66.9557],[32.5646,66.9604],[32.5641,66.9786],[32.5391,67.0036],[32.4958,67.0208],[32.4083,67.0375],[32.3276,67.0401],[32.2833,67.0687],[32.3109,67.0839],[32.2667,67.1104],[32.1896,67.1146],[32.1771,67.1042],[32.0557,67.1005],[32.0292,67.1146],[32.1411,67.1088],[32.1583,67.1375],[32.2146,67.1354],[32.2557,67.1245],[32.3224,67.1401],[32.3563,67.1604],[32.3854,67.1542],[32.45,67.1208],[32.6083,67.1208],[32.6953,67.1036],[32.7542,67.0771],[32.8438,67.0771],[32.8125,67.0563],[32.7859,67.0234],[32.8464,66.9734],[32.8953,66.9474],[32.9505,66.9089],[32.9776,66.8964],[33.0328,66.8891],[33.1057,66.8641],[33.1536,66.837],[33.1672,66.8214],[33.2708,66.8],[33.3703,66.7662],[33.3839,66.7547],[33.4375,66.7375],[33.4932,66.7286],[33.5271,66.7146],[33.5849,66.7224],[33.6411,66.737],[33.6328,66.7495],[33.5818,66.7609],[33.5464,66.8099],[33.6526,66.8005],[33.6901,66.8047],[33.7276,66.7714],[33.7661,66.7578],[33.8078,66.7578],[33.8234,66.7172],[33.8943,66.7151],[33.9167,66.6875],[34.025,66.6854],[34.1005,66.6734],[34.1521,66.6729],[34.1693,66.6818],[34.2234,66.6766],[34.2313,66.6646],[34.3167,66.6604],[34.4083,66.6438],[34.4417,66.6458],[34.462,66.6328],[34.3792,66.6292],[34.3693,66.6224],[34.3901,66.5839],[34.4349,66.5641],[34.4625,66.5396],[34.5417,66.5396],[34.6703,66.5589],[34.6922,66.587],[34.7292,66.5979],[34.8042,66.6],[34.9042,66.5938],[34.937,66.5828],[35.0797,66.5151],[35.1563,66.5021],[35.2,66.4688],[35.2354,66.4729],[35.2667,66.4646],[35.3245,66.4641],[35.3474,66.4432],[35.3505,66.4213],[35.4313,66.4125],[35.4562,66.4],[35.5354,66.3854],[35.6063,66.3771],[35.6833,66.3771],[35.7083,66.3688],[35.7938,66.3646],[35.8187,66.3542],[35.9104,66.3542],[36.1208,66.3313],[36.1604,66.3208],[36.2958,66.3083],[36.3646,66.2937],[36.4437,66.2896],[36.5062,66.2771],[36.5812,66.2813],[36.7792,66.2813],[36.8625,66.275],[36.9229,66.2646],[37.0146,66.2583],[37.1042,66.2438],[37.1833,66.2354],[37.2438,66.2188],[37.325,66.2063],[37.4167,66.1875],[37.475,66.1667],[37.5313,66.1563],[37.5625,66.1354],[37.5979,66.1354],[37.6479,66.1167],[37.7208,66.1062],[37.7833,66.1083],[37.8438,66.1],[37.8729,66.0875],[37.9938,66.0813],[38.0271,66.0854],[38.1042,66.0771],[38.1688,66.0771],[38.2438,66.0604],[38.4021,66.0563],[38.4313,66.0625],[38.6813,66.0646],[38.7625,66.0708],[38.8792,66.1021],[38.9271,66.1062],[39.0458,66.1062],[39.1188,66.1021],[39.188,66.1266],[39.3,66.1521],[39.4208,66.1667],[39.4729,66.1833],[39.6354,66.1958],[39.7271,66.2104],[39.7896,66.2146],[39.8401,66.2328],[39.9063,66.2396],[39.9354,66.25],[40.0021,66.2542],[40.0542,66.2792],[40.0932,66.288],[40.1229,66.3104],[40.1776,66.3349],[40.2146,66.3417],[40.2818,66.3745],[40.387,66.3839],[40.4146,66.3979],[40.4599,66.4068],[40.562,66.4505],[40.5609,66.4786],[40.5911,66.5005],[40.6417,66.5188],[40.6932,66.5276],[40.6839,66.5516],[40.7026,66.5787],[40.7734,66.5995],[40.8266,66.6214],[40.8297,66.6328],[40.9026,66.6682],[40.9328,66.6734],[41.0021,66.7146],[41.0333,66.7208],[41.0891,66.7443],[41.1318,66.7766],[41.2057,66.8172],[41.2432,66.8526],[41.238,66.8724],[41.2589,66.9224],[41.2891,66.9359],[41.2516,66.9932],[41.2151,67.0151],[41.237,67.0203],[41.3063,66.975],[41.3474,66.9922],[41.3401,67.0255],[41.3536,67.0411],[41.3339,67.0693],[41.387,67.1068],[41.3771,67.1188],[41.3182,67.1307],[41.3047,67.1495],[41.3516,67.1932],[41.3125,67.2167],[41.2458,67.1979],[41.1646,67.2146],[41.1396,67.2146],[41.0797,67.2505],[41.0797,67.2641],[41.1078,67.2984],[41.1141,67.3214],[41.1068,67.3745],[41.1203,67.4078],[41.0792,67.4479],[41.0187,67.4604],[40.9755,67.463],[40.9995,67.4838],[41.0109,67.5089],[40.9995,67.5391],[40.9641,67.5537],[41.0203,67.5755],[41.0193,67.6036],[41.037,67.6255],[41.0078,67.6661],[40.9703,67.7016],[40.9151,67.713],[40.8937,67.7312],[40.8229,67.7146],[40.7875,67.7167],[40.7578,67.7474],[40.7021,67.7562],[40.6542,67.8],[40.5745,67.7984],[40.5641,67.7547],[40.5083,67.7354],[40.4547,67.7547],[40.4193,67.7568],[40.3849,67.7891],[40.287,67.8349],[40.2979,67.85],[40.3604,67.8417],[40.3984,67.8464],[40.3995,67.8641],[40.3766,67.8818],[40.337,67.8953],[40.2792,67.8938],[40.213,67.9213],[40.1333,67.9417],[40.088,67.9609],[40.0604,67.9875],[40.0109,67.9838],[39.9224,68.0766],[39.8953,68.0995],[39.8609,68.1068],[39.8495,68.1245],[39.7443,68.1464],[39.7953,68.1099],[39.8599,68.0432],[39.7729,68.025],[39.7089,68.0318],[39.6891,68.0474],[39.6443,68.0474],[39.6146,68.0292],[39.5812,68.0313],[39.5203,68.0599],[39.4813,68.0667],[39.4141,68.0953],[39.3771,68.1042],[39.2411,68.162],[39.1417,68.1937],[39.1161,68.1755],[39.0724,68.2099],[39.0333,68.225],[38.988,68.2318],[38.9276,68.2589],[38.9313,68.2792],[38.8943,68.2922],[38.7568,68.3172],[38.6437,68.3729],[38.6047,68.362],[38.6214,68.3401],[38.587,68.3391],[38.5542,68.3542],[38.4943,68.3495],[38.5109,68.3318],[38.5646,68.3229],[38.6354,68.3],[38.6854,68.3021],[38.7714,68.263],[38.7255,68.263],[38.6609,68.2839],[38.613,68.2922],[38.5792,68.3125],[38.5396,68.3104],[38.4484,68.3432],[38.5036,68.3651],[38.3932,68.3807],[38.3453,68.4057],[38.2417,68.4437],[38.212,68.4411],[38.1911,68.462],[38.15,68.4771],[38.0911,68.487],[38.062,68.5203],[38.0193,68.5286],[37.9745,68.5703],[37.9437,68.5729],[37.8328,68.613],[37.7625,68.6521],[37.6318,68.6901],[37.5604,68.7229],[37.5354,68.7208],[37.4458,68.7354],[37.4016,68.7641],[37.3542,68.7729],[37.3099,68.7911],[37.2307,68.8099],[37.1875,68.8333],[37.1333,68.8417],[37.0641,68.862],[37.0193,68.8672],[36.9625,68.8917],[36.8172,68.9234],[36.7604,68.9521],[36.6937,68.9771],[36.6292,68.9833],[36.5792,69.0104],[36.5495,69.0005],[36.4729,69.0271],[36.3958,69.0313],[36.3068,69.0609],[36.2813,69.0979],[36.1833,69.1042],[36.1188,69.1146],[36.0583,69.1354],[36.0109,69.1255],[35.987,69.1412],[35.9214,69.1484],[35.8828,69.1766],[35.825,69.1896],[35.7708,69.1771],[35.7271,69.1937],[35.6354,69.2063],[35.5854,69.2],[35.5333,69.2229],[35.3776,69.2266],[35.3167,69.2479],[35.1583,69.25],[35.1609,69.2401],[35.287,69.2037],[35.2526,69.1891],[35.1958,69.1937],[35.1682,69.1693],[35.1255,69.1776],[35.1307,69.2016],[35.0646,69.2042],[35.0521,69.2125],[34.9521,69.2021],[34.8812,69.2229],[34.7875,69.225],[34.7396,69.2375],[34.6589,69.2432],[34.6146,69.2542],[34.5229,69.2604],[34.4917,69.2521],[34.4437,69.2688],[34.3724,69.2734],[34.3974,69.287],[34.3146,69.3021],[34.2813,69.2979],[34.1063,69.3063],[34.0271,69.3021],[33.9562,69.3104],[33.8958,69.2958],[33.7542,69.2917],[33.7432,69.3005],[33.5958,69.3],[33.5505,69.2828],[33.563,69.2172],[33.5875,69.1917],[33.5693,69.1661],[33.4891,69.1214],[33.4401,69.1068],[33.4625,69.0813],[33.3542,69.0813],[33.2922,69.0724],[33.2911,69.063],[33.1979,69.0542],[33.1521,69.0604],[33.0797,69.0516],[33.063,69.0328],[33.0547,68.988],[33.0682,68.9776],[33.0276,68.9474],[33.0578,68.9182],[33.062,68.8964],[33.0224,68.8964],[33.0245,68.9182],[33.0047,68.9516],[33.0328,68.9776],[33.0167,69.0292],[33.0547,69.0661],[33.1104,69.075],[33.2786,69.0859],[33.3953,69.1172],[33.4172,69.1432],[33.4807,69.1568],[33.4714,69.1787],[33.5042,69.1917],[33.4891,69.2193],[33.4349,69.2338],[33.462,69.2484],[33.3937,69.2708],[33.3974,69.2911],[33.4521,69.2958],[33.4766,69.3078],[33.4672,69.3287],[33.4932,69.3453],[33.45,69.3667],[33.4917,69.3854],[33.5036,69.4016],[33.4125,69.4146],[33.3396,69.4146],[33.3042,69.4292],[33.2792,69.4125],[33.2021,69.4125],[33.2062,69.425],[33.112,69.4234],[33.0292,69.4083],[32.9714,69.3776],[32.9938,69.3688],[32.9422,69.3516],[32.9313,69.3167],[32.8771,69.3104],[32.9005,69.3474],[32.937,69.3714],[32.963,69.3995],[32.9964,69.4182],[33.0599,69.4359],[33.0766,69.4516],[32.9917,69.4563],[32.8672,69.4307],[32.8484,69.4495],[32.8979,69.45],[32.8979,69.4646],[32.775,69.4646],[32.7396,69.4771],[32.6172,69.4724],[32.5729,69.4812],[32.5068,69.4703],[32.5036,69.5036],[32.425,69.5167],[32.3984,69.5286],[32.4391,69.5505],[32.3937,69.5625],[32.3,69.5625],[32.1813,69.5875],[32.0979,69.5813],[32.0609,69.5891],[32.0286,69.6078],[31.9609,69.6307],[32.062,69.6339],[32.1453,69.6922],[32.0943,69.7349],[32.1266,69.7412],[32.1911,69.6953],[32.1589,69.6745],[32.1464,69.6484],[32.1609,69.638],[32.2479,69.6229],[32.3771,69.6188],[32.4339,69.6214],[32.5062,69.6],[32.5896,69.5979],[32.6333,69.5854],[32.7,69.5792],[32.7625,69.5813],[32.8312,69.5667],[32.9542,69.5833],[33.0068,69.6141],[33.0995,69.6464],[33.0776,69.6703],[33.1057,69.6932],[33.0776,69.7099],[33.1068,69.7234],[33.0297,69.7359],[33.0307,69.7495],[32.9646,69.7542],[32.9208,69.7729],[32.8438,69.7729],[32.8063,69.7813],[32.7562,69.7792],[32.6896,69.7917],[32.6521,69.775],[32.5167,69.7937],[32.4859,69.8099],[32.5161,69.8328],[32.4318,69.8443],[32.4182,69.8557],[32.3187,69.8833],[32.2417,69.8875],[32.2224,69.9057],[32.0583,69.9437],[31.9911,69.9401],[31.9193,69.9495],[31.8964,69.9307],[31.8901,69.9047],[31.9521,69.8938],[31.9849,69.8651],[31.9443,69.8526],[32.0203,69.8287],[32.0505,69.7922],[32.0911,69.763],[31.9651,69.7797],[31.8625,69.8146],[31.7938,69.8292],[31.7339,69.8182],[31.713,69.7974],[31.7182,69.7401],[31.6818,69.7245],[31.6818,69.7068],[31.7578,69.687],[31.8224,69.6536],[31.7224,69.6682],[31.6688,69.6667],[31.6271,69.675],[31.5214,69.6797],[31.4807,69.6734],[31.437,69.6359],[31.4021,69.6396],[31.4474,69.6839],[31.4146,69.7083],[31.3729,69.7042],[31.3182,69.7307],[31.2417,69.7438],[31.2062,69.7417],[31.175,69.7542],[31.1063,69.7646],[31.0187,69.7688],[31.0057,69.7766],[30.8833,69.7896],[30.8599,69.7643],[30.8932,69.7358],[30.8785,69.717],[30.8978,69.6958],[30.9313,69.6868],[30.9239,69.6634],[30.9454,69.6413],[30.9456,69.5862],[30.9004,69.5616],[30.8201,69.5417],[30.6694,69.5453],[30.5772,69.5396],[30.5275,69.5443],[30.3658,69.6171],[30.195,69.6661],[30.1454,69.6715],[30.1005,69.6556],[30.1074,69.6419],[30.1522,69.6371],[30.1575,69.6061],[30.1843,69.5785],[30.1919,69.5351],[30.1547,69.5252],[30.1402,69.4901],[30.1099,69.4627],[29.9861,69.4133],[29.9011,69.4227],[29.8304,69.4187],[29.7185,69.3766],[29.6166,69.334],[29.5437,69.3163],[29.5009,69.3285],[29.4531,69.3144],[29.3904,69.3177],[29.3149,69.3028],[29.2947,69.2501],[29.3273,69.2428],[29.3026,69.172],[29.2699,69.1524],[29.2589,69.1198],[29.1856,69.0734],[29.0938,69.0322],[29.0352,69.0168],[29.0083,69.0369],[28.9269,69.0574],[28.4347,68.9084],[28.4916,68.885],[28.5816,68.8897],[28.6759,68.8871],[28.8035,68.8749],[28.7161,68.7377],[28.568,68.6255],[28.4504,68.5477],[28.5648,68.355],[28.6598,68.1951],[29.1877,68.1027],[29.3361,68.0735],[29.4633,67.9647],[29.492,67.9467],[29.5737,67.8777],[29.6116,67.8581],[29.6945,67.7937],[29.9558,67.7026],[30.0273,67.6824],[30.0359,67.6741],[30.0181,67.632],[29.9901,67.594],[29.9592,67.5173],[29.7877,67.4362],[29.6426,67.354],[29.6459,67.3328],[29.5981,67.331],[29.5903,67.3151],[29.5399,67.3031],[29.5402,67.2877],[29.1374,67.036],[29.0536,66.978],[29.031,66.9441],[29.0297,66.9166],[29.0495,66.8727],[29.0863,66.8243],[29.3546,66.6358],[29.3772,66.6062],[29.4135,66.5872],[29.4807,66.5376],[29.6085,66.3982],[29.6699,66.292],[29.7059,66.265],[29.9168,66.1293],[29.9728,66.0429],[29.9841,66.0161],[30.0647,65.9134],[30.1016,65.831],[30.1278,65.7349],[30.1238,65.6749],[30.0988,65.672],[30.0066,65.6899],[29.7344,65.6279],[29.7821,65.5991],[29.8777,65.5652],[29.7691,65.4974],[29.742,65.4339],[29.7445,65.3849],[29.7686,65.3341],[29.6186,65.2734],[29.6095,65.2511],[29.6577,65.2277],[29.7109,65.2299],[29.7834,65.2248],[29.8776,65.2133],[29.8956,65.1946],[29.8295,65.1454],[29.8269,65.1383],[29.8901,65.1049],[29.8408,65.0883],[29.7338,65.0906],[29.6257,65.0599],[29.6265,65.0183],[29.5963,64.9899],[29.608,64.951],[29.6421,64.8755],[29.6971,64.8352],[29.6841,64.8195],[29.7509,64.7896],[29.8223,64.785],[29.9358,64.7946],[30.0457,64.7922],[30.0935,64.768],[30.0498,64.7429],[30.0571,64.7108],[30.143,64.6528],[30.1237,64.6276],[30.0748,64.6146],[30.0216,64.593],[30.0084,64.5571],[30.0144,64.5159],[30.035,64.4827],[30.0677,64.4598],[30.053,64.4043],[30.12,64.3592],[30.1851,64.3499],[30.2631,64.3337],[30.3003,64.3148],[30.3637,64.2941],[30.3695,64.2772],[30.485,64.2549],[30.5132,64.2194],[30.4736,64.1966],[30.5086,64.1583],[30.5503,64.1259],[30.5511,64.1126],[30.5262,64.0491],[30.476,63.9997],[30.4532,63.9902],[30.3211,63.9019],[30.2464,63.8248],[30.2332,63.8166],[29.981,63.7545],[30.0416,63.7113],[30.113,63.6788],[30.2455,63.6066],[30.2698,63.5839],[30.3927,63.5431],[30.5052,63.4619],[30.7646,63.41],[30.7844,63.4085],[30.8515,63.3697],[30.9456,63.3509],[30.9677,63.3212],[31.0005,63.3084],[31.084,63.2882],[31.119,63.2739],[31.1601,63.2475],[31.2193,63.2316],[31.259,63.1781],[31.2586,63.1356],[31.279,63.113],[31.3188,63.0889],[31.3658,63.077],[31.3876,63.0549],[31.4593,63.033],[31.4561,63.0155],[31.5045,62.9986],[31.5768,62.9142],[31.5618,62.8905],[31.4588,62.8011],[31.4635,62.7879],[31.43,62.7722],[31.3835,62.6877],[31.3746,62.6627],[31.3454,62.6385],[31.2298,62.5071],[31.1918,62.4953],[31.1627,62.4528],[31.1011,62.4304],[30.9437,62.3389],[30.9644,62.3343],[30.9398,62.3094],[30.891,62.3072],[30.7188,62.2129],[30.6853,62.2128],[30.6406,62.1944],[30.6342,62.1701],[30.6119,62.1431],[30.5414,62.109],[30.472,62.0491],[30.4203,62.0244],[30.3512,61.98],[30.3143,61.9656],[30.3104,61.9385],[30.2733,61.9305],[30.2023,61.8923],[30.2011,61.8838],[30.15,61.8517],[30.0798,61.8192],[30.0582,61.8015],[30.0507,61.7693],[29.8679,61.6846],[29.8204,61.6521],[29.8106,61.6363],[29.7554,61.6018],[29.7473,61.5724],[29.6507,61.5218],[29.629,61.4977],[29.5028,61.4885],[29.5016,61.4533],[29.3262,61.3466],[29.2489,61.2849],[29.2456,61.2734],[29.1005,61.2162],[29.0146,61.1902],[28.9844,61.1771],[28.936,61.1456],[28.8855,61.1443],[28.8259,61.1219],[28.8195,61.0988],[28.7293,61.0551],[28.7076,61.0336],[28.6929,60.9802],[28.6568,60.9508],[28.5375,60.9584],[28.4821,60.9257],[28.4682,60.9249],[28.3599,60.8656],[28.3415,60.8629],[28.3141,60.839],[28.2493,60.7989],[28.2409,60.7868],[28.1873,60.782],[28.1456,60.742],[28.1119,60.7332],[27.8774,60.6017],[27.8483,60.5715],[27.8402,60.553],[27.8021,60.5333],[27.7776,60.5036],[27.7818,60.488],[27.8349,60.4755],[27.8453,60.5036],[27.8255,60.5286],[27.8547,60.5391],[27.8661,60.5182],[27.8911,60.5078],[27.9604,60.5167],[27.9849,60.5036],[28.0068,60.5224],[28.05,60.5104],[28.075,60.5271],[28.1125,60.5229],[28.1583,60.5417],[28.2307,60.5276],[28.2214,60.5505],[28.2443,60.5766],[28.2849,60.5755],[28.3063,60.5979],[28.3047,60.6172],[28.3271,60.6208],[28.3646,60.6104],[28.3911,60.613],[28.3755,60.6339],[28.3854,60.6437],[28.4693,60.6599],[28.5083,60.6604],[28.5521,60.6688],[28.5672,60.6526],[28.6021,60.6604],[28.6068,60.6703],[28.6557,60.6818],[28.6484,60.6922],[28.6839,60.7276],[28.7271,60.7125],[28.7453,60.6964],[28.7214,60.6839],[28.7042,60.6604],[28.675,60.6583],[28.6547,60.6276],[28.6745,60.6141],[28.6443,60.5818],[28.6672,60.5609],[28.6495,60.5182],[28.7016,60.487],[28.7026,60.4609],[28.7161,60.4453],[28.6938,60.4313],[28.6672,60.4318],[28.6276,60.4484],[28.6078,60.4661],[28.5672,60.4755],[28.525,60.5083],[28.5141,60.5276],[28.4854,60.55],[28.4458,60.55],[28.5005,60.4818],[28.5505,60.4339],[28.5703,60.4286],[28.5714,60.4089],[28.5911,60.3953],[28.5859,60.3776],[28.6151,60.3526],[28.65,60.3542],[28.7266,60.3328],[28.7521,60.3208],[28.7896,60.3292],[28.8057,60.3557],[28.8526,60.288],[28.8995,60.2682],[28.9333,60.2708],[28.9724,60.2411],[28.9953,60.237],[28.9943,60.2068],[29.0271,60.1792],[29.0604,60.1813],[29.1125,60.1667],[29.2042,60.1646],[29.2417,60.1604],[29.4417,60.1604],[29.4854,60.1792],[29.525,60.1833],[29.5417,60.1937],[29.5958,60.1979],[29.6292,60.1917],[29.7687,60.1813],[29.8521,60.1604],[29.8688,60.1625],[29.9266,60.1453],[29.9411,60.1245],[29.9432,60.0984],[29.9234,60.0911],[29.9641,60.0578],[29.9651,60.0109],[30.0036,60.0016],[30.0558,59.9985],[30.1064,59.9882],[30.1825,59.9849],[30.2092,59.9588],[30.2158,59.929],[30.2042,59.8974],[30.1736,59.8879],[29.7975,59.9649],[29.8061,59.9919],[29.7641,60.0193],[29.6807,60.0203],[29.7175,59.9815],[29.7475,59.9821],[29.7892,59.9637],[30.0953,59.9021],[30.1625,59.8874],[30.1675,59.8715],[30.1375,59.8629],[30.1073,59.8693],[30.0375,59.8617],[29.9647,59.8857],[29.9006,59.8936],[29.7426,59.9309],[29.618,59.9363],[29.5669,59.9565],[29.5287,59.9629],[29.4734,59.9611],[29.4122,59.9718],[29.335,59.9802],[29.2694,59.979],[29.2423,59.9908],[29.2047,59.985],[29.1304,59.9874],[29.0956,59.9675],[29.0627,59.9604],[29.0449,59.921],[28.9892,59.9124],[29.0208,59.9001],[29.0647,59.8921],[29.0662,59.8713],[28.9781,59.8118],[28.8675,59.7999],[28.8436,59.7807],[28.8053,59.7807],[28.7297,59.7731],[28.6725,59.8077],[28.5357,59.8409],[28.4727,59.8274],[28.4367,59.7693],[28.4428,59.7525],[28.4335,59.7198],[28.4327,59.6797],[28.3928,59.6624],[28.3661,59.6583],[28.3282,59.6734],[28.3026,59.6712],[28.2355,59.6803],[28.2136,59.6946],[28.2226,59.7123],[28.1922,59.7606],[28.17,59.7857],[28.0993,59.7891],[28.0675,59.7603],[28.0276,59.7512],[28.0371,59.7284],[28.0014,59.6893],[28.0259,59.6508],[28.0864,59.6099],[28.095,59.5849],[28.08,59.5238],[28.0454,59.4798],[28.1181,59.44],[28.1372,59.419],[28.1922,59.3965],[28.2067,59.3828],[28.20348,59.36326],[28.20342755905514,59.363237795275595],[28.182,59.3478],[28.1272,59.3376],[28.1349,59.3246],[28.1202,59.301],[28.0815,59.2952],[28.0406,59.301],[27.9596,59.274],[27.9062,59.2491],[27.8886,59.2176],[27.8885,59.1947],[27.8467,59.1568],[27.8056,59.1305],[27.7985,59.1037],[27.7793,59.0812],[27.7654,59.0333],[27.736,59.0108],[27.7419,58.9955],[27.7093,58.9834],[27.6372,58.9464],[27.6106,58.9254],[27.5035,58.8595],[27.4551,58.7906],[27.4828,58.6645],[27.5283,58.5154],[27.5537,58.4235],[27.5577,58.3836],[27.5534,58.3585],[27.494,58.3142],[27.4792,58.2916],[27.4803,58.2607],[27.4907,58.2185],[27.569,58.1285],[27.659,58.0953],[27.6779,58.0791],[27.6784,58.0604],[27.6422,58.0269],[27.6901,58.0127],[27.6983,57.9846],[27.6813,57.9549],[27.6984,57.931],[27.7291,57.9155],[27.7972,57.9153],[27.826,57.8914],[27.8264,57.8593],[27.7874,57.8317],[27.7409,57.8277],[27.7157,57.8398],[27.686,57.8352],[27.6133,57.8396],[27.5579,57.8338],[27.5323,57.8067],[27.5281,57.7898],[27.5037,57.7889],[27.5056,57.7663],[27.5264,57.7573],[27.5182,57.7093],[27.4903,57.7174],[27.4517,57.7167],[27.4111,57.7005],[27.3763,57.6687],[27.3776,57.6485],[27.399,57.6367],[27.4048,57.6126],[27.3777,57.5961],[27.3566,57.5978],[27.3305,57.5705],[27.3363,57.5463],[27.3853,57.5309],[27.4184,57.5278],[27.4969,57.5412],[27.5468,57.5381],[27.5431,57.5203],[27.5671,57.5143],[27.5606,57.4831],[27.5153,57.4678],[27.5107,57.4455],[27.5889,57.4181],[27.6304,57.4155],[27.6681,57.3951],[27.6662,57.3862],[27.7681,57.3526],[27.7808,57.3338],[27.844,57.3162],[27.8684,57.2739],[27.8568,57.2204],[27.8346,57.1947],[27.8279,57.1635],[27.8168,57.1507],[27.7525,57.1231],[27.7203,57.089],[27.7532,57.0869],[27.7438,57.0423],[27.7255,57.0344],[27.7189,57.0032],[27.7416,56.9927],[27.7294,56.9347],[27.7102,56.9224],[27.6756,56.9155],[27.6673,56.8754],[27.668,56.8392],[27.7135,56.8589],[27.7543,56.8563],[27.7888,56.8631],[27.7998,56.876],[27.857,56.8723],[27.8858,56.8523],[27.9055,56.8285],[27.9779,56.8192],[27.9506,56.8074],[27.9439,56.7762],[27.9166,56.7644],[27.9118,56.7421],[27.963,56.7116],[27.9874,56.71],[27.9816,56.6833],[28.0122,56.6722],[28.0126,56.636],[28.0516,56.5882],[28.1164,56.5838],[28.1387,56.5733],[28.141,56.546],[28.1067,56.5393],[28.1028,56.5214],[28.1261,56.5153],[28.1274,56.4836],[28.1842,56.4436],[28.1905,56.3979],[28.1725,56.3901],[28.1686,56.3722],[28.1969,56.3522],[28.2132,56.3149],[28.2405,56.2904],[28.2356,56.2681],[28.1977,56.2436],[28.188,56.199],[28.1732,56.1683],[28.1512,56.1599],[28.1937,56.1377],[28.2453,56.1232],[28.2547,56.1107],[28.2828,56.1035],[28.2634,56.088],[28.3079,56.0658],[28.3504,56.0691],[28.4016,56.0647],[28.3896,56.0794],[28.3967,56.0938],[28.436,56.1006],[28.4591,56.091],[28.529,56.1003],[28.5821,56.1031],[28.6306,56.0903],[28.6684,56.0933],[28.6787,56.0826],[28.6508,56.0698],[28.6696,56.0396],[28.7103,56.0218],[28.7092,55.9898],[28.7292,55.9669],[28.8012,55.9734],[28.8523,55.9673],[28.8577,55.9849],[28.9033,55.9992],[28.9283,55.9989],[28.9631,56.0164],[29.0067,56.0216],[29.0329,56.0325],[29.0799,56.0354],[29.11,56.0247],[29.166,56.0302],[29.1977,56.0088],[29.2069,55.9906],[29.2993,55.9956],[29.3529,55.9745],[29.3969,55.977],[29.4262,55.9717],[29.4433,55.9458],[29.4743,55.929],[29.4456,55.9143],[29.4021,55.903],[29.4228,55.8828],[29.4043,55.8628],[29.4103,55.8284],[29.379,55.7939],[29.371,55.7652],[29.442,55.7338],[29.4803,55.7045],[29.5683,55.7361],[29.5688,55.7576],[29.6007,55.7697],[29.659,55.7834],[29.7063,55.7867],[29.7341,55.7974],[29.7571,55.7785],[29.7965,55.7739],[29.8534,55.8306],[29.8523,55.8563],[29.8795,55.8761],[29.9045,55.879],[29.9479,55.868],[29.9696,55.8897],[30.0807,55.8548],[30.1196,55.8317],[30.1775,55.8634],[30.1708,55.8768],[30.2677,55.87],[30.2867,55.8492],[30.3123,55.8387],[30.3385,55.8405],[30.3549,55.8214],[30.412,55.8212],[30.4065,55.8081],[30.4889,55.8074],[30.5038,55.7986],[30.5167,55.7599],[30.5573,55.7435],[30.6153,55.7399],[30.6482,55.7092],[30.6402,55.6798],[30.6814,55.6468],[30.7358,55.659],[30.7592,55.6326],[30.7662,55.611],[30.8076,55.5978],[30.8364,55.6067],[30.8824,55.6395],[30.9064,55.6261],[30.9338,55.6341],[30.9463,55.6115],[30.9572,55.5574],[30.9147,55.5371],[30.9592,55.5075],[30.9537,55.4961],[30.9159,55.4908],[30.9057,55.4715],[30.9306,55.4316],[30.9386,55.4048],[30.9232,55.3802],[30.8331,55.3418],[30.8295,55.302],[30.8426,55.2864],[30.9027,55.2641],[30.9162,55.2293],[30.9321,55.2064],[30.9844,55.1869],[30.9894,55.1443],[31.0035,55.1369],[30.9938,55.0883],[31.0175,55.0524],[31.006,55.0332],[30.9551,55.0365],[30.9296,55.017],[30.9555,55.0051],[30.9438,54.9596],[30.8984,54.9526],[30.8384,54.9497],[30.8324,54.9353],[30.8408,54.908],[30.825,54.8786],[30.7998,54.8725],[30.7606,54.8118],[30.7876,54.7948],[30.8296,54.7914],[30.8526,54.7827],[30.8611,54.7661],[30.9123,54.7568],[30.967,54.7254],[30.9665,54.7173],[31.0134,54.7105],[31.0122,54.6888],[31.0584,54.6683],[31.149,54.6672],[31.1877,54.671],[31.214,54.6504],[31.2007,54.6433],[31.1938,54.6197],[31.168,54.5918],[31.1388,54.58],[31.1316,54.5512],[31.1026,54.5418],[31.0851,54.5112],[31.1685,54.4776],[31.2012,54.4837],[31.2418,54.4637],[31.2765,54.4112],[31.2758,54.3963],[31.3125,54.3784],[31.3251,54.3476],[31.301,54.3374],[31.3287,54.3251],[31.3176,54.2918],[31.3301,54.2609],[31.3679,54.2544],[31.3971,54.259],[31.4102,54.2448],[31.4082,54.2267],[31.4415,54.2235],[31.5091,54.1827],[31.5123,54.1691],[31.5595,54.1595],[31.6052,54.1368],[31.6638,54.1414],[31.6668,54.1255],[31.693,54.1043],[31.7839,54.107],[31.7852,54.0905],[31.7685,54.0737],[31.7801,54.0641],[31.8448,54.0619],[31.8843,54.0501],[31.869,54.0336],[31.8832,54.0143],[31.8409,54.0011],[31.8363,53.9913],[31.8661,53.973],[31.8706,53.9456],[31.8363,53.9424],[31.8527,53.8991],[31.8183,53.868],[31.7921,53.8698],[31.7859,53.8421],[31.7548,53.8268],[31.7933,53.8038],[31.8421,53.7835],[31.9331,53.7803],[31.9978,53.794],[32.0762,53.7974],[32.0904,53.8075],[32.1228,53.8095],[32.1638,53.7907],[32.2151,53.7899],[32.2231,53.7639],[32.2566,53.7738],[32.2739,53.753],[32.3415,53.7537],[32.3619,53.729],[32.3868,53.725],[32.4555,53.7374],[32.5092,53.6957],[32.4741,53.678],[32.4489,53.6764],[32.4169,53.6557],[32.4342,53.6268],[32.441,53.5981],[32.4626,53.5741],[32.5205,53.5426],[32.5608,53.5152],[32.5978,53.508],[32.6178,53.4683],[32.6351,53.4761],[32.643,53.4978],[32.6672,53.4896],[32.6685,53.4624],[32.7403,53.4576],[32.7675,53.4521],[32.7576,53.418],[32.7861,53.4062],[32.7496,53.3895],[32.7399,53.3622],[32.7419,53.3327],[32.713,53.3298],[32.6923,53.3374],[32.6688,53.3183],[32.6328,53.3376],[32.6301,53.3157],[32.59,53.2889],[32.5772,53.2944],[32.5298,53.2813],[32.4914,53.228],[32.4472,53.194],[32.4211,53.184],[32.355,53.1785],[32.3475,53.1568],[32.3262,53.1359],[32.2929,53.1217],[32.2368,53.1253],[32.2369,53.1012],[32.1992,53.1079],[32.1701,53.0868],[32.1203,53.0774],[32.0674,53.0795],[32.0249,53.0956],[31.9886,53.0861],[31.9313,53.0866],[31.9139,53.1153],[31.8755,53.1086],[31.8329,53.116],[31.8023,53.1538],[31.7994,53.1763],[31.7539,53.2063],[31.6921,53.215],[31.641,53.2314],[31.6216,53.2269],[31.5902,53.2017],[31.5554,53.1908],[31.5239,53.2012],[31.4711,53.2017],[31.429,53.1954],[31.4229,53.167],[31.4103,53.1483],[31.3789,53.1268],[31.4077,53.1085],[31.4001,53.0921],[31.352,53.086],[31.3409,53.0777],[31.3295,53.0443],[31.3061,53.0281],[31.26,53.0391],[31.2498,53.027],[31.3684,52.9756],[31.3839,52.928],[31.4144,52.8997],[31.4948,52.8585],[31.5397,52.8599],[31.5478,52.8452],[31.5299,52.8275],[31.579,52.7942],[31.6066,52.7666],[31.6035,52.7377],[31.5701,52.7036],[31.5201,52.6981],[31.5153,52.6893],[31.5489,52.6457],[31.5689,52.6335],[31.5694,52.6],[31.5847,52.5823],[31.6094,52.5752],[31.6285,52.5574],[31.6655,52.553],[31.6334,52.5239],[31.5811,52.5151],[31.5747,52.4984],[31.6124,52.4859],[31.615,52.4688],[31.5862,52.4415],[31.6006,52.4097],[31.6255,52.4045],[31.6141,52.3257],[31.5946,52.3025],[31.6467,52.2746],[31.6856,52.2777],[31.7076,52.2702],[31.6923,52.2563],[31.6972,52.2212],[31.6802,52.1912],[31.6897,52.1832],[31.729,52.1889],[31.7724,52.1862],[31.7867,52.1754],[31.7869,52.1411],[31.8012,52.1305],[31.7988,52.1021],[31.8077,52.0962],[31.8586,52.1076],[31.9497,52.0839],[31.9604,52.0718],[31.9235,52.0361],[31.9631,52.0298],[31.9822,52.0416],[32.0219,52.0412],[32.0721,52.0228],[32.1408,52.0459],[32.1603,52.0696],[32.21,52.0572],[32.2299,52.0808],[32.2697,52.0923],[32.2992,52.092],[32.32,52.1155],[32.3208,52.1334],[32.3512,52.139],[32.3493,52.1812],[32.3286,52.2115],[32.3289,52.2354],[32.3771,52.2411],[32.3963,52.2529],[32.3871,52.2707],[32.397,52.2883],[32.3681,52.2886],[32.3587,52.3358],[32.387,52.3459],[32.4164,52.3294],[32.4448,52.3348],[32.4739,52.3284],[32.5319,52.3333],[32.5712,52.3208],[32.5813,52.3029],[32.6204,52.3022],[32.6688,52.2717],[32.6871,52.2535],[32.7066,52.2531],[32.7471,52.2705],[32.776,52.264],[32.8251,52.2751],[32.88,52.2732],[32.8898,52.244],[32.9088,52.2435],[32.9574,52.2653],[32.9771,52.2648],[33.0192,52.2875],[33.0526,52.3109],[33.0813,52.304],[33.1358,52.338],[33.1773,52.338],[33.1842,52.3631],[33.243,52.3682],[33.2917,52.3572],[33.3439,52.3384],[33.3759,52.3554],[33.4074,52.3601],[33.4593,52.3285],[33.4721,52.3457],[33.5303,52.3496],[33.5263,52.3268],[33.5051,52.3158],[33.5104,52.2927],[33.5674,52.2917],[33.5712,52.3146],[33.5992,52.3143],[33.637,52.3258],[33.664,52.3257],[33.7259,52.3545],[33.7448,52.3427],[33.7966,52.36],[33.8325,52.3497],[33.8441,52.3306],[33.8436,52.3037],[33.8887,52.2994],[33.923,52.3018],[33.9425,52.2844],[33.9342,52.2591],[33.9714,52.2359],[33.9905,52.2302],[34.0182,52.1941],[34.0638,52.193],[34.0667,52.164],[34.0862,52.1577],[34.1143,52.134],[34.1145,52.1162],[34.0921,52.1045],[34.0692,52.069],[34.0925,52.0153],[34.0887,51.9912],[34.1208,51.9977],[34.157,51.9567],[34.1988,51.9468],[34.2177,51.9297],[34.2257,51.9061],[34.2655,51.9085],[34.2722,51.8607],[34.3014,51.8867],[34.3196,51.8819],[34.3644,51.8547],[34.4009,51.8451],[34.418,51.8213],[34.3962,51.7955],[34.3953,51.7828],[34.4238,51.7639],[34.4322,51.7387],[34.4032,51.7208],[34.3451,51.7165],[34.3065,51.7176],[34.2608,51.6977],[34.2097,51.6982],[34.127,51.6868],[34.0914,51.6633],[34.1474,51.6467],[34.19,51.6234],[34.1881,51.6046],[34.2518,51.5886],[34.2692,51.552],[34.3182,51.5288],[34.3036,51.4912],[34.2614,51.4633],[34.2592,51.4312],[34.2317,51.4208],[34.2253,51.3998],[34.2663,51.3808],[34.2918,51.3842],[34.3421,51.3578],[34.3331,51.332],[34.3098,51.3302],[34.3072,51.3009],[34.2842,51.2887],[34.2707,51.2599],[34.3048,51.2495],[34.3388,51.2324],[34.3645,51.2331],[34.4146,51.2675],[34.4407,51.2568],[34.4742,51.2575],[34.5171,51.2468],[34.5684,51.2463],[34.5858,51.2407],[34.6115,51.2501],[34.6557,51.248],[34.6637,51.2183],[34.6879,51.1882],[34.7221,51.182],[34.7575,51.1849],[34.7751,51.1787],[34.8197,51.1763],[34.8321,51.1993],[34.9188,51.2166],[34.9759,51.2369],[35.0119,51.235],[35.04,51.2156],[35.0677,51.2267],[35.1235,51.221],[35.1168,51.1992],[35.1285,51.1729],[35.1291,51.151],[35.1673,51.1233],[35.1577,51.0995],[35.1955,51.059],[35.2243,51.0523],[35.2435,51.0683],[35.2817,51.067],[35.3128,51.0867],[35.3341,51.0855],[35.3536,51.0687],[35.3851,51.0722],[35.4236,51.054],[35.4258,51.0333],[35.3775,51.0146],[35.3471,51.016],[35.3551,50.9938],[35.3439,50.9486],[35.38,50.9492],[35.4055,50.9331],[35.3958,50.9093],[35.3956,50.8852],[35.4269,50.862],[35.428,50.815],[35.4634,50.7801],[35.4913,50.7714],[35.4722,50.7377],[35.4759,50.7008],[35.5015,50.6883],[35.5023,50.6671],[35.4726,50.6673],[35.4437,50.6564],[35.4179,50.6568],[35.4165,50.6406],[35.4325,50.6187],[35.4314,50.5979],[35.4131,50.5897],[35.4477,50.5698],[35.4619,50.5267],[35.5122,50.4821],[35.5653,50.4737],[35.5824,50.4666],[35.5991,50.4432],[35.5882,50.403],[35.6051,50.379],[35.6313,50.3607],[35.6764,50.3658],[35.7301,50.3594],[35.7594,50.3714],[35.7804,50.3896],[35.8099,50.4018],[35.8211,50.4205],[35.8127,50.4334],[35.8333,50.4501],[35.8891,50.4421],[35.8994,50.4526],[35.9368,50.4456],[35.9769,50.461],[36.0249,50.4595],[36.0739,50.4637],[36.1011,50.4514],[36.155,50.4493],[36.1826,50.4144],[36.2105,50.4077],[36.2263,50.3842],[36.2807,50.3594],[36.2688,50.3423],[36.3154,50.294],[36.3843,50.296],[36.3866,50.3081],[36.4285,50.3249],[36.4931,50.3269],[36.5581,50.2868],[36.5954,50.3012],[36.5731,50.2628],[36.5971,50.2382],[36.6147,50.2313],[36.6602,50.2287],[36.6794,50.239],[36.7112,50.2769],[36.7495,50.2859],[36.8189,50.3153],[36.8372,50.3142],[36.8782,50.3393],[36.8956,50.3327],[36.9256,50.3474],[37.0174,50.3419],[37.0366,50.3462],[37.0533,50.3343],[37.101,50.3424],[37.1211,50.3521],[37.167,50.3494],[37.2936,50.3854],[37.336,50.4209],[37.3825,50.418],[37.4095,50.411],[37.4498,50.4302],[37.4931,50.429],[37.4748,50.3865],[37.4817,50.3539],[37.5506,50.3282],[37.5742,50.3053],[37.6468,50.3053],[37.6394,50.2581],[37.6253,50.221],[37.6512,50.1912],[37.6523,50.1769],[37.724,50.1212],[37.7447,50.1133],[37.7604,50.0963],[37.8065,50.0999],[37.8304,50.0817],[37.8907,50.0616],[37.9176,50.0598],[37.9338,50.0477],[37.9478,50.0196],[37.9805,49.9956],[37.9983,49.9938],[38.0321,49.9737],[38.0478,49.9561],[38.0276,49.9439],[38.0438,49.9265],[38.0835,49.9518],[38.1275,49.9536],[38.1341,49.9384],[38.1811,49.9591],[38.2007,49.9763],[38.227,49.9745],[38.2175,50.0016],[38.1906,50.0028],[38.1901,50.0257],[38.2005,50.0538],[38.1998,50.0759],[38.2439,50.065],[38.2905,50.0688],[38.3393,50.0859],[38.344,50.0605],[38.3664,50.0354],[38.3734,50.004],[38.3925,50.0033],[38.4242,49.9867],[38.44,50.0015],[38.4775,49.9992],[38.5001,49.9833],[38.504,49.9677],[38.5416,49.9657],[38.5631,49.9726],[38.6118,49.9776],[38.6461,49.9604],[38.685,49.9668],[38.6887,49.9977],[38.7229,49.974],[38.6983,49.955],[38.7043,49.9404],[38.7419,49.921],[38.7405,49.9141],[38.7926,49.8892],[38.8316,49.8868],[38.8496,49.8707],[38.9211,49.8689],[38.9223,49.8301],[38.9371,49.8113],[38.9644,49.8091],[39.0115,49.8164],[39.0315,49.8309],[39.0749,49.8205],[39.1221,49.8373],[39.1248,49.8585],[39.172,49.88],[39.2224,49.8498],[39.2346,49.8051],[39.2589,49.7866],[39.2654,49.7694],[39.2992,49.7557],[39.3772,49.7396],[39.3966,49.7502],[39.4528,49.7655],[39.4798,49.7647],[39.5491,49.745],[39.6125,49.7424],[39.5973,49.7078],[39.6215,49.6886],[39.6336,49.652],[39.6569,49.6268],[39.7003,49.6121],[39.7196,49.6165],[39.7621,49.5956],[39.7946,49.5696],[39.8594,49.5707],[39.9131,49.5608],[39.9436,49.576],[39.9569,49.5984],[40.061,49.608],[40.1071,49.6046],[40.1319,49.6196],[40.1503,49.6183],[40.162,49.5962],[40.2085,49.5617],[40.2174,49.507],[40.1633,49.4581],[40.1622,49.3995],[40.1727,49.3745],[40.1886,49.3156],[40.1819,49.2954],[40.2003,49.2706],[40.1996,49.2431],[40.1511,49.2404],[40.1148,49.2217],[40.1076,49.2089],[40.076,49.188],[40.0334,49.181],[40.0218,49.1634],[40.003,49.1588],[39.9611,49.1205],[39.939,49.0925],[39.9452,49.0687],[39.9352,49.0634],[39.8147,49.0705],[39.7836,49.0488],[39.7453,49.0448],[39.6998,49.0583],[39.6699,49.048],[39.6777,49.0361],[39.6731,48.9962],[39.7028,49.0064],[39.7202,48.9941],[39.7484,48.9927],[39.7557,48.9749],[39.7902,48.9496],[39.7702,48.9393],[39.8054,48.9195],[39.8298,48.8886],[39.8778,48.8969],[39.9078,48.9124],[39.9439,48.8982],[39.952,48.8859],[39.9987,48.877],[40.0104,48.8996],[40.0304,48.91],[40.0789,48.913],[40.0972,48.8837],[40.0756,48.8558],[40.0441,48.8395],[40.0117,48.8118],[39.991,48.8012],[39.9343,48.8106],[39.8797,48.8322],[39.8329,48.8356],[39.797,48.85],[39.7856,48.8334],[39.7807,48.7929],[39.7415,48.7787],[39.7266,48.7335],[39.7061,48.7181],[39.7225,48.6991],[39.7013,48.6781],[39.7084,48.6599],[39.6576,48.6242],[39.6887,48.5909],[39.7502,48.5878],[39.7837,48.5931],[39.8215,48.5844],[39.8501,48.5708],[39.8698,48.5198],[39.8691,48.5063],[39.8486,48.4998],[39.8519,48.4721],[39.8959,48.4485],[39.8978,48.4297],[39.9178,48.4028],[39.9123,48.3895],[39.9408,48.3868],[39.938,48.3601],[39.867,48.3389],[39.8503,48.3221],[39.9162,48.3002],[39.9472,48.3011],[39.9864,48.3155],[39.9984,48.2824],[40.0149,48.2666],[40.0165,48.2399],[39.9964,48.2231],[39.9594,48.2295],[39.9424,48.2171],[39.9422,48.1853],[39.9106,48.168],[39.9039,48.1304],[39.886,48.1179],[39.8641,48.0828],[39.87,48.0722],[39.84,48.0366],[39.7973,48.0368],[39.8185,48.0079],[39.8479,47.9925],[39.8428,47.9643],[39.816,47.9456],[39.811,47.9173],[39.8167,47.8831],[39.7786,47.8695],[39.7751,47.8479],[39.7566,47.8427],[39.7445,47.8203],[39.7263,47.8297],[39.6799,47.8351],[39.6549,47.833],[39.63,47.8404],[39.5814,47.8313],[39.5296,47.8292],[39.5034,47.8467],[39.456,47.8618],[39.4335,47.8477],[39.4065,47.8456],[39.3794,47.8758],[39.3491,47.8777],[39.3161,47.8628],[39.2516,47.8684],[39.2259,47.866],[39.2103,47.8512],[39.1501,47.8534],[39.1262,47.8397],[39.0785,47.8526],[39.055,47.8635],[38.93,47.8686],[38.8986,47.8665],[38.8394,47.8542],[38.8251,47.8128],[38.7931,47.8051],[38.7947,47.7654],[38.7871,47.7347],[38.7732,47.7212],[38.7758,47.7049],[38.7648,47.6841],[38.6751,47.6968],[38.6632,47.6939],[38.6631,47.6637],[38.6317,47.6544],[38.6143,47.6387],[38.4574,47.6374],[38.4667,47.6096],[38.3716,47.6111],[38.357,47.6034],[38.3577,47.579],[38.3154,47.5662],[38.2905,47.5202],[38.2994,47.4739],[38.3113,47.4514],[38.3018,47.3827],[38.2937,47.3741],[38.2525,47.3682],[38.2244,47.3131],[38.233,47.3029],[38.2596,47.306],[38.3256,47.3008],[38.3364,47.2881],[38.3342,47.253],[38.2976,47.2491],[38.2853,47.2347],[38.2459,47.2284],[38.2361,47.1921],[38.2444,47.1564],[38.2346,47.1201],[38.2824,47.1271],[38.3104,47.139],[38.3971,47.1357],[38.429,47.1485],[38.4757,47.1432],[38.476,47.1635],[38.5004,47.1618],[38.5099,47.1279],[38.5649,47.1149],[38.5576,47.1349],[38.576,47.1435],[38.6263,47.1396],[38.6862,47.1549],[38.7313,47.159],[38.7579,47.1704],[38.839,47.1807],[38.8654,47.1743],[38.8857,47.1971],[38.946,47.1976],[38.936,47.2271],[38.9399,47.2543],[38.9554,47.2693],[38.9893,47.2729],[39.041,47.2643],[39.0638,47.2821],[39.0851,47.2879],[39.1974,47.2849],[39.2459,47.2549],[39.2265,47.2379],[39.2238,47.2054],[39.2356,47.196],[39.2232,47.1807],[39.246,47.1635],[39.2351,47.149],[39.2365,47.1246],[39.2571,47.1154],[39.2515,47.0921],[39.2754,47.0621],[39.306,47.0537],[39.2935,47.0199],[39.2326,47.0199],[39.1913,47.0343],[39.1179,47.0265],[39.1046,47.0349],[39.0704,47.0254],[39.0276,47.006],[38.9726,46.9729],[38.9326,46.9579],[38.9043,46.9679],[38.8696,46.9449],[38.8643,46.9268],[38.8374,46.906],[38.7282,46.876],[38.6937,46.8699],[38.6218,46.8696],[38.5771,46.8574],[38.5446,46.8571],[38.4996,46.8799],[38.4865,46.8682],[38.4485,46.8518],[38.4226,46.8251],[38.4121,46.8051],[38.3943,46.7457],[38.4121,46.7546],[38.4518,46.7562],[38.4735,46.7476],[38.5124,46.7499],[38.5412,46.7354],[38.5768,46.7265],[38.5876,46.7174],[38.6021,46.6851],[38.5951,46.6665],[38.551,46.6629],[38.5068,46.6424],[38.4696,46.6432],[38.4235,46.6546],[38.3349,46.6629],[38.3132,46.674],[38.2879,46.7082],[38.2876,46.7326],[38.2215,46.699],[38.1332,46.6907],[38.0593,46.6465],[38.0007,46.6351],[37.9057,46.6343],[37.8221,46.6463],[37.7918,46.656],[37.7554,46.6607],[37.8018,46.5621],[37.8565,46.4701],[37.8868,46.4321],[37.9162,46.4074],[37.9854,46.3651],[38.0088,46.374],[37.984,46.3921],[37.9849,46.4074],[38.0665,46.4021],[38.1104,46.3921],[38.1479,46.3726],[38.2235,46.3221],[38.2813,46.2729],[38.2929,46.2429],[38.3468,46.209],[38.4165,46.1801],[38.4793,46.1471],[38.5196,46.1404],[38.5332,46.1287],[38.569,46.1143],[38.5812,46.0951],[38.5874,46.0532],[38.5671,46.039],[38.526,46.0537],[38.5049,46.0443],[38.4726,46.0399],[38.3993,46.0701],[38.3796,46.0885],[38.3601,46.0932],[38.3268,46.1237],[38.3015,46.1371],[38.2543,46.1724],[38.2665,46.1799],[38.2551,46.1985],[38.261,46.2257],[38.2843,46.241],[38.2676,46.2562],[38.2515,46.2279],[38.2438,46.1574],[38.1907,46.1218],[38.1676,46.0582],[38.1474,46.0354],[38.1535,46.0204],[38.1479,45.9943],[38.1315,45.9904],[38.1143,45.959],[38.0929,45.9646],[38.0738,45.9921],[38.0724,46.0096],[38.1168,46.0324],[38.1135,46.0554],[38.0935,46.059],[38.0296,46.0504],[37.9726,46.034],[37.9371,45.994],[37.9162,45.9493],[37.874,45.8307],[37.856,45.7912],[37.8338,45.756],[37.8193,45.7465],[37.786,45.7451],[37.7551,45.7154],[37.7218,45.7038],[37.6507,45.6874],[37.6257,45.6735],[37.6037,45.6407],[37.5985,45.5901],[37.5993,45.5065],[37.5962,45.4512],[37.5721,45.4099],[37.5224,45.376],[37.449,45.3462],[37.4151,45.3532],[37.3843,45.3493],[37.3604,45.3365],[37.3307,45.3299],[37.2912,45.3296],[37.199,45.3354],[37.1021,45.3576],[37.0426,45.3743],[37.001,45.3901],[36.9465,45.4174],[36.9243,45.4332],[36.8874,45.4388],[36.8568,45.4512],[36.7854,45.4424],[36.7179,45.3665],[36.644,45.3232],[36.6974,45.3363],[36.7618,45.4143],[36.789,45.3921],[36.8413,45.3685],[36.8024,45.3543],[36.7826,45.3754],[36.7707,45.3688],[36.7821,45.3326],[36.7988,45.3032],[36.8468,45.3165],[36.9249,45.329],[36.989,45.3235],[36.9935,45.2924],[36.9765,45.279],[36.9124,45.2707],[36.8974,45.2588],[36.8668,45.249],[36.831,45.2479],[36.7854,45.2399],[36.7424,45.2207],[36.7057,45.219],[36.6893,45.226],[36.6143,45.2093],[36.5974,45.1951],[36.6143,45.1824],[36.6157,45.166],[36.6335,45.1418],[36.7274,45.116],[36.8182,45.1185],[36.9021,45.1049],[36.9954,45.0751],[37.0385,45.066],[37.1443,45.0335],[37.2371,44.9901],[37.2618,44.976],[37.3032,44.9418],[37.319,44.9165],[37.3182,44.9032],[37.296,44.8924],[37.3413,44.8451],[37.3399,44.8299],[37.3815,44.7843],[37.3896,44.7557],[37.4354,44.7271],[37.4451,44.7154],[37.5476,44.676],[37.6146,44.6657],[37.6626,44.6676],[37.7249,44.649],[37.7926,44.6632],[37.8074,44.6804],[37.7893,44.6963],[37.7879,44.7185],[37.831,44.7204],[37.8615,44.6943],[37.9137,44.6665],[37.931,44.6496],[37.9049,44.6301],[37.9168,44.6162],[37.9707,44.576],[38.029,44.5599],[38.0229,44.5804],[38.0479,44.5851],[38.0651,44.5765],[38.0749,44.5576],[38.0479,44.5504],[38.0818,44.5337],[38.1321,44.4946],[38.1551,44.4549],[38.1726,44.4487],[38.2018,44.4171],[38.2207,44.411],[38.2588,44.4135],[38.304,44.4035],[38.3401,44.3807],[38.3871,44.3679],[38.416,44.3751],[38.4729,44.3671],[38.5174,44.3554],[38.5676,44.3499],[38.6326,44.3215],[38.7085,44.3021],[38.746,44.3013],[38.7918,44.281],[38.8171,44.2574],[38.8185,44.2457],[38.841,44.2329],[38.8621,44.201],[38.886,44.1865],[38.9104,44.1868],[38.9574,44.1676],[38.9785,44.1688],[39.0135,44.149],[39.0313,44.1232],[39.0313,44.1026],[39.0751,44.0926],[39.1354,44.0404],[39.1504,44.021],[39.1862,44.0007],[39.2418,43.9765],[39.2637,43.9568],[39.2949,43.9429],[39.3296,43.9015],[39.3499,43.8946],[39.4007,43.8554],[39.4329,43.8235],[39.4643,43.7863],[39.509,43.7582],[39.5896,43.6951],[39.6079,43.6674],[39.6629,43.6474],[39.7015,43.6196],[39.7146,43.5829],[39.731,43.5687],[39.8265,43.5301],[39.8607,43.5132],[39.8874,43.4885],[39.9035,43.4432],[39.9174,43.4212],[39.9518,43.3985],[39.9938,43.3851],[40.012,43.3849],[40.0169,43.4279],[40.0389,43.4565],[40.0461,43.4817],[40.0677,43.5087],[40.0955,43.5289],[40.0969,43.5633],[40.1346,43.5667],[40.1827,43.5775],[40.2121,43.575],[40.2362,43.5838],[40.2631,43.5829],[40.2927,43.5677],[40.3132,43.5671],[40.3353,43.5527],[40.424,43.5457],[40.4431,43.5554],[40.4826,43.5445],[40.5008,43.5313],[40.5719,43.5161],[40.612,43.544],[40.6523,43.5595],[40.6689,43.5583],[40.6881,43.5386],[40.7283,43.5305],[40.7741,43.5087],[40.8318,43.4855],[40.8791,43.4851],[40.8973,43.4755],[40.8999,43.4543],[40.9255,43.4425],[40.949,43.4221],[40.9971,43.4317],[41.0305,43.4159],[41.0432,43.3907],[41.0614,43.3823],[41.1014,43.3777],[41.1197,43.395],[41.1392,43.3946],[41.2193,43.3733],[41.2529,43.3579],[41.2841,43.3535],[41.3119,43.334],[41.3317,43.3341],[41.3615,43.3583],[41.4078,43.3614],[41.4203,43.3531],[41.4229,43.3095],[41.4377,43.3026],[41.4787,43.2969],[41.4943,43.2833],[41.5453,43.2608],[41.5543,43.2488],[41.5825,43.2354],[41.6307,43.2229],[41.6575,43.2301],[41.6919,43.2167],[41.7156,43.2183],[41.736,43.2328],[41.7629,43.2156],[41.8201,43.2038],[41.8523,43.2109],[41.8679,43.2229],[41.8609,43.2371],[41.8782,43.2461],[41.917,43.2283],[41.9427,43.2253],[41.9543,43.2125],[42.0177,43.2145],[42.0387,43.1969],[42.0577,43.1941],[42.0811,43.2045],[42.1129,43.2075],[42.1368,43.2207],[42.1813,43.2171],[42.2131,43.2299],[42.241,43.226],[42.264,43.2101],[42.2885,43.2084],[42.318,43.2264],[42.3462,43.2259],[42.3589,43.2408],[42.394,43.2442],[42.4261,43.254],[42.4563,43.2456],[42.4543,43.2129],[42.5163,43.1991],[42.5972,43.1644],[42.683,43.1371],[42.6738,43.168],[42.7654,43.1853],[42.7914,43.184],[42.8099,43.1742],[42.8408,43.1772],[42.8927,43.1701],[42.9034,43.1491],[42.9318,43.1335],[42.9252,43.1154],[42.9855,43.1099],[43.0386,43.0906],[43.0242,43.067],[43.0266,43.0499],[43.0599,43.0196],[43.1132,42.9927],[43.1679,42.9562],[43.1921,42.9344],[43.2618,42.9219],[43.3205,42.9015],[43.3431,42.89],[43.403,42.896],[43.4652,42.8909],[43.5064,42.8728],[43.5617,42.8661],[43.6047,42.8425],[43.6123,42.8266],[43.6449,42.7999],[43.689,42.7964],[43.7225,42.7732],[43.7909,42.7501],[43.8037,42.7353],[43.8037,42.7184],[43.7669,42.6642],[43.7423,42.6518],[43.7314,42.6276],[43.7702,42.5877],[43.813,42.5933],[43.8273,42.5794],[43.864,42.5849],[43.9481,42.5585],[43.9711,42.5617],[44.0163,42.5956],[44.0347,42.605],[44.0601,42.6027],[44.104,42.614],[44.1346,42.6104],[44.209,42.6268],[44.2213,42.6337],[44.2298,42.6561],[44.2566,42.6887],[44.2789,42.7001],[44.3442,42.716],[44.413,42.7138],[44.474,42.7436],[44.5062,42.7516],[44.6026,42.7438],[44.6621,42.7503],[44.7068,42.7381],[44.7274,42.7206],[44.7465,42.644],[44.7679,42.6256],[44.7982,42.6317],[44.8321,42.7017],[44.8691,42.7416],[44.8917,42.7499],[44.9275,42.7527],[44.9711,42.7446],[45.0351,42.7012],[45.0829,42.6946],[45.1305,42.7035],[45.1672,42.6978],[45.2069,42.6637],[45.2559,42.616],[45.296,42.5872],[45.3117,42.5477],[45.3316,42.5326],[45.35,42.529],[45.3997,42.5412],[45.4314,42.5435],[45.5131,42.5416],[45.5398,42.5499],[45.5774,42.5458],[45.602,42.5278],[45.6601,42.5067],[45.7087,42.4851],[45.7514,42.4859],[45.7679,42.4743],[45.7729,42.4363],[45.7313,42.3858],[45.731,42.3531],[45.7244,42.331],[45.7451,42.3053],[45.7136,42.2905],[45.666,42.2835],[45.6407,42.2894],[45.6061,42.219],[45.6423,42.1947],[45.6652,42.1894],[45.7278,42.1592],[45.7687,42.1258],[45.8089,42.1113],[45.8502,42.1132],[45.8841,42.1024],[45.9065,42.0881],[45.9089,42.0621],[45.9269,42.0339],[45.9467,42.0254],[45.972,42.0405],[46.0148,42.042],[46.0256,42.0241],[46.0422,42.0255],[46.0599,42.0408],[46.0728,42.0349],[46.0823,42.0044],[46.1034,41.9914],[46.1137,42.0122],[46.1332,42.0148],[46.1653,41.9889],[46.2031,41.9903],[46.2262,42.0018],[46.2456,41.9987],[46.2591,41.9813],[46.3043,41.95],[46.3292,41.9391],[46.336,41.9563],[46.3634,41.9474],[46.3842,41.9576],[46.3913,41.9198],[46.4187,41.9073],[46.4426,41.8893],[46.5083,41.8869],[46.5397,41.8738],[46.5409,41.8256],[46.5609,41.8078],[46.5768,41.8066],[46.6473,41.8331],[46.6929,41.8272],[46.7063,41.846],[46.7487,41.8631],[46.7612,41.853],[46.7812,41.7854],[46.8552,41.728],[46.8958,41.7316],[46.9168,41.7155],[46.9188,41.6854],[46.9595,41.6395],[46.9856,41.6371],[47.0038,41.6181],[46.9878,41.6015],[46.9888,41.5896],[47.0098,41.556],[47.0524,41.5544],[47.0659,41.5704],[47.1009,41.5872],[47.1205,41.5784],[47.124,41.5538],[47.1652,41.5233],[47.1633,41.4959],[47.1874,41.4793],[47.1998,41.4519],[47.2275,41.4423],[47.216,41.4221],[47.2157,41.404],[47.2515,41.3939],[47.2531,41.364],[47.2624,41.3247],[47.3251,41.2915],[47.4049,41.2663],[47.4319,41.2704],[47.4585,41.2645],[47.4782,41.2681],[47.4971,41.2563],[47.4954,41.2373],[47.5359,41.2072],[47.5842,41.2162],[47.6137,41.2364],[47.6442,41.2262],[47.6835,41.2252],[47.702,41.2172],[47.7199,41.1974],[47.7532,41.1889],[47.7738,41.1928],[47.7984,41.216],[47.8788,41.2192],[47.8991,41.238],[47.8956,41.2661],[47.9031,41.28],[47.9371,41.3124],[47.9409,41.3599],[47.9579,41.3774],[47.986,41.3865],[48.0251,41.4323],[48.0383,41.4592],[48.0396,41.4816],[48.0511,41.4912],[48.137,41.5048],[48.1936,41.5032],[48.213,41.5129],[48.2519,41.5217],[48.268,41.5487],[48.2813,41.5586],[48.3213,41.5693],[48.3559,41.5841],[48.4015,41.6121],[48.4144,41.6266],[48.4398,41.7214],[48.4741,41.7867],[48.4865,41.8182],[48.4997,41.829],[48.498,41.8566],[48.4675,41.8905],[48.3984,41.8975],[48.372,41.911],[48.3484,41.9389],[48.3058,42.0037],[48.2914,42.0438],[48.2685,42.086],[48.2384,42.1331],[48.2224,42.1519],[48.1885,42.1741],[48.1281,42.2448],[48.0894,42.3144],[48.0722,42.3392],[48.0288,42.375],[47.97,42.4086],[47.9347,42.4503],[47.8921,42.4847],[47.8758,42.528],[47.8613,42.5371],[47.838,42.5751],[47.7536,42.631],[47.7307,42.6552],[47.7155,42.6837],[47.7078,42.7513],[47.7029,42.8511],[47.707,42.8789],[47.6656,42.9212],[47.6321,42.937],[47.5599,42.9609],[47.496,42.9944],[47.4662,43.0153],[47.4515,43.0402],[47.4545,43.0743],[47.4803,43.1294],[47.4936,43.2088],[47.5256,43.2684],[47.547,43.2862],[47.5767,43.2948],[47.6026,43.3126],[47.5899,43.3508],[47.5528,43.3724],[47.5386,43.3693],[47.5349,43.3425],[47.5118,43.3231],[47.4901,43.3433],[47.4748,43.3883],[47.5065,43.4619],[47.5503,43.5499],[47.581,43.6292],[47.7218,43.8583],[47.7573,43.8911],[47.7453,43.9104],[47.7206,43.9177],[47.6743,43.9133],[47.6275,43.8908],[47.6056,43.8558],[47.5884,43.7944],[47.5717,43.765],[47.5252,43.7037],[47.5187,43.6459],[47.4963,43.5917],[47.4734,43.5126],[47.4568,43.4971],[47.4205,43.5295],[47.4409,43.5662],[47.3922,43.5607],[47.4169,43.5843],[47.4361,43.589],[47.4538,43.6049],[47.4642,43.6386],[47.4539,43.6583],[47.4718,43.6795],[47.4821,43.7197],[47.491,43.7349],[47.5346,43.7779],[47.534,43.8196],[47.5251,43.836],[47.4809,43.8674],[47.4662,43.8994],[47.4094,43.9429],[47.3874,43.9914],[47.3632,44.0182],[47.3096,44.0643],[47.2779,44.0971],[47.2538,44.1289],[47.238,44.1973],[47.1932,44.2411],[47.136,44.2081],[47.1129,44.2117],[47.0596,44.2738],[47.0453,44.3038],[47.0298,44.389],[47.0168,44.4217],[46.9938,44.4385],[46.9265,44.4471],[46.8816,44.4868],[46.8432,44.4964],[46.7824,44.483],[46.7744,44.486],[46.7548,44.5279],[46.7747,44.5469],[46.8029,44.5393],[46.8364,44.5382],[46.8554,44.5546],[46.8395,44.5726],[46.7955,44.5732],[46.795,44.5945],[46.8339,44.6258],[46.8276,44.6424],[46.7988,44.6343],[46.7915,44.649],[46.7933,44.6925],[46.8172,44.7079],[46.8353,44.6856],[46.8491,44.6928],[46.8608,44.7594],[46.8881,44.7691],[46.8895,44.8139],[46.8969,44.8346],[46.9591,44.824],[46.974,44.7887],[46.994,44.7983],[47.0482,44.8469],[47.0775,44.808],[47.1158,44.7884],[47.1777,44.842],[47.2272,44.8918],[47.2591,44.9557],[47.2814,44.9642],[47.3186,44.9408],[47.3962,45.0205],[47.3763,45.0673],[47.4312,45.0849],[47.3788,45.1678],[47.3645,45.2037],[47.378,45.2146],[47.4199,45.1661],[47.4763,45.1059],[47.5129,45.1028],[47.5464,45.2057],[47.5395,45.288],[47.5737,45.3475],[47.5944,45.4401],[47.6379,45.4269],[47.6582,45.4475],[47.6494,45.4767],[47.6269,45.501],[47.6,45.545],[47.6296,45.53],[47.6398,45.5166],[47.6745,45.512],[47.6939,45.5368],[47.6772,45.5582],[47.6342,45.5886],[47.5907,45.6145],[47.5742,45.6358],[47.6024,45.6948],[47.6613,45.7032],[47.6907,45.7126],[47.7358,45.6796],[47.7923,45.6434],[47.8076,45.6219],[47.8027,45.5803],[47.828,45.5624],[47.8498,45.5592],[47.8749,45.5692],[47.8955,45.5921],[47.9526,45.6284],[47.9968,45.642],[48.0635,45.6545],[48.124,45.6409],[48.1934,45.6056],[48.2388,45.603],[48.2643,45.62],[48.3214,45.6799],[48.3439,45.7446],[48.3901,45.787],[48.4158,45.7988],[48.4474,45.7809],[48.4947,45.7619],[48.5056,45.7692],[48.4816,45.832],[48.4961,45.8418],[48.5414,45.8496],[48.5957,45.8459],[48.6062,45.8585],[48.5943,45.8746],[48.5521,45.9024],[48.5694,45.9255],[48.589,45.9215],[48.7022,45.8407],[48.7317,45.8023],[48.7788,45.7758],[48.8097,45.7841],[48.8272,45.8122],[48.8132,45.8374],[48.7552,45.8688],[48.7537,45.885],[48.7742,45.9211],[48.7689,45.935],[48.7372,45.9779],[48.693,46.0245],[48.6689,46.067],[48.6779,46.0805],[48.6998,46.086],[48.7273,46.0674],[48.7421,46.01],[48.8014,45.9271],[48.8497,45.8722],[48.8557,45.8475],[48.8712,45.8517],[48.881,45.8752],[48.8631,45.944],[48.8488,45.9694],[48.8595,45.9822],[48.895,45.9822],[48.9199,45.9695],[48.9506,45.978],[48.9755,46.0061],[48.9908,46.0105],[49.0156,45.9977],[49.0819,46.0583],[49.0545,46.0935],[49.0892,46.1155],[49.165,46.172],[49.2027,46.2094],[49.173,46.2512],[49.2131,46.2768],[49.231,46.2965],[49.206,46.3189],[49.1673,46.3347],[49.151,46.3697],[49.0389,46.3922],[49.0213,46.4115],[48.9814,46.4283],[48.9531,46.4322],[48.9017,46.4499],[48.8597,46.4779],[48.8162,46.4802],[48.7821,46.5196],[48.7759,46.5359],[48.7048,46.5589],[48.6726,46.5623],[48.6453,46.6046],[48.6174,46.5997],[48.5587,46.6083],[48.5431,46.6195],[48.548,46.6381],[48.535,46.6486],[48.5097,46.648],[48.4807,46.6577],[48.4976,46.7144],[48.5115,46.7332],[48.5505,46.7529],[48.5812,46.7739],[48.657,46.7713],[48.6883,46.7546],[48.6946,46.7257],[48.7513,46.6879],[48.8262,46.6842],[48.9141,46.6931],[48.9559,46.7169],[49.0021,46.7586],[49.0053,46.7672],[48.9851,46.8145],[48.971,46.8351],[48.8928,46.9041],[48.8737,46.9287],[48.8276,46.9667],[48.7813,47.0109],[48.7336,47.0867],[48.712,47.1272],[48.6614,47.2091],[48.6432,47.2516],[48.6257,47.3131],[48.6078,47.4145],[48.5364,47.4123],[48.473,47.4161],[48.4275,47.4223],[48.3807,47.4336],[48.3171,47.5081],[48.2778,47.5455],[48.2337,47.617],[48.1823,47.678],[48.1345,47.713],[48.044,47.7647],[48.0015,47.7669],[47.961,47.7581],[47.7894,47.7465],[47.6873,47.745],[47.6668,47.7474],[47.553,47.7735],[47.457,47.7979],[47.4273,47.8114],[47.4067,47.8126],[47.4101,47.7878],[47.3995,47.7328],[47.3817,47.6806],[47.3713,47.6769],[47.2709,47.7171],[47.1743,47.7607],[47.1388,47.7885],[47.1154,47.8156],[47.1619,47.8368],[47.1088,47.897],[47.0707,47.9467],[47.0177,48],[47.1394,48.0399],[47.1596,48.0605],[47.1962,48.0583],[47.1959,48.083],[47.0971,48.1049],[47.095,48.1231],[47.1187,48.1559],[47.1163,48.1848],[47.0976,48.211],[47.0376,48.2289],[46.9087,48.339],[46.8764,48.3369],[46.8057,48.3476],[46.7718,48.3562],[46.678,48.3883],[46.5776,48.4155],[46.5217,48.4281],[46.4919,48.443],[46.5151,48.49],[46.6012,48.6467],[46.669,48.7522],[46.719,48.8501],[46.7785,48.9385],[46.8559,48.9679],[46.9376,49.0037],[46.9723,49.0296],[47.0038,49.0605],[47.0389,49.1193],[47.0528,49.1649],[47.0447,49.1874],[47.0215,49.2089],[46.9054,49.2789],[46.8644,49.301],[46.7827,49.3327],[46.7799,49.3459],[46.8066,49.4561],[46.8099,49.512],[46.8199,49.5569],[46.8596,49.6082],[46.8744,49.6794],[46.8736,49.7461],[46.8929,49.8393],[46.9183,49.8689],[46.9731,49.8694],[46.9981,49.8775],[47.1087,49.9032],[47.1617,49.9259],[47.2241,49.9664],[47.2663,50.0076],[47.3332,50.094],[47.3394,50.1053],[47.3265,50.1321],[47.2609,50.1989],[47.2668,50.2069],[47.3266,50.2425],[47.3026,50.2599],[47.3022,50.311],[47.3196,50.3318],[47.3972,50.3354],[47.4079,50.3399],[47.409,50.3778],[47.4278,50.3853],[47.4436,50.4159],[47.5095,50.4562],[47.5515,50.4627],[47.6239,50.4383],[47.662,50.4071],[47.7442,50.3789],[47.7353,50.3677],[47.7783,50.3346],[47.8166,50.3313],[47.82,50.3147],[47.8505,50.287],[47.9037,50.255],[47.9461,50.2185],[47.9586,50.1916],[47.9853,50.1772],[47.9899,50.149],[48.0263,50.1292],[48.0422,50.1103],[48.0848,50.1018],[48.0965,50.0914],[48.1169,50.0443],[48.1302,50.0024],[48.163,49.9531],[48.1897,49.9403],[48.2169,49.9094],[48.2245,49.8859],[48.2179,49.873],[48.2728,49.8622],[48.3118,49.8686],[48.34,49.8475],[48.3481,49.8289],[48.3771,49.8374],[48.3949,49.8151],[48.4327,49.8116],[48.4333,49.838],[48.6446,49.8984],[48.735,49.9268],[48.8628,50.0075],[48.8775,50.0234],[48.8548,50.0657],[48.8522,50.0857],[48.7891,50.0939],[48.7619,50.1019],[48.7575,50.1285],[48.7689,50.1378],[48.7794,50.1802],[48.7646,50.2057],[48.7168,50.256],[48.7004,50.2899],[48.6897,50.3284],[48.6854,50.3764],[48.6586,50.4735],[48.6361,50.5423],[48.6502,50.5729],[48.6352,50.5984],[48.5706,50.6214],[48.5583,50.6484],[48.5784,50.6639],[48.5997,50.6678],[48.6328,50.6629],[48.676,50.6343],[48.7005,50.6232],[48.7779,50.6193],[48.8247,50.6003],[48.8678,50.6328],[48.9387,50.6588],[48.9831,50.7002],[49.093,50.7835],[49.1436,50.8014],[49.2286,50.8133],[49.2737,50.838],[49.3341,50.8413],[49.4109,50.8584],[49.4215,50.8776],[49.3701,50.9582],[49.3529,50.9756],[49.3248,50.9896],[49.3313,51.0082],[49.3737,51.0488],[49.3713,51.0968],[49.4151,51.1101],[49.4205,51.1296],[49.4591,51.1241],[49.5041,51.1083],[49.5944,51.1246],[49.695,51.113],[49.736,51.1147],[49.8379,51.1723],[49.8679,51.1969],[49.9342,51.2343],[49.9523,51.2406],[50.1558,51.2868],[50.2203,51.2943],[50.3676,51.3403],[50.3364,51.3754],[50.3375,51.3902],[50.3722,51.4087],[50.3623,51.4366],[50.4606,51.4393],[50.4639,51.4747],[50.5116,51.4749],[50.514,51.4896],[50.4905,51.5234],[50.5002,51.5732],[50.5142,51.6013],[50.5387,51.5972],[50.5574,51.6133],[50.5676,51.6424],[50.6234,51.6421],[50.6461,51.6348],[50.7168,51.6284],[50.7175,51.6094],[50.6685,51.5795],[50.6897,51.5715],[50.7546,51.5779],[50.7807,51.5985],[50.793,51.6614],[50.7566,51.6738],[50.7377,51.6874],[50.731,51.7259],[50.7431,51.7649],[50.7713,51.7663],[50.8626,51.7394],[50.8895,51.6805],[51.0063,51.6783],[51.0222,51.6854],[51.0617,51.6678],[51.1178,51.6763],[51.1249,51.6716],[51.2668,51.6897],[51.2911,51.6772],[51.2951,51.6629],[51.3586,51.6533],[51.3658,51.6139],[51.3642,51.5767],[51.3516,51.566],[51.247,51.5611],[51.2462,51.5422],[51.2759,51.5235],[51.2756,51.5003],[51.3136,51.4901],[51.3895,51.4921],[51.4289,51.4826],[51.5191,51.5107],[51.5446,51.5329],[51.5437,51.5561],[51.5659,51.5611],[51.586,51.5339],[51.6272,51.5342],[51.646,51.5145],[51.6182,51.4802],[51.6491,51.4687],[51.7114,51.4889],[51.7401,51.5066],[51.7902,51.5185],[51.7939,51.5307],[51.7581,51.5782],[51.7615,51.6027],[51.7981,51.6397],[51.8573,51.6833],[51.9499,51.6795],[52.0194,51.6541],[52.0662,51.6594],[52.0937,51.6553],[52.1412,51.668],[52.1686,51.6941],[52.1696,51.7143],[52.2073,51.7236],[52.2488,51.7162],[52.3034,51.7363],[52.3014,51.7585],[52.3281,51.7661],[52.3543,51.7598],[52.367,51.7426],[52.3698,51.7053],[52.383,51.6568],[52.4418,51.6085],[52.4574,51.5786],[52.5043,51.547],[52.514,51.5088],[52.5574,51.4871],[52.5456,51.4674],[52.6331,51.4559],[52.6521,51.4667],[52.667,51.4901],[52.6915,51.481],[52.7558,51.4879],[52.7585,51.5049],[52.7788,51.5256],[52.8021,51.505],[52.8441,51.5051],[52.8714,51.4967],[52.8737,51.475],[52.912,51.494],[52.9582,51.4719],[52.9909,51.4849],[53.0103,51.4768],[53.0903,51.5018],[53.118,51.4885],[53.1642,51.4914],[53.1477,51.5105],[53.1484,51.5255],[53.2188,51.5079],[53.252,51.5121],[53.2743,51.4915],[53.2949,51.4867],[53.3063,51.5024],[53.3316,51.5114],[53.3788,51.514],[53.3978,51.496],[53.424,51.4926],[53.4467,51.479],[53.4475,51.4649],[53.4925,51.4508],[53.4977,51.4396],[53.5336,51.4303],[53.5703,51.4316],[53.605,51.3987],[53.6275,51.3943],[53.64,51.3771],[53.6227,51.3668],[53.6235,51.3262],[53.6116,51.3219],[53.6147,51.2928],[53.6539,51.2698],[53.6591,51.2413],[53.6773,51.2271],[53.699,51.231],[53.7338,51.2178],[53.7499,51.2035],[53.809,51.2136],[53.8386,51.1931],[53.9063,51.1971],[53.9654,51.1811],[53.9779,51.1714],[54.0335,51.1629],[54.0489,51.1409],[54.0768,51.1299],[54.1295,51.1188],[54.1504,51.0987],[54.1519,51.0809],[54.1943,51.0354],[54.166,51.0201],[54.1815,50.9965],[54.2096,50.986],[54.2016,50.9736],[54.2378,50.9551],[54.2735,50.9053],[54.3155,50.8786],[54.4057,50.8715],[54.4433,50.872],[54.5043,50.8544],[54.5159,50.83],[54.4731,50.789],[54.4523,50.7366],[54.4642,50.7001],[54.453,50.6798],[54.4264,50.6521],[54.4258,50.6194],[54.44,50.6032],[54.4899,50.5624],[54.5081,50.54],[54.5389,50.5413],[54.573,50.5512],[54.5963,50.5384],[54.625,50.5508],[54.6729,50.6006],[54.7092,50.6134],[54.7286,50.6346],[54.712,50.6793],[54.6797,50.7223],[54.6649,50.7574],[54.6554,50.8105],[54.6857,50.8512],[54.7063,50.8942],[54.7608,50.8893],[54.7954,50.8774],[54.8333,50.8785],[54.8387,50.8595],[54.8618,50.8548],[54.8784,50.8387],[54.8995,50.8437],[54.9026,50.8663],[54.952,50.882],[54.9901,50.8792],[55.014,50.899],[55.0065,50.9151],[55.0516,50.9321],[55.103,50.9061],[55.1078,50.8825],[55.0937,50.8625],[55.0611,50.8326],[55.0971,50.8038],[55.1452,50.7848],[55.2139,50.7418],[55.2926,50.6997],[55.355,50.6599],[55.3732,50.6556],[55.3979,50.6724],[55.4585,50.6745],[55.4855,50.6713],[55.4991,50.6465],[55.5341,50.628],[55.5706,50.6192],[55.6118,50.6009],[55.6637,50.5722],[55.6927,50.5679],[55.7142,50.5793],[55.7284,50.6057],[55.8147,50.6389],[55.8644,50.6483],[55.9094,50.6659],[55.9733,50.6851],[56.0259,50.7163],[56.0829,50.7424],[56.1201,50.7516],[56.1384,50.7712],[56.132,50.8034],[56.1346,50.8362],[56.147,50.8551],[56.1739,50.9186],[56.2107,50.9373],[56.257,50.9196],[56.2942,50.9102],[56.3554,50.9099],[56.3836,50.926],[56.3943,50.97],[56.4088,50.9743],[56.4552,50.9682],[56.4779,50.9803],[56.477,51.0092],[56.464,51.0339],[56.4635,51.0643],[56.4971,51.0881],[56.5275,51.0689],[56.5365,51.0486],[56.5894,51.0302],[56.6302,50.9934],[56.6843,50.9882],[56.7115,50.9756],[56.744,50.9783],[56.7518,51.0052],[56.7315,51.0402],[56.7224,51.0755],[56.807,51.0841],[56.8395,51.08],[56.8833,51.0559],[56.9037,51.0536],[56.958,51.0753],[56.9983,51.0552],[57.0524,51.0566],[57.1242,51.0758],[57.1835,51.0953],[57.2025,51.0816],[57.2203,51.0435],[57.2525,51.0272],[57.2912,51.0172],[57.3171,50.9897],[57.319,50.955],[57.3502,50.9295],[57.4269,50.8957],[57.4639,50.8847],[57.5101,50.8778],[57.5301,50.8889],[57.5158,50.9148],[57.5312,50.9242],[57.6029,50.9431],[57.654,50.943],[57.6705,50.9183],[57.6894,50.9109],[57.7315,50.9308],[57.7392,50.958],[57.7488,51.057],[57.7458,51.0847],[57.7543,51.1297],[57.7783,51.1376],[57.8182,51.1395],[57.8412,51.1168],[57.8723,51.1025],[57.9006,51.1143],[57.9284,51.1166],[57.9447,51.0946],[57.9886,51.0953],[58.0013,51.0835],[58.0507,51.1122],[58.0833,51.1253],[58.1007,51.1152],[58.0965,51.0936],[58.1058,51.0792],[58.1703,51.0677],[58.1865,51.0713],[58.1853,51.0907],[58.2112,51.0948],[58.2219,51.108],[58.2142,51.1324],[58.25,51.149],[58.2809,51.1501],[58.2924,51.1608],[58.3213,51.1563],[58.338,51.1322],[58.3573,51.0908],[58.3717,51.0784],[58.3976,51.0754],[58.4556,51.0841],[58.5458,51.0751],[58.5654,51.061],[58.5996,51.0224],[58.6018,50.9965],[58.5813,50.979],[58.5665,50.941],[58.5737,50.8755],[58.5988,50.8267],[58.622,50.8179],[58.6532,50.8159],[58.6943,50.8229],[58.7409,50.8368],[58.7683,50.838],[58.791,50.8167],[58.7791,50.7923],[58.7956,50.7667],[58.856,50.75],[58.8834,50.7091],[58.9419,50.6942],[59.0312,50.7011],[59.103,50.6847],[59.1764,50.6819],[59.2324,50.674],[59.2535,50.6571],[59.2803,50.6485],[59.3163,50.6609],[59.3899,50.6482],[59.4581,50.6601],[59.4844,50.6561],[59.5374,50.6106],[59.5412,50.5965],[59.5167,50.5843],[59.5183,50.5239],[59.5407,50.517],[59.5898,50.5344],[59.6454,50.547],[59.786,50.5687],[59.8327,50.5843],[59.8827,50.6337],[59.9341,50.706],[59.9681,50.7734],[60.0038,50.829],[60.0339,50.8564],[60.069,50.8656],[60.1371,50.8594],[60.1815,50.8447],[60.1915,50.8358],[60.1942,50.7898],[60.3085,50.698],[60.3549,50.6794],[60.4342,50.6723],[60.5071,50.67],[60.5846,50.6644],[60.6891,50.6681],[60.7508,50.6605],[60.8279,50.661],[60.9274,50.6835],[61.008,50.6861],[61.1153,50.7117],[61.1811,50.7313],[61.3576,50.7735],[61.427,50.7944],[61.4508,50.8073],[61.4663,50.8336],[61.4837,50.8964],[61.4963,50.9579],[61.5456,51.11],[61.5798,51.232],[61.5914,51.248],[61.6763,51.2648],[61.584,51.317],[61.5527,51.3403],[61.5105,51.4139],[61.4833,51.4276],[61.4511,51.4333],[61.4091,51.4169],[61.3823,51.401],[61.3514,51.3998],[61.2888,51.4102],[61.1812,51.4566],[61.1344,51.4583],[61.1139,51.4536],[61.0975,51.4664],[61.0027,51.4651],[60.9973,51.488],[60.9592,51.5006],[60.9512,51.5234],[60.9292,51.5436],[60.9135,51.5762],[60.9257,51.6035],[60.9051,51.6141],[60.8382,51.6161],[60.7656,51.6145],[60.5986,51.6152],[60.5088,51.6325],[60.4755,51.6455],[60.4021,51.685],[60.3919,51.7016],[60.4535,51.7342],[60.5226,51.7822],[60.5194,51.7986],[60.4759,51.8072],[60.4038,51.8135],[60.3104,51.8491],[60.2516,51.8772],[60.1809,51.9036],[60.1831,51.8652],[60.1409,51.8666],[60.1019,51.8822],[60.06,51.919],[60.0529,51.9535],[60.0595,51.9835],[60.073,51.9934],[60.1801,52.001],[60.2167,51.9996],[60.2713,52.0121],[60.3249,52.0395],[60.3749,52.0819],[60.4022,52.0945],[60.4899,52.1484],[60.5309,52.1659],[60.5562,52.1686],[60.6476,52.157],[60.6658,52.1633],[60.7219,52.1687],[60.7694,52.1953],[60.7949,52.2314],[60.8403,52.2337],[60.8831,52.2502],[60.9642,52.2736],[60.9972,52.3014],[61.0634,52.3296],[61.0719,52.3377],[61.0208,52.4134],[60.979,52.4576],[60.9793,52.4969],[60.9667,52.5061],[60.8939,52.508],[60.8494,52.5172],[60.8434,52.5264],[60.8412,52.6189],[60.8279,52.6274],[60.7483,52.6373],[60.7441,52.6479],[60.7145,52.6538],[60.7169,52.7415],[60.729,52.7515],[60.8258,52.7625],[60.8755,52.7881],[60.8962,52.8182],[60.9515,52.839],[61.0165,52.8701],[61.0739,52.9122],[61.037,52.9406],[61.0252,52.98],[61.0779,52.98],[61.1161,52.9701],[61.1294,52.9893],[61.2368,53.0318],[61.2714,53.026],[61.3112,52.9954],[61.3713,52.9867],[61.4025,52.9983],[61.4597,53.035],[61.5355,53.0188],[61.5826,52.999],[61.6415,52.963],[61.6627,52.9613],[61.7149,52.9973],[61.8147,52.9999],[61.8377,52.9966],[61.858,53.0067],[61.8929,53.0105],[61.9391,52.9735],[61.9752,52.9549],[62.008,52.9516],[62.06,52.9692],[62.1373,53.0057],[62.1392,53.0649],[62.1106,53.1168],[62.0783,53.1205],[62.0325,53.1335],[61.9461,53.1291],[61.9023,53.1348],[61.799,53.1609],[61.7594,53.1843],[61.7343,53.2186],[61.7165,53.232],[61.6673,53.2519],[61.6368,53.2418],[61.6219,53.2165],[61.5178,53.2139],[61.4629,53.2238],[61.4319,53.2494],[61.3953,53.2671],[61.3518,53.2736],[61.2646,53.2704],[61.2184,53.2802],[61.1827,53.2962],[61.1681,53.317],[61.1611,53.3921],[61.2351,53.4374],[61.2457,53.4906],[61.2575,53.5034],[61.3014,53.5072],[61.3283,53.4929],[61.3837,53.491],[61.395,53.4664],[61.4187,53.4587],[61.4813,53.4613],[61.5186,53.4727],[61.5444,53.4894],[61.5852,53.5046],[61.5857,53.5334],[61.556,53.5749],[61.503,53.5914],[61.4308,53.5918],[61.3953,53.5729],[61.3552,53.5591],[61.2966,53.5657],[61.1722,53.5679],[61.1479,53.5722],[61.1225,53.5938],[61.0726,53.5999],[61.0104,53.6139],[60.916,53.6167],[60.9105,53.6517],[60.919,53.6669],[60.9991,53.6694],[61.0189,53.641],[61.044,53.6472],[61.0472,53.6984],[61.1108,53.7161],[61.1525,53.7609],[61.2018,53.7826],[61.2181,53.7967],[61.2183,53.8159],[61.1912,53.8424],[61.1462,53.8617],[61.1363,53.8809],[61.0972,53.888],[61.0591,53.8821],[61.029,53.8961],[60.9899,53.8971],[60.983,53.913],[61.0277,53.9519],[61.1,53.9534],[61.1575,53.9616],[61.1826,53.927],[61.2144,53.9157],[61.2452,53.9149],[61.261,53.9241],[61.2522,53.9436],[61.2757,53.9848],[61.248,54.0067],[61.2562,54.0341],[61.2997,54.0607],[61.3064,54.0735],[61.3313,54.0798],[61.3624,54.0774],[61.3947,54.0892],[61.4611,54.084],[61.4751,54.072],[61.4917,54.025],[61.5189,54.0073],[61.5547,54.0045],[61.5815,53.9954],[61.5971,53.9622],[61.6131,53.9542],[61.6409,53.9966],[61.6586,54.012],[61.702,54.0184],[61.7376,54.0294],[61.75,54.0097],[61.792,53.9842],[61.8078,53.9884],[61.8224,54.0101],[61.8592,54.0091],[61.8799,54.0181],[61.908,54.0084],[61.8759,53.9752],[61.8901,53.9609],[61.9314,53.9569],[61.9496,53.9458],[62.0275,53.9483],[62.0422,53.9706],[62.0125,54.007],[62.003,54.0285],[62.0884,54.0579],[62.1379,54.0396],[62.2056,54.033],[62.2182,54.0395],[62.3359,54.0347],[62.3738,54.0465],[62.4375,54.0551],[62.4873,54.0291],[62.4714,54.0122],[62.4159,53.9977],[62.4113,53.9869],[62.4416,53.9365],[62.4541,53.9259],[62.4988,53.915],[62.5313,53.9004],[62.5623,53.9133],[62.5492,53.9335],[62.5781,53.9603],[62.5939,53.9849],[62.6345,53.9944],[62.6497,54.0159],[62.7103,54.0381],[62.7393,54.064],[62.7994,54.0809],[62.818,54.0971],[62.8161,54.1158],[62.8513,54.1123],[62.9293,54.1173],[62.9569,54.1097],[63.0187,54.1081],[63.0621,54.1004],[63.1212,54.1078],[63.1618,54.1268],[63.1694,54.1547],[63.1538,54.1756],[63.1683,54.1924],[63.243,54.2043],[63.2618,54.193],[63.2939,54.2029],[63.3402,54.2016],[63.4118,54.1935],[63.43,54.1993],[63.5165,54.2055],[63.6937,54.2472],[63.7367,54.2615],[63.8442,54.2753],[63.8804,54.2859],[63.9075,54.2719],[63.9228,54.2778],[63.9751,54.2785],[63.9962,54.3112],[64.0189,54.3012],[64.0308,54.2815],[64.0603,54.2963],[64.0791,54.3178],[64.1423,54.3068],[64.185,54.3073],[64.2187,54.3238],[64.2598,54.3208],[64.2927,54.3307],[64.3528,54.3345],[64.4156,54.3278],[64.4576,54.3357],[64.4677,54.3578],[64.4937,54.3649],[64.529,54.3561],[64.5971,54.3749],[64.622,54.3956],[64.6605,54.3927],[64.7426,54.4046],[64.7449,54.3602],[64.8096,54.3668],[64.8574,54.3822],[64.9196,54.41],[64.9609,54.4212],[64.9779,54.4196],[65.0261,54.3989],[65.067,54.3759],[65.1026,54.3451],[65.1208,54.3378],[65.2225,54.3416],[65.2402,54.3675],[65.2125,54.431],[65.1891,54.4555],[65.2094,54.489],[65.2008,54.5246],[65.2138,54.5341],[65.2892,54.5646],[65.3578,54.5809],[65.3879,54.5808],[65.4461,54.5702],[65.4818,54.5727],[65.4845,54.5885],[65.4495,54.6163],[65.4681,54.6437],[65.5013,54.6512],[65.5517,54.6413],[65.6321,54.6382],[65.6709,54.6287],[65.7419,54.603],[65.768,54.606],[65.8031,54.6291],[65.8325,54.6884],[65.8612,54.7016],[65.9014,54.7103],[65.9605,54.7104],[65.9707,54.6922],[65.9513,54.6578],[65.9524,54.631],[65.9843,54.616],[66.0201,54.6181],[66.3027,54.6782],[66.3445,54.689],[66.5152,54.7114],[66.6571,54.7334],[66.7352,54.7251],[66.7817,54.7604],[66.8421,54.7714],[66.9519,54.7787],[67.0484,54.7742],[67.0794,54.7961],[67.098,54.801],[67.1609,54.804],[67.2804,54.8208],[67.2917,54.8274],[67.3016,54.8592],[67.3361,54.8653],[67.3807,54.8504],[67.4386,54.8491],[67.4865,54.8525],[67.5525,54.8384],[67.6,54.8525],[67.6376,54.8528],[67.7523,54.8787],[67.7709,54.888],[67.7935,54.9422],[67.8419,54.9712],[67.8844,54.9786],[67.9332,54.9702],[68.0094,54.9446],[68.0452,54.9444],[68.0994,54.9544],[68.2014,54.9579],[68.2193,55.0227],[68.2465,55.0466],[68.2853,55.0644],[68.1952,55.1361],[68.2037,55.1531],[68.1769,55.1823],[68.1958,55.1897],[68.2542,55.1881],[68.2915,55.1975],[68.3333,55.1792],[68.371,55.193],[68.4,55.1964],[68.4823,55.1901],[68.5574,55.201],[68.5849,55.2006],[68.6174,55.189],[68.6343,55.2063],[68.6414,55.2412],[68.6573,55.2603],[68.7039,55.2796],[68.728,55.3153],[68.7247,55.3403],[68.7659,55.3589],[68.8141,55.353],[68.9064,55.3202],[68.9737,55.2921],[68.9947,55.2882],[69.0144,55.3076],[68.9994,55.3413],[68.9554,55.3615],[68.9213,55.3585],[68.9164,55.3999],[68.9247,55.419],[68.9499,55.4318],[68.9866,55.4313],[69.0559,55.4193],[69.1397,55.3892],[69.1601,55.3734],[69.1857,55.3392],[69.1985,55.3352],[69.2635,55.3451],[69.3302,55.3626],[69.3731,55.3661],[69.4069,55.3628],[69.489,55.3412],[69.5181,55.348],[69.5926,55.3505],[69.668,55.3429],[69.7709,55.3134],[69.8315,55.3024],[69.8839,55.2751],[69.9196,55.2156],[69.9418,55.2034],[69.9927,55.1922],[70.0514,55.1877],[70.1333,55.1387],[70.1503,55.1344],[70.2179,55.1333],[70.2349,55.1382],[70.2867,55.1715],[70.3695,55.1895],[70.4115,55.2092],[70.4322,55.2496],[70.471,55.2806],[70.5101,55.2803],[70.575,55.2588],[70.6281,55.2582],[70.6477,55.2628],[70.6785,55.283],[70.7562,55.2962],[70.8202,55.298],[70.8305,55.2573],[70.8901,55.1889],[70.9313,55.1675],[70.9542,55.1231],[70.9802,55.1113],[71.015,55.0729],[71.0219,55.0481],[71.0138,54.9799],[71.0205,54.944],[70.9986,54.9137],[70.9995,54.8788],[71.0465,54.8399],[71.0505,54.7913],[71.0583,54.7736],[71.0919,54.7359],[71.1369,54.7082],[71.2083,54.6997],[71.2554,54.6871],[71.2972,54.6655],[71.3071,54.6255],[71.2957,54.6146],[71.2429,54.6076],[71.1989,54.5853],[71.1882,54.54],[71.1942,54.4982],[71.2082,54.4435],[71.2321,54.3943],[71.2236,54.354],[71.2031,54.3233],[71.1782,54.3199],[71.0911,54.3298],[71.0297,54.3485],[71.0152,54.3404],[71.0139,54.3144],[71.0231,54.2932],[71.0408,54.2849],[71.093,54.2771],[71.1104,54.2516],[71.1021,54.2355],[71.073,54.2161],[71.0806,54.1968],[71.1108,54.1864],[71.1404,54.1564],[71.1468,54.1228],[71.1619,54.1149],[71.2104,54.1109],[71.286,54.1495],[71.3092,54.1781],[71.354,54.1835],[71.4555,54.1635],[71.4915,54.1593],[71.5112,54.143],[71.5042,54.1197],[71.5249,54.1086],[71.5848,54.1167],[71.6556,54.1027],[71.6784,54.113],[71.7147,54.1178],[71.7466,54.1385],[71.7456,54.1573],[71.7288,54.1795],[71.7289,54.2056],[71.7671,54.2485],[71.8976,54.2389],[72.0094,54.2262],[72.0591,54.2054],[72.0617,54.1858],[72.0969,54.1739],[72.0942,54.1549],[72.1641,54.1316],[72.188,54.1481],[72.1947,54.1852],[72.1616,54.2056],[72.0918,54.2254],[72.0822,54.2359],[72.0981,54.26],[72.1273,54.2889],[72.0851,54.3232],[72.0554,54.3341],[72.0382,54.3568],[72.0644,54.3642],[72.1379,54.3638],[72.1772,54.3587],[72.2633,54.32],[72.2833,54.2838],[72.2817,54.2532],[72.3211,54.2418],[72.2985,54.1956],[72.3393,54.1757],[72.4181,54.1495],[72.4924,54.1394],[72.4957,54.1111],[72.4343,54.119],[72.4176,54.1064],[72.3691,54.1049],[72.3632,54.0885],[72.3809,54.0606],[72.4187,54.0434],[72.403,53.9955],[72.3775,53.9533],[72.4294,53.9202],[72.4804,53.9097],[72.4934,53.9138],[72.5344,53.9718],[72.5541,53.9896],[72.681,53.9565],[72.7221,53.9495],[72.7116,53.9927],[72.6834,54.0265],[72.6565,54.0501],[72.5738,54.0507],[72.5552,54.0428],[72.5197,54.0501],[72.5447,54.1094],[72.5891,54.1226],[72.6009,54.134],[72.7105,54.1295],[72.8163,54.1213],[72.8415,54.1065],[72.9811,54.0983],[72.978,54.0537],[73.0427,54.0475],[73.0599,54.009],[73.0844,53.9905],[73.1676,53.982],[73.2802,53.9607],[73.2893,53.9533],[73.3594,53.9523],[73.4016,53.9557],[73.4029,53.9835],[73.4216,53.9889],[73.452,53.9792],[73.5117,53.9515],[73.5357,53.9519],[73.5337,53.9697],[73.5117,54.006],[73.589,54.0212],[73.6313,54.0424],[73.6416,54.0561],[73.6333,54.0747],[73.6926,54.071],[73.6952,54.0601],[73.7504,54.0543],[73.7241,53.9504],[73.6913,53.8621],[73.5762,53.8743],[73.4743,53.8829],[73.4552,53.8755],[73.4347,53.8519],[73.4352,53.8368],[73.4562,53.8135],[73.4222,53.8041],[73.3475,53.7928],[73.3605,53.7662],[73.3295,53.6879],[73.2594,53.6811],[73.2641,53.647],[73.2831,53.6435],[73.246,53.5753],[73.2754,53.5655],[73.3533,53.55],[73.3638,53.5383],[73.4008,53.5316],[73.4012,53.5145],[73.3794,53.477],[73.3972,53.4643],[73.449,53.4448],[73.5808,53.5222],[73.5981,53.5668],[73.6494,53.5593],[73.6749,53.6243],[73.7448,53.6195],[73.8337,53.5863],[73.9034,53.6484],[73.9344,53.6463],[74.0745,53.6255],[74.0639,53.5562],[74.1514,53.5511],[74.1699,53.6029],[74.2422,53.5938],[74.2322,53.5732],[74.2682,53.5646],[74.2677,53.5252],[74.2885,53.5116],[74.2819,53.4885],[74.4039,53.4611],[74.4848,53.5801],[74.4416,53.5951],[74.4719,53.6837],[74.6413,53.667],[74.6635,53.7049],[74.6861,53.7568],[74.7427,53.7513],[74.7715,53.7599],[74.7879,53.7769],[74.8032,53.8159],[74.846,53.8129],[74.9392,53.8155],[74.9952,53.8087],[75.0168,53.7845],[75.1584,53.8467],[75.2172,53.8795],[75.2622,53.8914],[75.3841,53.9472],[75.4542,53.9695],[75.4827,53.99],[75.4825,54.0107],[75.4127,54.0649],[75.3972,54.0823],[75.5305,54.1224],[75.6009,54.1051],[75.9608,54.203],[76.0778,54.233],[76.2273,54.2743],[76.231,54.2831],[76.2057,54.3017],[76.234,54.3561],[76.3472,54.3304],[76.4554,54.3253],[76.5041,54.3268],[76.5579,54.3474],[76.6518,54.3464],[76.687,54.364],[76.7187,54.3904],[76.7281,54.4109],[76.7452,54.4197],[76.7882,54.4199],[76.8585,54.4445],[76.913,54.4579],[76.9361,54.4496],[76.938,54.4305],[76.9125,54.4172],[76.7824,54.378],[76.7881,54.3678],[76.8294,54.3707],[76.862,54.353],[76.8715,54.3096],[76.8395,54.2809],[76.8425,54.2346],[76.8012,54.2071],[76.7572,54.193],[76.7486,54.1604],[76.7179,54.1533],[76.6546,54.1262],[76.6356,54.1316],[76.617,54.1556],[76.5973,54.1605],[76.5513,54.1545],[76.5096,54.1689],[76.4572,54.1725],[76.4267,54.1682],[76.431,54.1317],[76.4978,54.0788],[76.5067,54.0372],[76.5471,53.9924],[76.5838,53.9678],[76.762,53.8691],[77.1418,53.6874],[77.5703,53.481],[77.8589,53.3154],[77.9115,53.2785],[78.0285,53.1666],[78.0923,53.0987],[78.2499,52.9543],[78.3079,52.8869],[78.3438,52.853],[78.4338,52.7567],[78.4446,52.7532],[78.534,52.6457],[78.5496,52.6162],[78.8736,52.2661],[78.9134,52.2141],[78.9328,52.1813],[78.9769,52.1366],[79.0216,52.0969],[79.0343,52.0757],[79.074,52.0417],[79.0916,52.0164],[79.153,51.9457],[79.2323,51.8423],[79.2513,51.8218],[79.4795,51.5242],[79.5097,51.4778],[79.5326,51.4599],[79.5529,51.4267],[79.5702,51.411],[79.5905,51.3745],[79.6829,51.2582],[79.7589,51.154],[79.7951,51.1143],[79.8042,51.0939],[79.9184,50.9427],[79.9481,50.9012],[79.9685,50.891],[80.0208,50.8297],[80.072,50.7846],[80.0652,50.847],[80.0851,50.8496],[80.092,50.8317],[80.1377,50.8293],[80.1926,50.832],[80.1905,50.8878],[80.2,50.906],[80.2387,50.9089],[80.251,50.927],[80.3223,50.9282],[80.3387,50.937],[80.3767,50.9361],[80.4297,50.9742],[80.4688,50.9745],[80.4673,51.0106],[80.4787,51.0313],[80.4744,51.1012],[80.4359,51.1268],[80.4409,51.2058],[80.4727,51.2103],[80.6225,51.207],[80.6309,51.2224],[80.6312,51.266],[80.6574,51.3021],[80.6824,51.3082],[80.8206,51.278],[80.85,51.2636],[80.9039,51.2565],[80.9096,51.2352],[81.0001,51.2141],[81.0515,51.1898],[81.0763,51.1999],[81.1022,51.2258],[81.1244,51.2208],[81.1447,51.2017],[81.1451,51.1631],[81.1237,51.1001],[81.0768,51.0531],[81.0708,51.0198],[81.0568,50.9958],[81.0615,50.9594],[81.1583,50.9575],[81.2116,50.9674],[81.3226,50.9969],[81.391,50.9963],[81.4075,50.977],[81.4089,50.9511],[81.4252,50.9467],[81.4344,50.9196],[81.4129,50.9008],[81.4254,50.8845],[81.4484,50.882],[81.4613,50.868],[81.4792,50.8208],[81.4499,50.7825],[81.4493,50.7629],[81.4794,50.7582],[81.5407,50.7588],[81.593,50.7531],[81.7697,50.7749],[81.7744,50.8144],[81.8184,50.808],[81.8621,50.8212],[81.8924,50.8156],[81.9873,50.8099],[82.0075,50.8042],[82.0624,50.7701],[82.12,50.751],[82.1673,50.7482],[82.2164,50.7595],[82.2333,50.7764],[82.2617,50.786],[82.308,50.7829],[82.3553,50.7882],[82.397,50.7806],[82.4384,50.7808],[82.4969,50.7668],[82.5483,50.7692],[82.6495,50.8106],[82.6927,50.8383],[82.7021,50.8527],[82.7033,50.9011],[82.7134,50.9395],[82.7588,50.9516],[82.8477,50.9289],[82.9053,50.9199],[82.9597,50.9179],[82.9859,50.928],[83.0145,50.9543],[83.0488,50.9708],[83.0752,50.9912],[83.0864,51.0086],[83.0798,51.0327],[83.1197,51.0354],[83.1496,51.0241],[83.1638,51.003],[83.1958,50.9897],[83.2205,51.0065],[83.2934,51.0144],[83.3821,51.0012],[83.3972,50.986],[83.4703,50.9659],[83.5061,50.9689],[83.5608,50.9609],[83.6186,50.9438],[83.7025,50.9023],[83.7642,50.8999],[83.8119,50.8849],[83.944,50.7902],[83.9597,50.7286],[83.97,50.717],[84.0349,50.6721],[84.0516,50.6462],[84.1208,50.6071],[84.1723,50.5606],[84.2189,50.5323],[84.2389,50.5014],[84.2113,50.4714],[84.217,50.4343],[84.2479,50.3853],[84.2559,50.3437],[84.2345,50.3142],[84.2413,50.2917],[84.2626,50.2697],[84.3241,50.2245],[84.3364,50.2198],[84.4102,50.222],[84.4597,50.2493],[84.4776,50.2502],[84.5191,50.2226],[84.5593,50.2024],[84.5924,50.1926],[84.6668,50.1824],[84.6937,50.1714],[84.7355,50.1442],[84.7554,50.1382],[84.8145,50.1346],[84.8293,50.121],[84.8342,50.0967],[84.9068,50.0958],[84.9321,50.0906],[84.998,50.0561],[85.0139,50.0436],[85.0323,50.0144],[85.0223,49.9936],[84.999,50.0035],[84.9772,49.9591],[84.981,49.9208],[84.9956,49.9013],[85.0158,49.892],[85.1048,49.8747],[85.1179,49.8525],[85.118,49.8302],[85.1659,49.7693],[85.1965,49.7376],[85.2082,49.6934],[85.1955,49.6677],[85.1989,49.6423],[85.2123,49.6268],[85.2547,49.6148],[85.271,49.5938],[85.2879,49.588],[85.3259,49.5928],[85.3705,49.5672],[85.3982,49.5739],[85.4208,49.5637],[85.453,49.5913],[85.4914,49.602],[85.5257,49.6048],[85.5752,49.6006],[85.6142,49.5895],[85.6513,49.5612],[85.6923,49.557],[85.7537,49.5706],[85.7861,49.5652],[85.8268,49.5481],[85.8981,49.5544],[85.9313,49.5524],[85.9436,49.5322],[85.93,49.5055],[85.9351,49.4974],[85.9797,49.4862],[86.012,49.5053],[86.0621,49.5181],[86.1056,49.5168],[86.1606,49.4622],[86.2043,49.4814],[86.1939,49.5138],[86.2276,49.5389],[86.2363,49.5551],[86.2325,49.577],[86.25,49.5878],[86.2998,49.595],[86.3598,49.6113],[86.3777,49.6221],[86.4265,49.6387],[86.4864,49.6924],[86.5422,49.717],[86.5628,49.7382],[86.5853,49.7415],[86.6236,49.7732],[86.6082,49.7901],[86.6138,49.8035],[86.643,49.8059],[86.7113,49.8027],[86.8032,49.8032],[86.806,49.7942],[86.7677,49.7431],[86.7834,49.711],[86.7539,49.6946],[86.699,49.6745],[86.6688,49.6806],[86.6322,49.6525],[86.618,49.6316],[86.6342,49.5817],[86.6572,49.5666],[86.7096,49.5722],[86.796,49.5475],[86.7849,49.5267],[86.818,49.5107],[86.8234,49.4963],[86.8076,49.4721],[86.8214,49.4445],[86.9088,49.4142],[86.9161,49.3728],[86.902,49.3508],[86.9313,49.3278],[86.9523,49.2974],[87.0008,49.2977],[87.0294,49.2642],[87.0471,49.2547],[87.0918,49.2554],[87.1133,49.2497],[87.1719,49.2517],[87.2397,49.2296],[87.2684,49.2165],[87.2823,49.2006],[87.2925,49.1643],[87.3127,49.1163],[87.3126,49.0997],[87.3621,49.0862],[87.4381,49.0847],[87.4652,49.0978],[87.4953,49.102],[87.5113,49.1132],[87.5061,49.1357],[87.528,49.1407],[87.5574,49.1265],[87.5864,49.1305],[87.7023,49.1697],[87.8488,49.1749],[87.8999,49.1669],[87.9485,49.1845],[87.9743,49.1783],[87.9943,49.1863],[88.0087,49.2359],[88.0366,49.2441],[88.0553,49.2664],[88.0997,49.2659],[88.1212,49.2446],[88.1489,49.2541],[88.1669,49.2781],[88.1968,49.2874],[88.1964,49.3],[88.1759,49.3109],[88.1466,49.3448],[88.103,49.3656],[88.1385,49.4117],[88.1603,49.4243],[88.1882,49.4299],[88.1772,49.4531],[88.1937,49.4771],[88.2233,49.4899],[88.2923,49.4963],[88.3398,49.5081],[88.3627,49.5017],[88.3963,49.5033],[88.4223,49.4967],[88.4453,49.4801],[88.509,49.4925],[88.5554,49.4844],[88.5755,49.5123],[88.6209,49.5263],[88.65,49.5201],[88.6543,49.4993],[88.6791,49.4751],[88.7121,49.4661],[88.7581,49.4695],[88.8151,49.4662],[88.8527,49.4501],[88.8606,49.4932],[88.845,49.5088],[88.855,49.5291],[88.8911,49.5558],[88.9302,49.5563],[88.9269,49.5303],[88.9639,49.4847],[88.9917,49.4771],[89.0279,49.4925],[89.0995,49.4999],[89.1731,49.5267],[89.1977,49.5472],[89.2267,49.5592],[89.1899,49.5985],[89.2017,49.6256],[89.2235,49.6463],[89.2498,49.654],[89.3127,49.6345],[89.3697,49.5959],[89.3878,49.6037],[89.4107,49.6307],[89.4449,49.6589],[89.4915,49.6634],[89.5409,49.6841],[89.6101,49.6941],[89.6349,49.7043],[89.6818,49.7097],[89.6999,49.7222],[89.7218,49.7568],[89.7222,49.7757],[89.7385,49.7945],[89.7002,49.8116],[89.6533,49.8155],[89.6367,49.8317],[89.6444,49.864],[89.6329,49.8793],[89.6386,49.9047],[89.603,49.9339],[89.6076,49.9591],[89.6207,49.974],[89.6649,49.9805],[89.7193,49.9775],[89.7445,49.9948],[89.8365,49.9981],[89.9008,49.9846],[89.9305,49.9855],[89.9716,49.9955],[90.0361,50.0244],[90.0867,50.0377],[90.1447,50.0316],[90.2018,50.0339],[90.2377,50.0181],[90.2741,50.0181],[90.2875,50.0323],[90.2969,50.0757],[90.3275,50.1145],[90.3683,50.1445],[90.4627,50.1605],[90.5422,50.1775],[90.5829,50.1783],[90.6474,50.1645],[90.6811,50.1737],[90.6761,50.1977],[90.6952,50.2202],[90.7525,50.2394],[90.7747,50.2666],[90.775,50.2885],[90.7497,50.3051],[90.7442,50.3223],[90.6933,50.3167],[90.668,50.3368],[90.6705,50.3765],[90.7006,50.423],[90.6983,50.4452],[90.7377,50.4879],[90.7628,50.4743],[90.798,50.4645],[90.8225,50.4643],[90.8713,50.4753],[90.9454,50.4768],[91.0451,50.4682],[91.0881,50.4564],[91.1393,50.4579],[91.189,50.4669],[91.2333,50.4819],[91.2571,50.4845],[91.3821,50.468],[91.4292,50.4577],[91.4443,50.4654],[91.4489,50.5039],[91.4308,50.5264],[91.4464,50.5496],[91.5079,50.5637],[91.5937,50.5605],[91.6579,50.5838],[91.6495,50.6155],[91.6527,50.6528],[91.6629,50.6669],[91.7106,50.6936],[91.7421,50.7011],[91.7566,50.7204],[91.8236,50.7219],[91.8361,50.7347],[91.8839,50.7304],[91.9176,50.7146],[92.0228,50.6835],[92.0956,50.684],[92.1439,50.681],[92.1958,50.6848],[92.2239,50.7033],[92.2599,50.7102],[92.2879,50.7241],[92.3051,50.7441],[92.3045,50.7585],[92.2869,50.8086],[92.3028,50.8428],[92.3205,50.8623],[92.3253,50.8864],[92.3718,50.8946],[92.4007,50.8829],[92.4081,50.8587],[92.4119,50.8156],[92.4711,50.7767],[92.5088,50.7695],[92.5754,50.7714],[92.6026,50.7669],[92.6175,50.749],[92.6071,50.716],[92.6161,50.7052],[92.6588,50.7008],[92.748,50.7093],[92.755,50.7181],[92.7504,50.7555],[92.8187,50.7896],[92.8439,50.7941],[92.9206,50.7931],[92.9951,50.7882],[93.0215,50.7772],[93.033,50.763],[93.0062,50.7315],[93.0094,50.7025],[92.9825,50.6582],[92.9831,50.6305],[93.0034,50.6019],[93.0399,50.5833],[93.0721,50.5857],[93.1041,50.5669],[93.1507,50.5615],[93.1969,50.5697],[93.3227,50.5775],[93.4029,50.5855],[93.4583,50.6007],[93.487,50.5962],[93.5105,50.5824],[93.5901,50.5813],[93.6381,50.5859],[93.6697,50.5778],[93.7813,50.5836],[93.8387,50.5898],[93.9568,50.5912],[94.0038,50.5881],[94.1065,50.5882],[94.141,50.584],[94.2237,50.5827],[94.2763,50.5753],[94.3035,50.5521],[94.3119,50.4991],[94.3487,50.4648],[94.3666,50.3556],[94.3989,50.2341],[94.4241,50.198],[94.5109,50.1695],[94.5263,50.1467],[94.5314,50.1211],[94.5987,50.0641],[94.6088,50.0387],[94.6428,50.0291],[94.6873,50.0322],[94.7333,50.0476],[94.8399,50.0622],[94.8977,50.0641],[94.9642,50.0617],[94.9913,50.0533],[95.0049,50.0393],[95.0309,49.9909],[95.0944,49.9564],[95.1296,49.9489],[95.2181,49.9494],[95.2764,49.9526],[95.3341,49.9515],[95.3973,49.9413],[95.4778,49.9223],[95.5216,49.9236],[95.5765,49.9417],[95.6533,49.9583],[95.7241,49.9619],[95.7456,49.9702],[95.7593,50.0123],[95.7849,50.0279],[95.8185,50.0385],[95.8627,50.0413],[95.8987,50.0291],[95.9085,50.0015],[95.9288,49.9883],[95.9738,49.9797],[96.0209,50.0035],[96.0555,50.0161],[96.0958,50.0195],[96.1603,50.0011],[96.2123,49.9898],[96.3021,49.9871],[96.317,49.9567],[96.3519,49.9481],[96.4083,49.9023],[96.4537,49.9013],[96.5237,49.9512],[96.6117,49.9821],[96.6341,49.9819],[96.6759,49.9663],[96.6815,49.9483],[96.663,49.918],[96.6977,49.9035],[96.7299,49.9141],[96.7747,49.9405],[96.803,49.9461],[96.8394,49.9436],[96.9104,49.9291],[97.003,49.9145],[97.0211,49.9038],[97.0563,49.8631],[97.0881,49.8401],[97.1528,49.8208],[97.17,49.7863],[97.1937,49.7747],[97.2757,49.7599],[97.3162,49.7574],[97.3547,49.7721],[97.43,49.7881],[97.5439,49.8469],[97.6029,49.8817],[97.6114,49.8957],[97.5824,49.9311],[97.5835,49.9482],[97.6057,49.9523],[97.6349,49.947],[97.6745,49.9493],[97.7057,49.9586],[97.7655,49.9843],[97.8098,49.9821],[97.8213,49.9567],[97.8627,49.9479],[97.8908,49.9649],[97.9145,49.9955],[97.9515,50.0073],[97.9729,50.0302],[98.0189,50.0365],[98.0578,50.0535],[98.1065,50.0917],[98.1162,50.1039],[98.1508,50.1778],[98.1836,50.2144],[98.2487,50.2499],[98.2599,50.2653],[98.278,50.3121],[98.2722,50.3541],[98.2591,50.3864],[98.2567,50.4111],[98.2892,50.4567],[98.3049,50.5021],[98.3245,50.539],[98.3069,50.5617],[98.2648,50.5746],[98.1598,50.5871],[98.1327,50.5964],[98.0488,50.6529],[98.0181,50.7012],[97.9817,50.7253],[97.967,50.745],[97.955,50.7819],[97.9723,50.8165],[98.0195,50.8515],[98.0129,50.8741],[97.9567,50.9029],[97.9409,50.9156],[97.9128,50.9234],[97.8673,50.9498],[97.8621,50.9749],[97.8437,50.9991],[97.8284,51.0036],[97.8373,51.0269],[97.8677,51.0455],[97.8661,51.0612],[97.8797,51.0944],[97.8927,51.1055],[97.9101,51.1637],[97.9078,51.1721],[97.9413,51.2079],[97.9529,51.2375],[97.9436,51.2493],[97.9573,51.2778],[97.9449,51.3229],[97.9717,51.3439],[97.9947,51.387],[98.0228,51.42],[98.0482,51.4379],[98.1001,51.4584],[98.1925,51.4524],[98.2343,51.4623],[98.2495,51.5053],[98.2629,51.5208],[98.2405,51.5666],[98.2671,51.6005],[98.2992,51.6572],[98.3028,51.6985],[98.3153,51.7179],[98.3677,51.7451],[98.4104,51.7542],[98.4951,51.7657],[98.5479,51.7887],[98.6213,51.7961],[98.6963,51.8204],[98.7295,51.8497],[98.7983,51.9629],[98.8189,52.0135],[98.8527,52.0411],[98.8614,52.0633],[98.8715,52.1292],[98.8936,52.1495],[98.9205,52.1543],[98.9537,52.1479],[98.985,52.1274],[99.0273,52.0869],[99.0485,52.0721],[99.0967,52.0571],[99.1841,52.0367],[99.2391,52.0301],[99.2732,52.0201],[99.2871,52.0053],[99.2948,51.9752],[99.3212,51.9615],[99.3617,51.9548],[99.4595,51.9479],[99.5595,51.9199],[99.6672,51.9139],[99.7276,51.9015],[99.7706,51.8818],[99.8331,51.8239],[99.8971,51.7874],[99.9329,51.7719],[99.9935,51.7533],[100.0483,51.7526],[100.1247,51.7605],[100.3127,51.7445],[100.3723,51.7494],[100.4477,51.7405],[100.5156,51.7504],[100.5463,51.7411],[100.5845,51.7221],[100.6135,51.7156],[100.6765,51.7145],[100.7001,51.7053],[100.7513,51.6755],[100.8058,51.6661],[100.8657,51.6401],[100.9434,51.6263],[100.9812,51.6116],[101.0332,51.5804],[101.0865,51.5743],[101.1231,51.5589],[101.1345,51.5463],[101.1609,51.5423],[101.2289,51.5477],[101.2586,51.5394],[101.3479,51.4705],[101.3921,51.4554],[101.4138,51.4615],[101.4465,51.4886],[101.4787,51.4987],[101.5413,51.5032],[101.5995,51.4937],[101.642,51.4566],[101.6745,51.4513],[101.7447,51.4611],[101.8026,51.4382],[101.8556,51.4216],[101.9119,51.4249],[101.947,51.4211],[101.9958,51.3959],[102.0688,51.3971],[102.1011,51.3835],[102.1481,51.3521],[102.2086,51.3295],[102.2105,51.3049],[102.1623,51.2815],[102.1513,51.2641],[102.1785,51.2199],[102.1705,51.187],[102.1711,51.1483],[102.2017,51.0593],[102.2499,51.0013],[102.2669,50.9655],[102.2601,50.9343],[102.2421,50.9101],[102.2219,50.8651],[102.2246,50.8413],[102.2407,50.8185],[102.2714,50.797],[102.3355,50.7665],[102.355,50.7502],[102.354,50.7267],[102.3113,50.6795],[102.2933,50.6503],[102.2942,50.6104],[102.3206,50.5841],[102.4038,50.551],[102.449,50.5429],[102.5052,50.5409],[102.5451,50.5207],[102.5679,50.4829],[102.6109,50.4556],[102.6421,50.4294],[102.7055,50.4064],[102.8246,50.3786],[102.8507,50.3651],[102.8907,50.3245],[102.9407,50.3074],[102.9807,50.3043],[103.0983,50.3089],[103.1583,50.3143],[103.2046,50.3127],[103.2367,50.3031],[103.2491,50.2905],[103.2587,50.255],[103.2872,50.2192],[103.3132,50.2041],[103.3379,50.2015],[103.3967,50.2153],[103.4393,50.2157],[103.4751,50.2053],[103.5872,50.1603],[103.6504,50.1422],[103.6905,50.1372],[103.7201,50.1504],[103.7577,50.1941],[103.8035,50.2085],[103.8548,50.2029],[103.9117,50.1839],[103.9544,50.1784],[104.0187,50.1559],[104.0611,50.1545],[104.1899,50.1837],[104.2285,50.1867],[104.251,50.2019],[104.2678,50.2369],[104.2847,50.2529],[104.3317,50.2562],[104.3597,50.2881],[104.4051,50.305],[104.5068,50.3189],[104.5885,50.3137],[104.6375,50.325],[104.6719,50.3451],[104.7174,50.3548],[104.8171,50.3549],[104.8361,50.3587],[104.9119,50.3885],[104.9569,50.3983],[104.9975,50.3991],[105.0982,50.3908],[105.1519,50.4001],[105.1802,50.4105],[105.2123,50.4304],[105.2869,50.4681],[105.3194,50.4783],[105.3877,50.4793],[105.458,50.4587],[105.5377,50.453],[105.6118,50.4324],[105.7117,50.4291],[105.8171,50.4349],[105.9028,50.413],[106,50.4056],[106.0317,50.4133],[106.0693,50.4039],[106.0801,50.3938],[106.0921,50.351],[106.1675,50.3347],[106.2793,50.2957],[106.3087,50.3043],[106.5079,50.3425],[106.5673,50.3471],[106.5975,50.3445],[106.7579,50.3215],[106.8014,50.3076],[106.9245,50.2475],[106.9879,50.2052],[107.0297,50.1314],[107.0369,50.1105],[107.0705,50.0707],[107.1307,50.0269],[107.1515,50.0183],[107.2049,50.0135],[107.2547,49.9926],[107.2772,49.9942],[107.3021,50.0135],[107.3265,50.0215],[107.3547,50.0095],[107.3814,49.981],[107.4295,49.9737],[107.4751,49.9822],[107.58,49.9587],[107.6363,49.9585],[107.6589,49.9539],[107.7045,49.9561],[107.7313,49.9831],[107.7532,49.9806],[107.821,49.934],[107.8551,49.9216],[107.8974,49.9189],[107.938,49.9257],[107.9757,49.9203],[107.9771,49.9025],[107.9529,49.8747],[107.947,49.8555],[107.9516,49.8254],[107.9673,49.7747],[107.9823,49.7441],[107.9774,49.7302],[107.939,49.7012],[107.9373,49.6903],[107.9589,49.667],[108.0198,49.6659],[108.0135,49.632],[108.0253,49.6153],[108.0527,49.6001],[108.1515,49.5549],[108.2107,49.5473],[108.2843,49.5287],[108.3073,49.4959],[108.3483,49.4749],[108.3683,49.4428],[108.4033,49.4235],[108.4567,49.4009],[108.5031,49.3597],[108.5556,49.3343],[108.6248,49.3414],[108.7132,49.3381],[108.7863,49.3515],[108.8789,49.3424],[108.9209,49.354],[108.9655,49.3595],[109.0154,49.3396],[109.0425,49.3361],[109.1127,49.3431],[109.1845,49.3603],[109.2187,49.3611],[109.2472,49.3503],[109.3291,49.3415],[109.3763,49.3295],[109.3819,49.3229],[109.4521,49.2949],[109.4895,49.2851],[109.501,49.2548],[109.5397,49.2261],[109.5711,49.2226],[109.7015,49.2316],[109.7564,49.2273],[109.806,49.2137],[109.8434,49.1913],[109.887,49.21],[109.9823,49.1987],[110.0575,49.1943],[110.1849,49.1675],[110.2341,49.1651],[110.3025,49.1817],[110.3515,49.2075],[110.3995,49.2585],[110.4827,49.2032],[110.5405,49.1959],[110.5728,49.1718],[110.5963,49.1621],[110.6568,49.1499],[110.7663,49.1451],[110.8063,49.1503],[110.8591,49.1671],[110.9247,49.1745],[110.9923,49.1999],[111.033,49.2295],[111.0724,49.2474],[111.106,49.2735],[111.1698,49.3003],[111.2169,49.3127],[111.3333,49.3387],[111.3617,49.3683],[111.3923,49.3731],[111.5019,49.3438],[111.522,49.3461],[111.6625,49.3963],[111.6949,49.4044],[111.7284,49.4059],[111.8189,49.3911],[111.8977,49.3917],[111.9345,49.3955],[111.9857,49.4091],[112.0195,49.4251],[112.1109,49.4313],[112.1327,49.4362],[112.2241,49.4669],[112.2861,49.4901],[112.3373,49.494],[112.4377,49.5247],[112.4559,49.5339],[112.5132,49.5465],[112.593,49.5254],[112.6469,49.5283],[112.6611,49.5242],[112.7163,49.4918],[112.7549,49.4924],[112.8409,49.5223],[112.8889,49.5502],[112.9321,49.5663],[112.9661,49.5865],[112.9933,49.5933],[113.0875,49.6083],[113.1035,49.625],[113.0959,49.6556],[113.1459,49.7451],[113.1863,49.8009],[113.2303,49.8349],[113.3589,49.8924],[113.3965,49.9175],[113.4667,49.9497],[113.4933,49.9749],[113.5365,49.9793],[113.5706,50.0076],[113.6005,50.0227],[113.6659,50.0425],[113.7415,50.0762],[113.7957,50.0941],[113.8201,50.0949],[113.8688,50.0846],[113.8953,50.1067],[113.9464,50.1311],[114.0159,50.1777],[114.0344,50.1857],[114.0757,50.1846],[114.1121,50.2103],[114.1389,50.2191],[114.1957,50.2471],[114.2871,50.2719],[114.349,50.2829],[114.3694,50.2811],[114.3951,50.2639],[114.4545,50.2445],[114.5073,50.2371],[114.5839,50.2423],[114.6427,50.2552],[114.6723,50.2563],[114.7488,50.2462],[114.8554,50.222],[114.9534,50.1946],[115.0041,50.1774],[115.0679,50.1121],[115.1527,50.0497],[115.2136,49.9961],[115.2379,49.9794],[115.346,49.9296],[115.3746,49.9078],[115.4205,49.901],[115.4579,49.9087],[115.4879,49.8969],[115.5091,49.8961],[115.5529,49.9073],[115.5927,49.9034],[115.667,49.8905],[115.7209,49.8846],[115.7689,49.8901],[115.8553,49.9327],[115.9663,49.9727],[116.0261,49.9985],[116.0987,50.0169],[116.1348,50.0196],[116.2051,50.0317],[116.2339,50.0325],[116.2641,50.0251],[116.4103,49.9745],[116.4477,49.9631],[116.5361,49.9525],[116.6067,49.9403],[116.6736,49.8726],[116.6909,49.8488],[116.7195,49.8271],[116.8042,49.7919],[116.8568,49.7576],[116.8868,49.7507],[116.9334,49.7252],[117.003,49.7094],[117.069,49.6861],[117.2743,49.6315],[117.3257,49.6281],[117.4235,49.6329],[117.4785,49.6284],[117.7229,49.541],[117.842,49.5069],[117.8711,49.5156],[117.8734,49.5384],[117.9064,49.5426],[117.9354,49.5637],[117.9867,49.5837],[118.0183,49.6135],[118.0668,49.6124],[118.0744,49.6317],[118.0979,49.6339],[118.1117,49.6613],[118.159,49.661],[118.1745,49.6775],[118.2076,49.6939],[118.2043,49.7057],[118.2277,49.7272],[118.2863,49.7467],[118.3051,49.7655],[118.3544,49.7763],[118.3731,49.7887],[118.3947,49.8228],[118.4167,49.8151],[118.4693,49.836],[118.488,49.8722],[118.5077,49.8736],[118.5279,49.8973],[118.5556,49.9005],[118.549,49.9149],[118.5626,49.9257],[118.5866,49.9234],[118.6708,49.9484],[118.7376,49.9456],[118.7989,49.9652],[118.8345,49.962],[118.8857,49.9677],[118.9332,49.9817],[118.9698,49.9819],[118.9711,49.9719],[119.0736,49.9838],[119.1061,50],[119.1173,50.0132],[119.17,50.0071],[119.1975,50.0121],[119.2231,50.0403],[119.293,50.0793],[119.3018,50.0961],[119.3219,50.1046],[119.3146,50.1207],[119.3372,50.1557],[119.3638,50.1749],[119.3527,50.2082],[119.3599,50.229],[119.3369,50.238],[119.3229,50.2606],[119.3327,50.2967],[119.3676,50.3119],[119.3511,50.3251],[119.3429,50.3478],[119.3209,50.3499],[119.2921,50.3405],[119.2331,50.3396],[119.2214,50.3568],[119.1837,50.3459],[119.1558,50.3597],[119.1611,50.3739],[119.1163,50.3848],[119.1496,50.4149],[119.1675,50.4192],[119.2039,50.4097],[119.2206,50.4397],[119.2521,50.481],[119.2473,50.4931],[119.2569,50.5276],[119.2703,50.5495],[119.2586,50.5642],[119.2823,50.5783],[119.2735,50.6018],[119.312,50.6214],[119.321,50.635],[119.3441,50.6315],[119.375,50.6632],[119.3796,50.6848],[119.4283,50.6934],[119.4357,50.7075],[119.4803,50.7395],[119.4912,50.7791],[119.5059,50.7888],[119.5021,50.8181],[119.489,50.8394],[119.5076,50.8472],[119.5212,50.8827],[119.5109,50.901],[119.5498,50.929],[119.5808,50.9756],[119.632,51.0118],[119.6866,51.0191],[119.6936,51.0388],[119.7494,51.1006],[119.7389,51.1162],[119.7608,51.1246],[119.7727,51.1714],[119.7569,51.2108],[119.7672,51.2237],[119.8027,51.2167],[119.7877,51.2494],[119.8103,51.2646],[119.806,51.2827],[119.8205,51.2926],[119.8677,51.2974],[119.8796,51.3414],[119.9277,51.3547],[119.8998,51.3785],[119.9056,51.3915],[119.9539,51.4057],[119.9694,51.4392],[119.9874,51.4527],[119.9709,51.4908],[120.0072,51.5144],[120.0347,51.5401],[120.0465,51.5705],[120.0368,51.5965],[120.0612,51.6357],[120.0974,51.6481],[120.0864,51.6691],[120.1481,51.6745],[120.1745,51.6816],[120.2254,51.7224],[120.2484,51.7291],[120.2684,51.75],[120.2954,51.7571],[120.3187,51.7849],[120.3513,51.7894],[120.3747,51.8077],[120.3994,51.8117],[120.4004,51.8298],[120.454,51.8435],[120.4685,51.8545],[120.474,51.8829],[120.4956,51.8879],[120.5446,51.882],[120.5476,51.904],[120.5819,51.9102],[120.652,51.9341],[120.6559,51.9574],[120.7078,51.9979],[120.7061,52.0169],[120.6881,52.0236],[120.6797,52.0431],[120.7112,52.0745],[120.7612,52.1124],[120.7517,52.1398],[120.7707,52.1501],[120.7743,52.1652],[120.7469,52.1876],[120.7383,52.2237],[120.7563,52.2445],[120.7425,52.2534],[120.7011,52.2628],[120.6875,52.2838],[120.6181,52.315],[120.61,52.3477],[120.6443,52.3648],[120.6413,52.3827],[120.6796,52.4297],[120.6765,52.476],[120.6932,52.4831],[120.6806,52.5118],[120.7197,52.5288],[120.7059,52.5496],[120.6818,52.5426],[120.6478,52.5619],[120.6195,52.5674],[120.5837,52.5941],[120.5408,52.5972],[120.4816,52.6234],[120.4525,52.6413],[120.428,52.6375],[120.3945,52.6188],[120.3715,52.6151],[120.2704,52.6197],[120.2154,52.5967],[120.1824,52.5767],[120.1394,52.5848],[120.0612,52.5841],[120.0389,52.5969],[120.028,52.6145],[120.0247,52.6442],[120.047,52.6805],[120.0556,52.7048],[120.0451,52.7319],[120.0246,52.7597],[120.0272,52.7722],[120.0665,52.7792],[120.1153,52.8069],[120.1413,52.8123],[120.1715,52.8088],[120.1942,52.8352],[120.2192,52.8473],[120.2804,52.8663],[120.2789,52.8836],[120.2963,52.8974],[120.3276,52.8991],[120.3396,52.9347],[120.382,52.9457],[120.4037,52.9616],[120.4258,52.9962],[120.4598,53.0178],[120.4902,53.0297],[120.5157,53.0488],[120.5293,53.0714],[120.595,53.0974],[120.6272,53.1044],[120.639,53.1316],[120.6752,53.1446],[120.6809,53.1737],[120.7265,53.202],[120.7641,53.2138],[120.7875,53.2301],[120.8274,53.2428],[120.8118,53.2584],[120.8342,53.2741],[120.8767,53.287],[120.9023,53.2815],[120.9693,53.2907],[121.0404,53.2866],[121.0701,53.3019],[121.1037,53.2898],[121.1219,53.2732],[121.1685,53.2824],[121.2185,53.2813],[121.2926,53.2996],[121.3183,53.322],[121.3556,53.3249],[121.3889,53.3182],[121.4388,53.3231],[121.5824,53.3553],[121.6122,53.3685],[121.6556,53.3759],[121.6898,53.389],[121.7378,53.3865],[121.8153,53.4149],[121.8591,53.4231],[121.9044,53.4216],[121.9687,53.4296],[122.0332,53.4191],[122.0761,53.4211],[122.132,53.4654],[122.1672,53.469],[122.2147,53.4612],[122.2531,53.4686],[122.3054,53.4959],[122.3296,53.4973],[122.3616,53.4764],[122.3826,53.4545],[122.4137,53.4417],[122.4421,53.4418],[122.4827,53.4562],[122.5218,53.453],[122.6425,53.4626],[122.6888,53.4581],[122.7277,53.4619],[122.7963,53.4587],[122.8335,53.4529],[122.8991,53.4665],[122.9385,53.4816],[122.9797,53.4896],[123.0006,53.5006],[123.0497,53.5113],[123.1098,53.5003],[123.1503,53.5081],[123.204,53.5514],[123.2447,53.56],[123.2744,53.5597],[123.3099,53.547],[123.3793,53.5327],[123.4423,53.5303],[123.4643,53.4981],[123.4918,53.5033],[123.4747,53.522],[123.4889,53.551],[123.5218,53.5532],[123.5383,53.531],[123.515,53.5088],[123.5329,53.4944],[123.5622,53.5092],[123.572,53.5454],[123.5856,53.5472],[123.6495,53.5262],[123.6778,53.4893],[123.7253,53.4973],[123.7838,53.4861],[123.8444,53.4887],[123.9653,53.434],[124.0185,53.3964],[124.0625,53.3917],[124.0956,53.367],[124.115,53.3437],[124.2087,53.368],[124.2458,53.3655],[124.3196,53.3184],[124.333,53.2938],[124.3755,53.2462],[124.421,53.2325],[124.4321,53.2167],[124.4876,53.2005],[124.5303,53.1949],[124.5916,53.2006],[124.663,53.1992],[124.7153,53.1815],[124.7153,53.1564],[124.7483,53.1386],[124.7751,53.1344],[124.8127,53.1381],[124.833,53.1327],[124.8572,53.1046],[124.8955,53.0977],[124.9013,53.1164],[124.8837,53.1548],[124.9173,53.1738],[124.982,53.1929],[125.0269,53.1962],[125.123,53.1974],[125.2008,53.1894],[125.2316,53.1791],[125.2968,53.1484],[125.3865,53.1238],[125.4111,53.1205],[125.4821,53.0903],[125.4949,53.0585],[125.5084,53.0464],[125.5366,53.055],[125.5797,53.0807],[125.6127,53.0694],[125.6692,53.0075],[125.7364,52.9845],[125.7224,52.9341],[125.6627,52.916],[125.6516,52.8926],[125.6559,52.871],[125.6722,52.8568],[125.7745,52.8949],[125.8325,52.8952],[125.8455,52.887],[125.8491,52.8602],[125.8873,52.8324],[125.9294,52.7912],[125.9677,52.7608],[126.0016,52.7669],[126.0333,52.791],[126.0589,52.7947],[126.102,52.7727],[126.1093,52.7565],[126.0869,52.7452],[126.0474,52.7424],[126.0454,52.7191],[126.0653,52.6903],[126.0498,52.6683],[126.0045,52.6709],[125.9704,52.6568],[125.9638,52.6383],[125.9741,52.6079],[126.0057,52.581],[126.0329,52.5827],[126.0698,52.6002],[126.1355,52.5691],[126.1939,52.5352],[126.2054,52.5183],[126.1849,52.4817],[126.202,52.4624],[126.2585,52.4689],[126.3437,52.396],[126.3536,52.3637],[126.3464,52.3247],[126.3284,52.3064],[126.3392,52.2994],[126.4203,52.292],[126.4257,52.2744],[126.3485,52.2549],[126.3115,52.2318],[126.2983,52.2068],[126.3331,52.1884],[126.3631,52.1818],[126.4355,52.1758],[126.4947,52.1578],[126.55,52.1302],[126.5577,52.1092],[126.5477,52.1009],[126.5347,52.0647],[126.5063,52.029],[126.4612,52.0308],[126.4448,52.0219],[126.4472,51.9992],[126.4643,51.9734],[126.4592,51.9538],[126.4692,51.9353],[126.4917,51.9255],[126.5139,51.8994],[126.5315,51.89],[126.5609,51.8564],[126.574,51.8227],[126.6212,51.7715],[126.6539,51.7566],[126.6569,51.7266],[126.7134,51.7207],[126.7271,51.7037],[126.7204,51.6903],[126.7346,51.6328],[126.6805,51.6027],[126.6798,51.5853],[126.7426,51.5584],[126.7984,51.545],[126.8328,51.5265],[126.8279,51.5073],[126.804,51.4856],[126.7838,51.4404],[126.8045,51.4169],[126.8868,51.4034],[126.9158,51.3858],[126.924,51.3566],[126.896,51.335],[126.8455,51.3375],[126.8186,51.3222],[126.8194,51.2821],[126.8414,51.2559],[126.8687,51.2426],[126.9029,51.2436],[126.9149,51.2527],[126.907,51.2748],[126.8765,51.2957],[126.8732,51.31],[126.8921,51.3195],[126.9563,51.3263],[126.9799,51.3078],[126.9562,51.2665],[126.9232,51.2392],[126.8979,51.1884],[126.9171,51.1006],[126.9229,51.058],[126.9849,51.0214],[127.0317,50.9717],[127.1118,50.9339],[127.1411,50.9048],[127.1972,50.8296],[127.2076,50.8062],[127.2328,50.7769],[127.2844,50.757],[127.2946,50.7471],[127.2805,50.7155],[127.2799,50.687],[127.3014,50.6479],[127.3361,50.6191],[127.3594,50.5833],[127.3507,50.546],[127.3183,50.5248],[127.2876,50.4681],[127.2982,50.4546],[127.3356,50.4447],[127.3577,50.4252],[127.3611,50.4039],[127.3354,50.3688],[127.3287,50.3373],[127.3414,50.3171],[127.3688,50.2932],[127.3981,50.2806],[127.4409,50.272],[127.4892,50.2554],[127.5299,50.2522],[127.5715,50.2428],[127.5981,50.2168],[127.5943,50.1729],[127.567,50.1396],[127.5581,50.117],[127.5013,50.061],[127.4866,50.018],[127.4927,49.9756],[127.5244,49.9524],[127.5376,49.9259],[127.5294,49.8781],[127.5151,49.8346],[127.5437,49.8],[127.578,49.7839],[127.616,49.7859],[127.6497,49.7778],[127.6686,49.75],[127.6672,49.7071],[127.6849,49.6733],[127.7082,49.6572],[127.7566,49.6387],[127.7752,49.6262],[127.8024,49.5912],[127.8221,49.5848],[127.8605,49.5917],[127.8914,49.5779],[127.9281,49.5907],[127.9428,49.6131],[127.9615,49.6118],[128.0004,49.5784],[128.049,49.5498],[128.077,49.5406],[128.1249,49.5426],[128.1521,49.527],[128.1902,49.5212],[128.223,49.5246],[128.2418,49.5034],[128.2609,49.5],[128.2961,49.5279],[128.3491,49.5506],[128.354,49.5783],[128.392,49.5889],[128.4817,49.5865],[128.5354,49.6018],[128.602,49.5896],[128.6497,49.5738],[128.7083,49.5637],[128.7288,49.5912],[128.776,49.5858],[128.7972,49.563],[128.7903,49.5449],[128.7575,49.5252],[128.7385,49.5003],[128.7499,49.478],[128.773,49.4706],[128.8263,49.483],[128.8805,49.4805],[128.9188,49.463],[128.9952,49.4505],[129.0298,49.4155],[129.0482,49.3722],[129.0682,49.3584],[129.1181,49.3487],[129.1315,49.3521],[129.1654,49.3819],[129.2058,49.3989],[129.2552,49.3938],[129.3012,49.3625],[129.3405,49.3514],[129.3688,49.3671],[129.3687,49.4126],[129.3841,49.4315],[129.4353,49.438],[129.4714,49.4316],[129.521,49.4119],[129.5305,49.3869],[129.5454,49.2997],[129.572,49.2778],[129.5962,49.2758],[129.6678,49.2902],[129.7144,49.2778],[129.7438,49.2491],[129.7377,49.2071],[129.7796,49.1764],[129.8447,49.1677],[129.8517,49.1496],[129.842,49.1198],[129.8584,49.1065],[129.9126,49.0971],[129.9202,49.074],[129.9064,49.054],[129.9341,49.0282],[129.9661,49.0244],[129.992,49.0102],[130.0059,48.9909],[130.0521,48.9641],[130.0817,48.9589],[130.177,48.9048],[130.199,48.8818],[130.2226,48.867],[130.2575,48.8618],[130.3965,48.8988],[130.4432,48.9003],[130.4885,48.8637],[130.516,48.8526],[130.5569,48.858],[130.6064,48.8751],[130.6387,48.8792],[130.6731,48.867],[130.6759,48.8497],[130.6367,48.8142],[130.606,48.7723],[130.5748,48.7126],[130.5254,48.6385],[130.5316,48.6078],[130.5895,48.5919],[130.6054,48.5572],[130.6011,48.515],[130.6198,48.4861],[130.6501,48.4842],[130.6883,48.4991],[130.7224,48.5059],[130.7562,48.4932],[130.7565,48.4759],[130.7294,48.4425],[130.7289,48.4315],[130.7585,48.3766],[130.7659,48.355],[130.8002,48.3446],[130.8255,48.3001],[130.7932,48.2614],[130.7671,48.2475],[130.751,48.2237],[130.7503,48.1892],[130.7244,48.1716],[130.6605,48.12],[130.651,48.1018],[130.6846,48.0392],[130.7118,48.031],[130.7374,48],[130.7832,47.9809],[130.864,47.9321],[130.8945,47.8964],[130.9522,47.8185],[130.9542,47.7203],[130.9818,47.6988],[131.0028,47.6902],[131.0532,47.6823],[131.0956,47.6813],[131.1759,47.6955],[131.2267,47.7253],[131.2532,47.7338],[131.341,47.7249],[131.3736,47.7259],[131.4454,47.7416],[131.501,47.7278],[131.5218,47.7038],[131.5796,47.6606],[131.6175,47.6597],[131.6441,47.6676],[131.6824,47.7062],[131.7119,47.7044],[131.7622,47.6829],[131.8037,47.6697],[131.8954,47.6793],[131.9484,47.6652],[131.9818,47.6727],[131.9995,47.7054],[132.0287,47.7064],[132.0883,47.6969],[132.2149,47.7138],[132.2451,47.7052],[132.2621,47.7127],[132.2804,47.7353],[132.318,47.7516],[132.3756,47.7539],[132.3938,47.7375],[132.4133,47.7355],[132.5048,47.7113],[132.562,47.7152],[132.5829,47.7248],[132.5957,47.7431],[132.5897,47.7714],[132.6,47.803],[132.6662,47.8851],[132.6552,47.9239],[132.6697,47.9466],[132.6915,47.9536],[132.786,47.9272],[132.8203,47.9382],[132.8616,47.9897],[132.8766,48],[132.9342,48],[132.9446,48.0072],[133.0079,48.0182],[133.0199,48.0257],[133.02,48.0458],[133.0313,48.0564],[133.1049,48.0767],[133.1603,48.1057],[133.2202,48.1004],[133.2582,48.0906],[133.2888,48.0884],[133.3312,48.1046],[133.355,48.1037],[133.3878,48.0857],[133.4109,48.0851],[133.4315,48.0715],[133.4682,48.0676],[133.5345,48.0876],[133.5547,48.1171],[133.5834,48.1203],[133.6395,48.1347],[133.6563,48.1549],[133.697,48.1636],[133.7554,48.1815],[133.781,48.1988],[133.8004,48.1998],[133.84,48.1838],[133.8701,48.1865],[133.8766,48.2024],[133.8707,48.2271],[133.896,48.2614],[133.9126,48.267],[134.0047,48.2766],[134.0136,48.2852],[134.0107,48.3107],[134.0577,48.3354],[134.1233,48.335],[134.2617,48.3707],[134.3443,48.3736],[134.3893,48.3857],[134.4277,48.3776],[134.4714,48.3552],[134.529,48.3487],[134.5546,48.3654],[134.5754,48.3632],[134.5896,48.3321],[134.6301,48.2997],[134.7118,48.2758],[134.6843,48.2535],[134.6686,48.2289],[134.6711,48.1642],[134.664,48.1477],[134.6349,48.1204],[134.6214,48.0962],[134.5788,48.0611],[134.5506,48.0244],[134.5539,47.9813],[134.5809,47.9613],[134.5867,47.9394],[134.5811,47.9179],[134.6016,47.9019],[134.6406,47.9],[134.664,47.8793],[134.6755,47.8226],[134.7237,47.786],[134.7593,47.7668],[134.7716,47.7535],[134.7739,47.7291],[134.7533,47.6786],[134.678,47.6307],[134.6698,47.5838],[134.6203,47.5415],[134.5759,47.5177],[134.5744,47.4999],[134.5284,47.4748],[134.4935,47.4438],[134.4609,47.4477],[134.3962,47.4347],[134.334,47.4364],[134.2956,47.4211],[134.2682,47.4013],[134.2334,47.3465],[134.187,47.3309],[134.1491,47.2595],[134.1606,47.2361],[134.2045,47.2107],[134.2226,47.1807],[134.2214,47.1186],[134.2132,47.1038],[134.187,47.0947],[134.1346,47.0878],[134.1142,47.0624],[134.1141,47.0371],[134.0955,47.0004],[134.0661,46.9721],[134.0739,46.942],[134.0651,46.9094],[134.0441,46.8807],[134.0401,46.8477],[134.0207,46.8223],[134.0492,46.774],[134.0481,46.763],[134.024,46.7324],[134.0248,46.6838],[134.0147,46.6544],[133.913,46.5815],[133.8939,46.5238],[133.8589,46.4908],[133.8509,46.4607],[133.8699,46.4439],[133.9156,46.4345],[133.9276,46.4246],[133.9421,46.3934],[133.929,46.369],[133.8785,46.3555],[133.8684,46.3409],[133.889,46.3226],[133.9171,46.3166],[133.8916,46.2997],[133.9085,46.2716],[133.8934,46.2525],[133.8634,46.247],[133.8749,46.2282],[133.8494,46.2011],[133.8311,46.1998],[133.8229,46.2225],[133.8046,46.2211],[133.7706,46.1739],[133.7447,46.1633],[133.7001,46.1578],[133.6881,46.1465],[133.6965,46.1098],[133.7331,46.0767],[133.7345,46.0473],[133.6801,45.9922],[133.6762,45.9602],[133.6569,45.9377],[133.6345,45.9426],[133.6075,45.937],[133.5999,45.9208],[133.6139,45.9025],[133.591,45.89],[133.5914,45.8711],[133.5709,45.8681],[133.545,45.8925],[133.5211,45.8923],[133.5042,45.8829],[133.5054,45.8677],[133.4802,45.8587],[133.4864,45.8335],[133.4639,45.829],[133.4661,45.7898],[133.4952,45.7888],[133.4894,45.7712],[133.4642,45.7745],[133.4627,45.7548],[133.4806,45.7389],[133.4523,45.7304],[133.4437,45.696],[133.4769,45.6835],[133.4761,45.6544],[133.4445,45.6488],[133.4435,45.6226],[133.4054,45.6072],[133.4135,45.572],[133.4037,45.5658],[133.3721,45.5724],[133.3421,45.5479],[133.336,45.5223],[133.3221,45.5159],[133.3178,45.4932],[133.296,45.4937],[133.2723,45.5181],[133.2152,45.5091],[133.1959,45.4931],[133.1823,45.4707],[133.1559,45.4652],[133.1594,45.4377],[133.133,45.4199],[133.1299,45.3965],[133.1393,45.3864],[133.1383,45.3642],[133.1188,45.3443],[133.1249,45.325],[133.0939,45.2876],[133.0852,45.2362],[133.1036,45.2267],[133.1255,45.1761],[133.1201,45.162],[133.1356,45.1271],[133.1048,45.1206],[133.0801,45.0953],[133.0352,45.0686],[133.0286,45.0528],[133.0023,45.0377],[132.9885,45.0459],[132.9727,45.0199],[132.8951,45.0334],[132.8687,45.0528],[132.852,45.0557],[132.6969,44.6901],[132.5606,44.555],[132.3162,44.6152],[132.1116,44.7407],[132.1836,44.9569],[132.0586,45.2356],[131.9998,45.2489],[131.9776,45.2676],[131.9325,45.2799],[131.9223,45.2899],[131.9091,45.3301],[131.8728,45.3334],[131.8268,45.3087],[131.8247,45.2946],[131.7917,45.2593],[131.7746,45.2202],[131.7645,45.2096],[131.7086,45.2266],[131.6782,45.2169],[131.6465,45.156],[131.6595,45.1454],[131.684,45.1442],[131.6867,45.1142],[131.6313,45.08],[131.6086,45.0607],[131.5757,45.0533],[131.5723,45.0363],[131.5292,45.0095],[131.4772,44.9935],[131.4957,44.9715],[131.4698,44.9595],[131.4313,44.9656],[131.3838,44.9821],[131.3443,44.9819],[131.3065,44.9556],[131.2903,44.9303],[131.271,44.9224],[131.249,44.9279],[131.2373,44.9181],[131.2048,44.9131],[131.1983,44.9233],[131.1617,44.9264],[131.138,44.937],[131.1004,44.9302],[131.0836,44.9193],[131.084,44.8898],[131.0416,44.8697],[131.0238,44.8762],[130.9542,44.8542],[130.9507,44.8283],[130.963,44.8176],[131,44.8163],[131,44.7903],[131.0668,44.7416],[131.0788,44.7128],[131.1027,44.6916],[131.1913,44.4115],[131.2931,44.0797],[131.294,44.0445],[131.2505,44.0187],[131.2507,43.992],[131.2388,43.9796],[131.236,43.9572],[131.2589,43.9334],[131.2486,43.8961],[131.228,43.8773],[131.22,43.843],[131.2035,43.8236],[131.2157,43.8108],[131.2047,43.7907],[131.2054,43.7733],[131.2181,43.7451],[131.2072,43.7241],[131.21,43.6884],[131.2239,43.6719],[131.2245,43.6332],[131.2097,43.6226],[131.2285,43.5986],[131.1965,43.5763],[131.1841,43.5571],[131.2006,43.5185],[131.2437,43.5018],[131.2857,43.4724],[131.3009,43.4559],[131.288,43.4406],[131.3058,43.3927],[131.2659,43.3638],[131.2587,43.3136],[131.259,43.2884],[131.2355,43.2529],[131.2061,43.2322],[131.1899,43.2009],[131.2025,43.174],[131.2043,43.1432],[131.1896,43.1221],[131.1516,43.0939],[131.1369,43.0721],[131.1155,43.0639],[131.1091,43.0382],[131.0966,43.0204],[131.1089,42.9664],[131.1348,42.9579],[131.1266,42.9305],[131.0961,42.9109],[131.0102,42.9167],[131.0085,42.8941],[131.0306,42.873],[131.0296,42.8633],[131,42.8529],[130.9723,42.8547],[130.9137,42.8654],[130.8988,42.8534],[130.8548,42.8565],[130.8212,42.8719],[130.7892,42.8643],[130.7713,42.8297],[130.7396,42.8417],[130.7131,42.8255],[130.6843,42.8439],[130.6615,42.8389],[130.5936,42.8109],[130.5443,42.8077],[130.5295,42.7956],[130.4875,42.7789],[130.4749,42.7666],[130.4347,42.7465],[130.4051,42.7223],[130.4123,42.7088],[130.4485,42.6966],[130.4597,42.6795],[130.5306,42.6976],[130.5761,42.6716],[130.5948,42.6442],[130.623,42.6227],[130.6281,42.5929],[130.6105,42.5582],[130.5635,42.5533],[130.5612,42.5354],[130.6146,42.424],[130.642,42.406],[130.66,42.3676],[130.645,42.3483],[130.6506,42.3293],[130.6744,42.2846],[130.6946,42.2879],[130.7329,42.336],[130.7521,42.3685],[130.7785,42.4651],[130.8099,42.4765],[130.8215,42.4671],[130.8429,42.474],[130.8474,42.5051],[130.8313,42.5288],[130.841,42.5443],[130.8401,42.5643],[130.8138,42.5676],[130.7943,42.5779],[130.7732,42.5776],[130.7718,42.6049],[130.7324,42.6115],[130.701,42.6307],[130.6996,42.6396],[130.654,42.644],[130.6799,42.679],[130.7229,42.7021],[130.7385,42.6882],[130.7621,42.6824],[130.7918,42.6979],[130.8368,42.7007],[130.836,42.659],[130.8854,42.6735],[130.8932,42.6501],[130.9435,42.6568],[130.9496,42.636],[130.9357,42.6179],[130.9146,42.6113],[130.8857,42.6413],[130.8446,42.6501],[130.8196,42.6435],[130.8104,42.6315],[130.8438,42.6254],[130.8646,42.6046],[130.9168,42.5926],[130.944,42.6251],[130.9665,42.6404],[130.9921,42.6485],[131.0287,42.6499],[131.0513,42.6349],[131.081,42.6376],[131.1015,42.6704],[131.121,42.6676],[131.1365,42.6329],[131.129,42.6157],[131.1763,42.5962],[131.1662,42.5713],[131.2001,42.5537],[131.216,42.5563],[131.2337,42.5882],[131.2088,42.6237],[131.2068,42.6524],[131.2146,42.6712],[131.2413,42.6763],[131.2421,42.7246],[131.2629,42.7765],[131.2885,42.7907],[131.3224,42.7949],[131.3499,42.7876],[131.3526,42.8124],[131.384,42.8429],[131.4138,42.846],[131.4329,42.8618],[131.4218,42.876],[131.389,42.8715],[131.4093,42.9074],[131.3785,42.9151],[131.374,42.9446],[131.4049,42.9518],[131.4315,42.9263],[131.4538,42.9254],[131.4612,42.9407],[131.5063,42.9474],[131.5018,42.9676],[131.459,42.981],[131.4249,42.9668],[131.4168,42.9826],[131.4738,42.9813],[131.5143,43.0151],[131.5363,43.0107],[131.5429,42.9968],[131.5732,42.9993],[131.5776,43.0151],[131.5604,43.0213],[131.5665,43.0435],[131.6065,43.0657],[131.624,43.0954],[131.6496,43.1074],[131.6557,43.121],[131.6951,43.1649],[131.6718,43.1704],[131.6546,43.1551],[131.6332,43.1701],[131.6751,43.1746],[131.6935,43.2021],[131.7115,43.1865],[131.7276,43.1618],[131.7779,43.1787],[131.7624,43.1979],[131.7154,43.2012],[131.7243,43.2176],[131.7563,43.2268],[131.7671,43.2532],[131.7582,43.2579],[131.7565,43.291],[131.7729,43.3013],[131.7576,43.329],[131.77757870280738,43.35338189738627]]],[[[128.1943,72.9151],[128.1958,72.9292],[128.1292,72.9292],[128.0208,72.9104],[128.1,72.8958],[128.1854,72.9021],[128.1943,72.9151]]],[[[122.8792,72.9021],[122.8276,72.9318],[122.7625,72.9458],[122.675,72.9458],[122.6651,72.9339],[122.8167,72.9021],[122.8792,72.9021]]],[[[122.6021,72.9688],[122.5583,72.9771],[122.5083,72.9708],[122.4979,72.95],[122.6083,72.9313],[122.6557,72.9318],[122.6453,72.9578],[122.6021,72.9688]]],[[[128.5083,72.8833],[128.4229,72.8917],[128.3786,72.8734],[128.2979,72.8667],[128.2839,72.8505],[128.3255,72.8339],[128.3401,72.7953],[128.3771,72.7875],[128.4563,72.7979],[128.6438,72.775],[128.8021,72.7771],[128.8151,72.7859],[128.8979,72.7917],[129.0557,72.788],[129.1479,72.7937],[129.2104,72.8104],[129.2979,72.8146],[129.2167,72.8313],[129.1083,72.8396],[129.0729,72.8542],[128.9688,72.8625],[128.8438,72.8771],[128.5729,72.8771],[128.5083,72.8833]]],[[[129.3271,72.8875],[129.2354,72.8792],[129.1979,72.8833],[129.1104,72.8792],[129.0958,72.8708],[128.9875,72.8729],[128.9979,72.8625],[129.0625,72.8604],[129.1354,72.8417],[129.2375,72.8438],[129.3021,72.8354],[129.4891,72.8339],[129.4083,72.8604],[129.4,72.8729],[129.3271,72.8875]]],[[[122.6687,72.9125],[122.5547,72.9099],[122.5667,72.8917],[122.6479,72.8646],[122.7141,72.8516],[122.7479,72.8271],[122.8146,72.8208],[122.8662,72.8287],[122.7958,72.8562],[122.7729,72.8938],[122.7146,72.9125],[122.6687,72.9125]]],[[[129.05,72.925],[128.9812,72.9271],[128.9229,72.9167],[128.8875,72.9208],[128.7672,72.9016],[128.8333,72.8833],[128.9,72.8771],[129.0854,72.8771],[129.1146,72.8854],[129.2583,72.8938],[129.2786,72.9026],[129.2125,72.9187],[129.05,72.925]]],[[[79.2193,73.0693],[79.1979,73.0813],[79.1318,73.0766],[79.0984,73.0661],[79.0724,73.0422],[79.0042,73],[78.9266,72.9672],[78.8693,72.9537],[78.8453,72.938],[78.6713,72.8745],[78.6068,72.8318],[78.6547,72.7963],[78.7458,72.775],[78.7958,72.775],[78.8745,72.7536],[78.8917,72.7333],[78.9708,72.7354],[79.0542,72.7208],[79.2292,72.7208],[79.3938,72.7021],[79.4417,72.7188],[79.525,72.7229],[79.5599,72.7578],[79.5271,72.7688],[79.5047,72.7943],[79.5349,72.8245],[79.5026,72.8318],[79.5229,72.8479],[79.4786,72.9078],[79.5224,72.9224],[79.4714,72.9443],[79.3943,72.9901],[79.3807,73.012],[79.35,73.0188],[79.2193,73.0693]]],[[[127.7458,72.9],[127.7917,72.9125],[127.8234,72.8984],[127.8917,72.8896],[127.9396,72.9021],[127.9417,72.9146],[127.8646,72.9313],[127.7896,72.9313],[127.7125,72.9187],[127.7458,72.9]]],[[[106.2104,72.9375],[106.2271,72.9208],[106.3021,72.9208],[106.3396,72.9125],[106.3729,72.8896],[106.5042,72.8875],[106.5083,72.9021],[106.4437,72.9083],[106.3208,72.9354],[106.2104,72.9375]]],[[[54.9708,73.4146],[54.7979,73.4063],[54.7297,73.387],[54.7167,73.375],[54.5917,73.3708],[54.4771,73.3417],[54.425,73.3187],[54.3833,73.3125],[54.3229,73.2813],[54.1917,73.2646],[54.0667,73.2625],[53.9521,73.2792],[53.9042,73.2937],[53.8375,73.2813],[53.7375,73.2729],[53.6188,73.2292],[53.5354,73.2271],[53.5146,73.2375],[53.4479,73.2354],[53.3693,73.2078],[53.1943,73.137],[53.2016,73.1141],[53.1609,73.0943],[53.2271,73.0542],[53.2745,73.0578],[53.3161,73.0245],[53.313,73.0151],[53.4063,73.0083],[53.4182,72.9943],[53.3,72.9938],[53.2313,73.0083],[53.2099,72.9984],[53.1214,72.9912],[53.0901,72.9422],[53.1979,72.9104],[53.3354,72.9104],[53.3063,72.8958],[53.4083,72.8667],[53.2562,72.8688],[53.1229,72.8917],[53.0563,72.8917],[52.9458,72.9021],[52.875,72.8875],[52.8375,72.8875],[52.7479,72.8708],[52.6109,72.8516],[52.5453,72.8026],[52.5151,72.7953],[52.4839,72.7662],[52.487,72.7422],[52.4214,72.7307],[52.4318,72.7089],[52.4724,72.7078],[52.5297,72.6734],[52.5875,72.6583],[52.7229,72.6583],[52.8125,72.6417],[52.8422,72.6641],[52.9521,72.6583],[52.8458,72.6312],[52.7708,72.6354],[52.6922,72.6182],[52.7562,72.6042],[52.8042,72.6062],[52.7891,72.5839],[52.7583,72.5708],[52.7297,72.5422],[52.7729,72.5354],[52.8167,72.5437],[52.8958,72.5708],[52.9729,72.5833],[53.1063,72.5896],[53.2062,72.5729],[53.3125,72.5604],[53.3021,72.55],[53.2271,72.5542],[53.1542,72.5729],[53.0875,72.5771],[52.9854,72.5729],[52.9125,72.5625],[52.9562,72.5396],[52.9167,72.5208],[52.8672,72.512],[52.8932,72.4964],[52.7979,72.4896],[52.7172,72.4745],[52.7036,72.4526],[52.7583,72.4479],[52.7755,72.4318],[52.7047,72.4203],[52.7453,72.3839],[52.6917,72.3708],[52.675,72.3542],[52.6271,72.3417],[52.7188,72.3187],[52.688,72.3078],[52.7021,72.2937],[52.6542,72.2833],[52.6026,72.2828],[52.6182,72.2568],[52.5021,72.2646],[52.4714,72.2505],[52.5078,72.2422],[52.488,72.2109],[52.4354,72.2083],[52.5016,72.1787],[52.5141,72.1474],[52.4141,72.1745],[52.4078,72.112],[52.3807,72.0943],[52.4328,72.0828],[52.3937,72.0542],[52.3625,72.0458],[52.3151,72.0589],[52.2995,72.0807],[52.2255,72.112],[52.138,72.1078],[52.1125,72.0833],[52.0693,72.0828],[52.012,72.0995],[51.9271,72.0958],[51.9036,72.1328],[51.8521,72.1479],[51.8172,72.1453],[51.8036,72.1255],[51.7422,72.1141],[51.7,72.0958],[51.6453,72.0859],[51.563,72.062],[51.5068,71.9682],[51.5036,71.9276],[51.4682,71.8734],[51.4297,71.8328],[51.4443,71.7714],[51.4661,71.7682],[51.4818,71.7193],[51.5286,71.7057],[51.5078,71.688],[51.5214,71.663],[51.5766,71.6266],[51.5932,71.5901],[51.5776,71.5839],[51.6089,71.5443],[51.6359,71.5276],[51.7766,71.5099],[51.8651,71.4714],[51.9375,71.4625],[52.0125,71.4625],[52.1271,71.4521],[52.1422,71.4682],[52.2974,71.4724],[52.1984,71.5193],[52.2047,71.537],[52.2578,71.5505],[52.3099,71.5516],[52.3234,71.5193],[52.3875,71.4812],[52.413,71.4943],[52.4026,71.5339],[52.4375,71.5437],[52.4729,71.5292],[52.512,71.538],[52.5005,71.5537],[52.5417,71.5625],[52.5292,71.5792],[52.5818,71.5995],[52.5964,71.5755],[52.6604,71.5375],[52.7057,71.5349],[52.6911,71.488],[52.6255,71.4568],[52.6667,71.4458],[52.7328,71.4661],[52.7854,71.4313],[52.8109,71.4537],[52.8667,71.4563],[52.9411,71.4339],[52.9016,71.4182],[52.9417,71.3708],[52.9786,71.3714],[52.9958,71.3917],[53.0276,71.4026],[52.9484,71.4339],[52.9891,71.4495],[53.0187,71.4271],[53.1833,71.4187],[53.1693,71.4557],[53.2062,71.4604],[53.3396,71.5354],[53.3896,71.5396],[53.4562,71.5229],[53.4083,71.4958],[53.3734,71.4932],[53.3661,71.4526],[53.3109,71.4474],[53.3,71.4229],[53.3255,71.388],[53.3516,71.3703],[53.3609,71.3464],[53.3339,71.3307],[53.4172,71.2818],[53.4932,71.2662],[53.4672,71.2484],[53.5078,71.2286],[53.5443,71.1964],[53.588,71.1839],[53.6396,71.1937],[53.7214,71.1547],[53.8271,71.1312],[53.8557,71.1339],[53.8432,71.1724],[53.8693,71.1734],[53.9354,71.1521],[53.9771,71.1521],[53.9964,71.1776],[54.0755,71.1755],[54.0641,71.1464],[54.0109,71.137],[54.15,71.0875],[54.2167,71.1083],[54.2641,71.0911],[54.1771,71.0708],[54.0521,71.0792],[53.9604,71.0687],[53.9109,71.0703],[53.9318,71.0443],[53.9708,71.0271],[53.9354,71.0208],[53.825,71.0563],[53.7938,71.0583],[53.725,71.0813],[53.6188,71.0521],[53.5625,71.0687],[53.5505,71.038],[53.7083,70.975],[53.7786,70.9318],[53.7703,70.9193],[53.6776,70.8766],[53.5464,70.8703],[53.5271,70.8542],[53.4604,70.8688],[53.4021,70.8333],[53.4536,70.8245],[53.4854,70.7979],[53.5328,70.8005],[53.5339,70.8182],[53.5812,70.8187],[53.6208,70.8083],[53.6583,70.8146],[53.688,70.7901],[53.7521,70.7771],[53.8354,70.7792],[53.8755,70.7609],[53.9557,70.7662],[53.9943,70.7318],[54.0417,70.7229],[54.1167,70.7188],[54.1292,70.7375],[54.2557,70.7193],[54.287,70.7412],[54.3771,70.7312],[54.4422,70.7089],[54.4979,70.6979],[54.5599,70.6953],[54.5375,70.6708],[54.6417,70.6417],[54.6979,70.6479],[54.6604,70.6667],[54.5734,70.6943],[54.5604,70.7104],[54.4917,70.725],[54.5667,70.75],[54.6958,70.7417],[54.6964,70.7005],[54.7328,70.687],[54.7734,70.6589],[54.8354,70.6438],[54.8974,70.6412],[54.9021,70.6271],[54.9766,70.6224],[54.988,70.6068],[55.0578,70.5787],[55.1708,70.5437],[55.2161,70.5537],[55.1958,70.5687],[55.2797,70.5745],[55.2859,70.5953],[55.3224,70.6016],[55.2589,70.6297],[55.2333,70.65],[55.2729,70.6563],[55.3089,70.6734],[55.4,70.6458],[55.4396,70.6167],[55.4828,70.6339],[55.4641,70.6557],[55.4104,70.6854],[55.3693,70.688],[55.3505,70.7068],[55.4286,70.7172],[55.4682,70.7161],[55.4729,70.6937],[55.5104,70.6813],[55.5583,70.6792],[55.5839,70.6589],[55.6391,70.638],[55.6354,70.625],[55.7333,70.5938],[55.7854,70.5938],[55.863,70.5755],[55.9922,70.5787],[56.0167,70.5875],[55.8453,70.638],[55.8896,70.6604],[55.9688,70.6312],[56.1333,70.6396],[56.1729,70.6229],[56.2396,70.6167],[56.2922,70.5818],[56.375,70.5687],[56.3547,70.5568],[56.4042,70.5354],[56.5083,70.5188],[56.6203,70.5422],[56.6453,70.5703],[56.5104,70.6062],[56.463,70.6026],[56.4839,70.6297],[56.4375,70.6625],[56.3521,70.6625],[56.3484,70.6443],[56.412,70.6328],[56.375,70.6229],[56.3229,70.6229],[56.2333,70.6312],[56.2313,70.6396],[56.2979,70.6542],[56.1901,70.6755],[56.188,70.6891],[56.3125,70.6854],[56.3182,70.6953],[56.2479,70.7021],[56.2047,70.7224],[56.25,70.7375],[56.2693,70.7193],[56.3187,70.7146],[56.3625,70.6979],[56.4479,70.7],[56.463,70.7245],[56.5125,70.7375],[56.5938,70.7271],[56.6083,70.7125],[56.5438,70.7125],[56.5193,70.6984],[56.5328,70.6609],[56.525,70.6438],[56.5667,70.6375],[56.6641,70.5974],[56.7349,70.5943],[56.6547,70.6255],[56.7016,70.6328],[56.7521,70.6104],[56.7995,70.612],[56.9229,70.5771],[56.9729,70.5833],[57,70.5687],[57.0911,70.5641],[57.1068,70.5526],[57.2167,70.5542],[57.2917,70.5417],[57.2813,70.5625],[57.1797,70.5943],[57.1255,70.6193],[57.0833,70.6021],[56.9792,70.6062],[56.9229,70.6188],[56.8312,70.6292],[56.8307,70.6432],[56.7714,70.663],[56.8125,70.6729],[56.8458,70.6479],[56.9625,70.6375],[57.0146,70.6521],[57.125,70.6417],[57.1833,70.6229],[57.2562,70.6167],[57.3458,70.5958],[57.412,70.5922],[57.4021,70.6083],[57.4766,70.6193],[57.4911,70.6474],[57.4714,70.6557],[57.5245,70.6713],[57.5224,70.6932],[57.5458,70.7125],[57.612,70.7141],[57.5672,70.7318],[57.5578,70.7474],[57.4651,70.7734],[57.462,70.7849],[57.4146,70.8021],[57.3438,70.7937],[57.2583,70.8104],[57.2,70.8333],[57.1146,70.8375],[57.0438,70.8542],[56.9568,70.8859],[56.8688,70.9375],[56.8271,70.9437],[56.7682,70.9745],[56.6609,71.0026],[56.5964,71.0318],[56.5724,71.0557],[56.4839,71.0818],[56.4021,71.1271],[56.3396,71.1333],[56.2172,71.1839],[56.1995,71.2037],[56.1099,71.2599],[56.0854,71.2833],[56.0422,71.2984],[56.037,71.3495],[56.0026,71.3609],[55.9745,71.3953],[55.8859,71.4359],[55.8734,71.462],[55.8359,71.4818],[55.837,71.5036],[55.7911,71.5328],[55.7318,71.5568],[55.7328,71.5807],[55.6964,71.5943],[55.6651,71.6214],[55.6604,71.6458],[55.6359,71.6526],[55.6266,71.6891],[55.5839,71.7047],[55.5745,71.7609],[55.538,71.7839],[55.5318,71.8328],[55.5536,71.8464],[55.5234,71.863],[55.5307,71.8828],[55.4766,71.9099],[55.4396,71.9187],[55.3187,71.9187],[55.3167,71.9417],[55.4,71.9313],[55.4286,71.9432],[55.4021,71.9625],[55.388,72.0036],[55.4391,72.0318],[55.4583,72.0583],[55.4229,72.0667],[55.4172,72.0974],[55.463,72.1307],[55.5807,72.1693],[55.5599,72.1974],[55.5297,72.2089],[55.4828,72.2599],[55.4109,72.2734],[55.3672,72.2891],[55.4286,72.3068],[55.4974,72.363],[55.4786,72.4349],[55.4328,72.4234],[55.3667,72.4271],[55.3208,72.4479],[55.4896,72.4563],[55.5542,72.4563],[55.5568,72.4891],[55.5724,72.5057],[55.5021,72.5188],[55.4667,72.5604],[55.512,72.5537],[55.5208,72.5271],[55.5854,72.5271],[55.6563,72.5542],[55.6234,72.5797],[55.6599,72.5984],[55.7016,72.5984],[55.6932,72.6349],[55.6693,72.6536],[55.8771,72.6479],[55.913,72.6547],[55.9057,72.687],[55.8505,72.7172],[55.8438,72.7333],[55.7438,72.7396],[55.6917,72.7375],[55.6271,72.7458],[55.6349,72.762],[55.562,72.7703],[55.5229,72.7958],[55.6521,72.775],[55.6854,72.7625],[55.7667,72.7604],[55.863,72.7797],[55.9083,72.775],[55.9901,72.7818],[56.013,72.7714],[56.1146,72.775],[56.1599,72.8068],[56.2349,72.8443],[56.2432,72.8786],[56.2234,72.9078],[56.2474,72.9213],[56.2625,72.95],[56.225,72.9542],[56.1375,72.95],[56.0667,72.9313],[55.8958,72.9229],[55.8063,72.9396],[55.7687,72.9333],[55.6708,72.9375],[55.6833,72.95],[55.7729,72.9437],[55.7958,72.9563],[55.8943,72.9537],[55.9646,72.9667],[56.0375,72.9708],[56.1729,72.9896],[56.2938,72.9833],[56.3542,73.0042],[56.4349,73.0203],[56.2917,73.05],[56.1479,73.0458],[56.0438,73.05],[56.0125,73.0667],[56.1312,73.0667],[56.1729,73.0625],[56.2458,73.0771],[56.4917,73.1062],[56.5536,73.1068],[56.5703,73.1297],[56.5578,73.1599],[56.5193,73.1713],[56.5078,73.1891],[56.3833,73.2271],[56.2438,73.2396],[56.1188,73.2375],[56.025,73.2479],[55.9646,73.2458],[55.9724,73.2682],[55.8833,73.2667],[55.8,73.3187],[55.6042,73.3146],[55.5208,73.3187],[55.4896,73.3083],[55.4354,73.3104],[55.3375,73.325],[55.2651,73.3422],[55.2703,73.3536],[55.2271,73.3729],[55.1188,73.3792],[55.1203,73.3953],[54.9688,73.3979],[54.9708,73.4146]]],[[[129.3708,72.9833],[129.3021,72.9854],[129.2464,72.9609],[129.2437,72.9458],[129.2833,72.9354],[129.4526,72.937],[129.4958,72.95],[129.4771,72.9646],[129.3391,72.963],[129.3708,72.9833]]],[[[74.5042,73.1042],[74.3646,73.1083],[74.2521,73.0938],[74.1484,73.0474],[74.1104,73],[74.1375,72.9771],[74.3146,72.9167],[74.5443,72.8703],[74.6167,72.8438],[74.6682,72.8505],[74.6828,72.8932],[74.6422,72.9109],[74.6495,72.9547],[74.6875,72.9917],[74.7037,73.0203],[74.6839,73.0391],[74.7182,73.0547],[74.7312,73.0813],[74.6417,73.0938],[74.5042,73.1042]]],[[[122.5042,73.025],[122.4651,73.0266],[122.4276,73.012],[122.438,72.988],[122.512,73.0089],[122.5042,73.025]]],[[[129.1479,73.125],[129.0708,73.1271],[128.9854,73.1021],[128.9432,73.0776],[128.9047,73.0703],[128.8646,73.0354],[128.8083,73.0229],[128.7688,73.0271],[128.5667,72.9792],[128.4292,72.9667],[128.3979,72.9708],[128.2937,72.9354],[128.2271,72.925],[128.2208,72.9104],[128.2875,72.9104],[128.3521,72.9208],[128.4646,72.925],[128.5625,72.9104],[128.7771,72.9083],[128.7688,72.9229],[128.9312,72.9688],[129.0292,72.9729],[129.1359,73.0099],[129.1687,72.9979],[129.0964,72.987],[129.1333,72.975],[129.1875,72.975],[129.2354,72.9854],[129.2849,73.0089],[129.2964,73.0411],[129.3495,73.0609],[129.325,73.0729],[129.2229,73.1],[129.1438,73.1125],[129.1479,73.125]]],[[[129.4099,73.0432],[129.3542,73.0417],[129.3047,73.0182],[129.3271,73.0021],[129.3813,73.0042],[129.3776,73.0224],[129.4099,73.0432]]],[[[122.3833,73.0667],[122.3167,73.0729],[122.2984,73.0557],[122.3078,73.0255],[122.4104,73.0104],[122.4432,73.0234],[122.4453,73.0432],[122.3833,73.0667]]],[[[122.8125,73.0729],[122.7297,73.0745],[122.7438,73.0563],[122.8375,73.0417],[122.862,73.0526],[122.8125,73.0729]]],[[[119.5875,73.1021],[119.4542,73.0979],[119.4172,73.0818],[119.4479,73.0729],[119.5646,73.0687],[119.5953,73.0734],[119.6453,73.0537],[119.6464,73.0276],[119.7172,73.0214],[119.7099,73.0411],[119.7599,73.0526],[119.7792,73.0687],[119.7042,73.0708],[119.5875,73.1021]]],[[[119.9437,73.1583],[119.8771,73.1542],[119.7833,73.1604],[119.7662,73.1401],[119.7026,73.1307],[119.6672,73.1099],[119.6917,73.0958],[119.7937,73.0813],[119.8037,73.0568],[119.7479,73.0354],[119.7833,73.0146],[119.9729,73.0271],[120.0229,73.0271],[120.1396,73.0146],[120.1687,73.0042],[120.2708,73.0042],[120.3016,73.0151],[120.2818,73.0484],[120.4083,73.0583],[120.4036,73.0766],[120.3182,73.112],[120.2312,73.1375],[120.0813,73.1542],[119.9437,73.1583]]],[[[119.4021,73.1125],[119.325,73.1188],[119.2651,73.1068],[119.2958,73.0938],[119.3662,73.0859],[119.4021,73.1125]]],[[[76.2359,73.1922],[76.1312,73.1958],[76.1151,73.1776],[76.2188,73.1417],[76.3271,73.1271],[76.4542,73.1229],[76.6771,73.1229],[76.6807,73.1474],[76.6391,73.1641],[76.4042,73.1833],[76.2359,73.1922]]],[[[128.9943,73.1745],[128.9708,73.1813],[128.85,73.1542],[128.9245,73.1516],[128.9943,73.1745]]],[[[123.2125,73.575],[123.2771,73.5583],[123.3271,73.5729],[123.2125,73.575]]],[[[123.4104,73.6125],[123.3417,73.6167],[123.2859,73.6005],[123.3625,73.5958],[123.4104,73.6125]]],[[[86.8297,73.637],[86.7958,73.6458],[86.7479,73.6042],[86.8536,73.6151],[86.8297,73.637]]],[[[125.9104,73.6458],[125.8276,73.6516],[125.8224,73.6214],[125.875,73.6229],[125.9104,73.6458]]],[[[86.7417,73.6542],[86.6917,73.6563],[86.663,73.6339],[86.7255,73.6359],[86.7417,73.6542]]],[[[86.6609,73.6516],[86.5563,73.6458],[86.5297,73.6339],[86.5958,73.6208],[86.6479,73.6292],[86.6609,73.6516]]],[[[87.1922,73.6599],[86.9792,73.6333],[87.0104,73.6188],[87.1396,73.6271],[87.1922,73.6599]]],[[[123.8688,73.7063],[123.8271,73.6479],[123.7922,73.6484],[123.738,73.612],[123.7875,73.6083],[123.8187,73.6312],[123.8766,73.6339],[123.8672,73.6516],[123.8922,73.6651],[123.8688,73.7063]]],[[[86.9125,73.6937],[86.8562,73.6937],[86.8109,73.6797],[86.8703,73.6713],[86.9125,73.6937]]],[[[87.2104,73.7438],[87.1578,73.7432],[87.1214,73.7203],[87.0021,73.7021],[86.9625,73.675],[86.888,73.6641],[86.8693,73.6464],[86.8896,73.6354],[87.0188,73.6521],[87.1443,73.6849],[87.1526,73.7037],[87.2104,73.7271],[87.2104,73.7438]]],[[[87.3479,73.7271],[87.3021,73.7333],[87.2776,73.712],[87.3359,73.7016],[87.3479,73.7271]]],[[[123.8833,73.7542],[123.8333,73.7688],[123.7792,73.7521],[123.712,73.7453],[123.713,73.7172],[123.7609,73.7005],[123.7917,73.725],[123.8495,73.7297],[123.8026,73.7474],[123.8833,73.7542]]],[[[87.0568,73.7578],[87.0583,73.7708],[86.9812,73.7708],[86.9083,73.7542],[86.8646,73.7292],[86.9271,73.7271],[86.975,73.7396],[87.0292,73.7417],[87.0568,73.7578]]],[[[124.0266,73.8026],[123.9688,73.8063],[123.9255,73.7891],[123.8917,73.7396],[123.9724,73.7432],[123.9609,73.6964],[123.9807,73.6932],[123.9797,73.6599],[124.0839,73.6901],[124.1068,73.7182],[124.0313,73.7083],[124.0068,73.7328],[124.0875,73.7583],[124.1026,73.7766],[124.0771,73.8063],[124.0266,73.8026]]],[[[87.2562,73.8],[87.1859,73.7911],[87.1625,73.7771],[87.1917,73.7562],[87.2542,73.7562],[87.2766,73.7703],[87.2224,73.7786],[87.2562,73.8]]],[[[84.7146,73.8583],[84.6771,73.8646],[84.6146,73.8583],[84.625,73.8375],[84.6833,73.8396],[84.7146,73.8583]]],[[[86.7,73.9958],[86.6396,74.0021],[86.5849,73.9828],[86.625,73.9729],[86.7,73.9958]]],[[[86.862,74.0453],[86.8005,74.0255],[86.8938,73.9938],[86.9682,73.9943],[86.9224,74.0172],[86.9104,74.0375],[86.862,74.0453]]],[[[86.6146,74.0354],[86.5297,74.037],[86.5687,74.0188],[86.6146,74.0354]]],[[[59.1396,74.3938],[59.1125,74.3979],[59.0068,74.3828],[58.9609,74.3339],[59.075,74.3292],[59.0693,74.3557],[59.0938,74.3917],[59.1396,74.3938]]],[[[59.2599,74.4276],[59.2068,74.4234],[59.2792,74.3833],[59.362,74.4109],[59.3604,74.4271],[59.2599,74.4276]]],[[[85.3703,74.4349],[85.3104,74.4354],[85.1943,74.4213],[85.2333,74.4104],[85.3063,74.4167],[85.4292,74.4083],[85.575,74.4083],[85.6141,74.4172],[85.5271,74.4354],[85.4542,74.4313],[85.3703,74.4349]]],[[[85.0375,74.5792],[84.9667,74.5896],[84.9458,74.5771],[84.8693,74.5682],[84.8109,74.5359],[84.8839,74.5432],[84.9417,74.5646],[85.0375,74.5792]]],[[[84.5604,74.4646],[84.4943,74.4703],[84.4422,74.4505],[84.475,74.4354],[84.6062,74.4229],[84.6687,74.425],[84.7292,74.4104],[84.7688,74.425],[84.7312,74.4458],[84.65,74.4583],[84.5604,74.4646]]],[[[84.9755,74.5078],[84.875,74.5021],[84.8375,74.5104],[84.7521,74.5],[84.6396,74.4979],[84.6458,74.4771],[84.7688,74.4771],[84.8063,74.4688],[84.8812,74.4688],[84.9537,74.4797],[84.9755,74.5078]]],[[[85.3458,74.5687],[85.2792,74.575],[85.2063,74.5542],[85.1568,74.5245],[85.1932,74.5026],[85.1771,74.4812],[85.2932,74.4745],[85.3,74.4604],[85.3562,74.4521],[85.4495,74.4589],[85.475,74.4792],[85.4672,74.5036],[85.5521,74.4979],[85.6682,74.5255],[85.6563,74.5396],[85.5687,74.5396],[85.5104,74.5708],[85.3458,74.5687]]],[[[86.0125,74.5875],[85.9917,74.5917],[85.8,74.5771],[85.7568,74.5516],[85.7641,74.513],[85.6729,74.475],[85.7667,74.4792],[85.7693,74.4547],[85.8292,74.4583],[85.9396,74.4854],[86.0271,74.4792],[86.0557,74.4922],[85.9641,74.5255],[86.1125,74.5188],[86.1193,74.4922],[86.2099,74.5089],[86.2146,74.5396],[86.1333,74.55],[86.0891,74.5724],[86.0125,74.5875]]],[[[59.2687,74.5604],[59.1964,74.5495],[59.2359,74.5349],[59.2687,74.5604]]],[[[79.4703,74.6026],[79.4104,74.6021],[79.4109,74.5859],[79.3026,74.5557],[79.2984,74.5401],[79.425,74.5208],[79.5083,74.5125],[79.5359,74.5682],[79.5599,74.5734],[79.5354,74.6],[79.4703,74.6026]]],[[[86.6813,74.1042],[86.6271,74.1083],[86.5922,74.0964],[86.6417,74.0792],[86.725,74.0771],[86.7562,74.0979],[86.6813,74.1042]]],[[[85.5333,74.1854],[85.5375,74.1417],[85.5938,74.1292],[85.6937,74.1438],[85.75,74.1417],[85.7214,74.1651],[85.5333,74.1854]]],[[[82.6432,74.138],[82.5667,74.1438],[82.4875,74.1229],[82.438,74.1016],[82.4359,74.0818],[82.4875,74.0583],[82.7104,74.0521],[82.7792,74.0833],[82.7641,74.1016],[82.7146,74.1104],[82.6432,74.138]]],[[[83.4047,74.1318],[83.375,74.1354],[83.2167,74.1333],[83.0646,74.1125],[83.075,74.0917],[83.275,74.0563],[83.3562,74.0521],[83.3875,74.0833],[83.425,74.0938],[83.5417,74.0917],[83.5604,74.1167],[83.4047,74.1318]]],[[[111.1937,74.3146],[111.1188,74.3187],[111.0818,74.3109],[111.0964,74.2818],[111.1333,74.2729],[111.2,74.2729],[111.2182,74.2849],[111.1937,74.3146]]],[[[112.1542,74.5417],[112.1271,74.5479],[112.0151,74.5432],[112.0245,74.5172],[112.0068,74.4922],[112.0208,74.4417],[112.0724,74.4266],[112.0578,74.4047],[112.0255,74.3932],[112.0229,74.3583],[111.9667,74.3562],[111.9266,74.3359],[111.8167,74.3438],[111.7417,74.3667],[111.6521,74.3667],[111.5318,74.3411],[111.5068,74.3089],[111.5172,74.2901],[111.6708,74.2396],[111.8167,74.2354],[111.9542,74.2188],[112.1646,74.1438],[112.2312,74.1312],[112.4625,74.1188],[112.6375,74.0875],[112.725,74.0875],[112.8333,74.0792],[112.862,74.088],[112.9479,74.15],[112.9672,74.1766],[113.0521,74.2],[113.1333,74.1979],[113.2141,74.2089],[113.2109,74.2245],[113.2578,74.238],[113.2672,74.2599],[113.3896,74.3167],[113.3984,74.3641],[113.4307,74.3807],[113.3938,74.3917],[113.4599,74.4089],[113.4328,74.4391],[113.3187,74.4771],[113.1542,74.5021],[113.0729,74.5083],[112.7813,74.5062],[112.4979,74.5208],[112.3604,74.525],[112.2167,74.5417],[112.1542,74.5417]]],[[[86.6,73.95],[86.5833,73.9292],[86.6729,73.9187],[86.8812,73.9292],[86.9016,73.937],[86.8208,73.9542],[86.775,73.9563],[86.6833,73.9479],[86.6,73.95]]],[[[124.6813,73.8917],[124.6438,73.9042],[124.4708,73.9042],[124.4557,73.8859],[124.3458,73.8875],[124.2547,73.8682],[124.3208,73.8521],[124.3828,73.8453],[124.4234,73.8255],[124.5375,73.8187],[124.5896,73.8313],[124.5938,73.8438],[124.6682,73.8464],[124.6589,73.862],[124.7057,73.8714],[124.6813,73.8917]]],[[[83.9901,74.0234],[83.925,74.0271],[83.8734,74.0182],[83.9,73.9979],[84.0375,73.9979],[84.1396,73.9854],[84.1563,73.9771],[84.2688,73.9604],[84.3562,73.9625],[84.3766,73.9755],[84.3536,73.9953],[84.2333,74.0083],[84.0917,74.0042],[83.9901,74.0234]]],[[[140.7854,74.2688],[140.6667,74.2708],[140.5042,74.2646],[140.2979,74.2417],[140.2359,74.2245],[140.1964,74.1995],[140.2021,74.1708],[140.163,74.0839],[140.2026,74.038],[140.3182,73.9828],[140.3297,73.9547],[140.4026,73.9234],[140.4417,73.9167],[140.5604,73.9354],[140.7729,73.95],[140.8687,73.975],[140.9604,73.9771],[140.9932,73.9838],[141.0443,74.0224],[141.0724,74.062],[141.0682,74.0797],[141.0297,74.1141],[141.0599,74.1255],[141.1037,74.163],[141.1078,74.1891],[141.0599,74.2328],[140.9812,74.2562],[140.8833,74.2688],[140.7854,74.2688]]],[[[135.4917,74.2271],[135.462,74.2182],[135.4661,74.1818],[135.4464,74.162],[135.4958,74.1333],[135.612,74.1391],[135.6125,74.1271],[135.7057,74.0953],[135.7484,74.038],[135.8875,73.9958],[135.9292,73.9896],[136.0224,73.9599],[136.0703,73.9349],[136.0708,73.9083],[136.1667,73.8771],[136.2182,73.8797],[136.2667,73.9042],[136.3099,73.9089],[136.287,73.9474],[136.2391,73.9651],[136.262,73.9807],[136.2063,73.9896],[136.1047,74.0318],[136.0995,74.0432],[136.0167,74.0833],[135.9396,74.1104],[135.8583,74.1292],[135.8,74.1542],[135.7479,74.1625],[135.6,74.2188],[135.4917,74.2271]]],[[[128.6104,73.2833],[128.5292,73.2875],[128.4818,73.2828],[128.4734,73.2651],[128.5646,73.2667],[128.6104,73.2833]]],[[[118.825,73.3521],[118.7813,73.3646],[118.6979,73.3396],[118.6505,73.3328],[118.6667,73.3146],[118.7583,73.3146],[118.7953,73.3255],[118.825,73.3521]]],[[[70.8818,73.4734],[70.7458,73.4708],[70.6479,73.4542],[70.5708,73.4542],[70.5057,73.4359],[70.3464,73.4016],[70.3307,73.388],[70.2141,73.363],[70.1604,73.3688],[70.2188,73.4],[70.2542,73.3958],[70.3146,73.4083],[70.4063,73.4187],[70.4234,73.4328],[70.3292,73.4417],[70.2359,73.4245],[70.1297,73.3807],[70.0813,73.3938],[70.0089,73.3734],[70.0484,73.3307],[70.0542,73.2917],[70.0422,73.2589],[70.0495,73.2234],[70.0016,73.1276],[69.9755,73.1078],[69.9568,73.063],[69.9313,73.0542],[69.9568,73.013],[70.0646,73],[70.1333,73],[70.1,73.0188],[70.0443,73.0297],[69.9812,73.0542],[70.0687,73.0563],[70.0896,73.0792],[70.1687,73.075],[70.1911,73.0495],[70.1818,73.0318],[70.2125,73.0208],[70.3229,73.0229],[70.3771,73.0104],[70.4792,73.0208],[70.5313,73.0417],[70.6542,73.0667],[70.6792,73.0667],[70.8458,73.0979],[70.9229,73.1083],[70.9896,73.0979],[71.1062,73.0958],[71.1896,73.1021],[71.2708,73.1229],[71.3771,73.1563],[71.675,73.1542],[71.6412,73.2078],[71.5849,73.2536],[71.4995,73.2974],[71.4187,73.3208],[71.4026,73.313],[71.4828,73.2922],[71.3354,73.2771],[71.3057,73.2568],[71.2438,73.2521],[71.1146,73.2562],[71.0078,73.2547],[70.9943,73.2662],[71.1604,73.2667],[71.25,73.2729],[71.2359,73.2932],[71.2849,73.3005],[71.2896,73.3146],[71.3516,73.3266],[71.3047,73.3401],[71.3375,73.3542],[71.2932,73.3786],[71.2536,73.3734],[71.1464,73.3422],[71.1307,73.3766],[71.0943,73.4047],[71.1036,73.4213],[71.1896,73.4229],[71.2167,73.4021],[71.2682,73.4078],[71.1479,73.4375],[71.0437,73.4563],[70.8818,73.4734]]],[[[54.1375,73.4333],[54.0375,73.4354],[54.0646,73.4187],[54.1375,73.4333]]],[[[127.7188,73.5208],[127.6542,73.525],[127.6068,73.5057],[127.6318,73.4797],[127.6604,73.4729],[127.7521,73.4792],[127.9417,73.4833],[127.9292,73.4958],[127.7188,73.5208]]],[[[123.2688,73.5083],[123.1604,73.5083],[123.1724,73.4932],[123.2521,73.4938],[123.2688,73.5083]]],[[[80.3938,73.5229],[80.2786,73.5286],[80.2625,73.5042],[80.2937,73.4833],[80.4474,73.4797],[80.4563,73.4896],[80.3734,73.4964],[80.3938,73.5229]]],[[[126.6891,73.4505],[126.6484,73.4578],[126.5193,73.4099],[126.5729,73.3792],[126.7021,73.3792],[126.6646,73.3938],[126.6891,73.4505]]],[[[126.9271,73.4521],[126.8505,73.4537],[126.8505,73.437],[126.9474,73.438],[126.9271,73.4521]]],[[[76.012,73.5099],[75.9292,73.5188],[75.7979,73.5104],[75.7854,73.5208],[75.6625,73.5146],[75.6432,73.4901],[75.587,73.4859],[75.6088,73.4682],[75.5922,73.4505],[75.6271,73.4375],[75.7208,73.4208],[75.7917,73.4292],[75.9036,73.4318],[75.8599,73.4641],[75.8812,73.4917],[75.9792,73.5104],[76.012,73.5099]]],[[[127.6224,73.5214],[127.4896,73.5188],[127.5458,73.4958],[127.5922,73.5036],[127.6224,73.5214]]],[[[125.7854,73.5854],[125.6693,73.5641],[125.7286,73.5453],[125.7338,73.5172],[125.7974,73.5141],[125.7979,73.4875],[125.8542,73.4896],[125.8208,73.5208],[125.7568,73.5214],[125.7901,73.5484],[125.7854,73.5854]]],[[[142.0917,73.9042],[142.0625,73.9083],[141.9438,73.9021],[141.8167,73.9021],[141.6417,73.8833],[141.4937,73.8625],[141.4146,73.8438],[141.3375,73.8354],[141.2458,73.8375],[141.1646,73.8583],[141.0958,73.85],[141.0016,73.8068],[140.9458,73.7875],[140.9099,73.7484],[140.8568,73.7068],[140.9354,73.7104],[140.9563,73.7375],[141.0083,73.7375],[140.9771,73.7146],[140.8646,73.6958],[140.787,73.6109],[140.7391,73.5734],[140.6391,73.5234],[140.3708,73.4437],[140.1521,73.4417],[140.0583,73.4333],[139.8729,73.4354],[139.8151,73.4245],[139.7713,73.4047],[139.8057,73.3932],[139.8792,73.3396],[140.0208,73.3458],[140.1479,73.3667],[140.2729,73.3812],[140.3292,73.4021],[140.5479,73.425],[140.6854,73.4271],[140.8354,73.4187],[140.9312,73.4083],[140.9937,73.3896],[141.1042,73.3771],[141.1667,73.3583],[141.2042,73.3583],[141.3,73.3375],[141.4667,73.3083],[141.5688,73.3021],[141.6083,73.2937],[141.7437,73.2813],[141.8167,73.2813],[141.9021,73.2688],[141.9979,73.2646],[142.0917,73.2542],[142.3313,73.2479],[142.4411,73.2266],[142.525,73.2188],[142.6208,73.2292],[142.725,73.2292],[142.9542,73.2021],[143.0833,73.1958],[143.2146,73.1813],[143.2979,73.1813],[143.3958,73.1958],[143.4708,73.2125],[143.5974,73.2109],[143.5276,73.2422],[143.4953,73.2995],[143.487,73.3453],[143.4693,73.3568],[143.4818,73.4036],[143.5724,73.4318],[143.5557,73.4578],[143.4979,73.4854],[143.4193,73.4943],[143.4417,73.5167],[143.4099,73.5516],[143.3755,73.5568],[143.2828,73.6016],[143.1687,73.6375],[143.0708,73.6583],[142.9271,73.7083],[142.8375,73.725],[142.7625,73.75],[142.6271,73.8083],[142.4974,73.837],[142.2563,73.8542],[142.0917,73.9042]]],[[[86.1729,74.6083],[86.0792,74.6083],[86.0458,74.5958],[86.15,74.5875],[86.1729,74.6083]]],[[[152.8021,76.1708],[152.7667,76.1792],[152.6354,76.1792],[152.5484,76.1516],[152.6271,76.1208],[152.7542,76.0896],[152.8474,76.1026],[152.8432,76.1266],[152.8021,76.1708]]],[[[90.075,77.1229],[90.0292,77.1312],[89.9104,77.1292],[89.9484,77.1047],[90.1708,77.0813],[90.2078,77.1005],[90.075,77.1229]]],[[[88.7963,77.1109],[88.7646,77.1188],[88.6964,77.0891],[88.7104,77.0521],[88.8375,77.05],[88.8875,77.0375],[88.937,77.063],[88.9313,77.075],[88.7963,77.1109]]],[[[89.0042,77.1333],[88.8688,77.1354],[88.9625,77.1146],[89.0042,77.1333]]],[[[82.3396,77.525],[82.2021,77.5292],[82.1797,77.5214],[82.2641,77.4953],[82.2562,77.4833],[82.3708,77.4729],[82.5417,77.4708],[82.575,77.4938],[82.4667,77.5229],[82.3396,77.525]]],[[[101.4979,77.6354],[101.4,77.6229],[101.4464,77.6141],[101.4979,77.6354]]],[[[91.9495,77.6547],[91.8464,77.6495],[91.8568,77.6193],[91.8854,77.6],[92.0917,77.6021],[92.1495,77.613],[92.0833,77.6354],[91.9495,77.6547]]],[[[102.2318,77.3641],[102.1646,77.375],[102.0703,77.3547],[102.1208,77.35],[102.2318,77.3641]]],[[[106.8349,77.4505],[106.7562,77.4563],[106.7172,77.4453],[106.6937,77.4208],[106.6203,77.4099],[106.6646,77.3708],[106.7458,77.3708],[106.7828,77.3859],[106.7708,77.4042],[106.8651,77.4161],[106.9083,77.4354],[106.8349,77.4505]]],[[[101.25,77.6813],[101.1266,77.6724],[101.1333,77.6604],[101.2125,77.6563],[101.25,77.6813]]],[[[89.5687,77.3021],[89.4229,77.3],[89.3229,77.2896],[89.2234,77.2516],[89.1964,77.2068],[89.2203,77.187],[89.3625,77.1687],[89.4521,77.1521],[89.5896,77.1708],[89.6745,77.2068],[89.7203,77.2349],[89.6339,77.2443],[89.6333,77.2667],[89.5771,77.2792],[89.6646,77.2937],[89.5687,77.3021]]],[[[105.9854,77.275],[105.9271,77.2813],[105.8359,77.2745],[105.8396,77.2396],[105.8938,77.2396],[105.9646,77.2542],[105.9854,77.275]]],[[[106.0891,77.3089],[106.0109,77.312],[106.0042,77.2875],[106.0667,77.2875],[106.0891,77.3089]]],[[[107.45,77.3354],[107.3854,77.3271],[107.3708,77.3021],[107.313,77.2963],[107.3099,77.2745],[107.4714,77.2641],[107.4521,77.2354],[107.3,77.2125],[107.4521,77.2104],[107.4812,77.2292],[107.5333,77.2271],[107.5792,77.2479],[107.7125,77.2521],[107.6672,77.2786],[107.7625,77.3],[107.7599,77.3182],[107.7021,77.3313],[107.6396,77.3104],[107.45,77.3354]]],[[[82.1474,75.1234],[82.1125,75.1438],[82.0651,75.1182],[82.0833,75.1],[82.1453,75.1068],[82.1474,75.1234]]],[[[88.2396,75.1979],[88.1833,75.2042],[88.1771,75.1771],[88.2417,75.1687],[88.2396,75.1979]]],[[[81.9667,75.4354],[81.9292,75.4313],[81.9995,75.3953],[81.9521,75.3625],[81.8812,75.3625],[81.7937,75.3729],[81.7583,75.3896],[81.6922,75.4036],[81.6286,75.3682],[81.6167,75.3396],[81.6854,75.3396],[81.7286,75.3307],[81.7063,75.3146],[81.6578,75.3089],[81.6755,75.288],[81.7578,75.2786],[81.8125,75.2833],[81.8313,75.3042],[81.9109,75.3026],[81.9287,75.2932],[81.9276,75.2589],[81.9766,75.2214],[81.9484,75.2037],[81.9708,75.1833],[82.0557,75.1818],[82.0234,75.2026],[82.0234,75.237],[82.1021,75.2562],[82.0745,75.2974],[82.0422,75.3141],[82.0687,75.325],[82.137,75.3214],[82.2708,75.3313],[82.325,75.3104],[82.362,75.3339],[82.3109,75.3547],[82.2412,75.4005],[82.15,75.4042],[82.1286,75.4234],[82.0583,75.4354],[81.9667,75.4354]]],[[[112.9917,74.6667],[112.9292,74.6771],[112.9464,74.6443],[112.9912,74.6484],[112.9917,74.6667]]],[[[87.0437,74.9812],[87.0083,74.9896],[86.9563,74.975],[86.8292,74.9708],[86.8021,74.9563],[86.7125,74.95],[86.6417,74.9563],[86.6708,74.975],[86.5693,74.9745],[86.5766,74.9474],[86.5349,74.9287],[86.6646,74.9083],[86.6208,74.8896],[86.4938,74.8854],[86.4396,74.9021],[86.3562,74.9104],[86.2953,74.9089],[86.2318,74.8912],[86.3271,74.8479],[86.4521,74.8438],[86.5521,74.8479],[86.5813,74.8333],[86.6412,74.838],[86.6979,74.8271],[86.8292,74.8271],[86.8771,74.8021],[86.9974,74.8318],[86.9724,74.8453],[86.8958,74.8333],[86.8396,74.8354],[86.7849,74.8693],[86.7068,74.8974],[86.7729,74.9125],[86.8333,74.9125],[86.8724,74.8932],[86.9125,74.8896],[86.9417,74.8708],[86.9958,74.8854],[87.1125,74.8875],[87.1318,74.9078],[87.1849,74.9318],[87.125,74.95],[87.0734,74.9547],[87.0437,74.9812]]],[[[85.5318,74.7839],[85.4667,74.7979],[85.3812,74.7708],[85.3125,74.7646],[85.2021,74.7625],[85.1499,74.7479],[85.1896,74.7333],[85.2792,74.7354],[85.3667,74.75],[85.438,74.7286],[85.5333,74.7125],[85.5401,74.7286],[85.5833,74.7438],[85.6333,74.7438],[85.6359,74.713],[85.6813,74.7083],[85.7141,74.7234],[85.6568,74.7401],[85.6599,74.7609],[85.6271,74.7917],[85.5318,74.7839]]],[[[86.5625,74.825],[86.5062,74.8292],[86.5042,74.7958],[86.5474,74.7807],[86.538,74.7516],[86.5833,74.7417],[86.6667,74.7438],[86.6255,74.7651],[86.6234,74.7828],[86.7396,74.7625],[86.7922,74.7932],[86.7854,74.8042],[86.6896,74.8],[86.6062,74.825],[86.5625,74.825]]],[[[85.8912,74.8693],[85.8417,74.8729],[85.7943,74.837],[85.8125,74.8104],[85.775,74.7917],[85.8771,74.7917],[85.9287,74.8026],[85.8958,74.8187],[85.8714,74.8484],[85.8912,74.8693]]],[[[146.5146,75.5854],[146.4214,75.5766],[146.3797,75.5411],[146.4167,75.475],[146.3609,75.4516],[146.3537,75.4339],[146.2651,75.4141],[146.2276,75.3891],[146.2255,75.3693],[146.2875,75.3104],[146.2901,75.2797],[146.2333,75.25],[146.1234,75.2297],[146.2208,75.1917],[146.3417,75.1604],[146.4646,75.1521],[146.5562,75.1396],[146.6187,75.1208],[146.6958,75.1146],[146.9563,75.0542],[147.0604,75.0271],[147.0589,75.0193],[147.1396,75],[147.2729,74.9854],[147.425,74.9729],[147.5958,74.9688],[147.7182,74.9432],[147.7828,74.9099],[147.9411,74.8662],[148.0068,74.8276],[148.1589,74.7859],[148.3146,74.7667],[148.3708,74.7688],[148.5604,74.75],[148.6167,74.75],[148.7021,74.7375],[148.8729,74.7396],[148.9833,74.7292],[149.1771,74.7271],[149.2167,74.7354],[149.4187,74.7417],[149.475,74.75],[149.6922,74.7589],[149.7667,74.7813],[149.8625,74.7854],[149.9042,74.7979],[149.9917,74.8021],[150.0729,74.8187],[150.1563,74.8208],[150.4146,74.8417],[150.5167,74.8604],[150.6271,74.8625],[150.6474,74.8818],[150.6589,74.9266],[150.6995,74.9568],[150.6568,74.987],[150.7047,75.0141],[150.8037,75.0484],[150.8328,75.0818],[150.8917,75.1062],[150.962,75.1234],[150.8896,75.1458],[150.7854,75.1438],[150.7234,75.1307],[150.725,75.1042],[150.6583,75.0875],[150.5562,75.0854],[150.4458,75.1083],[150.3875,75.1146],[150.3292,75.1375],[150.2729,75.1438],[150.2943,75.1609],[150.2625,75.1833],[150.1146,75.2063],[149.9063,75.2125],[149.7646,75.2208],[149.5437,75.25],[149.4583,75.2521],[149.3875,75.2625],[149.2937,75.2583],[149.1542,75.2417],[149.1354,75.2271],[148.9729,75.2208],[148.9766,75.2037],[148.8333,75.2042],[148.7229,75.1937],[148.6167,75.2],[148.5604,75.2167],[148.4542,75.2188],[148.3604,75.2271],[148.3313,75.2125],[148.2318,75.2099],[148.1563,75.2],[148.1203,75.1859],[148.0875,75.2],[148.0167,75.1979],[148.0682,75.213],[148.0557,75.2526],[148.137,75.2286],[148.1047,75.212],[148.1005,75.1964],[148.1896,75.2125],[148.2875,75.2125],[148.3313,75.2354],[148.5208,75.2479],[148.5474,75.2745],[148.5151,75.2901],[148.5255,75.3359],[148.587,75.3505],[148.5646,75.375],[148.4583,75.3875],[148.3875,75.4021],[148.2521,75.4021],[148.0917,75.3917],[147.9958,75.3917],[147.8562,75.4083],[147.8104,75.4229],[147.6062,75.4396],[147.5271,75.4208],[147.3833,75.4271],[147.3401,75.4182],[147.4599,75.3995],[147.4333,75.3875],[147.3313,75.4042],[147.2604,75.3771],[147.1901,75.3662],[147.2068,75.3526],[147.3521,75.3688],[147.3667,75.3521],[147.3,75.35],[147.1333,75.3187],[147.0229,75.3187],[146.9146,75.3271],[146.8021,75.3458],[146.7318,75.3766],[146.7328,75.3953],[146.6484,75.4276],[146.6463,75.4495],[146.6708,75.475],[146.7391,75.4838],[146.7484,75.5109],[146.6922,75.5422],[146.575,75.5667],[146.5146,75.5854]]],[[[67.7979,76.9979],[67.725,77.0021],[67.6833,76.9938],[67.5792,76.9917],[67.4333,76.9792],[67.3375,76.9604],[67.337,76.9474],[67.2667,76.9271],[67.1979,76.9271],[67.0667,76.9417],[66.9542,76.9063],[67.0057,76.8891],[66.8396,76.8833],[66.7109,76.8703],[66.6984,76.8484],[66.7521,76.8375],[66.6979,76.8208],[66.6021,76.8167],[66.5021,76.825],[66.4625,76.8208],[66.4604,76.7979],[66.3625,76.775],[66.2729,76.775],[66.2318,76.7662],[66.2599,76.738],[66.225,76.7083],[66.1167,76.7292],[66.0271,76.7375],[65.95,76.7146],[65.8151,76.6495],[65.8708,76.6375],[65.9354,76.6125],[65.9979,76.6062],[66.0292,76.5896],[66.0437,76.5625],[66.0245,76.5495],[66.0646,76.5021],[65.9458,76.4958],[65.7375,76.5354],[65.6292,76.5396],[65.5687,76.5563],[65.4464,76.5391],[65.4484,76.5214],[65.3917,76.4833],[65.3063,76.4812],[65.2797,76.4464],[65.1646,76.4437],[65.1125,76.4771],[64.9729,76.475],[64.8854,76.4417],[64.9104,76.425],[64.8187,76.4229],[64.7047,76.3932],[64.7125,76.3812],[64.8021,76.375],[64.8599,76.362],[64.8432,76.3443],[64.6729,76.35],[64.5333,76.3771],[64.4958,76.3521],[64.5042,76.325],[64.45,76.325],[64.3604,76.3438],[64.2667,76.3292],[64.2401,76.312],[64.1734,76.2953],[64.2271,76.2813],[64.0693,76.2734],[64.0578,76.2932],[63.9964,76.3151],[63.9813,76.3313],[63.8042,76.325],[63.7604,76.3292],[63.6458,76.3021],[63.5755,76.2953],[63.5859,76.2755],[63.3833,76.25],[63.3229,76.2562],[63.1964,76.2328],[63.1875,76.2125],[63.1125,76.2125],[63.0568,76.2037],[63.0313,76.1854],[62.9562,76.2],[62.8979,76.1958],[62.9,76.2188],[62.8187,76.2208],[62.8,76.2479],[62.7297,76.2557],[62.6396,76.1917],[62.5271,76.1583],[62.4938,76.1687],[62.3729,76.1729],[62.3599,76.1818],[62.3859,76.212],[62.4141,76.2214],[62.4104,76.2521],[62.35,76.2562],[62.1937,76.2458],[62.1479,76.2521],[62.0187,76.25],[61.8979,76.2562],[61.8563,76.2854],[61.7833,76.2729],[61.6917,76.2979],[61.6167,76.2958],[61.5729,76.2792],[61.4917,76.2917],[61.3604,76.2937],[61.2083,76.2813],[61.0646,76.2604],[60.9953,76.2214],[60.9505,76.2047],[61.0099,76.1932],[60.9484,76.1807],[60.9,76.1458],[60.9688,76.1292],[61.1437,76.1354],[61.1974,76.1109],[61.0818,76.0849],[61.1099,76.0463],[61.0458,76.0271],[60.9688,76.0333],[60.825,76.0292],[60.8,75.9938],[60.5708,75.9896],[60.4672,75.9984],[60.4688,76.0062],[60.5557,76.0297],[60.5667,76.0417],[60.6333,76.0521],[60.6833,76.0729],[60.7687,76.0917],[60.7786,76.1016],[60.6604,76.1021],[60.5708,76.1146],[60.4896,76.1146],[60.3917,76.1021],[60.1104,76.0542],[60.0583,76.0396],[60.0563,76.0188],[60.225,76.0146],[60.2792,76.0021],[60.3438,76],[60.3443,75.9776],[60.4286,75.9703],[60.4083,75.9542],[60.3354,75.9667],[60.2875,75.9563],[60.2104,75.9604],[60.0438,75.9604],[59.9984,75.938],[60.0391,75.9224],[59.9292,75.9208],[59.8521,75.925],[59.7807,75.9026],[59.6979,75.8958],[59.5792,75.9125],[59.5062,75.9167],[59.3729,75.9125],[59.3688,75.8792],[59.325,75.8729],[59.2833,75.9],[59.1583,75.9063],[59.0464,75.8818],[59.2104,75.8688],[59.2161,75.8526],[59.125,75.8354],[59.0271,75.8542],[58.9458,75.8562],[58.8505,75.8391],[58.8495,75.8318],[58.7401,75.8057],[58.7401,75.7922],[58.8078,75.7724],[58.7755,75.7578],[58.7672,75.7359],[58.7917,75.7208],[58.6688,75.7229],[58.3917,75.6937],[58.3391,75.6713],[58.1979,75.6625],[58.1708,75.6542],[58.0896,75.6604],[57.9818,75.6328],[58.1021,75.6104],[58.1896,75.6125],[58.3021,75.6271],[58.3589,75.6245],[58.3625,75.5813],[58.3333,75.5708],[58.15,75.5667],[58.0938,75.5542],[57.9979,75.5563],[57.9437,75.5417],[57.8896,75.5437],[57.7792,75.5208],[57.6089,75.5036],[57.5609,75.4828],[57.5953,75.4641],[57.5901,75.4443],[57.6542,75.4437],[57.7328,75.4182],[57.7047,75.3703],[57.725,75.3458],[57.8375,75.3458],[57.913,75.3391],[57.9104,75.3104],[57.5313,75.3104],[57.4229,75.3354],[57.3187,75.3667],[57.2375,75.3583],[57.175,75.3708],[57.0021,75.3708],[56.8688,75.3521],[56.7026,75.2995],[56.7167,75.275],[56.8438,75.2688],[56.8672,75.2464],[57.0125,75.2438],[57.0161,75.2297],[56.9188,75.2125],[56.8583,75.2104],[56.8328,75.1984],[56.7542,75.1937],[56.7078,75.1589],[56.5859,75.1224],[56.5672,75.0943],[56.6172,75.0807],[56.5792,75.0604],[56.4771,75.0625],[56.4047,75.0537],[56.3766,75.1078],[56.3276,75.1214],[56.2938,75.1583],[56.2333,75.1542],[56.1437,75.1271],[56.1068,75.1297],[56.1005,75.1536],[56.0208,75.1583],[56.0042,75.1813],[55.9583,75.1792],[55.8708,75.1542],[55.7859,75.112],[55.7891,75.0943],[55.7547,75.0703],[55.7818,75.0578],[55.8438,75.0625],[55.9286,75.0453],[55.8734,75.0078],[55.8703,74.9797],[55.8339,74.9661],[55.8542,74.9542],[55.9979,74.9583],[56.0896,74.9875],[56.15,74.9854],[56.2,74.9958],[56.3,75],[56.3932,74.9807],[56.2661,74.9297],[56.325,74.9292],[56.3604,74.9104],[56.4375,74.9042],[56.4432,74.8818],[56.35,74.8833],[56.3,74.875],[56.1854,74.8667],[56.0021,74.8292],[55.9396,74.8104],[55.8729,74.8083],[55.8266,74.7859],[55.8396,74.7729],[55.9,74.7688],[55.9313,74.7562],[56.0313,74.7521],[56.0729,74.7625],[56.1208,74.7583],[56.1896,74.7708],[56.2583,74.7667],[56.3125,74.775],[56.3917,74.7542],[56.4792,74.7667],[56.5078,74.7484],[56.4562,74.7438],[56.4328,74.7276],[56.4958,74.725],[56.5557,74.7078],[56.6042,74.6708],[56.7583,74.6687],[56.8146,74.6875],[56.9167,74.6854],[56.9328,74.6693],[56.8937,74.6604],[56.8104,74.6625],[56.7771,74.6521],[56.6536,74.6484],[56.6292,74.6417],[56.5214,74.6443],[56.5313,74.6646],[56.4792,74.6667],[56.4125,74.6833],[56.2167,74.6625],[56.125,74.6604],[56.0729,74.6521],[56.0208,74.6312],[55.9188,74.6312],[55.8984,74.6495],[55.8458,74.6646],[55.7792,74.6604],[55.6437,74.6188],[55.6005,74.6099],[55.6182,74.5693],[55.5812,74.5375],[55.6708,74.5354],[55.7286,74.5266],[55.6964,74.5036],[55.7729,74.5],[55.8125,74.5125],[55.925,74.5146],[56.0271,74.5104],[56.062,74.5036],[56.0417,74.4604],[56.1245,74.4641],[56.15,74.4437],[56.0438,74.4333],[55.9458,74.4396],[55.8917,74.4208],[55.8125,74.4333],[55.7583,74.425],[55.65,74.4313],[55.5979,74.4167],[55.5083,74.4021],[55.3714,74.4057],[55.3682,74.3859],[55.2922,74.3516],[55.3438,74.3396],[55.4708,74.3396],[55.5417,74.3333],[55.588,74.3089],[55.6505,74.3099],[55.7104,74.3021],[55.7516,74.2693],[55.6667,74.2479],[55.6167,74.275],[55.5583,74.2667],[55.4146,74.2708],[55.2729,74.2542],[55.25,74.2854],[55.1833,74.2771],[55.1109,74.2557],[55.125,74.2333],[55.1667,74.225],[55.2542,74.225],[55.4,74.2063],[55.4896,74.1875],[55.6141,74.1724],[55.6047,74.1453],[55.6792,74.1271],[55.7833,74.1271],[55.8047,74.1068],[55.8516,74.1016],[55.8417,74.0833],[55.8984,74.0609],[55.8312,74.0604],[55.7208,74.1021],[55.6458,74.0917],[55.5646,74.1188],[55.4688,74.1229],[55.45,74.1167],[55.2979,74.1312],[55.1937,74.1604],[55.1458,74.1604],[55.0729,74.1438],[54.9479,74.1333],[54.8312,74.0979],[54.8063,74.0958],[54.6891,74.0443],[54.5922,74.0182],[54.5755,73.9943],[54.65,73.9833],[54.7208,73.9833],[54.8016,73.9745],[54.775,73.95],[54.6792,73.9583],[54.6234,73.937],[54.4125,73.925],[54.2687,73.9021],[54.1536,73.8568],[54.0917,73.8479],[54.0526,73.8234],[54.0849,73.813],[54,73.775],[53.9063,73.7604],[53.8208,73.7604],[53.7521,73.7667],[53.7005,73.7828],[53.6734,73.7578],[53.6734,73.7318],[53.7021,73.7208],[53.8396,73.6979],[53.8995,73.6807],[53.9401,73.6505],[53.9917,73.6438],[54.0042,73.6208],[54.0896,73.6042],[54.1729,73.6146],[54.2375,73.5958],[54.2813,73.6125],[54.3937,73.625],[54.4422,73.6557],[54.5667,73.6896],[54.7354,73.6833],[54.838,73.6932],[54.8526,73.6693],[54.9083,73.6854],[54.9875,73.6979],[55.0417,73.6979],[55.0995,73.7089],[55.2505,73.7078],[55.3229,73.7208],[55.3438,73.7063],[55.1958,73.6958],[55.0797,73.6787],[55.0167,73.675],[54.8937,73.6438],[54.7438,73.6417],[54.7042,73.6125],[54.6437,73.6083],[54.5526,73.587],[54.4245,73.5651],[54.3589,73.5453],[54.3432,73.5234],[54.2771,73.4917],[54.3458,73.4521],[54.3839,73.4432],[54.3161,73.4026],[54.2458,73.3875],[54.1625,73.3917],[54.0859,73.3724],[54.088,73.3443],[54.1375,73.3438],[54.2078,73.3328],[54.2375,73.3125],[54.2979,73.3146],[54.4229,73.3521],[54.4521,73.3542],[54.5068,73.3766],[54.5625,73.3896],[54.6396,73.3833],[54.7438,73.4167],[54.8125,73.4208],[54.9063,73.4354],[54.9542,73.4375],[55.0042,73.425],[55.1125,73.4208],[55.1396,73.4104],[55.2599,73.3891],[55.2917,73.3771],[55.3089,73.3464],[55.3958,73.325],[55.5625,73.3208],[55.6625,73.3354],[55.7896,73.3333],[55.8911,73.3099],[55.925,73.2917],[55.9745,73.2943],[55.9911,73.3161],[55.9734,73.3307],[55.9734,73.4016],[55.9057,73.4036],[55.888,73.4224],[55.9271,73.4271],[55.9911,73.4161],[55.988,73.3943],[56.0432,73.3745],[56.0536,73.3276],[56.0484,73.2901],[56.1063,73.2583],[56.225,73.2583],[56.3771,73.2667],[56.425,73.2562],[56.525,73.25],[56.6833,73.2312],[56.7229,73.2312],[56.7188,73.2562],[56.7505,73.287],[56.7979,73.2979],[56.7526,73.3151],[56.8151,73.3339],[56.8911,73.3057],[57.0724,73.3588],[57.1047,73.387],[57.1516,73.4068],[57.1505,73.4266],[57.1854,73.4396],[57.2349,73.4401],[57.2266,73.4912],[57.1833,73.5],[57.1167,73.5292],[57.0396,73.5375],[56.938,73.5609],[56.9104,73.5833],[56.8583,73.5792],[56.8688,73.6062],[56.7797,73.6214],[56.7401,73.6422],[56.7641,73.6703],[56.8328,73.6557],[56.8609,73.6234],[56.9599,73.6016],[56.9995,73.587],[57.1312,73.5604],[57.2125,73.5521],[57.2979,73.5521],[57.3854,73.5771],[57.5062,73.5792],[57.5458,73.5938],[57.5953,73.5984],[57.6203,73.637],[57.5568,73.6672],[57.5474,73.687],[57.5089,73.7005],[57.4839,73.7234],[57.4786,73.7516],[57.3958,73.7729],[57.2979,73.8104],[57.1979,73.8083],[57.1542,73.8208],[57.0521,73.8271],[56.9359,73.8411],[56.9667,73.8521],[57.0521,73.85],[57.3208,73.8333],[57.4,73.8333],[57.4917,73.8187],[57.5474,73.8016],[57.5422,73.7797],[57.5953,73.7703],[57.6021,73.7417],[57.6286,73.7391],[57.6417,73.7125],[57.7188,73.7188],[57.8229,73.7542],[57.887,73.7693],[57.8849,73.7891],[57.8359,73.8276],[57.8401,73.862],[57.7958,73.8688],[57.7813,73.8875],[57.8646,73.8896],[57.8724,73.9036],[57.8172,73.9234],[57.7995,73.9495],[57.7547,73.9589],[57.712,73.9828],[57.6276,74.0047],[57.5797,74.0234],[57.5438,74.0563],[57.4188,74.0542],[57.375,74.0687],[57.5411,74.0776],[57.5187,74.1229],[57.4672,74.1401],[57.4557,74.1599],[57.3667,74.1854],[57.3901,74.2037],[57.4729,74.1937],[57.5563,74.1708],[57.6266,74.1349],[57.7146,74.0437],[57.7875,74.0375],[57.8792,74.0083],[58.0083,73.9875],[58.0729,73.9875],[58.1083,73.9729],[58.1724,73.9849],[58.2458,73.9854],[58.2391,74.0141],[58.1583,74.0417],[58.1828,74.0526],[58.1953,74.0807],[58.1547,74.1141],[58.1854,74.125],[58.2896,74.1104],[58.263,74.0911],[58.3375,74.0875],[58.3151,74.1141],[58.5411,74.1203],[58.3604,74.1333],[58.2651,74.1526],[58.2854,74.1625],[58.4109,74.1609],[58.4797,74.1484],[58.5318,74.1609],[58.5307,74.1787],[58.637,74.1943],[58.5917,74.2167],[58.675,74.2271],[58.7167,74.2417],[58.6693,74.3037],[58.6979,74.3167],[58.613,74.3693],[58.6641,74.4016],[58.5859,74.4297],[58.5812,74.4521],[58.513,74.4734],[58.4938,74.5],[58.4396,74.5062],[58.3917,74.5],[58.3375,74.5125],[58.213,74.5276],[58.2047,74.5432],[58.2708,74.5583],[58.3542,74.5333],[58.4063,74.5313],[58.5563,74.5083],[58.5917,74.4979],[58.7208,74.4854],[58.7714,74.4651],[58.9208,74.4313],[58.9792,74.4333],[59.0604,74.4229],[59.1432,74.4255],[59.1312,74.4458],[59.0734,74.4547],[59.0651,74.4724],[59.1182,74.5078],[59.1193,74.5328],[59.1724,74.5932],[59.1328,74.6162],[59.2047,74.6297],[59.1896,74.6479],[59.1089,74.6734],[59.0911,74.7078],[59.1536,74.7203],[59.163,74.6964],[59.2354,74.6771],[59.3104,74.675],[59.3297,74.6589],[59.4141,74.6328],[59.4562,74.6083],[59.5016,74.6036],[59.5255,74.5859],[59.5979,74.5708],[59.75,74.5667],[59.7938,74.5917],[59.8521,74.5958],[59.862,74.6349],[59.8411,74.662],[59.7464,74.6797],[59.7391,74.7016],[59.6458,74.7042],[59.5792,74.7188],[59.5984,74.7505],[59.6625,74.7167],[59.7375,74.725],[59.9146,74.7063],[60.0458,74.7083],[60.1292,74.7208],[60.2042,74.7208],[60.2786,74.7401],[60.3099,74.763],[60.3036,74.7849],[60.2026,74.7963],[60.2016,74.8161],[60.1651,74.8276],[60.1651,74.8453],[60.2458,74.8375],[60.3729,74.8354],[60.5292,74.8396],[60.5792,74.8604],[60.6328,74.9089],[60.5771,74.9417],[60.5167,74.9458],[60.4396,74.9375],[60.2771,74.9417],[60.1141,74.9359],[59.9688,74.975],[60.0458,74.9792],[60.1771,74.9708],[60.3146,74.9812],[60.4474,75.0068],[60.4474,75.0266],[60.4089,75.0391],[60.5161,75.0609],[60.5182,75.0891],[60.5625,75.0979],[60.6151,75.0859],[60.5953,75.0495],[60.6109,75.0255],[60.6833,75.0104],[60.762,75.0151],[60.8141,75.063],[60.7708,75.0854],[60.8349,75.1047],[60.775,75.125],[60.8333,75.1479],[60.9536,75.1484],[60.9714,75.1641],[61.0917,75.1687],[61.1286,75.1859],[61.1245,75.2224],[61.2062,75.225],[61.2276,75.2474],[61.3401,75.2891],[61.4021,75.2875],[61.4063,75.2562],[61.3875,75.25],[61.3859,75.2109],[61.4813,75.2083],[61.5516,75.2276],[61.5464,75.2453],[61.6271,75.2562],[61.6292,75.275],[61.6839,75.2839],[61.6547,75.3109],[61.7255,75.3401],[61.8682,75.3609],[61.9063,75.3792],[61.8589,75.3964],[61.9016,75.4109],[61.8984,75.4307],[61.9833,75.4333],[62.2271,75.4313],[62.2521,75.4167],[62.3146,75.4167],[62.3563,75.4417],[62.4375,75.45],[62.5146,75.475],[62.6333,75.4938],[62.7146,75.5],[62.8391,75.5214],[62.8604,75.5375],[63.0328,75.5661],[63.1875,75.5583],[63.3688,75.5771],[63.3937,75.5917],[63.45,75.5917],[63.5307,75.6109],[63.5776,75.6474],[63.6083,75.6479],[63.6911,75.6932],[63.7417,75.6563],[63.8182,75.6422],[63.7464,75.6224],[63.8083,75.6125],[63.8443,75.6453],[63.9021,75.6583],[63.9813,75.6563],[64.0557,75.6713],[64.1172,75.7037],[64.175,75.7188],[64.2438,75.725],[64.3583,75.725],[64.4057,75.7338],[64.4688,75.7271],[64.5062,75.7354],[64.6083,75.7375],[64.7521,75.7729],[64.8688,75.775],[64.8958,75.7937],[64.9875,75.7958],[65.062,75.8068],[65.1667,75.7958],[65.1771,75.8167],[65.2625,75.8354],[65.3292,75.8396],[65.4125,75.8667],[65.5083,75.8771],[65.5729,75.9021],[65.6125,75.9021],[65.7438,75.925],[65.8146,75.9146],[65.9578,75.9401],[65.9604,75.9604],[66.0375,75.9688],[66.1208,75.9625],[66.3042,76.0021],[66.3505,75.988],[66.4271,75.9875],[66.5417,76.0125],[66.6729,76.0313],[66.8521,76.0437],[66.9271,76.0521],[66.9812,76.0667],[67.1125,76.075],[67.175,76.0896],[67.3161,76.1088],[67.3255,76.1245],[67.4646,76.1521],[67.5875,76.1583],[67.625,76.175],[67.7214,76.1911],[67.8375,76.1979],[67.8484,76.212],[67.9875,76.2375],[68.088,76.2432],[68.1479,76.2542],[68.3063,76.2458],[68.3245,76.2599],[68.2625,76.2667],[68.1964,76.2891],[68.2167,76.3063],[68.35,76.3125],[68.3714,76.3391],[68.4557,76.3484],[68.4583,76.3646],[68.4172,76.3818],[68.475,76.4],[68.625,76.4021],[68.638,76.4203],[68.7016,76.4359],[68.7167,76.4792],[68.7625,76.4854],[68.7963,76.5057],[68.8771,76.5271],[68.9495,76.5318],[68.7943,76.563],[68.8224,76.5911],[68.8255,76.6182],[68.8859,76.6516],[69.0583,76.6917],[69.0667,76.7042],[68.9651,76.7214],[68.9526,76.7557],[69.0016,76.7714],[69.0016,76.7849],[68.9063,76.7854],[68.8484,76.7984],[68.7609,76.838],[68.7609,76.8516],[68.8292,76.8604],[68.7172,76.8797],[68.6453,76.9099],[68.5104,76.9208],[68.5078,76.9349],[68.5583,76.9542],[68.4375,76.9521],[68.3125,76.9583],[68.1859,76.9589],[68.1297,76.9714],[68.1208,76.9896],[68.0042,76.9958],[67.8583,76.9938],[67.7979,76.9979]]],[[[144.9604,75.4667],[144.9328,75.4745],[144.8604,75.4583],[144.925,75.4458],[144.9604,75.4667]]],[[[137.0375,75.5854],[136.9984,75.5776],[137.0979,75.5417],[137.162,75.5484],[137.0375,75.5854]]],[[[142.1479,75.6563],[142.1,75.6604],[142.0568,75.6286],[142.1229,75.6125],[142.2104,75.6146],[142.2724,75.6318],[142.2651,75.6432],[142.1479,75.6563]]],[[[59.7146,76.0375],[59.6917,76.0437],[59.5833,76.0354],[59.6479,76.0188],[59.7146,76.0375]]],[[[59.2687,75.95],[59.1583,75.95],[59.0786,75.938],[59.0438,75.9208],[58.8068,75.8995],[58.8083,75.8854],[58.9333,75.8896],[59.1583,75.9208],[59.2583,75.9271],[59.2687,75.95]]],[[[135.7354,75.8646],[135.6833,75.8354],[135.7224,75.8287],[135.712,75.7839],[135.6609,75.7495],[135.6109,75.6787],[135.6536,75.6016],[135.6141,75.538],[135.6193,75.5214],[135.5703,75.4797],[135.5005,75.4411],[135.5776,75.3693],[135.7125,75.3688],[135.7667,75.3604],[135.8375,75.3688],[135.9787,75.4026],[136.0099,75.4307],[135.9609,75.4859],[136.0224,75.5026],[136.0828,75.5401],[136.0708,75.5479],[136.1047,75.5995],[136.1417,75.6167],[136.2266,75.6234],[136.025,75.6625],[135.9667,75.6896],[135.8901,75.713],[135.8734,75.7495],[135.8193,75.7672],[135.7797,75.8109],[135.7891,75.8203],[135.7297,75.8547],[135.7354,75.8646]]],[[[92.8854,75.8583],[92.8167,75.8604],[92.7979,75.8479],[92.6875,75.8375],[92.8125,75.8271],[92.888,75.8328],[92.8854,75.8583]]],[[[99.6766,75.8609],[99.6333,75.8646],[99.5484,75.837],[99.6021,75.825],[99.7203,75.8464],[99.6766,75.8609]]],[[[82.0672,75.8786],[82.1813,75.8625],[82.3828,75.8568],[82.3396,75.875],[82.2583,75.8729],[82.1354,75.8812],[82.0672,75.8786]]],[[[81.8104,75.9563],[81.8,75.9396],[81.8771,75.9313],[81.9729,75.9375],[81.8979,75.9521],[81.8104,75.9563]]],[[[113.7542,75.9542],[113.6646,75.9542],[113.6813,75.9396],[113.7375,75.9292],[113.7542,75.9542]]],[[[81.7234,75.9161],[81.8,75.9063],[81.9042,75.8812],[81.9646,75.8792],[82.0042,75.8896],[81.9125,75.9021],[81.8562,75.9021],[81.7234,75.9161]]],[[[99.863,75.9786],[99.7792,75.9792],[99.7172,75.9505],[99.8146,75.8875],[99.8662,75.9005],[99.8339,75.9203],[99.888,75.9453],[99.863,75.9786]]],[[[82.6542,75.9854],[82.5792,75.9833],[82.5818,75.963],[82.6958,75.9375],[82.7958,75.9354],[82.9021,75.95],[82.9547,75.9453],[82.9354,75.9167],[83.0146,75.925],[83.1479,75.925],[83.2146,75.9146],[83.2807,75.9297],[83.25,75.95],[83.1729,75.95],[83.1271,75.9583],[82.9542,75.9583],[82.85,75.9729],[82.7354,75.9771],[82.6542,75.9854]]],[[[92.6984,75.9891],[92.5958,75.9979],[92.5917,75.9708],[92.6958,75.9688],[92.6984,75.9891]]],[[[96.2203,76.337],[96.1937,76.3479],[96.0922,76.3349],[96.1234,76.3193],[96.2083,76.325],[96.2203,76.337]]],[[[96.6687,76.3396],[96.5792,76.3354],[96.5146,76.3458],[96.3917,76.3417],[96.3938,76.3271],[96.4688,76.3292],[96.6333,76.3167],[96.687,76.3078],[96.7682,76.3297],[96.7521,76.3396],[96.6687,76.3396]]],[[[59.4896,76.0479],[59.4005,76.0349],[59.3917,76.0167],[59.4562,76.0167],[59.5214,76.0391],[59.4896,76.0479]]],[[[139.0583,76.1979],[139.0396,76.1917],[138.8521,76.2],[138.8042,76.1854],[138.7021,76.1813],[138.6313,76.1687],[138.5708,76.1687],[138.4901,76.1432],[138.4995,76.113],[138.4807,76.1005],[138.4604,76.0479],[138.4172,76.0682],[138.4307,76.0849],[138.3333,76.1271],[138.2563,76.1188],[138.1755,76.0859],[138.1953,76.0589],[138.1146,76.0021],[138.0172,75.9932],[137.9792,76],[137.8021,75.9938],[137.6771,75.9958],[137.6313,75.9875],[137.4917,75.9417],[137.4307,75.9026],[137.4234,75.8839],[137.4839,75.8526],[137.5646,75.8271],[137.5838,75.8068],[137.6687,75.7792],[137.7203,75.7703],[137.7375,75.75],[137.6396,75.7562],[137.5188,75.7396],[137.4292,75.7458],[137.3646,75.7667],[137.2417,75.7604],[137.1547,75.7266],[137.1479,75.6979],[137.212,75.687],[137.2047,75.6464],[137.2792,75.5667],[137.1984,75.5516],[137.2292,75.5125],[137.287,75.4912],[137.2943,75.4693],[137.2708,75.45],[137.1938,75.4417],[137.1672,75.4276],[137.2292,75.3958],[137.375,75.4063],[137.4807,75.3766],[137.4661,75.338],[137.4146,75.325],[137.3229,75.3167],[137.2083,75.3208],[137.1422,75.3422],[137.1229,75.3688],[137.0083,75.3604],[136.9255,75.3411],[136.9766,75.2953],[136.9568,75.2724],[136.963,75.2505],[137.0661,75.2099],[137.113,75.1797],[137.1766,75.1536],[137.1734,75.1422],[137.2339,75.1109],[137.3979,75.0458],[137.4729,75.0333],[137.5396,75.0104],[137.6521,75],[137.7505,74.9609],[137.8146,74.9458],[137.9151,74.9328],[137.8896,74.925],[137.9193,74.8901],[137.9932,74.8495],[137.9922,74.8339],[138.0557,74.8161],[138.1833,74.75],[138.2458,74.7542],[138.4021,74.7396],[138.4667,74.7292],[138.6104,74.7229],[138.7042,74.7146],[138.7234,74.7037],[138.8542,74.6854],[138.925,74.6604],[138.9771,74.6563],[139.0625,74.6333],[139.1375,74.6333],[139.2958,74.6521],[139.4536,74.7005],[139.575,74.7958],[139.5734,74.813],[139.6182,74.8307],[139.5089,74.8609],[139.5271,74.9167],[139.65,74.9646],[139.7182,74.9807],[139.8167,74.9792],[139.8568,74.9568],[139.9453,74.9474],[139.9089,74.9255],[140.0349,74.8776],[140.0276,74.8547],[140.1224,74.8391],[140.1604,74.8229],[140.2688,74.8146],[140.4036,74.8349],[140.4375,74.8354],[140.5896,74.8583],[140.6583,74.8625],[140.925,74.8917],[141.1938,74.9063],[141.4375,74.925],[141.575,74.9313],[141.6229,74.9583],[141.7745,74.9734],[141.8047,74.988],[141.8771,75],[142.1208,74.9958],[142.1979,75.0083],[142.2412,75.0016],[142.2276,74.9693],[142.3484,74.9276],[142.3021,74.9125],[142.2557,74.9422],[142.2104,74.9563],[142.1104,74.9625],[142.0271,74.9604],[141.9833,74.9125],[142.1438,74.8708],[142.1812,74.8542],[142.2854,74.8271],[142.4187,74.8],[142.4937,74.7896],[142.5625,74.7979],[142.6286,74.8151],[142.6484,74.8495],[142.7057,74.8547],[142.7354,74.8896],[142.8083,74.8875],[142.8641,74.8703],[142.9349,74.8735],[142.9396,74.8917],[143.0203,74.8922],[143.0604,74.875],[143.1958,74.8833],[143.25,74.8917],[143.325,74.8854],[143.4271,74.8875],[143.5479,74.8979],[143.5776,74.912],[143.6812,74.9313],[143.6974,74.9557],[143.5896,74.9958],[143.4958,75],[143.3958,74.9958],[143.2917,75.025],[143.1417,75.0375],[143.075,75.0563],[142.9375,75.0667],[142.8042,75.0646],[142.75,75.0708],[142.6443,75.1026],[142.6266,75.1349],[142.5734,75.1505],[142.5641,75.1724],[142.5063,75.1833],[142.4547,75.2089],[142.4771,75.2625],[142.4396,75.2854],[142.2771,75.3021],[142.238,75.3266],[142.2276,75.3516],[142.1917,75.3625],[142.1463,75.413],[142.1745,75.4422],[142.1568,75.4724],[142.1828,75.4849],[142.0984,75.5026],[142.1104,75.5292],[142.0797,75.538],[142.1453,75.5589],[142.1484,75.5766],[142.1932,75.5891],[142.1521,75.6021],[142.1,75.5958],[141.9839,75.6088],[142.013,75.6432],[141.9859,75.6578],[142.0562,75.675],[142.1833,75.6625],[142.2813,75.6604],[142.4208,75.6667],[142.4411,75.6776],[142.4047,75.6974],[142.2828,75.6953],[142.2693,75.7068],[142.3458,75.7333],[142.4729,75.7375],[142.513,75.7255],[142.6229,75.7271],[142.7437,75.7458],[142.7979,75.725],[142.9375,75.725],[142.9979,75.7208],[143.0583,75.7021],[143.0432,75.6911],[143.0891,75.6745],[143.087,75.6214],[143.0234,75.5849],[142.9182,75.5568],[142.8146,75.5437],[142.7125,75.5125],[142.6896,75.4833],[142.6042,75.4542],[142.6162,75.438],[142.5505,75.3932],[142.5578,75.3672],[142.5417,75.3396],[142.6187,75.3208],[142.7042,75.3125],[142.7557,75.2911],[142.7401,75.2651],[142.7932,75.2495],[142.7854,75.225],[142.8792,75.2229],[142.9078,75.1932],[142.9089,75.1672],[142.9708,75.1375],[143.0479,75.1396],[143.0734,75.1172],[143.1146,75.1062],[143.2,75.1042],[143.3229,75.0646],[143.4208,75.05],[143.5188,75.0542],[143.5896,75.0667],[143.7104,75.0625],[143.7958,75.0667],[143.9208,75.0542],[143.9287,75.038],[143.9812,75.0375],[143.9854,75.0208],[144.0703,75.0255],[144.0938,75.0354],[144.1833,75.0354],[144.2771,75.0479],[144.3813,75.0479],[144.5083,75.0938],[144.5625,75.1021],[144.7307,75.1536],[144.738,75.1807],[144.7703,75.213],[144.7672,75.2307],[144.8125,75.2521],[144.9167,75.2688],[144.7583,75.3167],[144.7589,75.3474],[144.787,75.363],[144.7854,75.3958],[144.8958,75.4458],[144.8167,75.4458],[144.7396,75.4563],[144.8203,75.4724],[145.0125,75.4833],[145.0708,75.5042],[145.3083,75.5042],[145.3662,75.5349],[145.3141,75.5432],[145.2542,75.5708],[145.1458,75.5896],[145.1229,75.6],[145.0333,75.6146],[144.8687,75.6312],[144.7854,75.65],[144.7391,75.6828],[144.6417,75.7],[144.425,75.7021],[144.35,75.7208],[144.2917,75.7271],[144.1625,75.7729],[144.1229,75.775],[144.0583,75.8],[143.8646,75.825],[143.8375,75.8333],[143.6146,75.8521],[143.4958,75.85],[143.4042,75.8417],[143.338,75.8182],[143.2312,75.8104],[143.1583,75.7979],[143.0417,75.8021],[142.9187,75.8146],[142.8604,75.8292],[142.7312,75.8438],[142.6875,75.8438],[142.5854,75.8583],[142.4625,75.8875],[142.4,75.9208],[142.3,75.9625],[142.0979,76.0062],[142.0016,76.0453],[141.8776,76.0776],[141.8417,76.0958],[141.7688,76.1146],[141.6583,76.1208],[141.5313,76.1396],[141.4583,76.1625],[141.4042,76.1563],[141.4557,76.138],[141.4484,76.1276],[141.5021,76.1104],[141.5208,76.075],[141.6021,76.0292],[141.6979,76.0042],[141.6542,75.9938],[141.5729,76.0167],[141.4479,76.0208],[141.3938,76.0479],[141.4292,76.0646],[141.3208,76.0646],[141.288,76.088],[141.2297,76.0943],[141.1708,76.0542],[141.0688,76.0437],[140.9901,76.0224],[140.9812,75.9896],[140.9234,75.9266],[140.9234,75.888],[140.9792,75.875],[140.9359,75.8266],[140.9521,75.8146],[141.0292,75.8125],[141.0151,75.7953],[141.0391,75.7776],[141.013,75.7443],[141.062,75.7286],[141.088,75.6901],[141.1521,75.6542],[141.1021,75.625],[141.0271,75.6146],[140.8839,75.6068],[140.8417,75.6208],[140.7088,75.613],[140.7271,75.6417],[140.8037,75.6599],[140.6787,75.6713],[140.6474,75.6672],[140.6109,75.6422],[140.5443,75.6328],[140.4599,75.6328],[140.4193,75.6443],[140.4557,75.663],[140.4026,75.6953],[140.4667,75.7396],[140.4625,75.7562],[140.5161,75.763],[140.4479,75.7937],[140.3104,75.8042],[140.225,75.8],[140.212,75.7859],[140.0771,75.8229],[139.9896,75.8333],[139.9208,75.8667],[139.8276,75.8755],[139.8318,75.9016],[139.9661,75.9276],[139.9453,75.9495],[139.8313,75.95],[139.8208,75.9708],[139.6354,75.9812],[139.6,75.9792],[139.5557,76.0099],[139.4401,76.0339],[139.4208,76.0542],[139.2396,76.0667],[139.1734,76.088],[139.0938,76.125],[139.0505,76.1276],[139.0578,76.1516],[139.0354,76.1687],[139.0583,76.1979]]],[[[99.6833,76.0813],[99.6068,76.0693],[99.6604,76.0417],[99.775,76.0375],[99.8037,76.0516],[99.6833,76.0813]]],[[[97.3578,76.0932],[97.1937,76.0833],[97.175,76.0729],[97.0537,76.063],[96.925,76.0417],[96.8354,76.0167],[96.7396,76.0042],[96.7771,75.9771],[96.8458,75.9771],[96.9875,76],[97.1312,76.0021],[97.2078,76.0109],[97.2005,76.0349],[97.3016,76.0651],[97.3578,76.0932]]],[[[141.0646,76.1083],[140.9729,76.1083],[140.9172,76.0776],[140.9922,76.0651],[141.0833,76.0687],[141.0109,76.0995],[141.0646,76.1083]]],[[[60.4896,76.1625],[60.3542,76.1667],[60.2625,76.1521],[60.1063,76.1563],[60.0297,76.1432],[60.0099,76.1234],[59.913,76.088],[59.9792,76.0833],[60.0792,76.1],[60.2,76.0875],[60.275,76.0917],[60.288,76.1224],[60.4995,76.1526],[60.4896,76.1625]]],[[[99.7417,76.1062],[99.675,76.1125],[99.6563,76.0917],[99.787,76.0693],[99.7417,76.1062]]],[[[96.6141,76.1724],[96.5724,76.1755],[96.538,76.1474],[96.6062,76.1396],[96.6141,76.1724]]],[[[95.1792,76.2083],[95.1208,76.2021],[95.0214,76.1651],[95.125,76.15],[95.2521,76.1604],[95.1672,76.1713],[95.2021,76.1937],[95.1792,76.2083]]],[[[95.9083,76.3063],[95.7792,76.3],[95.7354,76.2792],[95.663,76.2662],[95.662,76.2443],[95.5979,76.2333],[95.5714,76.2474],[95.5042,76.2562],[95.55,76.2813],[95.3938,76.275],[95.3786,76.2401],[95.3359,76.2297],[95.363,76.2172],[95.4297,76.2099],[95.5146,76.2104],[95.5625,76.2188],[95.6026,76.1943],[95.7396,76.1896],[95.7068,76.1724],[95.7338,76.1547],[95.7937,76.1583],[95.9271,76.15],[96.0271,76.1563],[96.087,76.1516],[96.1979,76.1583],[96.3458,76.1354],[96.3917,76.1083],[96.4557,76.1151],[96.3917,76.1396],[96.4609,76.1401],[96.4729,76.1729],[96.4151,76.1755],[96.4083,76.1979],[96.325,76.1958],[96.2792,76.2146],[96.3896,76.2208],[96.412,76.2401],[96.3964,76.2568],[96.4292,76.275],[96.4828,76.2797],[96.4745,76.2974],[96.4229,76.3083],[96.3646,76.2979],[96.2833,76.2979],[96.2547,76.287],[96.2766,76.2714],[96.2318,76.262],[96.2495,76.2484],[96.1312,76.225],[96.1703,76.2776],[96.1578,76.287],[96.0062,76.2896],[95.95,76.2646],[95.9125,76.2833],[95.9083,76.3063]]],[[[95.0747,76.2688],[95.0625,76.2771],[94.9589,76.2786],[94.9703,76.2662],[94.8958,76.25],[94.8354,76.2542],[94.8604,76.2312],[94.8292,76.2104],[94.7667,76.2083],[94.6667,76.2188],[94.5057,76.2068],[94.5458,76.1958],[94.7271,76.1958],[94.8542,76.1875],[94.9307,76.2203],[94.8771,76.2396],[94.925,76.2479],[95,76.25],[95.0083,76.2667],[95.0747,76.2688]]],[[[96.562,76.2745],[96.488,76.2786],[96.513,76.238],[96.5745,76.2089],[96.6563,76.2167],[96.7037,76.238],[96.6667,76.2583],[96.562,76.2745]]],[[[97.0568,76.3203],[96.8505,76.3057],[96.8182,76.2734],[96.7109,76.212],[96.6995,76.1839],[96.7167,76.1729],[96.7937,76.1708],[96.8458,76.2],[97.087,76.2286],[96.9838,76.2505],[96.9068,76.2453],[96.7958,76.1937],[96.7547,76.212],[96.8557,76.2484],[96.8604,76.2604],[96.9458,76.2854],[96.9786,76.2724],[97.0667,76.2667],[97.1266,76.2901],[97.0568,76.3203]]],[[[95.438,76.5432],[95.3422,76.5307],[95.3339,76.5203],[95.3958,76.5062],[95.4724,76.5318],[95.438,76.5432]]],[[[94.4797,76.6797],[94.4276,76.663],[94.5188,76.6604],[94.4797,76.6797]]],[[[149.4583,76.7521],[149.3958,76.7542],[149.3083,76.7396],[149.1708,76.7396],[149.0896,76.7333],[148.8479,76.725],[148.7984,76.7161],[148.7599,76.6943],[148.575,76.6687],[148.5042,76.6458],[148.5042,76.6354],[148.7437,76.6396],[148.7547,76.6495],[148.9688,76.6479],[149.1313,76.65],[149.175,76.6333],[149.225,76.6375],[149.2151,76.6755],[149.2464,76.7057],[149.3396,76.7333],[149.4583,76.7521]]],[[[96.0229,76.7125],[95.9724,76.7005],[95.925,76.6667],[96.0354,76.6687],[96.0724,76.6911],[96.0229,76.7125]]],[[[94.4854,76.7188],[94.4792,76.6958],[94.5458,76.6917],[94.5583,76.7125],[94.4854,76.7188]]],[[[95.8276,76.7068],[95.7813,76.7188],[95.6917,76.7208],[95.6755,76.7016],[95.7063,76.6875],[95.8354,76.6917],[95.8276,76.7068]]],[[[94.0292,76.5813],[94.1417,76.5417],[94.2271,76.5563],[94.1042,76.5792],[94.0292,76.5813]]],[[[94.4396,76.6271],[94.3521,76.6354],[94.3255,76.6172],[94.4854,76.6104],[94.4396,76.6271]]],[[[95.1875,76.6646],[95.1271,76.6687],[95.1224,76.6464],[94.9854,76.65],[94.9437,76.6333],[94.8417,76.6333],[94.8151,76.6151],[94.863,76.6026],[94.9542,76.6146],[95.175,76.6125],[95.2042,76.6083],[95.3375,76.6125],[95.4161,76.6318],[95.1937,76.6417],[95.15,76.6542],[95.1875,76.6646]]],[[[97.4521,76.6833],[97.4146,76.6917],[97.3068,76.6755],[97.3583,76.6604],[97.4375,76.6604],[97.462,76.6453],[97.4151,76.6286],[97.437,76.613],[97.3646,76.5917],[97.4563,76.5917],[97.5141,76.6026],[97.4776,76.6276],[97.4958,76.6521],[97.4521,76.6833]]],[[[96.4359,76.6776],[96.3255,76.6682],[96.225,76.6854],[96.1568,76.6724],[96.1703,76.6568],[96.1245,76.6339],[95.9812,76.6375],[95.8922,76.6286],[95.9458,76.6083],[95.8901,76.5911],[95.9083,76.5771],[96.0437,76.6146],[96.0792,76.6021],[96.2224,76.5911],[96.2917,76.6062],[96.2891,76.6286],[96.3229,76.6542],[96.425,76.6542],[96.4359,76.6776]]],[[[95.5458,76.6667],[95.4792,76.6583],[95.4828,76.6359],[95.575,76.6188],[95.7312,76.625],[95.8557,76.6505],[95.8479,76.6667],[95.7037,76.662],[95.6438,76.6375],[95.5458,76.6667]]],[[[97.4708,76.8417],[97.4333,76.8542],[97.3172,76.8318],[97.4063,76.825],[97.4708,76.8417]]],[[[95.8375,76.8667],[95.75,76.8688],[95.7089,76.8588],[95.7625,76.8458],[95.8375,76.8667]]],[[[97.6141,76.8375],[97.6,76.8625],[97.5125,76.8292],[97.5917,76.825],[97.6141,76.8375]]],[[[96.2125,76.9146],[96.1312,76.9063],[96.0005,76.9057],[95.9833,76.8875],[96.0271,76.8667],[96.1563,76.8625],[96.3021,76.875],[96.3682,76.8922],[96.3187,76.9063],[96.2125,76.9146]]],[[[108.0188,76.9667],[107.9255,76.9568],[107.9375,76.9417],[108.0516,76.9589],[108.0188,76.9667]]],[[[95.8729,76.9646],[95.7651,76.9359],[95.7896,76.9187],[95.9161,76.9505],[95.8729,76.9646]]],[[[96.5021,77.175],[96.3958,77.1667],[96.2901,77.1495],[96.2042,77.1188],[96.0563,77.0896],[95.9724,77.0797],[95.9271,77.0604],[95.8375,77.0625],[95.8229,77.0521],[95.6021,77.0479],[95.5792,77.0354],[95.4604,77.0167],[95.5146,76.9979],[95.5255,76.9797],[95.825,76.9896],[95.9,77.0021],[95.9771,77.0021],[96.0589,76.9828],[96.1271,76.9938],[96.1937,76.9771],[96.2536,76.9932],[96.2125,77.0104],[96.2896,77.0208],[96.3479,77.0521],[96.4396,77.0542],[96.5432,77.0901],[96.5771,77.125],[96.5286,77.1339],[96.4792,77.1708],[96.5021,77.175]]],[[[97.6292,76.7729],[97.5271,76.7625],[97.3901,76.7662],[97.2625,76.7562],[97.2396,76.7333],[97.4354,76.7354],[97.4688,76.7167],[97.5687,76.7458],[97.6208,76.7333],[97.6708,76.7521],[97.6292,76.7729]]],[[[97.8516,76.8276],[97.8208,76.8333],[97.7229,76.825],[97.7109,76.813],[97.7667,76.7937],[97.8516,76.7911],[97.8828,76.7703],[97.937,76.7755],[97.8901,76.8026],[97.9224,76.8182],[97.8516,76.8276]]],[[[112.6854,76.4396],[112.6641,76.4193],[112.6,76.3958],[112.7203,76.3859],[112.7255,76.4245],[112.6854,76.4396]]],[[[113.2922,76.4234],[113.2484,76.4266],[113.188,76.3953],[113.1713,76.3609],[113.2208,76.35],[113.3313,76.3521],[113.4479,76.3479],[113.2901,76.3797],[113.2922,76.4234]]],[[[112.1833,76.6104],[112.1146,76.6146],[112.0208,76.6062],[112.0667,76.5813],[112.0875,76.5292],[112.2542,76.5271],[112.3557,76.5016],[112.3859,76.4714],[112.4745,76.4474],[112.4729,76.4333],[112.5896,76.425],[112.5859,76.462],[112.6162,76.4734],[112.6099,76.4922],[112.5583,76.5062],[112.5151,76.5307],[112.5167,76.55],[112.4776,76.5776],[112.4849,76.6057],[112.3979,76.6042],[112.3214,76.5901],[112.2771,76.6062],[112.1833,76.6104]]]]},"properties":{"GID_0":"RUS","ISO_A2":"RU","ISO_A3":"RUS","NAME_EN":"Russia","NAME_IT":"Russia"}}
]}