{"type":"FeatureCollection", "features": [
{"type":"Feature","geometry":{"type":"MultiPolygon","coordinates":[[[[-155.8764,20.0956],[-155.8234,20.0276],[-155.8257,19.99],[-155.8353,19.9736],[-155.8556,19.9661],[-155.8619,19.9525],[-155.8914,19.9197],[-155.9242,19.8656],[-155.9367,19.8497],[-155.96,19.8531],[-155.9803,19.8433],[-155.9865,19.8319],[-156.0267,19.7926],[-156.0503,19.7744],[-156.0537,19.736],[-156.062,19.7278],[-156.0499,19.7154],[-156.0491,19.7003],[-156.03,19.6775],[-156.0328,19.6563],[-156.0028,19.6372],[-155.9753,19.6046],[-155.9672,19.5528],[-155.9567,19.5331],[-155.96,19.5136],[-155.952,19.5058],[-155.9508,19.4869],[-155.9203,19.4769],[-155.9244,19.4625],[-155.9222,19.4364],[-155.9061,19.4131],[-155.9114,19.3983],[-155.8958,19.3767],[-155.8847,19.3322],[-155.8914,19.3197],[-155.8892,19.2886],[-155.9017,19.2481],[-155.8994,19.2111],[-155.907,19.2025],[-155.9103,19.15],[-155.9186,19.1344],[-155.9189,19.115],[-155.9072,19.0797],[-155.8836,19.0517],[-155.8819,19.0364],[-155.8508,19.0189],[-155.8308,19.0183],[-155.7953,19.0042],[-155.7593,18.9771],[-155.7233,18.9664],[-155.6864,18.9372],[-155.6773,18.9099],[-155.6378,18.9347],[-155.6183,18.9692],[-155.6,18.9683],[-155.5929,18.9956],[-155.5772,19.0208],[-155.5622,19.0306],[-155.5516,19.052],[-155.5531,19.0756],[-155.5246,19.1131],[-155.5096,19.1208],[-155.504,19.1357],[-155.4852,19.1375],[-155.4523,19.1474],[-155.4154,19.1838],[-155.3873,19.1977],[-155.3713,19.2001],[-155.3471,19.2135],[-155.3349,19.2336],[-155.3152,19.2432],[-155.2936,19.2634],[-155.262,19.271],[-155.2425,19.2683],[-155.2078,19.2562],[-155.1839,19.263],[-155.1567,19.2649],[-155.1305,19.2728],[-155.0714,19.3111],[-155.0496,19.3137],[-154.9725,19.3489],[-154.9583,19.365],[-154.9094,19.4061],[-154.8895,19.4144],[-154.8206,19.4769],[-154.8058,19.5161],[-154.8256,19.535],[-154.8664,19.5486],[-154.9031,19.5689],[-154.9264,19.5914],[-154.9444,19.6022],[-154.9442,19.6206],[-154.9753,19.6331],[-154.9822,19.6581],[-154.9781,19.6883],[-154.9918,19.7226],[-155.0022,19.7364],[-155.0208,19.7333],[-155.0311,19.74],[-155.0714,19.725],[-155.0903,19.7347],[-155.09,19.7683],[-155.0858,19.7828],[-155.0911,19.8119],[-155.0811,19.8475],[-155.0917,19.8653],[-155.1047,19.87],[-155.1239,19.8997],[-155.1572,19.9325],[-155.1856,19.9542],[-155.1953,19.9556],[-155.2119,19.9753],[-155.2381,19.9875],[-155.2746,20.0165],[-155.3281,20.0361],[-155.387,20.0645],[-155.4383,20.0925],[-155.4882,20.1071],[-155.5133,20.1119],[-155.5561,20.1289],[-155.5878,20.1188],[-155.6079,20.1362],[-155.6378,20.1456],[-155.6514,20.1647],[-155.6866,20.1791],[-155.7243,20.2004],[-155.7435,20.2288],[-155.8069,20.2572],[-155.8369,20.2672],[-155.866,20.2663],[-155.8881,20.2517],[-155.9033,20.2131],[-155.9017,20.1719],[-155.8917,20.1244],[-155.8764,20.0956]]],[[[-156.9754,20.9248],[-156.9883,20.9292],[-157.0347,20.9228],[-157.0579,20.909],[-157.0606,20.8928],[-157.0525,20.8728],[-157.0381,20.8675],[-156.9981,20.8408],[-156.9863,20.8117],[-156.9931,20.7867],[-156.9803,20.7561],[-156.9636,20.7308],[-156.9456,20.7356],[-156.887,20.7375],[-156.8671,20.7511],[-156.8435,20.7567],[-156.8287,20.7682],[-156.8056,20.8066],[-156.806,20.8216],[-156.8216,20.848],[-156.8812,20.9033],[-156.9079,20.9175],[-156.9367,20.923],[-156.9754,20.9248]]],[[[-156.5622,20.5994],[-156.5731,20.6044],[-156.6117,20.5886],[-156.6314,20.5725],[-156.6638,20.5578],[-156.6778,20.5556],[-156.6986,20.5336],[-156.6786,20.5028],[-156.6636,20.5011],[-156.6456,20.5156],[-156.6403,20.5044],[-156.6204,20.5157],[-156.6037,20.5163],[-156.5857,20.5085],[-156.5695,20.5163],[-156.5478,20.5119],[-156.5323,20.5278],[-156.5518,20.5339],[-156.5478,20.5642],[-156.5391,20.5767],[-156.5622,20.5994]]],[[[-156.5934,21.03],[-156.6097,21.0212],[-156.6395,21.0258],[-156.6417,21.0144],[-156.6658,21],[-156.6925,20.9472],[-156.6966,20.9156],[-156.6853,20.902],[-156.6871,20.882],[-156.6497,20.8369],[-156.6331,20.8258],[-156.6283,20.8136],[-156.6091,20.8096],[-156.5892,20.7969],[-156.5654,20.7918],[-156.5366,20.7743],[-156.5228,20.7767],[-156.4988,20.7969],[-156.4817,20.7933],[-156.4631,20.7812],[-156.4555,20.7332],[-156.4478,20.7213],[-156.4445,20.6974],[-156.4428,20.6469],[-156.453,20.6361],[-156.4372,20.6129],[-156.4414,20.605],[-156.4125,20.5828],[-156.3841,20.5801],[-156.3736,20.5739],[-156.3486,20.5831],[-156.2972,20.5822],[-156.2615,20.5979],[-156.2211,20.6194],[-156.1927,20.6283],[-156.1714,20.6203],[-156.1539,20.6261],[-156.1403,20.6178],[-156.1108,20.6396],[-156.0942,20.6403],[-156.0789,20.6508],[-156.0647,20.6458],[-156.0472,20.6508],[-156.0261,20.6803],[-156.0088,20.6843],[-155.9872,20.7083],[-155.9819,20.7394],[-155.985,20.7739],[-156.0019,20.7947],[-156.03,20.8056],[-156.0558,20.8072],[-156.0844,20.8289],[-156.1081,20.825],[-156.1286,20.8406],[-156.1331,20.8581],[-156.1555,20.8592],[-156.1919,20.8918],[-156.214,20.9053],[-156.2147,20.9133],[-156.2389,20.9353],[-156.2738,20.9344],[-156.2825,20.9458],[-156.3064,20.9394],[-156.3294,20.9456],[-156.3494,20.9392],[-156.3836,20.9161],[-156.423,20.9106],[-156.45,20.8958],[-156.4739,20.8908],[-156.4903,20.9119],[-156.4964,20.9311],[-156.525,20.9642],[-156.5265,20.9805],[-156.5574,21.0116],[-156.5792,21.0164],[-156.5934,21.03]]],[[[-156.9119,21.1655],[-156.9433,21.1727],[-156.9577,21.2062],[-156.9706,21.2158],[-156.9874,21.1834],[-157,21.1789],[-157.0652,21.1952],[-157.0762,21.1891],[-157.0942,21.1958],[-157.1424,21.1997],[-157.1545,21.1975],[-157.1795,21.2041],[-157.2097,21.2195],[-157.2394,21.2175],[-157.2508,21.1775],[-157.2772,21.1589],[-157.2919,21.1428],[-157.3008,21.1155],[-157.3114,21.1014],[-157.2525,21.0877],[-157.1731,21.0927],[-157.1488,21.0912],[-157.0937,21.1026],[-157.0355,21.0949],[-157.0287,21.0869],[-156.8909,21.0488],[-156.8743,21.0465],[-156.8556,21.0564],[-156.8358,21.0547],[-156.799,21.0717],[-156.7486,21.1028],[-156.7225,21.1297],[-156.7109,21.1479],[-156.7289,21.1577],[-156.7393,21.173],[-156.8011,21.1752],[-156.8331,21.1635],[-156.8436,21.1672],[-156.866,21.1613],[-156.9119,21.1655]]],[[[-160.0855,21.9999],[-160.1105,21.995],[-160.1144,21.9742],[-160.1269,21.9527],[-160.1964,21.9158],[-160.2294,21.8856],[-160.2345,21.8599],[-160.2456,21.8475],[-160.2472,21.8153],[-160.2328,21.7911],[-160.2147,21.7814],[-160.2025,21.7883],[-160.1933,21.8083],[-160.1611,21.8614],[-160.1422,21.8731],[-160.1069,21.8781],[-160.078,21.8937],[-160.0672,21.8935],[-160.0686,21.9678],[-160.0503,21.9787],[-160.0544,21.995],[-160.0672,22.0033],[-160.0855,21.9999]]],[[[-159.4013,22.2307],[-159.426,22.2173],[-159.4378,22.2236],[-159.4637,22.2233],[-159.4768,22.2305],[-159.498,22.2225],[-159.4983,22.2068],[-159.5169,22.2138],[-159.5397,22.213],[-159.5475,22.2242],[-159.5865,22.2205],[-159.5986,22.2088],[-159.6272,22.1955],[-159.6598,22.1719],[-159.6992,22.1642],[-159.7223,22.1531],[-159.7332,22.1395],[-159.7334,22.1264],[-159.746,22.0968],[-159.7858,22.0619],[-159.7856,22.0147],[-159.7734,22.0066],[-159.7564,21.9786],[-159.7164,21.9677],[-159.7063,21.9607],[-159.6664,21.9524],[-159.6363,21.9153],[-159.5982,21.894],[-159.583,21.8955],[-159.5514,21.887],[-159.5125,21.8881],[-159.4736,21.8805],[-159.4436,21.868],[-159.4096,21.89],[-159.3795,21.9217],[-159.3556,21.9312],[-159.3473,21.9475],[-159.3307,21.9592],[-159.3322,21.9989],[-159.3389,22.0175],[-159.3348,22.0492],[-159.3221,22.0555],[-159.3172,22.0747],[-159.2978,22.103],[-159.2922,22.1263],[-159.2942,22.1476],[-159.3066,22.1489],[-159.3146,22.1859],[-159.3501,22.2151],[-159.3616,22.2112],[-159.3825,22.2164],[-159.4013,22.2307]]],[[[-157.9758,21.71],[-158.0092,21.7011],[-158.0633,21.655],[-158.0767,21.6256],[-158.1075,21.6039],[-158.1117,21.5897],[-158.1298,21.582],[-158.2008,21.5827],[-158.2178,21.5789],[-158.2408,21.5814],[-158.283,21.5756],[-158.2494,21.5553],[-158.2303,21.5349],[-158.2317,21.4825],[-158.2203,21.4764],[-158.1798,21.4264],[-158.1803,21.4065],[-158.1417,21.3764],[-158.1139,21.3031],[-158.1031,21.295],[-158.0315,21.3038],[-157.9792,21.3153],[-157.9706,21.3225],[-157.9828,21.3486],[-158.0227,21.361],[-158.0128,21.3731],[-158,21.3564],[-157.9706,21.3533],[-157.9914,21.3777],[-157.9857,21.3874],[-157.9458,21.3807],[-157.9364,21.3702],[-157.9489,21.3578],[-157.9683,21.3489],[-157.9686,21.3317],[-157.9499,21.3035],[-157.9192,21.3126],[-157.9005,21.3259],[-157.88,21.3169],[-157.8685,21.2953],[-157.8255,21.2759],[-157.8188,21.2576],[-157.7967,21.2569],[-157.773,21.2712],[-157.7178,21.2828],[-157.7119,21.2628],[-157.6914,21.2633],[-157.6866,21.2743],[-157.6503,21.3003],[-157.6586,21.3103],[-157.6902,21.3296],[-157.7035,21.3464],[-157.7096,21.366],[-157.7059,21.38],[-157.7156,21.3929],[-157.7344,21.4008],[-157.7425,21.4113],[-157.7361,21.4431],[-157.7606,21.4589],[-157.7781,21.4511],[-157.7578,21.4353],[-157.7814,21.4114],[-157.8107,21.4374],[-157.8161,21.4544],[-157.8387,21.459],[-157.851,21.5085],[-157.8356,21.5095],[-157.8338,21.5265],[-157.8525,21.5569],[-157.8755,21.5573],[-157.8749,21.5724],[-157.886,21.5807],[-157.8981,21.6026],[-157.9209,21.6268],[-157.9182,21.6457],[-157.9289,21.655],[-157.9451,21.6881],[-157.9661,21.71],[-157.9758,21.71]]],[[[-81.6593,24.6151],[-81.7082,24.5774],[-81.7187,24.5579],[-81.6857,24.5582],[-81.6579,24.5732],[-81.6457,24.5946],[-81.6593,24.6151]]],[[[-81.7948,24.5929],[-81.8118,24.5451],[-81.7529,24.5521],[-81.7251,24.5657],[-81.7393,24.5904],[-81.7785,24.5637],[-81.7937,24.5654],[-81.7948,24.5929]]],[[[-82.1226,24.5963],[-82.1174,24.569],[-82.1007,24.5651],[-82.1001,24.5824],[-82.1226,24.5963]]],[[[-81.0299,24.7301],[-81.0432,24.7363],[-81.081,24.7179],[-81.1132,24.7104],[-81.1087,24.6882],[-81.0871,24.6907],[-81.0676,24.7149],[-81.0299,24.7301]]],[[[-80.9187,24.7779],[-80.9863,24.7526],[-80.9938,24.7435],[-81.0196,24.7326],[-81.024,24.7165],[-80.9674,24.7465],[-80.9507,24.7612],[-80.9187,24.7779]]],[[[-81.338,24.7045],[-81.3282,24.681],[-81.3146,24.6829],[-81.3184,24.7007],[-81.338,24.7045]]],[[[-81.4121,24.6701],[-81.4224,24.6657],[-81.4251,24.6468],[-81.4029,24.6499],[-81.4121,24.6701]]],[[[-81.5163,24.709],[-81.5221,24.7024],[-81.5212,24.6701],[-81.479,24.6593],[-81.4782,24.6821],[-81.5163,24.709]]],[[[-81.4554,24.6938],[-81.4685,24.6754],[-81.4618,24.666],[-81.4413,24.6651],[-81.4432,24.6854],[-81.4554,24.6938]]],[[[-81.3932,24.7443],[-81.4018,24.7335],[-81.394,24.7029],[-81.3766,24.6807],[-81.3668,24.656],[-81.3574,24.6599],[-81.3468,24.6351],[-81.3279,24.6457],[-81.339,24.6724],[-81.3538,24.6854],[-81.3618,24.7049],[-81.3887,24.7299],[-81.3932,24.7443]]],[[[-81.5626,24.6921],[-81.5663,24.6696],[-81.5837,24.6499],[-81.5674,24.6307],[-81.5937,24.6101],[-81.5985,24.6365],[-81.6271,24.6324],[-81.6162,24.6151],[-81.6221,24.601],[-81.6038,24.5857],[-81.5554,24.6113],[-81.5101,24.6257],[-81.5076,24.6424],[-81.5157,24.6593],[-81.5626,24.6921]]],[[[-81.4854,24.715],[-81.4768,24.6915],[-81.464,24.6954],[-81.4854,24.715]]],[[[-81.4493,24.7451],[-81.4546,24.7221],[-81.4412,24.7152],[-81.4204,24.6813],[-81.4082,24.676],[-81.396,24.6549],[-81.3871,24.6763],[-81.4098,24.7004],[-81.4224,24.7001],[-81.4493,24.7451]]],[[[-81.4375,24.7951],[-81.4221,24.7707],[-81.3943,24.7527],[-81.3901,24.7594],[-81.4301,24.7846],[-81.4375,24.7951]]],[[[-75.8056,37.2369],[-75.8119,37.2383],[-75.8447,37.2156],[-75.8317,37.2067],[-75.8056,37.2181],[-75.8056,37.2369]]],[[[-75.8672,37.2867],[-75.8894,37.2881],[-75.8969,37.2789],[-75.8972,37.2472],[-75.9181,37.2386],[-75.9058,37.2203],[-75.905,37.1939],[-75.9106,37.1758],[-75.8981,37.1703],[-75.8803,37.1419],[-75.8986,37.1422],[-75.8944,37.1189],[-75.855,37.1578],[-75.8325,37.17],[-75.8017,37.2006],[-75.8236,37.2036],[-75.8664,37.1961],[-75.8847,37.2044],[-75.8844,37.2244],[-75.8675,37.2583],[-75.8475,37.2706],[-75.8672,37.2867]]],[[[-75.8386,36.3292],[-75.8456,36.3056],[-75.8336,36.2928],[-75.8211,36.3094],[-75.8386,36.3292]]],[[[-75.5178,35.2753],[-75.5967,35.2583],[-75.6178,35.2475],[-75.6372,35.2281],[-75.6578,35.2211],[-75.6986,35.2192],[-75.6936,35.2067],[-75.6531,35.2225],[-75.5856,35.2356],[-75.5564,35.2353],[-75.5294,35.2239],[-75.5178,35.2753]]],[[[-75.7749,35.189],[-75.8414,35.1656],[-75.8654,35.1529],[-75.9316,35.1303],[-75.9568,35.1164],[-75.9828,35.1202],[-75.9857,35.0978],[-75.9599,35.1036],[-75.9217,35.1239],[-75.8673,35.1486],[-75.789,35.1789],[-75.7749,35.189]]],[[[-76.5778,35.2367],[-76.5922,35.2171],[-76.5818,35.2032],[-76.5269,35.1848],[-76.5211,35.2058],[-76.5778,35.2367]]],[[[-75.5244,35.7678],[-75.5253,35.7567],[-75.5142,35.7222],[-75.49,35.6692],[-75.4744,35.6614],[-75.4896,35.709],[-75.5116,35.7561],[-75.5244,35.7678]]],[[[-75.8653,35.9711],[-75.8692,35.9774],[-75.92,35.9717],[-75.9469,35.9592],[-75.9192,35.9356],[-75.9011,35.9548],[-75.8692,35.96],[-75.8653,35.9711]]],[[[-75.7017,35.9378],[-75.7183,35.9392],[-75.7233,35.9256],[-75.7058,35.9178],[-75.6975,35.9017],[-75.6719,35.8822],[-75.6617,35.8686],[-75.6581,35.83],[-75.63,35.8203],[-75.6153,35.8211],[-75.6158,35.8389],[-75.6367,35.8583],[-75.6281,35.8836],[-75.6717,35.9275],[-75.7017,35.9378]]],[[[-75.69,36.0175],[-75.7281,36.0214],[-75.7297,36.0072],[-75.6975,35.9939],[-75.685,36.0083],[-75.69,36.0175]]],[[[-79.8139,32.7783],[-79.85,32.7689],[-79.8464,32.7548],[-79.8214,32.7639],[-79.8139,32.7783]]],[[[-80.097,32.7806],[-80.1257,32.7777],[-80.1301,32.76],[-80.1368,32.7484],[-80.1418,32.7462],[-80.1592,32.7491],[-80.1705,32.7355],[-80.1628,32.7214],[-80.1706,32.7111],[-80.1647,32.7075],[-80.1616,32.7084],[-80.1589,32.7047],[-80.155,32.7075],[-80.1392,32.7131],[-80.1272,32.7053],[-80.1014,32.7186],[-80.0819,32.7125],[-80.0744,32.7],[-80.0864,32.6872],[-80.1317,32.6664],[-80.1656,32.63],[-80.1611,32.6039],[-80.1783,32.5937],[-80.1914,32.598],[-80.2047,32.5839],[-80.1776,32.5593],[-80.166,32.5605],[-80.1528,32.5759],[-80.1113,32.5941],[-80.0699,32.6049],[-80.0163,32.6113],[-79.9964,32.6064],[-80,32.6289],[-80.0231,32.6372],[-80.0012,32.6693],[-80.0052,32.6853],[-79.9903,32.6939],[-79.9892,32.7168],[-80.0074,32.7231],[-80.0116,32.7306],[-80.0119,32.7567],[-80.0499,32.7768],[-80.0655,32.7703],[-80.097,32.7806]]],[[[-80.0936,32.7144],[-80.1031,32.7167],[-80.1275,32.704],[-80.1392,32.7108],[-80.155,32.7061],[-80.1583,32.7019],[-80.1622,32.7073],[-80.1658,32.7033],[-80.1833,32.7075],[-80.2153,32.69],[-80.2408,32.6522],[-80.2566,32.646],[-80.2513,32.6145],[-80.225,32.6078],[-80.2155,32.5871],[-80.1928,32.5996],[-80.1787,32.5959],[-80.1669,32.6144],[-80.1673,32.6303],[-80.135,32.6669],[-80.0864,32.6889],[-80.0761,32.7006],[-80.0936,32.7144]]],[[[-119.5192,33.2795],[-119.5512,33.2812],[-119.5737,33.2584],[-119.5467,33.2346],[-119.5167,33.228],[-119.4961,33.2178],[-119.4704,33.2144],[-119.4381,33.2206],[-119.4346,33.2311],[-119.4598,33.2563],[-119.4977,33.2658],[-119.5192,33.2795]]],[[[-79.3897,33.0242],[-79.4022,33.0069],[-79.3667,33.0114],[-79.3897,33.0242]]],[[[-79.3967,33.0547],[-79.4081,33.0592],[-79.4153,33.0478],[-79.4053,33.0403],[-79.4017,33.0278],[-79.3733,33.025],[-79.3681,33.0411],[-79.3967,33.0547]]],[[[-118.6008,33.4775],[-118.5742,33.44],[-118.5567,33.4327],[-118.5377,33.4346],[-118.4886,33.4189],[-118.4778,33.3853],[-118.4892,33.3572],[-118.4656,33.3256],[-118.4231,33.3167],[-118.3784,33.3208],[-118.3564,33.3144],[-118.3261,33.2986],[-118.3053,33.3092],[-118.3106,33.3367],[-118.3244,33.3428],[-118.3314,33.3586],[-118.355,33.3769],[-118.3697,33.3961],[-118.3664,33.4058],[-118.4211,33.4272],[-118.4447,33.4289],[-118.4769,33.4481],[-118.4986,33.4417],[-118.5022,33.4533],[-118.5297,33.4675],[-118.5519,33.4731],[-118.6008,33.4775]]],[[[-119.0275,33.4872],[-119.0456,33.4728],[-119.0319,33.4656],[-119.0275,33.4872]]],[[[-79.7381,32.8269],[-79.7578,32.8067],[-79.8069,32.7867],[-79.8074,32.7754],[-79.7652,32.7944],[-79.7269,32.8056],[-79.7225,32.8203],[-79.7381,32.8269]]],[[[-79.7039,32.849],[-79.7208,32.8514],[-79.7317,32.8389],[-79.7211,32.8269],[-79.7039,32.8383],[-79.7039,32.849]]],[[[-118.5867,33.0287],[-118.5961,33.0164],[-118.5844,33.0031],[-118.5767,32.9741],[-118.5519,32.945],[-118.5391,32.9064],[-118.53,32.9004],[-118.4891,32.8436],[-118.4754,32.841],[-118.4502,32.8194],[-118.4235,32.8041],[-118.4045,32.8111],[-118.3908,32.8251],[-118.3492,32.8199],[-118.3706,32.84],[-118.485,32.9233],[-118.5317,32.9761],[-118.5467,32.9994],[-118.559,33.0062],[-118.5636,33.0242],[-118.5867,33.0287]]],[[[-80.3959,32.5341],[-80.412,32.5335],[-80.407,32.5092],[-80.419,32.4885],[-80.4146,32.4707],[-80.3942,32.4743],[-80.3863,32.4871],[-80.3707,32.4871],[-80.3604,32.4989],[-80.3777,32.525],[-80.3959,32.5341]]],[[[-80.4119,32.5219],[-80.4157,32.533],[-80.4253,32.5347],[-80.4453,32.5306],[-80.4639,32.5175],[-80.4589,32.5089],[-80.4222,32.4947],[-80.4111,32.5072],[-80.4119,32.5219]]],[[[-80.4739,32.5181],[-80.4825,32.5239],[-80.5011,32.5108],[-80.4717,32.4961],[-80.4739,32.5181]]],[[[-80.4772,32.4697],[-80.492,32.4816],[-80.5077,32.4691],[-80.5445,32.4774],[-80.5429,32.4644],[-80.5149,32.459],[-80.4835,32.4603],[-80.4772,32.4697]]],[[[-80.5539,32.4789],[-80.5607,32.4895],[-80.5978,32.4858],[-80.6108,32.4744],[-80.5642,32.4606],[-80.5539,32.4789]]],[[[-80.3289,32.6342],[-80.3351,32.6378],[-80.3525,32.6292],[-80.3586,32.6203],[-80.3853,32.615],[-80.3943,32.5914],[-80.3852,32.5738],[-80.3915,32.5614],[-80.4112,32.5475],[-80.3825,32.5372],[-80.345,32.5045],[-80.3358,32.4775],[-80.2774,32.5176],[-80.2206,32.5496],[-80.1963,32.5587],[-80.1975,32.5683],[-80.224,32.5804],[-80.2389,32.6019],[-80.2753,32.6119],[-80.2983,32.6022],[-80.315,32.6286],[-80.3289,32.6342]]],[[[-77.9503,33.9203],[-77.9539,33.9014],[-77.9886,33.8939],[-78.0088,33.8673],[-78.0017,33.8572],[-77.9614,33.8433],[-77.9614,33.8594],[-77.95,33.9014],[-77.9503,33.9203]]],[[[-120.3623,34.0737],[-120.3946,34.0507],[-120.4189,34.0544],[-120.4395,34.0383],[-120.4272,34.0251],[-120.4097,34.0323],[-120.3834,34.0253],[-120.3604,34.0134],[-120.3366,34.0208],[-120.3069,34.0197],[-120.3152,34.0389],[-120.3317,34.0495],[-120.3469,34.0451],[-120.3623,34.0737]]],[[[-120.0489,34.037],[-120.0755,34.0244],[-120.1144,34.0206],[-120.1394,34.0273],[-120.175,34.0064],[-120.2064,34.0044],[-120.2294,34.0108],[-120.2472,34.0017],[-120.222,33.9878],[-120.2202,33.9779],[-120.184,33.9383],[-120.1693,33.917],[-120.1606,33.9161],[-120.1203,33.8942],[-120.0928,33.9092],[-120.0487,33.9143],[-120.0141,33.9375],[-119.971,33.9413],[-119.9814,33.9798],[-120.0097,33.9802],[-120.0466,34],[-120.0489,34.037]]],[[[-77.8775,34.0711],[-77.8892,34.0569],[-77.9188,34.0512],[-77.9219,34.0417],[-77.9164,34.0092],[-77.924,33.9934],[-77.9139,33.9719],[-77.8775,34.0711]]],[[[-119.9103,34.0761],[-119.9227,34.0605],[-119.9075,34.0547],[-119.8764,34.0322],[-119.8881,34.0069],[-119.8741,33.98],[-119.8504,33.9674],[-119.8081,33.9629],[-119.7428,33.9636],[-119.7208,33.9589],[-119.6637,33.9851],[-119.6217,33.9889],[-119.5942,33.9875],[-119.5603,33.9956],[-119.5475,34.005],[-119.54,34.0228],[-119.52,34.0342],[-119.5325,34.0431],[-119.5862,34.0539],[-119.6083,34.04],[-119.6056,34.0292],[-119.6331,34.0128],[-119.6536,34.0201],[-119.6847,34.02],[-119.7114,34.0431],[-119.7536,34.0533],[-119.7972,34.0572],[-119.8098,34.0511],[-119.8571,34.0725],[-119.9103,34.0761]]],[[[-77.7783,34.2456],[-77.7994,34.2244],[-77.7858,34.2169],[-77.774,34.2364],[-77.7783,34.2456]]],[[[-77.6764,34.3472],[-77.7003,34.3428],[-77.7058,34.3303],[-77.7119,34.3244],[-77.705,34.3075],[-77.6686,34.3422],[-77.6764,34.3472]]],[[[-77.5964,34.4003],[-77.6003,34.4056],[-77.6494,34.3731],[-77.6428,34.3639],[-77.6103,34.3858],[-77.5964,34.4003]]],[[[-77.7339,34.2931],[-77.7431,34.2942],[-77.7817,34.2494],[-77.7628,34.2486],[-77.7456,34.2683],[-77.7183,34.2897],[-77.7339,34.2931]]],[[[-76.0456,35.0681],[-76.0568,35.0522],[-76.085,35.0572],[-76.125,35.0111],[-76.1366,35.0112],[-76.1533,34.9919],[-76.1972,34.9564],[-76.1928,34.9508],[-76.1372,34.9942],[-76.0828,35.0334],[-76.0394,35.0539],[-76.0456,35.0681]]],[[[-77.1792,34.6303],[-77.2036,34.6322],[-77.1961,34.6147],[-77.1792,34.6303]]],[[[-77.1328,34.6692],[-77.1583,34.6486],[-77.1792,34.6419],[-77.1667,34.6231],[-77.1233,34.6392],[-77.1328,34.6692]]],[[[-76.64,34.6861],[-76.6391,34.682],[-76.585,34.6658],[-76.5531,34.6508],[-76.5297,34.6297],[-76.5239,34.6389],[-76.5439,34.6514],[-76.64,34.6861]]],[[[-76.7469,34.7111],[-76.7619,34.7033],[-76.8217,34.705],[-76.8439,34.6953],[-76.9114,34.6842],[-77.0015,34.6722],[-77.014,34.6763],[-77.0862,34.6594],[-77.0943,34.6445],[-77.0439,34.6596],[-76.9969,34.6694],[-76.9108,34.6831],[-76.8392,34.6922],[-76.7689,34.6972],[-76.7239,34.6978],[-76.7469,34.7111]]],[[[-76.5689,34.7125],[-76.585,34.7011],[-76.5258,34.685],[-76.5211,34.7089],[-76.5689,34.7125]]],[[[-76.3267,34.8447],[-76.3642,34.8156],[-76.3939,34.7842],[-76.4147,34.7725],[-76.4225,34.7556],[-76.4517,34.7244],[-76.4617,34.72],[-76.4914,34.6867],[-76.4856,34.6822],[-76.5056,34.6575],[-76.5294,34.6142],[-76.55,34.6061],[-76.5328,34.5933],[-76.5203,34.6278],[-76.4875,34.6742],[-76.3939,34.7814],[-76.3267,34.8447]]],[[[-77.5406,34.4278],[-77.458,34.4755],[-77.3706,34.5156],[-77.4544,34.4914],[-77.4958,34.4572],[-77.5199,34.4566],[-77.5406,34.4278]]],[[[-78.3919,33.8975],[-78.4039,33.9028],[-78.4706,33.8883],[-78.5394,33.8756],[-78.5444,33.8481],[-78.5044,33.8675],[-78.3919,33.8975]]],[[[-85.0769,29.6164],[-85.053,29.5899],[-85.0261,29.5965],[-85.0658,29.6078],[-85.0769,29.6164]]],[[[-89.3767,29.9069],[-89.3911,29.9064],[-89.395,29.8883],[-89.4167,29.8689],[-89.41,29.8578],[-89.4125,29.8394],[-89.4036,29.8261],[-89.3842,29.8406],[-89.3578,29.8511],[-89.3553,29.8725],[-89.3631,29.8792],[-89.3861,29.8772],[-89.3767,29.9069]]],[[[-84.5741,29.8137],[-84.6036,29.8108],[-84.5989,29.7997],[-84.5741,29.8137]]],[[[-84.6963,29.7596],[-84.7403,29.7267],[-84.775,29.7089],[-84.7856,29.6922],[-84.8169,29.6797],[-84.8583,29.6725],[-84.8753,29.6564],[-84.7842,29.6867],[-84.7644,29.6997],[-84.6963,29.7596]]],[[[-85.1091,29.6872],[-85.1368,29.686],[-85.15,29.6737],[-85.1667,29.6825],[-85.1858,29.6839],[-85.2222,29.6787],[-85.1828,29.6638],[-85.1357,29.6313],[-85.0972,29.6325],[-85.0909,29.6503],[-85.075,29.6733],[-85.1091,29.6872]]],[[[-89.3558,29.7983],[-89.3197,29.7706],[-89.2914,29.7617],[-89.2933,29.7772],[-89.3058,29.7875],[-89.3306,29.7825],[-89.345,29.7981],[-89.3558,29.7983]]],[[[-92.1378,29.777],[-92.16,29.7803],[-92.1831,29.7675],[-92.1972,29.7525],[-92.1786,29.7419],[-92.1761,29.7589],[-92.1522,29.7608],[-92.1378,29.777]]],[[[-89.4192,30.1453],[-89.4436,30.145],[-89.4408,30.1278],[-89.4269,30.13],[-89.4192,30.1453]]],[[[-87.3128,30.3219],[-87.3464,30.3164],[-87.4089,30.3008],[-87.4256,30.3122],[-87.4392,30.3097],[-87.4519,30.2964],[-87.4099,30.299],[-87.3207,30.3167],[-87.3128,30.3219]]],[[[-89.075,30.2247],[-89.0764,30.2319],[-89.1164,30.2307],[-89.1108,30.2133],[-89.0883,30.215],[-89.075,30.2247]]],[[[-88.1125,30.2756],[-88.1239,30.2481],[-88.1011,30.2417],[-88.0747,30.2469],[-88.0903,30.2597],[-88.1053,30.2564],[-88.1125,30.2756]]],[[[-89.2233,30.0772],[-89.2356,30.0656],[-89.2383,30.0458],[-89.21,30.0419],[-89.2233,30.0772]]],[[[-89.2492,30.1064],[-89.2633,30.1114],[-89.2747,30.0961],[-89.2775,30.0783],[-89.2997,30.0772],[-89.3294,30.0606],[-89.2728,30.0661],[-89.2539,30.0906],[-89.2492,30.1064]]],[[[-88.0297,30.5206],[-88.0528,30.5061],[-88.0253,30.49],[-88.0297,30.5206]]],[[[-81.4611,30.9678],[-81.4725,30.97],[-81.5068,30.9347],[-81.4775,30.9311],[-81.4669,30.9245],[-81.4431,30.9508],[-81.4611,30.9678]]],[[[-81.4075,31.1171],[-81.44,31.0914],[-81.4311,31.0806],[-81.4219,31.0517],[-81.4342,31.0314],[-81.4203,31.0188],[-81.4038,31.0616],[-81.4009,31.0848],[-81.4075,31.1171]]],[[[-81.4331,31.2047],[-81.4543,31.1961],[-81.4617,31.1789],[-81.4339,31.1536],[-81.4247,31.1758],[-81.4331,31.2047]]],[[[-81.3881,31.2439],[-81.4208,31.2458],[-81.433,31.2265],[-81.4253,31.2139],[-81.4311,31.2008],[-81.3964,31.2075],[-81.4,31.2244],[-81.3972,31.2417],[-81.3881,31.2439]]],[[[-81.3337,31.2911],[-81.3559,31.2994],[-81.3645,31.2938],[-81.3701,31.2951],[-81.3739,31.2993],[-81.3805,31.2933],[-81.3783,31.2894],[-81.3833,31.2746],[-81.3936,31.2603],[-81.3842,31.2456],[-81.3911,31.2383],[-81.3961,31.241],[-81.395,31.2092],[-81.3981,31.2028],[-81.4121,31.203],[-81.4181,31.1894],[-81.4082,31.1718],[-81.4186,31.1572],[-81.4122,31.1378],[-81.3969,31.1335],[-81.3688,31.1452],[-81.3397,31.1877],[-81.3104,31.2141],[-81.3366,31.2454],[-81.3305,31.2633],[-81.3142,31.2671],[-81.3187,31.2837],[-81.3337,31.2911]]],[[[-81.3592,31.3122],[-81.3853,31.3139],[-81.3954,31.2941],[-81.3841,31.2857],[-81.3817,31.2944],[-81.3758,31.2978],[-81.3748,31.301],[-81.3702,31.2969],[-81.3649,31.2958],[-81.3565,31.3013],[-81.3181,31.2872],[-81.31,31.2683],[-81.3236,31.242],[-81.3119,31.2217],[-81.2954,31.2158],[-81.2867,31.2383],[-81.2704,31.2594],[-81.2827,31.2896],[-81.3011,31.2925],[-81.3181,31.3083],[-81.3592,31.3122]]],[[[-81.315,31.4503],[-81.3381,31.4464],[-81.3172,31.4306],[-81.315,31.4503]]],[[[-81.2997,31.4728],[-81.2925,31.4811],[-81.3181,31.4817],[-81.3281,31.4767],[-81.3125,31.4511],[-81.2987,31.4617],[-81.2997,31.4728]]],[[[-81.3403,31.4231],[-81.3462,31.442],[-81.3747,31.4243],[-81.3689,31.4178],[-81.3662,31.4006],[-81.3476,31.4043],[-81.3358,31.3922],[-81.3294,31.4031],[-81.3178,31.4111],[-81.3308,31.4292],[-81.3403,31.4231]]],[[[-81.1883,31.5311],[-81.2042,31.5358],[-81.2156,31.5253],[-81.2392,31.5272],[-81.2597,31.4978],[-81.2944,31.4878],[-81.2911,31.4811],[-81.2983,31.4725],[-81.2972,31.4617],[-81.3028,31.4531],[-81.3078,31.4233],[-81.2794,31.3783],[-81.2678,31.3847],[-81.2514,31.4211],[-81.2056,31.4733],[-81.1933,31.4981],[-81.1778,31.5147],[-81.1883,31.5311]]],[[[-81.3144,31.3664],[-81.3367,31.3592],[-81.3269,31.3467],[-81.325,31.3322],[-81.3031,31.3222],[-81.2858,31.3239],[-81.285,31.3469],[-81.2923,31.3658],[-81.3144,31.3664]]],[[[-81.3128,31.3903],[-81.3289,31.3897],[-81.3336,31.3736],[-81.2961,31.368],[-81.3128,31.3903]]],[[[-81.0083,31.8858],[-81.0092,31.9036],[-81.0183,31.9075],[-81.0272,31.8978],[-81.0419,31.8936],[-81.0558,31.8775],[-81.0203,31.8681],[-80.9992,31.8714],[-81.0083,31.8858]]],[[[-81.1164,31.85],[-81.1317,31.8519],[-81.1545,31.8377],[-81.1607,31.8183],[-81.1757,31.8164],[-81.1803,31.7939],[-81.1581,31.7792],[-81.1715,31.7572],[-81.1496,31.7447],[-81.1417,31.724],[-81.1325,31.7222],[-81.0717,31.7669],[-81.0347,31.8173],[-81.0542,31.8181],[-81.0794,31.8311],[-81.0919,31.845],[-81.1164,31.85]]],[[[-80.9569,31.9633],[-80.9849,31.9517],[-80.9742,31.9417],[-80.9553,31.9496],[-80.9569,31.9633]]],[[[-80.8574,31.9904],[-80.8597,31.9983],[-80.8756,31.9911],[-80.8844,31.9975],[-80.8922,31.9925],[-80.9089,31.9942],[-80.9164,31.9869],[-80.9318,31.9621],[-80.9212,31.943],[-80.8614,31.9733],[-80.8574,31.9904]]],[[[-81.0067,32.0686],[-81.0122,32.0733],[-81.0208,32.0689],[-81.0236,32.0628],[-81.0292,32.0622],[-81.0283,32.0497],[-81.0396,32.0447],[-81.0481,32.0278],[-81.0283,32.025],[-81.0031,32.0094],[-80.9969,31.9913],[-81.005,31.9681],[-81.0019,31.9567],[-80.9856,31.9517],[-80.9622,31.9667],[-80.9369,31.9656],[-80.9292,31.9725],[-80.9325,31.9911],[-80.9245,32.0091],[-80.94,32.0154],[-80.9706,32.0431],[-80.9849,32.0611],[-81.0067,32.0686]]],[[[-80.975,32.0647],[-80.9722,32.0467],[-80.9407,32.0279],[-80.9242,32.0125],[-80.9217,32.0072],[-80.9261,31.9958],[-80.9171,31.9882],[-80.9108,31.9981],[-80.9061,31.9944],[-80.8875,31.9989],[-80.8806,31.9975],[-80.8764,31.9927],[-80.841,32.0085],[-80.852,32.0294],[-80.8797,32.0167],[-80.9111,32.0239],[-80.9422,32.0392],[-80.975,32.0647]]],[[[-80.9389,32.0589],[-80.9217,32.0565],[-80.923,32.0633],[-80.9183,32.0784],[-80.9277,32.088],[-80.9439,32.0767],[-80.9389,32.0589]]],[[[-80.9105,32.0776],[-80.9219,32.0605],[-80.9064,32.0515],[-80.8992,32.0747],[-80.9105,32.0776]]],[[[-80.7489,32.2692],[-80.7553,32.2756],[-80.7817,32.2347],[-80.7639,32.2297],[-80.7489,32.2692]]],[[[-80.4753,32.3425],[-80.505,32.3425],[-80.5222,32.3267],[-80.5528,32.3125],[-80.5796,32.2865],[-80.581,32.2737],[-80.5468,32.284],[-80.5147,32.3019],[-80.4536,32.3225],[-80.4753,32.3425]]],[[[-80.5147,32.3475],[-80.5217,32.3524],[-80.5458,32.3417],[-80.5392,32.333],[-80.52,32.3306],[-80.5147,32.3475]]],[[[-80.8143,32.1984],[-80.8425,32.2081],[-80.8433,32.1881],[-80.8603,32.1731],[-80.8489,32.1522],[-80.8328,32.1535],[-80.8197,32.1686],[-80.7897,32.1892],[-80.8143,32.1984]]],[[[-80.8348,32.1446],[-80.8453,32.1483],[-80.8764,32.1293],[-80.8881,32.1303],[-80.8983,32.1192],[-80.8948,32.1041],[-80.8961,32.0931],[-80.8735,32.0824],[-80.8408,32.1194],[-80.8348,32.1446]]],[[[-80.8856,32.1536],[-80.9047,32.135],[-80.9154,32.1167],[-80.9006,32.1142],[-80.8967,32.1258],[-80.8914,32.1306],[-80.8939,32.1389],[-80.8856,32.1536]]],[[[-80.7222,32.2678],[-80.7392,32.2647],[-80.7454,32.2393],[-80.7804,32.2101],[-80.785,32.1782],[-80.7943,32.1554],[-80.8189,32.1342],[-80.8291,32.1159],[-80.8121,32.1101],[-80.7903,32.123],[-80.7391,32.1466],[-80.7168,32.1657],[-80.6987,32.1917],[-80.6675,32.2144],[-80.6856,32.2436],[-80.7222,32.2678]]],[[[-86.8575,30.3786],[-86.7279,30.3941],[-86.6369,30.4019],[-86.7331,30.4022],[-86.7647,30.3947],[-86.8808,30.3822],[-86.9883,30.3619],[-87.0158,30.3597],[-87.1291,30.3358],[-87.1489,30.3406],[-87.1539,30.3279],[-87.0167,30.3542],[-86.9956,30.355],[-86.8758,30.3775],[-86.8575,30.3786]]],[[[-88.5889,30.3983],[-88.6068,30.3817],[-88.5847,30.3658],[-88.5697,30.3447],[-88.5647,30.3758],[-88.5683,30.3878],[-88.5889,30.3983]]],[[[-89.3808,29.9322],[-89.4142,29.925],[-89.3969,29.9114],[-89.3808,29.9322]]],[[[-80.4914,32.3608],[-80.5158,32.3522],[-80.5086,32.3428],[-80.4828,32.35],[-80.4914,32.3608]]],[[[-80.8214,32.3872],[-80.8294,32.3697],[-80.814,32.3645],[-80.8031,32.3478],[-80.7858,32.3536],[-80.7938,32.3791],[-80.8028,32.3894],[-80.8214,32.3872]]],[[[-80.4314,32.4084],[-80.4413,32.4129],[-80.4668,32.3839],[-80.4802,32.3783],[-80.4872,32.3619],[-80.48,32.3494],[-80.4507,32.3418],[-80.4253,32.4021],[-80.4314,32.4084]]],[[[-80.6156,32.5014],[-80.6528,32.4978],[-80.6783,32.5014],[-80.6899,32.482],[-80.686,32.458],[-80.6669,32.4554],[-80.6517,32.4406],[-80.6708,32.4133],[-80.6722,32.3669],[-80.6549,32.355],[-80.6436,32.3023],[-80.6464,32.2872],[-80.6319,32.2566],[-80.6037,32.2705],[-80.5662,32.3096],[-80.5591,32.3244],[-80.5422,32.3328],[-80.5481,32.3428],[-80.55,32.3589],[-80.5024,32.384],[-80.4928,32.3958],[-80.4676,32.3887],[-80.4557,32.4058],[-80.4789,32.4453],[-80.5313,32.4496],[-80.5576,32.4568],[-80.6035,32.4443],[-80.6165,32.4801],[-80.5985,32.4865],[-80.6156,32.5014]]],[[[-80.7397,32.5361],[-80.7617,32.5372],[-80.7794,32.5281],[-80.7833,32.4972],[-80.7931,32.48],[-80.8103,32.4725],[-80.8008,32.44],[-80.765,32.3725],[-80.7361,32.3525],[-80.7117,32.3292],[-80.7014,32.3128],[-80.6742,32.2967],[-80.666,32.2996],[-80.6628,32.3344],[-80.6686,32.35],[-80.6856,32.3672],[-80.6773,32.3807],[-80.6762,32.4084],[-80.6861,32.4248],[-80.663,32.4376],[-80.67,32.4524],[-80.6809,32.4517],[-80.6903,32.46],[-80.6936,32.4756],[-80.6903,32.5033],[-80.7094,32.525],[-80.7397,32.5361]]],[[[-75.8533,37.3633],[-75.8797,37.3333],[-75.8711,37.3214],[-75.8919,37.3158],[-75.9039,37.3006],[-75.8919,37.2936],[-75.8672,37.3006],[-75.8542,37.3206],[-75.8669,37.3425],[-75.8533,37.3633]]],[[[-76.2856,37.5126],[-76.3064,37.4952],[-76.2717,37.4865],[-76.2856,37.5126]]],[[[-75.6617,37.4583],[-75.7058,37.4458],[-75.6931,37.4353],[-75.7119,37.4006],[-75.6653,37.4411],[-75.6617,37.4583]]],[[[-121.8475,38.0508],[-121.8556,38.0549],[-121.8789,38.0408],[-121.8689,38.0333],[-121.8441,38.0386],[-121.8475,38.0508]]],[[[-76.0297,37.9989],[-76.0489,37.9969],[-76.0453,37.9489],[-76.0256,37.9442],[-76.0247,37.9642],[-76.0003,37.9692],[-76.0138,37.9894],[-76.0297,37.9989]]],[[[-76.0219,38.0328],[-76.0414,38.0319],[-76.0478,38.02],[-76.023,38.0147],[-76.005,37.995],[-75.9811,37.9919],[-75.9819,38.0061],[-76.0219,38.0328]]],[[[-75.3117,37.9808],[-75.3292,37.9725],[-75.3586,37.9475],[-75.3819,37.9419],[-75.4025,37.9472],[-75.4144,37.9364],[-75.4044,37.9153],[-75.4044,37.8978],[-75.3808,37.9025],[-75.3822,37.9158],[-75.3531,37.9158],[-75.3442,37.9253],[-75.3439,37.9503],[-75.3117,37.9808]]],[[[-75.8503,38.0353],[-75.8661,38.0206],[-75.8978,37.9756],[-75.8789,37.97],[-75.8558,37.9981],[-75.8453,38.0211],[-75.8503,38.0353]]],[[[-76.0589,38.2034],[-76.0777,38.1897],[-76.09,38.1717],[-76.075,38.1581],[-76.0319,38.1486],[-76.0376,38.1648],[-76.0226,38.1778],[-76.0494,38.2044],[-76.0589,38.2034]]],[[[-76.0322,38.115],[-76.0481,38.1081],[-76.0381,38.0919],[-76.0056,38.0786],[-76.0159,38.1034],[-76.0322,38.115]]],[[[-76.4311,39.0894],[-76.4461,39.0856],[-76.4319,39.0619],[-76.4214,39.0772],[-76.4311,39.0894]]],[[[-74.7092,39.1114],[-74.7186,39.1181],[-74.7442,39.1072],[-74.7644,39.0742],[-74.7389,39.0729],[-74.7084,39.1007],[-74.7092,39.1114]]],[[[-76.2186,39.0495],[-76.2372,39.0456],[-76.2426,39.0291],[-76.2177,39.0131],[-76.1997,39.0128],[-76.2186,39.0495]]],[[[-74.8,39.0289],[-74.8186,39.0025],[-74.8317,39.0054],[-74.8343,38.9816],[-74.8497,38.9783],[-74.8711,38.9614],[-74.8647,38.9417],[-74.8319,38.9719],[-74.7869,39.0014],[-74.8,39.0289]]],[[[-76.1297,38.8803],[-76.1169,38.8928],[-76.1319,38.9067],[-76.1647,38.8928],[-76.1897,38.8708],[-76.1703,38.8694],[-76.1635,38.8834],[-76.1297,38.8803]]],[[[-76.3047,39.0306],[-76.3225,39.0158],[-76.3227,39],[-76.3553,38.9561],[-76.3667,38.9089],[-76.3636,38.8497],[-76.3306,38.8636],[-76.3406,38.8953],[-76.3364,38.9156],[-76.3163,38.9158],[-76.3072,38.9533],[-76.2944,38.9336],[-76.2717,38.9425],[-76.2517,38.9431],[-76.2508,38.9686],[-76.2606,38.9836],[-76.279,38.984],[-76.2917,38.9997],[-76.3047,39.0306]]],[[[-76.3603,39.2425],[-76.3569,39.2622],[-76.3864,39.2486],[-76.3603,39.2425]]],[[[-76.0742,39.475],[-76.0933,39.4544],[-76.0819,39.4378],[-76.06,39.4497],[-76.0742,39.475]]],[[[-74.3106,39.4821],[-74.3204,39.4948],[-74.3381,39.4839],[-74.3617,39.4875],[-74.3608,39.4725],[-74.3722,39.445],[-74.3633,39.4367],[-74.3249,39.4516],[-74.3106,39.4821]]],[[[-74.3284,39.4386],[-74.3553,39.4378],[-74.3539,39.4244],[-74.3814,39.4192],[-74.3761,39.4044],[-74.4203,39.3864],[-74.405,39.3734],[-74.3737,39.3964],[-74.3284,39.4386]]],[[[-75.2483,38.0217],[-75.2183,38.0597],[-75.1864,38.1117],[-75.1644,38.1761],[-75.1817,38.1744],[-75.1933,38.1378],[-75.1917,38.1172],[-75.2122,38.1028],[-75.2128,38.0819],[-75.2406,38.0553],[-75.2461,38.0328],[-75.2953,37.9903],[-75.3197,37.955],[-75.3156,37.9431],[-75.3425,37.9192],[-75.3642,37.9114],[-75.3683,37.8933],[-75.3489,37.8806],[-75.3083,37.945],[-75.2483,38.0217]]],[[[-76.1647,38.2925],[-76.1947,38.295],[-76.2008,38.2872],[-76.1867,38.2644],[-76.1653,38.2428],[-76.1358,38.2314],[-76.1253,38.24],[-76.1736,38.2558],[-76.1827,38.2797],[-76.1647,38.2925]]],[[[-74.1192,39.7681],[-74.1161,39.7481],[-74.1361,39.7253],[-74.1305,39.7194],[-74.1442,39.6919],[-74.1646,39.669],[-74.1842,39.6548],[-74.1858,39.6403],[-74.2019,39.6157],[-74.2489,39.5556],[-74.2373,39.5583],[-74.1892,39.6282],[-74.1386,39.6944],[-74.1128,39.7423],[-74.0997,39.7564],[-74.1192,39.7681]]],[[[-71.5746,41.2283],[-71.5779,41.2099],[-71.6057,41.1827],[-71.6121,41.1541],[-71.5996,41.1469],[-71.5501,41.1519],[-71.5448,41.1655],[-71.5668,41.1852],[-71.5548,41.2163],[-71.5746,41.2283]]],[[[-70.0439,41.3883],[-70.0233,41.3667],[-70.0144,41.3464],[-70.0006,41.3353],[-70.02,41.3167],[-70.02,41.3044],[-70.0442,41.295],[-70.0633,41.2961],[-70.0797,41.2819],[-70.1039,41.2986],[-70.1269,41.2933],[-70.1972,41.2967],[-70.1972,41.2683],[-70.1681,41.255],[-70.1017,41.2406],[-70.0767,41.2453],[-70.0078,41.2383],[-69.9719,41.2469],[-69.9597,41.269],[-69.9722,41.2992],[-70.0261,41.3747],[-70.0439,41.3883]]],[[[-70.8508,41.4367],[-70.8545,41.4464],[-70.9061,41.4239],[-70.8667,41.4219],[-70.8508,41.4367]]],[[[-70.5969,41.4766],[-70.6039,41.4824],[-70.6385,41.4636],[-70.6591,41.4605],[-70.671,41.443],[-70.7005,41.4341],[-70.7124,41.4088],[-70.7316,41.398],[-70.7408,41.3819],[-70.7744,41.3497],[-70.8127,41.3569],[-70.8377,41.3455],[-70.7946,41.3102],[-70.7699,41.3024],[-70.7627,41.3199],[-70.7344,41.3372],[-70.6991,41.3441],[-70.6413,41.3494],[-70.5908,41.3502],[-70.5035,41.348],[-70.4508,41.3487],[-70.4496,41.3808],[-70.4699,41.3919],[-70.4971,41.3841],[-70.4938,41.3638],[-70.4744,41.3613],[-70.4674,41.3505],[-70.5033,41.3505],[-70.5025,41.3913],[-70.5171,41.4036],[-70.553,41.4086],[-70.5594,41.4222],[-70.5524,41.4405],[-70.5544,41.4586],[-70.5696,41.4722],[-70.5946,41.448],[-70.5969,41.4766]]],[[[-71.9267,41.2902],[-71.94,41.2913],[-71.9942,41.2708],[-72.0211,41.2767],[-72.0163,41.2561],[-72.0025,41.2528],[-71.9611,41.2774],[-71.9347,41.281],[-71.9267,41.2902]]],[[[-72.3251,41.1024],[-72.358,41.0879],[-72.3749,41.0705],[-72.3731,41.0518],[-72.3542,41.042],[-72.3436,41.0523],[-72.3242,41.0422],[-72.2733,41.0522],[-72.3202,41.0777],[-72.3251,41.1024]]],[[[-72.1137,41.1105],[-72.1259,41.1205],[-72.1383,41.0925],[-72.094,41.0882],[-72.0889,41.1017],[-72.1137,41.1105]]],[[[-74.0776,40.647],[-74.1572,40.6389],[-74.1864,40.6436],[-74.2019,40.6289],[-74.1975,40.5975],[-74.2164,40.5572],[-74.2486,40.5439],[-74.2419,40.5203],[-74.2558,40.5075],[-74.2463,40.4963],[-74.2182,40.5028],[-74.2074,40.5116],[-74.1559,40.5279],[-74.1051,40.5538],[-74.0527,40.6014],[-74.0739,40.6339],[-74.0776,40.647]]],[[[-73.6116,40.5958],[-73.6669,40.5941],[-73.6434,40.5822],[-73.621,40.5858],[-73.6116,40.5958]]],[[[-73.4338,40.6074],[-73.3552,40.6284],[-73.3369,40.6285],[-73.3281,40.6408],[-73.42,40.6192],[-73.4317,40.6122],[-73.4631,40.6122],[-73.4822,40.6056],[-73.4964,40.6106],[-73.5206,40.5992],[-73.5647,40.5894],[-73.5754,40.5748],[-73.5148,40.5916],[-73.4338,40.6074]]],[[[-73.532,40.6184],[-73.5547,40.6119],[-73.5461,40.6008],[-73.5256,40.6036],[-73.532,40.6184]]],[[[-72.7573,40.7639],[-72.7955,40.7648],[-72.805,40.754],[-72.8978,40.7239],[-72.9186,40.7236],[-72.9658,40.7006],[-72.9906,40.6947],[-73.0117,40.6825],[-73.0992,40.6581],[-73.1937,40.6433],[-73.2344,40.6256],[-73.097,40.6565],[-73.0225,40.6759],[-72.9188,40.7142],[-72.7573,40.7639]]],[[[-73.74,40.5944],[-73.7027,40.5914],[-73.6789,40.6072],[-73.6765,40.6285],[-73.6522,40.6159],[-73.6507,40.5958],[-73.618,40.6206],[-73.5617,40.6294],[-73.5361,40.6431],[-73.5164,40.6427],[-73.5007,40.6239],[-73.4844,40.6506],[-73.4613,40.6468],[-73.4317,40.6581],[-73.3868,40.6568],[-73.3416,40.6712],[-73.3159,40.6868],[-73.2812,40.6853],[-73.2256,40.7181],[-73.1712,40.6992],[-73.1487,40.6983],[-73.1351,40.7274],[-73.1105,40.72],[-73.0357,40.7297],[-73.0206,40.7486],[-72.9828,40.7497],[-72.9453,40.7408],[-72.9275,40.7581],[-72.8875,40.7625],[-72.8814,40.7411],[-72.8694,40.7392],[-72.8119,40.7637],[-72.8055,40.7823],[-72.7544,40.7837],[-72.7327,40.8003],[-72.6683,40.8028],[-72.6708,40.7848],[-72.5774,40.812],[-72.5706,40.8403],[-72.5497,40.8492],[-72.5117,40.8511],[-72.4911,40.8683],[-72.5017,40.881],[-72.4697,40.8817],[-72.4422,40.8747],[-72.4358,40.8622],[-72.4738,40.8389],[-72.3177,40.8942],[-72.1713,40.9515],[-72.1205,40.9698],[-72.0271,40.9992],[-72.02,41.005],[-71.9575,41.0283],[-71.9037,41.04],[-71.8741,41.0517],[-71.8564,41.0709],[-71.8635,41.0767],[-71.915,41.0806],[-71.9381,41.0683],[-71.9603,41.0702],[-71.957,41.0491],[-71.9689,41.0402],[-71.9936,41.0474],[-72.0222,41.0214],[-72.0556,41.0225],[-72.0786,41.0078],[-72.085,40.9953],[-72.1103,40.9947],[-72.1275,41.0153],[-72.1463,41.0208],[-72.1358,41.0369],[-72.1594,41.0539],[-72.1872,41.035],[-72.2033,41.0325],[-72.2422,41.045],[-72.2425,41.02],[-72.2789,41.0003],[-72.2997,41.0022],[-72.2981,41.0186],[-72.3114,41.0403],[-72.3314,41.0267],[-72.3172,41.0086],[-72.3717,40.9956],[-72.4072,40.95],[-72.4425,40.9456],[-72.4514,40.9178],[-72.4747,40.8994],[-72.5086,40.8964],[-72.5517,40.9147],[-72.5906,40.9044],[-72.6144,40.9289],[-72.5753,40.9339],[-72.5478,40.9556],[-72.5267,40.98],[-72.4939,40.9908],[-72.4708,40.9897],[-72.4456,41.01],[-72.4483,41.0228],[-72.4331,41.0358],[-72.3903,41.03],[-72.3914,41.0483],[-72.4156,41.0572],[-72.4022,41.0756],[-72.3801,41.092],[-72.339,41.1146],[-72.3256,41.1335],[-72.3087,41.1403],[-72.2876,41.1291],[-72.2688,41.1414],[-72.2543,41.1351],[-72.2395,41.1598],[-72.2678,41.1543],[-72.2783,41.1593],[-72.3135,41.1483],[-72.3277,41.1382],[-72.3536,41.1403],[-72.3639,41.1246],[-72.383,41.1148],[-72.3967,41.0964],[-72.4141,41.0895],[-72.4452,41.0868],[-72.4789,41.0514],[-72.5192,41.0394],[-72.575,41.0022],[-72.6369,40.9814],[-72.6975,40.9803],[-72.7389,40.9703],[-72.778,40.9652],[-72.8311,40.9708],[-72.8764,40.9636],[-72.9281,40.9628],[-72.9667,40.9669],[-73.02,40.9628],[-73.0794,40.9675],[-73.0749,40.9504],[-73.1063,40.9621],[-73.1187,40.9778],[-73.1444,40.9551],[-73.1475,40.9236],[-73.1711,40.9042],[-73.1989,40.9156],[-73.2161,40.9086],[-73.2672,40.9147],[-73.2939,40.9244],[-73.3319,40.93],[-73.3469,40.9253],[-73.3697,40.9333],[-73.3942,40.9556],[-73.4042,40.9428],[-73.3894,40.9228],[-73.3689,40.9303],[-73.352,40.9226],[-73.3594,40.91],[-73.3783,40.9031],[-73.3957,40.9088],[-73.4133,40.9042],[-73.4408,40.9075],[-73.4322,40.9222],[-73.4369,40.935],[-73.4802,40.9433],[-73.4961,40.9303],[-73.4736,40.8947],[-73.4886,40.8775],[-73.5414,40.8769],[-73.5464,40.909],[-73.5657,40.9155],[-73.6176,40.8982],[-73.6341,40.8984],[-73.6546,40.8782],[-73.653,40.8358],[-73.6764,40.8575],[-73.7075,40.8668],[-73.7297,40.8664],[-73.7275,40.8381],[-73.7033,40.8322],[-73.7036,40.8153],[-73.7539,40.835],[-73.7658,40.8121],[-73.7508,40.7827],[-73.774,40.7861],[-73.8198,40.801],[-73.8533,40.7949],[-73.8594,40.7853],[-73.8848,40.7759],[-73.9089,40.7911],[-73.9427,40.7659],[-73.9606,40.7442],[-73.9697,40.7075],[-73.9984,40.7014],[-74.0194,40.6797],[-74.013,40.6664],[-74.035,40.6434],[-74.0405,40.6156],[-74.0295,40.6045],[-73.9997,40.5928],[-74,40.5711],[-73.9319,40.5753],[-73.9284,40.5836],[-73.8948,40.5768],[-73.8761,40.5847],[-73.8825,40.6047],[-73.897,40.6237],[-73.8575,40.6436],[-73.8234,40.6493],[-73.7633,40.6236],[-73.7836,40.6028],[-73.8211,40.5822],[-73.74,40.5944]]],[[[-70.135,43.7014],[-70.1689,43.6897],[-70.1594,43.6781],[-70.135,43.7014]]],[[[-70.1042,43.7392],[-70.1283,43.7453],[-70.1393,43.7256],[-70.1201,43.7128],[-70.1042,43.7392]]],[[[-68.3458,44.125],[-68.3747,44.1177],[-68.3513,44.1048],[-68.3458,44.125]]],[[[-68.8628,44.1167],[-68.8983,44.1239],[-68.9094,44.1125],[-68.9033,44.0867],[-68.8853,44.0856],[-68.8631,44.07],[-68.87,44.0506],[-68.8294,44.0322],[-68.7839,44.0572],[-68.7806,44.085],[-68.8011,44.0778],[-68.8306,44.0817],[-68.8628,44.1167]]],[[[-68.8306,44.1178],[-68.8492,44.1133],[-68.8289,44.0903],[-68.8075,44.1047],[-68.8306,44.1178]]],[[[-68.6111,44.0894],[-68.6517,44.065],[-68.6597,44.0486],[-68.655,44.0072],[-68.6272,44.0214],[-68.6125,44.0206],[-68.6042,44.0386],[-68.6011,44.0867],[-68.6111,44.0894]]],[[[-69.6633,43.8476],[-69.67,43.8297],[-69.6875,43.8261],[-69.679,43.8068],[-69.6525,43.7877],[-69.6486,43.8309],[-69.6633,43.8476]]],[[[-69.7517,43.8694],[-69.7658,43.8597],[-69.7653,43.8397],[-69.7831,43.7961],[-69.7619,43.7542],[-69.7436,43.7648],[-69.7167,43.793],[-69.7209,43.8073],[-69.7074,43.828],[-69.7156,43.8467],[-69.7367,43.8681],[-69.7517,43.8694]]],[[[-69.8933,43.8536],[-69.9081,43.8583],[-69.9256,43.8464],[-69.9278,43.8389],[-69.9423,43.8328],[-69.9525,43.8158],[-69.9425,43.8014],[-69.9744,43.7758],[-69.9364,43.7747],[-69.9144,43.8236],[-69.9019,43.8092],[-69.9181,43.7964],[-69.8947,43.7883],[-69.879,43.8164],[-69.8875,43.8261],[-69.8933,43.8536]]],[[[-69.7942,43.9031],[-69.8072,43.8825],[-69.7931,43.8789],[-69.795,43.8544],[-69.7881,43.8408],[-69.8014,43.825],[-69.7889,43.8122],[-69.7669,43.84],[-69.7728,43.8461],[-69.7617,43.8861],[-69.7942,43.9031]]],[[[-69.6672,43.9107],[-69.6819,43.9061],[-69.6875,43.8886],[-69.6674,43.8852],[-69.6672,43.9107]]],[[[-69.6696,43.9579],[-69.6836,43.9581],[-69.7103,43.9132],[-69.7291,43.9058],[-69.7314,43.8903],[-69.7203,43.8528],[-69.6994,43.8722],[-69.6938,43.9184],[-69.6759,43.9282],[-69.6696,43.9579]]],[[[-69.9828,41.6139],[-69.9925,41.6014],[-69.9975,41.5672],[-70.0139,41.5517],[-70,41.5414],[-69.9875,41.5542],[-69.9883,41.59],[-69.9828,41.6139]]],[[[-71.3416,41.6485],[-71.3527,41.6353],[-71.33,41.6258],[-71.3344,41.5831],[-71.319,41.584],[-71.2981,41.6148],[-71.3097,41.6298],[-71.3416,41.6485]]],[[[-71.4033,41.4529],[-71.3855,41.4638],[-71.3659,41.4928],[-71.3602,41.5659],[-71.3767,41.5709],[-71.3934,41.5242],[-71.3812,41.5033],[-71.4014,41.4883],[-71.3978,41.4702],[-71.4033,41.4529]]],[[[-70.7119,41.5128],[-70.7451,41.5012],[-70.7756,41.4775],[-70.802,41.4667],[-70.8053,41.4498],[-70.7908,41.4458],[-70.759,41.4625],[-70.7611,41.4739],[-70.7106,41.4924],[-70.7119,41.5128]]],[[[-71.2482,41.48],[-71.2469,41.4922],[-71.229,41.5317],[-71.2357,41.5362],[-71.2349,41.5761],[-71.2447,41.5889],[-71.2397,41.617],[-71.2194,41.6274],[-71.2335,41.6438],[-71.2525,41.6379],[-71.2747,41.6207],[-71.2772,41.603],[-71.2939,41.5717],[-71.3087,41.5536],[-71.3124,41.5255],[-71.3235,41.515],[-71.3193,41.4782],[-71.3487,41.4715],[-71.3635,41.4624],[-71.3561,41.447],[-71.3236,41.4583],[-71.309,41.451],[-71.2966,41.4841],[-71.2482,41.48]]],[[[-70.1908,42.0811],[-70.2294,42.0775],[-70.2428,42.0692],[-70.2108,42.0331],[-70.1944,42.0389],[-70.1683,42.06],[-70.1478,42.0611],[-70.1127,42.0461],[-70.0858,42.0172],[-70.0767,41.9744],[-70.0719,41.8981],[-70.0593,41.9245],[-70.0239,41.9303],[-70.0186,41.8911],[-70.0097,41.8753],[-70.0039,41.8361],[-70.0067,41.8056],[-70.0228,41.7906],[-70.0528,41.7761],[-70.0897,41.7697],[-70.1225,41.7592],[-70.1414,41.7603],[-70.1883,41.7528],[-70.2292,41.7367],[-70.2347,41.7237],[-70.2603,41.7123],[-70.3208,41.7094],[-70.3096,41.7259],[-70.2892,41.7347],[-70.3644,41.7372],[-70.4139,41.7444],[-70.4725,41.7614],[-70.4961,41.7753],[-70.5064,41.7714],[-70.5478,41.7756],[-70.5631,41.7689],[-70.5761,41.7536],[-70.5908,41.7458],[-70.6183,41.74],[-70.6278,41.7305],[-70.6156,41.7178],[-70.6169,41.6572],[-70.6502,41.6456],[-70.6411,41.6339],[-70.6522,41.6046],[-70.6417,41.5836],[-70.6539,41.565],[-70.6542,41.5503],[-70.6761,41.5286],[-70.6556,41.515],[-70.6346,41.5382],[-70.5807,41.5445],[-70.5408,41.5586],[-70.5267,41.5792],[-70.4943,41.5515],[-70.4679,41.5651],[-70.4445,41.5964],[-70.4322,41.6206],[-70.4056,41.6367],[-70.3967,41.6281],[-70.3992,41.6064],[-70.3722,41.6142],[-70.3561,41.6339],[-70.3392,41.6372],[-70.3168,41.625],[-70.2564,41.6455],[-70.248,41.6274],[-70.1975,41.6442],[-70.1931,41.6517],[-70.1386,41.6504],[-70.0952,41.6616],[-70.0298,41.6675],[-70.0122,41.6731],[-69.9851,41.6568],[-69.9633,41.6531],[-69.9454,41.6771],[-69.9454,41.7036],[-69.9705,41.7128],[-69.9892,41.7361],[-69.9667,41.7383],[-69.9678,41.7537],[-69.9497,41.7661],[-69.9289,41.7547],[-69.9353,41.8],[-69.9597,41.8144],[-69.9497,41.8242],[-69.9458,41.8469],[-69.9617,41.8961],[-69.9783,41.9364],[-70.0069,41.9839],[-70.035,42.0175],[-70.0664,42.0453],[-70.095,42.0592],[-70.1642,42.0794],[-70.1908,42.0811]]],[[[-81.0493,25.2873],[-81.0651,25.2851],[-81.0693,25.256],[-81.0482,25.2429],[-81.0512,25.2645],[-81.0624,25.269],[-81.0493,25.2873]]],[[[-81.0051,25.2729],[-81.014,25.2721],[-81.0462,25.2374],[-81.0207,25.2279],[-81.0054,25.2282],[-81.0007,25.2162],[-80.9896,25.2196],[-80.9676,25.2185],[-80.9693,25.2274],[-81.0132,25.2654],[-81.0051,25.2729]]],[[[-80.2396,25.3965],[-80.2554,25.3813],[-80.2513,25.3537],[-80.2415,25.3563],[-80.229,25.3824],[-80.2396,25.3965]]],[[[-81.1301,25.3421],[-81.1282,25.3324],[-81.1004,25.3182],[-81.086,25.3274],[-81.1059,25.3379],[-81.1301,25.3421]]],[[[-80.6468,24.9126],[-80.6215,24.926],[-80.6087,24.9407],[-80.5876,24.9515],[-80.566,24.9557],[-80.534,24.9915],[-80.5307,24.9996],[-80.494,25.0235],[-80.4935,25.039],[-80.474,25.0607],[-80.4432,25.076],[-80.4226,25.1065],[-80.4096,25.1029],[-80.3768,25.1304],[-80.3696,25.1499],[-80.3496,25.1693],[-80.3512,25.1907],[-80.3071,25.2582],[-80.2851,25.2874],[-80.2785,25.3074],[-80.2579,25.3349],[-80.2785,25.3338],[-80.3074,25.3001],[-80.3293,25.2874],[-80.3507,25.2868],[-80.3302,25.2579],[-80.3363,25.2315],[-80.3501,25.2107],[-80.3814,25.1997],[-80.3763,25.1829],[-80.393,25.1625],[-80.4034,25.1407],[-80.4187,25.1425],[-80.4179,25.1259],[-80.4471,25.0907],[-80.4971,25.0471],[-80.5126,25.0179],[-80.5415,25.0124],[-80.5432,24.9999],[-80.5674,24.9646],[-80.5865,24.9621],[-80.6046,24.9485],[-80.6243,24.9474],[-80.621,24.9346],[-80.6468,24.9126]]],[[[-81.6743,25.8755],[-81.6974,25.8704],[-81.6804,25.8457],[-81.6693,25.866],[-81.6743,25.8755]]],[[[-81.7271,25.9726],[-81.7504,25.9588],[-81.7298,25.9277],[-81.7288,25.9079],[-81.6924,25.9093],[-81.6982,25.9271],[-81.6865,25.9365],[-81.6735,25.9007],[-81.6496,25.9046],[-81.6565,25.9176],[-81.6552,25.9426],[-81.6685,25.9504],[-81.7046,25.9524],[-81.7271,25.9726]]],[[[-81.7671,26.0413],[-81.7701,26.0362],[-81.7607,26.0176],[-81.7468,26.024],[-81.761,26.0335],[-81.7671,26.0413]]],[[[-97.4931,27.3056],[-97.5234,27.2993],[-97.5271,27.2792],[-97.5043,27.2789],[-97.4836,27.2967],[-97.4931,27.3056]]],[[[-82.5467,27.3036],[-82.5589,27.3041],[-82.57,27.2794],[-82.5422,27.2583],[-82.5444,27.2769],[-82.5544,27.29],[-82.5467,27.3036]]],[[[-97.4383,27.0753],[-97.4433,27.055],[-97.4479,26.9962],[-97.4635,26.8726],[-97.4701,26.8118],[-97.4318,26.7821],[-97.4285,26.806],[-97.4463,26.8124],[-97.4374,26.8312],[-97.4638,26.8349],[-97.4554,26.8812],[-97.4535,26.9168],[-97.4454,26.9679],[-97.4383,27.0753]]],[[[-82.2637,26.7846],[-82.2676,26.776],[-82.2643,26.7204],[-82.2529,26.7507],[-82.2624,26.7674],[-82.2637,26.7846]]],[[[-82.246,26.7049],[-82.2554,26.7051],[-82.2565,26.6724],[-82.2401,26.6724],[-82.246,26.7049]]],[[[-97.2538,26.4285],[-97.259,26.4254],[-97.2804,26.464],[-97.2965,26.5051],[-97.319,26.5376],[-97.3396,26.5313],[-97.3362,26.5076],[-97.3185,26.4924],[-97.3076,26.471],[-97.279,26.4343],[-97.271,26.406],[-97.2546,26.3793],[-97.2438,26.341],[-97.2218,26.3024],[-97.1971,26.2499],[-97.1957,26.2296],[-97.181,26.1724],[-97.1815,26.1551],[-97.1671,26.0921],[-97.1624,26.0957],[-97.1721,26.1657],[-97.1885,26.2535],[-97.1901,26.2729],[-97.2085,26.3551],[-97.2224,26.4037],[-97.2438,26.3957],[-97.2515,26.4071],[-97.2538,26.4285]]],[[[-97.2285,26.4085],[-97.2249,26.4124],[-97.2546,26.5068],[-97.2607,26.4888],[-97.2454,26.4521],[-97.2363,26.4032],[-97.2285,26.4085]]],[[[-82.196,26.5507],[-82.189,26.4971],[-82.1729,26.4688],[-82.1443,26.4518],[-82.1279,26.4368],[-82.0907,26.4224],[-82.0715,26.4215],[-82.0368,26.4382],[-82.034,26.4526],[-82.0568,26.4685],[-82.0704,26.4588],[-82.0732,26.4457],[-82.0876,26.4432],[-82.1015,26.4665],[-82.1537,26.4793],[-82.174,26.4938],[-82.196,26.5507]]],[[[-97.2696,26.5615],[-97.3054,26.5624],[-97.2771,26.5443],[-97.2696,26.5615]]],[[[-82.1571,26.7062],[-82.1718,26.706],[-82.1837,26.6943],[-82.1813,26.6804],[-82.1571,26.6635],[-82.1382,26.6329],[-82.1415,26.6157],[-82.1321,26.6096],[-82.1113,26.5407],[-82.1071,26.514],[-82.0943,26.489],[-82.0624,26.4921],[-82.0726,26.5243],[-82.0679,26.536],[-82.0801,26.5462],[-82.0771,26.5818],[-82.0651,26.6107],[-82.0813,26.6376],[-82.1068,26.6404],[-82.1024,26.6604],[-82.1243,26.699],[-82.1571,26.7062]]],[[[-97.07,27.9156],[-97.0653,27.9083],[-97.0892,27.8742],[-97.0675,27.8539],[-97.0592,27.8539],[-97.0497,27.8836],[-97.0539,27.9031],[-97.07,27.9156]]],[[[-96.4062,28.3951],[-96.4289,28.3933],[-96.4404,28.3429],[-96.4555,28.3358],[-96.5181,28.325],[-96.5431,28.315],[-96.5492,28.2931],[-96.5725,28.2814],[-96.5881,28.2894],[-96.6161,28.2636],[-96.6494,28.2519],[-96.6639,28.2317],[-96.6888,28.2179],[-96.7035,28.1985],[-96.7508,28.1875],[-96.7919,28.1886],[-96.8231,28.1672],[-96.802,28.1402],[-96.8107,28.1243],[-96.8358,28.1008],[-96.828,28.0832],[-96.7611,28.1356],[-96.7028,28.1773],[-96.6369,28.2208],[-96.5895,28.2492],[-96.5003,28.2931],[-96.4439,28.3153],[-96.4077,28.3437],[-96.4039,28.365],[-96.4062,28.3951]]],[[[-80.195,27.2543],[-80.2239,27.3166],[-80.237,27.3495],[-80.2898,27.4506],[-80.2977,27.4378],[-80.2812,27.4288],[-80.2748,27.401],[-80.2644,27.3961],[-80.2584,27.3714],[-80.2592,27.3481],[-80.236,27.3283],[-80.2223,27.3082],[-80.2269,27.2978],[-80.1863,27.2306],[-80.1846,27.2111],[-80.1724,27.2068],[-80.195,27.2543]]],[[[-97.2887,26.5974],[-97.324,26.7032],[-97.3613,26.8482],[-97.3707,26.9001],[-97.3793,26.9982],[-97.3775,27.0983],[-97.3731,27.15],[-97.365,27.205],[-97.3503,27.2706],[-97.3358,27.3225],[-97.3111,27.3922],[-97.2814,27.4628],[-97.2511,27.5239],[-97.2064,27.6078],[-97.205,27.615],[-97.1575,27.6934],[-97.1031,27.7711],[-97.065,27.8172],[-97.0475,27.8336],[-97.0572,27.8422],[-97.1286,27.8281],[-97.1056,27.8222],[-97.1036,27.8067],[-97.1244,27.7681],[-97.1486,27.7442],[-97.1614,27.7378],[-97.1842,27.6953],[-97.1967,27.6839],[-97.1972,27.6531],[-97.2056,27.6403],[-97.2314,27.6317],[-97.2475,27.6028],[-97.2472,27.5872],[-97.2586,27.5728],[-97.2672,27.5406],[-97.2828,27.5231],[-97.3011,27.4853],[-97.3308,27.4347],[-97.3367,27.4022],[-97.3606,27.3664],[-97.3653,27.3425],[-97.3556,27.3111],[-97.3725,27.2967],[-97.3694,27.2775],[-97.3831,27.2614],[-97.3819,27.2318],[-97.391,27.2117],[-97.3803,27.2039],[-97.3906,27.1697],[-97.3906,27.1376],[-97.395,27.1219],[-97.3862,27.0853],[-97.3913,26.9876],[-97.3863,26.9732],[-97.3915,26.9446],[-97.4168,26.9579],[-97.414,26.9315],[-97.3918,26.9215],[-97.3924,26.8874],[-97.4085,26.9013],[-97.4185,26.8951],[-97.4082,26.8724],[-97.3854,26.8513],[-97.3871,26.8251],[-97.3721,26.8085],[-97.3621,26.7629],[-97.3499,26.7465],[-97.356,26.7193],[-97.3254,26.6732],[-97.316,26.6313],[-97.2946,26.5779],[-97.2887,26.5974]]],[[[-80.4142,27.7583],[-80.4091,27.7327],[-80.3956,27.7348],[-80.4036,27.755],[-80.4142,27.7583]]],[[[-97.0914,27.8736],[-97.0761,27.8419],[-97.0608,27.8453],[-97.0914,27.8736]]],[[[-97.0517,27.844],[-97.0034,27.9089],[-96.9731,27.9444],[-96.9164,28.0039],[-96.8628,28.0536],[-96.8492,28.0703],[-96.8394,28.0978],[-96.8547,28.1206],[-96.8731,28.1325],[-96.9058,28.1006],[-96.9258,28.0878],[-96.9336,28.0564],[-96.9522,28.0392],[-96.9744,28.0061],[-96.975,27.9792],[-96.9859,27.9543],[-97.005,27.9286],[-97.0377,27.9043],[-97.046,27.8893],[-97.0443,27.8712],[-97.0517,27.844]]],[[[-81.3962,25.8046],[-81.3687,25.8141],[-81.3924,25.8282],[-81.3962,25.8046]]],[[[-81.4135,25.8026],[-81.3996,25.8249],[-81.4073,25.8418],[-81.4246,25.8554],[-81.4799,25.8443],[-81.4604,25.8179],[-81.4351,25.8215],[-81.4135,25.8026]]],[[[-89.3414,29.0325],[-89.3492,29.0328],[-89.3666,29.0032],[-89.4027,28.9639],[-89.395,28.96],[-89.3381,29.0264],[-89.3414,29.0325]]],[[[-89.2727,29.0858],[-89.3097,29.0558],[-89.3722,28.9747],[-89.3547,28.9833],[-89.3264,29.0067],[-89.2903,29.0486],[-89.2583,29.0669],[-89.2727,29.0858]]],[[[-90.0439,29.4908],[-90.0433,29.4769],[-90.0167,29.4736],[-90.0197,29.4875],[-90.0439,29.4908]]],[[[-90.0747,29.5053],[-90.1131,29.5044],[-90.1011,29.4906],[-90.0975,29.4669],[-90.0814,29.4778],[-90.0747,29.5053]]],[[[-94.5564,29.5292],[-94.5694,29.5306],[-94.5953,29.5069],[-94.6058,29.4833],[-94.6409,29.4723],[-94.6694,29.4778],[-94.6761,29.4578],[-94.5222,29.5133],[-94.5564,29.5292]]],[[[-91.2619,29.4539],[-91.2822,29.4542],[-91.2817,29.4336],[-91.2706,29.4281],[-91.2619,29.4539]]],[[[-91.2881,29.4697],[-91.3211,29.4647],[-91.331,29.4411],[-91.2922,29.4572],[-91.2881,29.4697]]],[[[-89.6817,29.4225],[-89.6875,29.4094],[-89.6672,29.3894],[-89.6567,29.4039],[-89.6817,29.4225]]],[[[-89.6989,29.4422],[-89.7153,29.4475],[-89.7375,29.4178],[-89.7331,29.4036],[-89.7147,29.3878],[-89.6831,29.3928],[-89.6989,29.4422]]],[[[-91.1653,29.3239],[-91.1925,29.31],[-91.1833,29.2958],[-91.1939,29.2822],[-91.1847,29.2703],[-91.1714,29.2739],[-91.1653,29.3239]]],[[[-91.239,29.3512],[-91.2394,29.3703],[-91.2694,29.3572],[-91.2767,29.3294],[-91.2915,29.3117],[-91.3342,29.2995],[-91.3025,29.2667],[-91.2792,29.2494],[-91.2114,29.225],[-91.1314,29.2217],[-91.1675,29.265],[-91.2078,29.2772],[-91.1876,29.2983],[-91.2233,29.3286],[-91.239,29.3512]]],[[[-94.8042,29.3497],[-94.8225,29.3444],[-94.8217,29.3128],[-94.7989,29.3124],[-94.7811,29.3325],[-94.8042,29.3497]]],[[[-89.5767,29.3614],[-89.5872,29.3575],[-89.5847,29.3392],[-89.5661,29.3331],[-89.5497,29.3425],[-89.5767,29.3614]]],[[[-89.7033,29.3822],[-89.7325,29.3636],[-89.7278,29.3419],[-89.7431,29.3342],[-89.7681,29.3372],[-89.79,29.3283],[-89.7803,29.3122],[-89.7342,29.3067],[-89.6836,29.2938],[-89.6594,29.3219],[-89.6658,29.3361],[-89.6322,29.3594],[-89.6492,29.3703],[-89.6794,29.3497],[-89.7008,29.3411],[-89.7122,29.3483],[-89.7172,29.3647],[-89.7033,29.3822]]],[[[-90.79,29.1447],[-90.8128,29.1419],[-90.7978,29.1264],[-90.79,29.1447]]],[[[-96.2075,28.6086],[-96.2356,28.6006],[-96.2267,28.5858],[-96.2119,28.5814],[-96.1875,28.5911],[-96.1719,28.6089],[-96.2075,28.6086]]],[[[-89.5686,29.5464],[-89.5919,29.5456],[-89.6022,29.5269],[-89.5672,29.5392],[-89.5686,29.5464]]],[[[-91.895,29.6311],[-91.925,29.6281],[-91.94,29.6092],[-91.9675,29.6078],[-91.9825,29.6147],[-92.0051,29.6033],[-92.0263,29.5674],[-92.0036,29.555],[-91.9547,29.5381],[-91.9149,29.5178],[-91.9061,29.5186],[-91.8831,29.5011],[-91.8608,29.5025],[-91.847,29.4799],[-91.8217,29.4742],[-91.805,29.4869],[-91.7875,29.4819],[-91.7672,29.4894],[-91.7739,29.5039],[-91.7644,29.5242],[-91.7164,29.5519],[-91.7278,29.5617],[-91.7583,29.5578],[-91.757,29.5715],[-91.7767,29.5797],[-91.7844,29.5944],[-91.8264,29.5703],[-91.8236,29.6033],[-91.8427,29.621],[-91.8647,29.6317],[-91.895,29.6311]]],[[[-179.0868,51.295],[-179.1111,51.3019],[-179.147,51.2793],[-179.14,51.2625],[-179.1444,51.2356],[-179.1306,51.2208],[-179.0944,51.2271],[-179.0704,51.2564],[-179.0868,51.295]]],[[[-178.9572,51.3967],[-178.9839,51.3958],[-178.995,51.3797],[-178.9739,51.3644],[-178.9922,51.3442],[-178.9883,51.3064],[-178.9539,51.3339],[-178.9206,51.3392],[-178.91,51.3572],[-178.9256,51.3831],[-178.9572,51.3967]]],[[[-178.8367,51.5742],[-178.8339,51.5472],[-178.7972,51.5392],[-178.7322,51.5467],[-178.7617,51.5628],[-178.8044,51.5639],[-178.8367,51.5742]]],[[[-178.8,51.8342],[-178.837,51.8341],[-178.86,51.8197],[-178.8733,51.7817],[-178.8411,51.7658],[-178.8139,51.746],[-178.7706,51.7469],[-178.7332,51.7807],[-178.7484,51.8098],[-178.7649,51.8225],[-178.8,51.8342]]],[[[178.6816,51.6499],[178.6472,51.6586],[178.625,51.6366],[178.6356,51.6217],[178.6858,51.6082],[178.6997,51.5911],[178.715,51.5926],[178.7839,51.5692],[178.8144,51.5778],[178.8428,51.5773],[178.8611,51.5597],[178.8933,51.5589],[178.9128,51.5433],[178.9321,51.5462],[178.9639,51.5311],[178.9647,51.5204],[179,51.5047],[179.0344,51.4814],[179.0572,51.4528],[179.0883,51.4456],[179.1083,51.4292],[179.1272,51.425],[179.1822,51.3936],[179.199,51.3939],[179.228,51.3815],[179.2144,51.3592],[179.2411,51.3494],[179.2588,51.3568],[179.3389,51.3644],[179.3705,51.3749],[179.4009,51.3605],[179.4438,51.3646],[179.47,51.3731],[179.4033,51.3908],[179.4028,51.4061],[179.3676,51.4007],[179.3356,51.4075],[179.28,51.3897],[179.2628,51.4058],[179.2278,51.4133],[179.2136,51.4265],[179.1873,51.4674],[179.1567,51.4656],[179.1189,51.4836],[179.0956,51.4878],[179.0439,51.5236],[179.0233,51.5316],[178.9863,51.5699],[178.9164,51.5889],[178.9178,51.6057],[178.8656,51.6231],[178.8538,51.6188],[178.8079,51.6327],[178.77,51.63],[178.6935,51.6427],[178.6816,51.6499]]],[[[-178.5689,51.5986],[-178.58,51.6083],[-178.6039,51.6039],[-178.5911,51.5856],[-178.5689,51.5986]]],[[[-178.6469,51.6119],[-178.6856,51.6083],[-178.6639,51.5867],[-178.6189,51.5928],[-178.6128,51.6122],[-178.6469,51.6119]]],[[[-178.0828,51.9147],[-178.1271,51.9197],[-178.1747,51.9124],[-178.1993,51.9042],[-178.2254,51.8807],[-178.2244,51.8617],[-178.1433,51.8297],[-178.095,51.8158],[-178.0917,51.8003],[-178.0372,51.7789],[-178.02,51.7917],[-177.975,51.7731],[-177.9611,51.7742],[-177.9494,51.7511],[-177.9517,51.7306],[-177.9817,51.7142],[-178.0139,51.7183],[-178.0272,51.7053],[-178.0496,51.7023],[-178.0998,51.7084],[-178.1144,51.6719],[-178.0856,51.6606],[-178.0461,51.6714],[-178.0328,51.6531],[-177.9537,51.6429],[-177.955,51.6119],[-177.9306,51.5992],[-177.8994,51.6006],[-177.9172,51.6383],[-177.9278,51.6456],[-177.92,51.6728],[-177.8939,51.6872],[-177.8672,51.6764],[-177.8411,51.6875],[-177.8189,51.7106],[-177.8417,51.7314],[-177.79,51.7683],[-177.8211,51.7875],[-177.785,51.7939],[-177.7628,51.8069],[-177.7189,51.815],[-177.68,51.8128],[-177.6217,51.8361],[-177.6294,51.85],[-177.6589,51.8489],[-177.735,51.8264],[-177.7539,51.8264],[-177.7689,51.8397],[-177.7978,51.8409],[-177.8489,51.8247],[-177.9256,51.8578],[-177.9067,51.8733],[-177.9172,51.8864],[-177.9544,51.9025],[-177.9601,51.9168],[-178.0055,51.9102],[-178.0828,51.9147]]],[[[179.6461,52.0258],[179.6172,52.0183],[179.5804,52.0163],[179.5246,51.9825],[179.4846,51.9839],[179.4778,51.9639],[179.4844,51.9436],[179.4799,51.9219],[179.5128,51.9125],[179.5188,51.9026],[179.5479,51.8897],[179.5803,51.8886],[179.6124,51.8708],[179.6464,51.874],[179.6684,51.8943],[179.7388,51.9112],[179.7485,51.9189],[179.7311,51.9405],[179.7628,51.9478],[179.7734,51.9582],[179.762,51.9747],[179.7335,51.9766],[179.7098,51.9868],[179.702,52.0048],[179.6746,52.0087],[179.6461,52.0258]]],[[[-175.4928,52.1742],[-175.515,52.1856],[-175.5293,52.1739],[-175.5157,52.1608],[-175.4928,52.1742]]],[[[175.88,52.3728],[175.8844,52.3564],[175.9025,52.3369],[175.9436,52.3363],[175.9654,52.3596],[175.935,52.3711],[175.88,52.3728]]],[[[-172.4061,52.3837],[-172.4378,52.3928],[-172.48,52.3839],[-172.5061,52.3667],[-172.5489,52.3575],[-172.5894,52.3311],[-172.5961,52.3131],[-172.6212,52.3011],[-172.6339,52.2642],[-172.6077,52.2525],[-172.565,52.2564],[-172.5383,52.2458],[-172.5144,52.2642],[-172.48,52.2639],[-172.4394,52.2833],[-172.4106,52.2758],[-172.3928,52.2917],[-172.3028,52.3261],[-172.3056,52.3547],[-172.3306,52.3669],[-172.3761,52.3667],[-172.4061,52.3837]]],[[[-171.1204,52.5817],[-171.1508,52.585],[-171.1622,52.5606],[-171.1225,52.5585],[-171.1204,52.5817]]],[[[-170.6533,52.6975],[-170.6767,52.6986],[-170.6903,52.6808],[-170.7277,52.682],[-170.7367,52.665],[-170.7767,52.6428],[-170.81,52.6406],[-170.8283,52.6228],[-170.8216,52.6142],[-170.8467,52.5589],[-170.8159,52.5573],[-170.7957,52.5424],[-170.7428,52.5747],[-170.7364,52.5839],[-170.6842,52.6022],[-170.6628,52.5946],[-170.6083,52.6012],[-170.5924,52.623],[-170.5639,52.6419],[-170.5733,52.6819],[-170.5994,52.6919],[-170.6533,52.6975]]],[[[174.1089,52.7328],[174.0922,52.7404],[174.0608,52.7172],[174.1025,52.7091],[174.1552,52.7055],[174.1408,52.7269],[174.1089,52.7328]]],[[[173.9617,52.7475],[173.9739,52.7267],[174.0031,52.7193],[174.0185,52.7282],[174.004,52.7438],[173.9617,52.7475]]],[[[-170.0406,52.9228],[-170.0857,52.9241],[-170.1028,52.9056],[-170.125,52.8997],[-170.0977,52.8731],[-170.0448,52.8606],[-170.0186,52.8668],[-169.9983,52.8839],[-169.995,52.9033],[-170.0406,52.9228]]],[[[-170.1173,52.7896],[-170.1688,52.7863],[-170.1656,52.7753],[-170.181,52.7525],[-170.1755,52.7311],[-170.1217,52.7168],[-170.085,52.7181],[-170.0697,52.725],[-170.0533,52.7463],[-170.0525,52.7726],[-170.0972,52.7775],[-170.1173,52.7896]]],[[[173.88,52.7714],[173.8951,52.7499],[173.9252,52.7517],[173.8978,52.7708],[173.88,52.7714]]],[[[172.7906,53.0047],[172.7789,53.0106],[172.7428,53.0081],[172.728,52.9976],[172.6533,53.0036],[172.6302,53.0006],[172.6022,52.9842],[172.5528,52.9719],[172.5483,52.9619],[172.5106,52.9542],[172.4995,52.9433],[172.4578,52.9253],[172.4606,52.9125],[172.495,52.9181],[172.5128,52.9056],[172.5683,52.9212],[172.6372,52.9247],[172.6507,52.9117],[172.6336,52.9033],[172.6245,52.8653],[172.6656,52.8783],[172.7456,52.8758],[172.7767,52.8853],[172.7642,52.8596],[172.7644,52.8401],[172.7515,52.8073],[172.7367,52.7961],[172.7994,52.7817],[172.8089,52.7908],[172.8422,52.7889],[172.8667,52.8008],[172.8883,52.79],[172.9061,52.7458],[172.9367,52.7536],[172.9633,52.7772],[172.9989,52.7964],[172.9956,52.8067],[173.0567,52.8325],[173.0731,52.8302],[173.0763,52.8114],[173.1041,52.7982],[173.1161,52.7844],[173.1383,52.7861],[173.1617,52.8061],[173.1617,52.8228],[173.2089,52.8525],[173.23,52.8575],[173.2752,52.8327],[173.3044,52.8258],[173.3783,52.8356],[173.4133,52.8281],[173.4072,52.8472],[173.3394,52.8617],[173.2874,52.8591],[173.2667,52.8636],[173.2667,52.8792],[173.2961,52.8906],[173.3089,52.9117],[173.3039,52.9242],[173.2706,52.9319],[173.2467,52.9442],[173.2117,52.9375],[173.1717,52.9128],[173.1511,52.9267],[173.1733,52.9583],[173.155,52.9747],[173.1245,52.9903],[173.08,52.9825],[173.0489,52.9903],[172.9983,52.9922],[172.9716,52.9847],[172.953,52.9717],[172.9179,52.9736],[172.9084,52.9888],[172.8883,52.9964],[172.8159,52.9984],[172.7906,53.0047]]],[[[173.7561,52.4958],[173.7406,52.5122],[173.655,52.5039],[173.6417,52.4931],[173.6167,52.5022],[173.5872,52.4767],[173.5478,52.4717],[173.5304,52.4476],[173.4845,52.4391],[173.44,52.4528],[173.4256,52.4322],[173.3823,52.4311],[173.3572,52.4035],[173.4006,52.4],[173.4156,52.39],[173.4372,52.3925],[173.4689,52.3806],[173.5389,52.3894],[173.5611,52.4011],[173.6167,52.3969],[173.6065,52.3786],[173.64,52.3747],[173.642,52.356],[173.719,52.3705],[173.7206,52.3897],[173.6922,52.4619],[173.7089,52.4778],[173.7561,52.4958]]],[[[-171.2413,52.5269],[-171.2945,52.5161],[-171.3113,52.5011],[-171.3145,52.4739],[-171.306,52.4591],[-171.2698,52.4513],[-171.2326,52.4517],[-171.2121,52.471],[-171.2001,52.5015],[-171.2413,52.5269]]],[[[-173.5161,52.1514],[-173.5406,52.1522],[-173.585,52.1425],[-173.6272,52.1531],[-173.6739,52.1386],[-173.7772,52.1306],[-173.805,52.1036],[-173.8344,52.1156],[-173.9011,52.1119],[-173.8889,52.1419],[-173.9456,52.1267],[-173.9983,52.1236],[-174.0378,52.1364],[-174.0378,52.1097],[-174.0128,52.0992],[-173.985,52.1069],[-173.9422,52.0692],[-173.9356,52.055],[-173.9128,52.0572],[-173.8905,52.0464],[-173.8761,52.0536],[-173.8511,52.0431],[-173.7828,52.0525],[-173.7539,52.0494],[-173.6994,52.0606],[-173.6694,52.0522],[-173.6589,52.0603],[-173.6194,52.0481],[-173.5811,52.0531],[-173.5706,52.0356],[-173.5506,52.0281],[-173.4933,52.0347],[-173.4778,52.045],[-173.3889,52.0358],[-173.325,52.0556],[-173.285,52.0519],[-173.2417,52.0575],[-173.2256,52.0703],[-173.1994,52.0581],[-173.1528,52.0592],[-173.0956,52.0794],[-173.0533,52.0731],[-173.0289,52.075],[-172.9939,52.0953],[-173.0353,52.1016],[-173.0722,52.0956],[-173.1086,52.0998],[-173.14,52.0947],[-173.1694,52.1103],[-173.1889,52.1108],[-173.2361,52.0936],[-173.2483,52.1069],[-173.3003,52.106],[-173.3533,52.0897],[-173.385,52.1097],[-173.4107,52.1031],[-173.4294,52.1175],[-173.4533,52.1042],[-173.4794,52.1139],[-173.5139,52.1106],[-173.5433,52.1208],[-173.5161,52.1514]]],[[[178.2296,51.8321],[178.2229,51.821],[178.2536,51.8142],[178.2878,51.7953],[178.3073,51.7763],[178.3354,51.7693],[178.3601,51.7738],[178.3356,51.8083],[178.291,51.8195],[178.2542,51.8232],[178.2296,51.8321]]],[[[-176.2883,51.8689],[-176.3183,51.8714],[-176.3409,51.8613],[-176.3656,51.8703],[-176.4006,51.8683],[-176.4267,51.8536],[-176.405,51.7903],[-176.405,51.7514],[-176.3972,51.7336],[-176.3451,51.7311],[-176.3211,51.7378],[-176.2967,51.7694],[-176.265,51.7806],[-176.2678,51.8072],[-176.2878,51.8258],[-176.2805,51.8592],[-176.2883,51.8689]]],[[[-176.5633,51.9972],[-176.5911,52.0019],[-176.6189,51.9922],[-176.6289,51.9636],[-176.6628,51.9517],[-176.7229,51.9681],[-176.77,51.9661],[-176.7911,51.9569],[-176.8111,51.9272],[-176.7961,51.9033],[-176.7728,51.8894],[-176.7306,51.8747],[-176.7211,51.8636],[-176.7483,51.8511],[-176.7754,51.8534],[-176.7894,51.8411],[-176.7739,51.8083],[-176.7195,51.7953],[-176.7488,51.7875],[-176.8078,51.7792],[-176.8089,51.7942],[-176.8378,51.7933],[-176.8556,51.8194],[-176.8972,51.8086],[-176.9222,51.7875],[-176.9044,51.7708],[-176.8678,51.7572],[-176.8794,51.7467],[-176.8733,51.7319],[-176.8912,51.705],[-176.92,51.6989],[-176.9811,51.6653],[-176.9744,51.6364],[-176.9961,51.6294],[-176.9889,51.6064],[-176.9589,51.5922],[-176.9344,51.5914],[-176.9183,51.6086],[-176.8839,51.6608],[-176.8628,51.6708],[-176.8672,51.6828],[-176.8278,51.715],[-176.8222,51.6939],[-176.8389,51.6814],[-176.8139,51.6472],[-176.8233,51.6247],[-176.7994,51.6153],[-176.7644,51.6375],[-176.735,51.6264],[-176.7183,51.6433],[-176.7345,51.6564],[-176.715,51.6806],[-176.695,51.685],[-176.6733,51.6775],[-176.66,51.6911],[-176.6428,51.6858],[-176.6089,51.6936],[-176.5956,51.7069],[-176.5761,51.6942],[-176.5483,51.7078],[-176.5522,51.7175],[-176.5161,51.7589],[-176.4961,51.7553],[-176.4695,51.7264],[-176.4217,51.7494],[-176.4383,51.7756],[-176.4194,51.7889],[-176.4289,51.8081],[-176.4272,51.8367],[-176.4544,51.8389],[-176.4633,51.8517],[-176.4978,51.8519],[-176.519,51.8354],[-176.5494,51.8448],[-176.5789,51.8419],[-176.5915,51.8518],[-176.6291,51.8627],[-176.6206,51.9008],[-176.5811,51.9136],[-176.5922,51.94],[-176.5689,51.9506],[-176.5544,51.9728],[-176.5633,51.9972]]],[[[-177.1422,51.9422],[-177.1894,51.9389],[-177.2011,51.9242],[-177.1978,51.9028],[-177.2056,51.8628],[-177.2006,51.8472],[-177.2139,51.8358],[-177.2061,51.8188],[-177.2296,51.8029],[-177.2917,51.7819],[-177.3453,51.7775],[-177.4189,51.7531],[-177.4622,51.7514],[-177.4872,51.7383],[-177.5144,51.7428],[-177.5411,51.7208],[-177.5806,51.7286],[-177.5994,51.7258],[-177.64,51.7411],[-177.6628,51.7219],[-177.6928,51.7164],[-177.6956,51.6914],[-177.67,51.6797],[-177.6439,51.6844],[-177.6167,51.7042],[-177.5883,51.6944],[-177.5522,51.6958],[-177.5161,51.7042],[-177.4806,51.7008],[-177.4428,51.7244],[-177.4233,51.7172],[-177.3639,51.7339],[-177.3605,51.7222],[-177.2994,51.6975],[-177.2889,51.6811],[-177.2711,51.6792],[-177.2283,51.7058],[-177.2017,51.7139],[-177.1567,51.7042],[-177.1233,51.7261],[-177.1183,51.7375],[-177.1356,51.7553],[-177.1144,51.7692],[-177.115,51.7847],[-177.1367,51.8064],[-177.1328,51.83],[-177.1194,51.8403],[-177.065,51.8611],[-177.0744,51.885],[-177.0467,51.8969],[-177.06,51.9131],[-177.0919,51.9313],[-177.1422,51.9422]]],[[[-177.4268,51.9201],[-177.4528,51.9225],[-177.4691,51.9002],[-177.4356,51.8933],[-177.4268,51.9201]]],[[[178.5017,51.9881],[178.4573,51.984],[178.45,51.9719],[178.4539,51.9381],[178.4824,51.9175],[178.4845,51.9069],[178.515,51.8981],[178.5389,51.9075],[178.5761,51.9308],[178.5906,51.9525],[178.5633,51.9681],[178.5017,51.9881]]],[[[-175.71,51.9725],[-175.7456,51.9686],[-175.7398,51.9388],[-175.6967,51.955],[-175.6489,51.9633],[-175.6722,51.9731],[-175.71,51.9725]]],[[[-175.7926,51.9556],[-175.8211,51.96],[-175.8626,51.9534],[-175.8739,51.9414],[-175.8383,51.9375],[-175.8172,51.9192],[-175.7833,51.9137],[-175.7926,51.9556]]],[[[-176.0283,51.9354],[-176.05,51.9497],[-176.0578,51.9308],[-176.0283,51.9354]]],[[[-176.1706,51.8808],[-176.215,51.8806],[-176.2222,51.8686],[-176.2044,51.8478],[-176.2355,51.8333],[-176.235,51.8219],[-176.1944,51.81],[-176.1844,51.7903],[-176.1572,51.7694],[-176.15,51.7883],[-176.1663,51.7946],[-176.1539,51.825],[-176.1372,51.8119],[-176.1417,51.8017],[-176.1078,51.7978],[-176.0794,51.8203],[-176.0483,51.8178],[-176.0285,51.834],[-176.03,51.8444],[-176.0694,51.8542],[-176.1317,51.8506],[-176.1706,51.8808]]],[[[-175.9872,51.9092],[-176.0261,51.9111],[-176.0767,51.9014],[-176.0978,51.8817],[-176.0667,51.8744],[-176.0606,51.8633],[-176.0269,51.8661],[-175.9633,51.8461],[-175.9554,51.8594],[-175.9628,51.8761],[-175.9572,51.8947],[-175.9972,51.8902],[-175.9872,51.9092]]],[[[178.1615,52.0412],[178.138,52.0497],[178.1061,52.0466],[178.0915,52.0371],[178.1027,52.0053],[178.135,51.9864],[178.1732,51.9912],[178.1894,52.0033],[178.1773,52.0143],[178.1788,52.0337],[178.1615,52.0412]]],[[[177.6443,51.9716],[177.6206,51.96],[177.6439,51.945],[177.6739,51.9414],[177.6766,51.9537],[177.6443,51.9716]]],[[[177.6059,52.1349],[177.5819,52.1345],[177.5608,52.1205],[177.5504,52.0841],[177.5061,52.0447],[177.4997,52.0199],[177.485,52.0044],[177.4939,51.99],[177.4783,51.9828],[177.4471,51.9851],[177.4328,51.9783],[177.3753,51.9765],[177.3439,51.9653],[177.3244,51.9428],[177.33,51.9306],[177.2677,51.9201],[177.1989,51.895],[177.2495,51.8625],[177.2809,51.8522],[177.3006,51.8289],[177.3317,51.84],[177.3253,51.8712],[177.3478,51.9045],[177.4067,51.93],[177.4517,51.9306],[177.4472,51.9175],[177.4732,51.9084],[177.4934,51.9381],[177.5094,51.9239],[177.5317,51.9239],[177.5483,51.9122],[177.5697,51.9253],[177.6089,51.93],[177.5878,51.9497],[177.5359,51.9595],[177.5472,51.9828],[177.5676,51.9957],[177.5891,52.0199],[177.6339,52.0481],[177.6339,52.0644],[177.6585,52.0685],[177.6742,52.0892],[177.6584,52.1119],[177.6194,52.1239],[177.6059,52.1349]]],[[[-176.1373,52.1132],[-176.2086,52.0754],[-176.2054,52.0559],[-176.1816,52.0011],[-176.1517,51.9956],[-176.1356,52.0007],[-176.105,51.9972],[-176.0856,51.9856],[-176.0867,51.9711],[-176.0661,51.9667],[-176.0294,51.9744],[-176.0292,51.9876],[-176.0501,52.0193],[-176.03,52.0175],[-176.0091,52.0333],[-176.0083,52.0753],[-176.0365,52.0815],[-176.0549,52.1056],[-176.0794,52.1033],[-176.1373,52.1132]]],[[[-175.8683,51.9942],[-175.9344,51.9947],[-175.9639,51.9853],[-175.9456,51.9708],[-175.9272,51.9719],[-175.8833,51.9631],[-175.8293,51.9839],[-175.8683,51.9942]]],[[[-174.14,52.4133],[-174.1917,52.4167],[-174.2217,52.4011],[-174.27,52.3933],[-174.2817,52.3781],[-174.3172,52.3808],[-174.3337,52.3671],[-174.3202,52.342],[-174.3317,52.3269],[-174.3589,52.3133],[-174.3789,52.3222],[-174.4089,52.3208],[-174.4428,52.3272],[-174.4611,52.3161],[-174.4511,52.3033],[-174.4075,52.2886],[-174.3544,52.2789],[-174.3278,52.2864],[-174.3561,52.3125],[-174.3283,52.32],[-174.3206,52.2964],[-174.2678,52.2918],[-174.3028,52.2778],[-174.2655,52.2725],[-174.2406,52.2756],[-174.23,52.2631],[-174.2389,52.2419],[-174.2655,52.2397],[-174.2717,52.2264],[-174.3039,52.2217],[-174.3178,52.2033],[-174.3517,52.1989],[-174.36,52.2128],[-174.4127,52.22],[-174.4278,52.2142],[-174.4633,52.2183],[-174.4644,52.2044],[-174.4167,52.1839],[-174.4156,52.1683],[-174.4489,52.1708],[-174.4761,52.1858],[-174.5257,52.1721],[-174.5594,52.1814],[-174.5617,52.1544],[-174.5172,52.1361],[-174.5633,52.1347],[-174.5945,52.1444],[-174.6122,52.1106],[-174.6456,52.1044],[-174.6733,52.1111],[-174.7106,52.1033],[-174.7111,52.115],[-174.7367,52.1214],[-174.7489,52.0939],[-174.7856,52.0914],[-174.81,52.0964],[-174.8428,52.0925],[-174.8533,52.1036],[-174.8761,52.0989],[-174.8994,52.0814],[-174.9067,52.1178],[-174.9272,52.1086],[-174.9172,52.0769],[-174.9439,52.0839],[-174.965,52.0689],[-174.9933,52.0597],[-175.0084,52.0775],[-175.045,52.0622],[-175.0817,52.0397],[-175.1422,52.0596],[-175.1639,52.0519],[-175.199,52.0493],[-175.2011,52.0359],[-175.2355,52.0328],[-175.2589,52.0458],[-175.3011,52.0183],[-175.2627,52.0116],[-175.2483,52.0158],[-175.2127,52.0054],[-175.1989,52.0112],[-175.1533,52.0119],[-175.0943,52.0008],[-175.0878,52.0117],[-175.0313,52.0068],[-175,52.0256],[-174.97,52.0225],[-174.9672,52.0375],[-174.904,52.0351],[-174.8718,52.0423],[-174.8176,52.031],[-174.7705,52.0258],[-174.7509,52.0131],[-174.7078,52.0089],[-174.69,52.02],[-174.7061,52.0344],[-174.6872,52.0403],[-174.6483,52.0231],[-174.6156,52.0303],[-174.6067,52.0467],[-174.5728,52.0497],[-174.5567,52.035],[-174.5072,52.0706],[-174.4739,52.0722],[-174.4421,52.0462],[-174.4133,52.0478],[-174.39,52.0622],[-174.395,52.0747],[-174.3715,52.0925],[-174.3728,52.1028],[-174.3211,52.1186],[-174.2828,52.0975],[-174.2195,52.0922],[-174.2089,52.115],[-174.175,52.1117],[-174.1344,52.1275],[-174.11,52.1128],[-174.0844,52.1083],[-174.0822,52.1325],[-174.1233,52.1583],[-174.1978,52.1969],[-174.2006,52.22],[-174.1733,52.2331],[-174.1067,52.2292],[-174.0883,52.2225],[-174.0607,52.2244],[-174.0356,52.2467],[-174.0378,52.2669],[-174.0183,52.2708],[-173.9928,52.2906],[-173.9883,52.3181],[-174.025,52.3614],[-174.0578,52.3719],[-174.0744,52.3922],[-174.1172,52.4],[-174.14,52.4133]]],[[[-169.7517,53.0767],[-169.7816,53.0735],[-169.7843,53.0548],[-169.7472,53.0458],[-169.7394,53.0639],[-169.7517,53.0767]]],[[[-165.3472,54.0897],[-165.3941,54.0802],[-165.332,54.0685],[-165.3161,54.0467],[-165.2897,54.0385],[-165.2844,54.0619],[-165.2351,54.0626],[-165.2644,54.0917],[-165.32,54.0928],[-165.3472,54.0897]]],[[[-164.7894,54.2256],[-164.8404,54.2143],[-164.8741,54.2008],[-164.8716,54.1914],[-164.8244,54.2017],[-164.7894,54.2256]]],[[[-164.98,54.1336],[-164.9789,54.1175],[-165.0235,54.1234],[-165.028,54.1143],[-165.0806,54.13],[-165.0972,54.125],[-165.144,54.1311],[-165.1711,54.1188],[-165.1983,54.115],[-165.21,54.0869],[-165.1851,54.0875],[-165.0822,54.0691],[-165.0266,54.0717],[-164.9482,54.0793],[-164.9243,54.1044],[-164.9222,54.1275],[-164.9333,54.1358],[-164.98,54.1336]]],[[[-165.6238,54.298],[-165.6303,54.2789],[-165.6552,54.2766],[-165.6763,54.2647],[-165.6879,54.2421],[-165.669,54.2283],[-165.6374,54.2291],[-165.6135,54.2445],[-165.5848,54.2341],[-165.5844,54.2236],[-165.6362,54.1977],[-165.62,54.1792],[-165.5921,54.1774],[-165.6025,54.1577],[-165.6372,54.1391],[-165.6105,54.1153],[-165.5633,54.1083],[-165.5382,54.1307],[-165.5136,54.1432],[-165.48,54.1791],[-165.4239,54.18],[-165.4095,54.1751],[-165.3849,54.1947],[-165.4076,54.2117],[-165.4316,54.205],[-165.4702,54.2121],[-165.4951,54.2081],[-165.5396,54.2228],[-165.5736,54.2507],[-165.5231,54.2633],[-165.5266,54.2781],[-165.4956,54.2839],[-165.5148,54.2984],[-165.5684,54.2872],[-165.5784,54.27],[-165.5978,54.264],[-165.6091,54.2956],[-165.6238,54.298]]],[[[-165.5134,54.062],[-165.5333,54.0603],[-165.5722,54.0429],[-165.5513,54.0245],[-165.49,54.0381],[-165.5127,54.0505],[-165.5134,54.062]]],[[[-165.9261,54.2119],[-165.9822,54.2206],[-166.0239,54.1914],[-166.0672,54.1845],[-166.0861,54.1739],[-166.0783,54.1539],[-166.1028,54.1461],[-166.1109,54.1201],[-166.0933,54.0956],[-166.0522,54.0758],[-166.0622,54.0617],[-166.0422,54.0428],[-166.0014,54.0569],[-165.98,54.0703],[-165.9567,54.0591],[-165.9356,54.0656],[-165.8973,54.0572],[-165.8968,54.0355],[-165.8722,54.0353],[-165.8513,54.0557],[-165.847,54.0809],[-165.8172,54.0719],[-165.7669,54.0645],[-165.7392,54.0809],[-165.689,54.0891],[-165.6694,54.1014],[-165.6567,54.12],[-165.6723,54.1309],[-165.7094,54.1164],[-165.7383,54.1125],[-165.7917,54.1253],[-165.7346,54.1459],[-165.7483,54.1611],[-165.8133,54.1759],[-165.8311,54.16],[-165.8644,54.1658],[-165.88,54.1825],[-165.8639,54.2],[-165.8772,54.2153],[-165.9261,54.2119]]],[[[-166.1095,53.8472],[-166.1517,53.8466],[-166.2167,53.8294],[-166.2144,53.7889],[-166.2383,53.7783],[-166.2394,53.8089],[-166.3011,53.7986],[-166.3006,53.7517],[-166.2833,53.7358],[-166.2606,53.7317],[-166.2511,53.7158],[-166.2289,53.7086],[-166.2222,53.7286],[-166.1883,53.7281],[-166.165,53.7469],[-166.1961,53.7697],[-166.1611,53.7669],[-166.1144,53.7747],[-166.1322,53.7875],[-166.1356,53.8197],[-166.0911,53.84],[-166.1095,53.8472]]],[[[-166.6464,54.0132],[-166.6691,54.0175],[-166.6956,54.0117],[-166.7023,53.9989],[-166.726,53.9989],[-166.7472,54.0143],[-166.8345,53.9801],[-166.8534,53.976],[-166.8765,53.9877],[-166.9051,53.9847],[-166.9278,53.9724],[-166.9806,53.9569],[-167.0201,53.9563],[-167.0344,53.9342],[-167.0756,53.925],[-167.0917,53.91],[-167.1095,53.8711],[-167.1444,53.8666],[-167.1598,53.8499],[-167.1529,53.8282],[-167.0952,53.8194],[-167.0809,53.8083],[-167.0927,53.7901],[-167.0567,53.7799],[-167.0361,53.7589],[-167.0095,53.7547],[-166.9789,53.7744],[-166.9611,53.7772],[-166.9372,53.7633],[-166.895,53.7531],[-166.8633,53.7517],[-166.86,53.7372],[-166.8317,53.7406],[-166.7522,53.7294],[-166.7822,53.7092],[-166.8332,53.7077],[-166.8272,53.6878],[-166.8033,53.6694],[-166.7873,53.6384],[-166.8622,53.6639],[-166.8689,53.69],[-166.8939,53.7042],[-166.8961,53.7164],[-166.9711,53.7146],[-167,53.7175],[-167.0543,53.7006],[-167.0708,53.6848],[-167.0524,53.6575],[-167.0189,53.6467],[-167.0401,53.6334],[-167.04,53.6126],[-167.0567,53.6103],[-167.0894,53.6327],[-167.1061,53.6344],[-167.1577,53.6171],[-167.165,53.6014],[-167.1308,53.5641],[-167.1232,53.5437],[-167.0548,53.5173],[-167.0735,53.5101],[-167.1861,53.5272],[-167.161,53.5097],[-167.1562,53.4953],[-167.1618,53.4673],[-167.1817,53.4743],[-167.2001,53.4618],[-167.2616,53.4762],[-167.3049,53.4682],[-167.2991,53.4503],[-167.337,53.4585],[-167.3446,53.4524],[-167.3208,53.4095],[-167.3913,53.4368],[-167.4177,53.4329],[-167.4718,53.4479],[-167.4869,53.4202],[-167.5192,53.4102],[-167.5333,53.3943],[-167.5656,53.4056],[-167.5949,53.3863],[-167.6291,53.3737],[-167.6556,53.39],[-167.6922,53.3882],[-167.7509,53.3598],[-167.7545,53.3493],[-167.8099,53.3252],[-167.8551,53.3101],[-167.8305,53.2957],[-167.7711,53.2833],[-167.7582,53.2725],[-167.7092,53.274],[-167.6676,53.256],[-167.6677,53.2447],[-167.6261,53.2514],[-167.6106,53.2829],[-167.588,53.2869],[-167.559,53.2749],[-167.5381,53.2786],[-167.502,53.2579],[-167.4958,53.279],[-167.4733,53.289],[-167.4538,53.3097],[-167.4555,53.3211],[-167.3748,53.3358],[-167.3049,53.335],[-167.2942,53.3606],[-167.2744,53.3752],[-167.246,53.374],[-167.2195,53.3818],[-167.2048,53.3951],[-167.1714,53.3972],[-167.151,53.4186],[-167.1263,53.4265],[-167.0885,53.4202],[-167.0528,53.4317],[-167.0582,53.4557],[-167.0292,53.4642],[-167.0017,53.4506],[-166.9995,53.43],[-166.9644,53.4297],[-166.9567,53.4642],[-166.9244,53.4558],[-166.9317,53.4444],[-166.9011,53.4336],[-166.8789,53.4725],[-166.8489,53.4603],[-166.8361,53.445],[-166.7978,53.4583],[-166.7644,53.4436],[-166.7439,53.4631],[-166.7461,53.4864],[-166.7767,53.4958],[-166.7689,53.5097],[-166.7939,53.5392],[-166.7706,53.5375],[-166.7438,53.5229],[-166.7379,53.5064],[-166.6589,53.4881],[-166.6339,53.5342],[-166.6267,53.5569],[-166.5743,53.5568],[-166.5627,53.5758],[-166.5633,53.6056],[-166.5517,53.6236],[-166.5317,53.6272],[-166.5072,53.6433],[-166.4702,53.6421],[-166.4494,53.6343],[-166.43,53.6477],[-166.4159,53.6723],[-166.3722,53.6789],[-166.3244,53.6787],[-166.2856,53.6828],[-166.2633,53.7036],[-166.2672,53.7219],[-166.3033,53.7358],[-166.3206,53.7689],[-166.3439,53.787],[-166.3728,53.7733],[-166.3798,53.7513],[-166.3983,53.7486],[-166.4133,53.7631],[-166.46,53.7492],[-166.4697,53.7383],[-166.4695,53.7144],[-166.4986,53.7301],[-166.5696,53.7056],[-166.5367,53.7506],[-166.51,53.7608],[-166.5065,53.7924],[-166.4589,53.7892],[-166.4128,53.8081],[-166.43,53.8283],[-166.3989,53.8275],[-166.3888,53.8396],[-166.3561,53.8572],[-166.353,53.883],[-166.3211,53.8667],[-166.2625,53.8714],[-166.2383,53.8819],[-166.2478,53.8939],[-166.2144,53.9092],[-166.2167,53.9272],[-166.2489,53.9408],[-166.2633,53.9714],[-166.2928,53.9706],[-166.3194,53.9625],[-166.3367,53.9461],[-166.3711,53.9433],[-166.3811,53.9597],[-166.4022,53.9594],[-166.42,53.9444],[-166.4428,53.9514],[-166.4365,53.9226],[-166.4439,53.9033],[-166.4739,53.9014],[-166.5056,53.8881],[-166.5234,53.8733],[-166.5372,53.8978],[-166.5022,53.9156],[-166.5196,53.9269],[-166.5511,53.9097],[-166.5431,53.8929],[-166.5668,53.8766],[-166.5482,53.8608],[-166.5933,53.8506],[-166.5846,53.8733],[-166.6182,53.8684],[-166.6381,53.8773],[-166.6221,53.9013],[-166.6467,53.9203],[-166.6253,53.9508],[-166.5911,53.9611],[-166.6075,53.9902],[-166.6464,54.0132]]],[[[-166.1485,53.9971],[-166.1972,53.9895],[-166.1933,53.9589],[-166.1165,53.9539],[-166.073,53.9698],[-166.1102,53.9925],[-166.1485,53.9971]]],[[[-166.3567,53.9933],[-166.3828,53.995],[-166.4133,53.9803],[-166.4172,53.9603],[-166.3667,53.9694],[-166.3567,53.9933]]],[[[-162.4594,54.4172],[-162.4833,54.4083],[-162.4639,54.3892],[-162.4328,54.3714],[-162.4061,54.3867],[-162.4106,54.4025],[-162.4594,54.4172]]],[[[-162.7906,54.49],[-162.815,54.4869],[-162.8117,54.4642],[-162.8311,54.46],[-162.8272,54.4433],[-162.7805,54.4128],[-162.7178,54.4],[-162.6978,54.3878],[-162.6739,54.3953],[-162.5939,54.3878],[-162.5544,54.3942],[-162.5445,54.4164],[-162.5567,54.4255],[-162.605,54.4417],[-162.5955,54.4523],[-162.7,54.4673],[-162.7906,54.49]]],[[[-169.7521,52.8928],[-169.7819,52.894],[-169.7851,52.8833],[-169.8199,52.8783],[-169.8589,52.8831],[-169.8711,52.8706],[-169.8667,52.8536],[-169.9033,52.8511],[-169.9483,52.8622],[-169.9845,52.8586],[-170.0061,52.8469],[-170.0133,52.8311],[-170.0008,52.8087],[-169.9767,52.7942],[-169.9494,52.7875],[-169.9067,52.7967],[-169.8788,52.8137],[-169.8478,52.8183],[-169.7753,52.8099],[-169.7482,52.7955],[-169.7444,52.7803],[-169.72,52.7719],[-169.698,52.7782],[-169.7121,52.8002],[-169.6772,52.8244],[-169.6872,52.8397],[-169.669,52.8492],[-169.6767,52.8714],[-169.7033,52.8842],[-169.7521,52.8928]]],[[[-169.6761,53.0311],[-169.7033,53.0344],[-169.7239,53.0228],[-169.748,53.0208],[-169.7467,53.0044],[-169.7636,52.9825],[-169.7461,52.9517],[-169.7228,52.9456],[-169.6922,52.9636],[-169.6844,52.9903],[-169.6611,53.0022],[-169.6761,53.0311]]],[[[-167.9935,53.5642],[-168.0083,53.5672],[-168.0356,53.5556],[-168.125,53.5542],[-168.1468,53.5433],[-168.2345,53.5292],[-168.2389,53.5192],[-168.2856,53.4917],[-168.3454,53.4703],[-168.3894,53.4306],[-168.4078,53.4219],[-168.4039,53.3975],[-168.3844,53.3806],[-168.4111,53.3402],[-168.4294,53.3236],[-168.3745,53.3181],[-168.3661,53.2919],[-168.3445,53.2614],[-168.4378,53.2547],[-168.4539,53.2736],[-168.4828,53.2753],[-168.5094,53.2514],[-168.5622,53.255],[-168.5872,53.2717],[-168.6067,53.275],[-168.6156,53.26],[-168.6411,53.24],[-168.6917,53.2197],[-168.71,53.2053],[-168.7311,53.2028],[-168.7701,53.1772],[-168.8039,53.1408],[-168.7956,53.1292],[-168.8056,53.1058],[-168.7783,53.0958],[-168.7617,53.0803],[-168.7756,53.0561],[-168.8072,53.0258],[-168.8522,53.0139],[-168.8755,53],[-168.8605,52.9833],[-168.8711,52.9603],[-168.8511,52.9531],[-168.9073,52.9321],[-168.9595,52.9319],[-168.9733,52.9144],[-168.9517,52.8989],[-168.9672,52.8792],[-169,52.8706],[-169.0689,52.8667],[-169.0511,52.855],[-169.0244,52.8622],[-168.9567,52.8664],[-168.9144,52.8811],[-168.8528,52.9139],[-168.8167,52.9244],[-168.8006,52.9217],[-168.7872,52.9042],[-168.7544,52.9153],[-168.79,52.9422],[-168.7683,52.9558],[-168.7291,52.944],[-168.7175,52.9624],[-168.6456,52.9778],[-168.6117,53.0039],[-168.5922,53.0256],[-168.555,53.0319],[-168.5289,53.0283],[-168.515,53.0492],[-168.4855,53.0467],[-168.46,53.0547],[-168.4472,53.0803],[-168.4167,53.1097],[-168.3944,53.1247],[-168.3617,53.1325],[-168.3717,53.1447],[-168.3339,53.1722],[-168.3428,53.1844],[-168.3339,53.2042],[-168.2944,53.2222],[-168.27,53.2422],[-168.2439,53.25],[-168.1211,53.2761],[-168.0878,53.2964],[-168.0588,53.3003],[-168.0022,53.3172],[-167.9783,53.3358],[-167.9089,53.3543],[-167.8958,53.3662],[-167.8719,53.3677],[-167.8404,53.3889],[-167.8399,53.4107],[-167.8566,53.4288],[-167.8522,53.4495],[-167.815,53.4684],[-167.7893,53.4883],[-167.7912,53.5211],[-167.873,53.5194],[-167.937,53.5263],[-167.9655,53.5418],[-167.9639,53.5538],[-167.9935,53.5642]]],[[[-173.0568,60.6557],[-173.087,60.6995],[-173.1161,60.6599],[-173.0703,60.6297],[-173.0568,60.6557]]],[[[-172.9187,60.6042],[-172.9516,60.6057],[-172.9609,60.5943],[-173.0042,60.5687],[-173.0412,60.5599],[-173.0458,60.5271],[-173.0661,60.5057],[-173.0562,60.4938],[-173.0229,60.4938],[-172.9854,60.4813],[-172.9438,60.4813],[-172.9089,60.462],[-172.8974,60.4484],[-172.8589,60.4349],[-172.8328,60.4172],[-172.7526,60.3849],[-172.737,60.3651],[-172.6276,60.3349],[-172.6182,60.3234],[-172.5688,60.3187],[-172.5151,60.3318],[-172.4625,60.3354],[-172.4333,60.3312],[-172.4042,60.3375],[-172.3542,60.3375],[-172.3047,60.3161],[-172.2917,60.2958],[-172.2422,60.3005],[-172.2214,60.3109],[-172.3016,60.3359],[-172.3838,60.3828],[-172.4229,60.3875],[-172.4563,60.3812],[-172.5292,60.3812],[-172.5443,60.3651],[-172.6141,60.3776],[-172.6167,60.4],[-172.6833,60.4229],[-172.7021,60.425],[-172.7479,60.4437],[-172.7682,60.4464],[-172.8297,60.4828],[-172.8766,60.4984],[-172.8953,60.513],[-172.9026,60.5328],[-172.9328,60.5589],[-172.9109,60.588],[-172.9187,60.6042]]],[[[-164.8896,62.5667],[-164.975,62.5625],[-164.9563,62.5479],[-164.9125,62.5479],[-164.8755,62.5411],[-164.8734,62.562],[-164.8896,62.5667]]],[[[-164.9807,62.6182],[-165.0104,62.6333],[-165.0286,62.6109],[-165.0099,62.588],[-164.9625,62.5875],[-164.9463,62.5984],[-164.9807,62.6182]]],[[[-164.8995,62.6599],[-164.9391,62.662],[-164.9328,62.638],[-164.9005,62.6328],[-164.9036,62.6172],[-164.8807,62.5984],[-164.8109,62.6026],[-164.8589,62.662],[-164.8995,62.6599]]],[[[-164.8042,62.7896],[-164.8521,62.7938],[-164.8724,62.7818],[-164.8526,62.7516],[-164.8589,62.712],[-164.8359,62.6953],[-164.8286,62.6526],[-164.7958,62.6104],[-164.7609,62.6109],[-164.7234,62.6276],[-164.7036,62.6474],[-164.6042,62.6917],[-164.5713,62.6984],[-164.5328,62.7286],[-164.5146,62.7708],[-164.5958,62.7667],[-164.6333,62.7542],[-164.6792,62.7562],[-164.7109,62.7849],[-164.7271,62.7896],[-164.8042,62.7896]]],[[[-164.5547,63.0516],[-164.5974,63.0536],[-164.5896,63.0333],[-164.5547,63.0401],[-164.5547,63.0516]]],[[[-164.4693,63.0682],[-164.5016,63.0766],[-164.5333,63.0687],[-164.5766,63.0703],[-164.4979,63.0417],[-164.4479,63.0438],[-164.375,63.0271],[-164.3547,63.0276],[-164.3859,63.0578],[-164.425,63.0687],[-164.4693,63.0682]]],[[[-164.5856,63.095],[-164.6224,63.0974],[-164.6333,63.075],[-164.5958,63.0792],[-164.5856,63.095]]],[[[-163.5297,63.1234],[-163.5542,63.1333],[-163.5807,63.1266],[-163.6057,63.1047],[-163.5255,63.1172],[-163.5297,63.1234]]],[[[-171.65,63.7729],[-171.6703,63.7849],[-171.7109,63.7745],[-171.7068,63.7464],[-171.7401,63.7047],[-171.7557,63.6974],[-171.738,63.6547],[-171.7547,63.638],[-171.7854,63.6312],[-171.7964,63.5943],[-171.8307,63.5766],[-171.8391,63.5516],[-171.825,63.5187],[-171.8432,63.4859],[-171.8172,63.4568],[-171.8167,63.4313],[-171.7912,63.4089],[-171.7609,63.3995],[-171.7516,63.3797],[-171.675,63.3542],[-171.625,63.3438],[-171.5646,63.3396],[-171.5458,63.3187],[-171.5042,63.3271],[-171.4604,63.3083],[-171.4333,63.3083],[-171.3974,63.3245],[-171.3542,63.3354],[-171.3313,63.3333],[-171.2964,63.3526],[-171.2833,63.3833],[-171.2417,63.3937],[-171.1917,63.3958],[-171.0854,63.4292],[-171.0604,63.4333],[-170.9354,63.4354],[-170.9208,63.45],[-170.8422,63.4474],[-170.8495,63.4359],[-170.7833,63.4083],[-170.7146,63.4083],[-170.6578,63.3922],[-170.6245,63.3891],[-170.5833,63.4333],[-170.5609,63.4182],[-170.5849,63.3964],[-170.5661,63.3797],[-170.5229,63.3646],[-170.4714,63.3599],[-170.3974,63.3255],[-170.3526,63.3141],[-170.3167,63.2875],[-170.2375,63.2792],[-170.2214,63.2599],[-170.2151,63.2266],[-170.2271,63.2104],[-170.2245,63.188],[-170.2,63.1813],[-170.1771,63.1896],[-170.1375,63.1833],[-170.1021,63.1896],[-170.0891,63.1797],[-170.0443,63.1745],[-170.0042,63.1437],[-169.9146,63.1437],[-169.8589,63.1286],[-169.7646,63.0812],[-169.7661,63.0609],[-169.7099,63.0464],[-169.7026,63.0318],[-169.7187,63.0083],[-169.763,63.0036],[-169.7339,62.988],[-169.7542,62.9583],[-169.6818,62.9495],[-169.6375,62.9375],[-169.6172,62.9672],[-169.5854,62.9771],[-169.5318,62.9776],[-169.5661,63.0016],[-169.5828,63.0276],[-169.5771,63.0521],[-169.5328,63.0786],[-169.4891,63.0974],[-169.4234,63.1109],[-169.3745,63.1557],[-169.3146,63.1792],[-169.2458,63.1937],[-169.1104,63.2],[-169.0667,63.1979],[-168.9943,63.1807],[-168.9521,63.1604],[-168.8792,63.1604],[-168.8318,63.1755],[-168.7724,63.2141],[-168.7214,63.2318],[-168.737,63.263],[-168.7068,63.2776],[-168.6922,63.2953],[-168.7417,63.2938],[-168.7875,63.3],[-168.8682,63.3214],[-168.8813,63.3292],[-168.925,63.325],[-168.9833,63.3333],[-169.0042,63.3417],[-169.0771,63.3375],[-169.1417,63.3375],[-169.2563,63.3417],[-169.2792,63.3479],[-169.3938,63.3563],[-169.4125,63.3458],[-169.475,63.3438],[-169.5125,63.3563],[-169.5578,63.3609],[-169.5682,63.3714],[-169.5693,63.3995],[-169.5995,63.4026],[-169.6521,63.4292],[-169.7063,63.4313],[-169.7937,63.4271],[-169.8646,63.4417],[-169.9375,63.4688],[-169.9729,63.4688],[-170.0464,63.4797],[-170.0703,63.5036],[-170.038,63.5224],[-170.0724,63.5422],[-170.0589,63.5578],[-170.1062,63.6146],[-170.1458,63.6146],[-170.2016,63.6359],[-170.2088,63.6536],[-170.2557,63.6651],[-170.2896,63.6875],[-170.3437,63.6917],[-170.4167,63.6854],[-170.4375,63.6917],[-170.4958,63.6937],[-170.5328,63.6849],[-170.5359,63.6672],[-170.5688,63.6604],[-170.6578,63.662],[-170.7307,63.6391],[-170.7464,63.6255],[-170.7849,63.6161],[-170.8604,63.5854],[-170.9167,63.5667],[-170.9854,63.5646],[-171.0292,63.5771],[-171.0932,63.5797],[-171.1104,63.5875],[-171.175,63.5875],[-171.1792,63.6021],[-171.2104,63.6021],[-171.2271,63.6125],[-171.2937,63.6125],[-171.3167,63.6042],[-171.4568,63.5964],[-171.4995,63.6005],[-171.5307,63.6224],[-171.5089,63.6422],[-171.5172,63.6578],[-171.5453,63.6557],[-171.6016,63.637],[-171.6141,63.612],[-171.6682,63.6286],[-171.5964,63.6443],[-171.5667,63.6688],[-171.6292,63.6854],[-171.65,63.7062],[-171.638,63.7443],[-171.65,63.7729]]],[[[-162.3797,63.6224],[-162.4083,63.6333],[-162.4583,63.6188],[-162.4917,63.6188],[-162.5542,63.6333],[-162.5828,63.6245],[-162.588,63.6089],[-162.6307,63.6141],[-162.6932,63.5755],[-162.6839,63.5578],[-162.6583,63.5583],[-162.6,63.5396],[-162.5625,63.5458],[-162.5271,63.5396],[-162.4833,63.5479],[-162.4292,63.5417],[-162.4021,63.5563],[-162.3813,63.5396],[-162.3484,63.5422],[-162.3703,63.5609],[-162.3589,63.5734],[-162.362,63.5964],[-162.3797,63.6224]]],[[[-169.0375,65.8146],[-169.0813,65.8167],[-169.1182,65.7589],[-169.075,65.7417],[-169.0443,65.7526],[-168.9964,65.8026],[-169.0375,65.8146]]],[[[-167.6641,65.7828],[-167.7182,65.7786],[-167.7026,65.7609],[-167.737,65.7422],[-167.7042,65.7354],[-167.6714,65.7547],[-167.6641,65.7828]]],[[[-166.912,65.2286],[-166.8646,65.2396],[-166.8401,65.262],[-166.8661,65.2724],[-166.912,65.2286]]],[[[-166.2646,66.1896],[-166.3021,66.1917],[-166.4146,66.1667],[-166.4083,66.1583],[-166.35,66.1667],[-166.3057,66.187],[-166.2646,66.1896]]],[[[-161.8797,66.2963],[-161.9036,66.2672],[-161.8687,66.2625],[-161.8318,66.2672],[-161.8422,66.2828],[-161.8797,66.2963]]],[[[-165.9203,66.287],[-165.9458,66.2917],[-165.9875,66.275],[-165.9625,66.2625],[-165.9203,66.287]]],[[[-164.9057,66.4964],[-164.9458,66.5],[-165.0937,66.4792],[-165.1562,66.4646],[-165.2063,66.4583],[-165.3,66.4375],[-165.2667,66.4292],[-165.2396,66.4396],[-165.1875,66.4417],[-165.1266,66.4661],[-165.0604,66.4667],[-165.0083,66.4812],[-164.9057,66.4964]]],[[[-150.163,61.1568],[-150.1646,61.1729],[-150.2125,61.1708],[-150.2266,61.1641],[-150.2422,61.1359],[-150.2354,61.1229],[-150.1776,61.1464],[-150.163,61.1568]]],[[[-150.5979,61.3604],[-150.6349,61.337],[-150.6234,61.3057],[-150.6411,61.2943],[-150.6062,61.275],[-150.5901,61.2859],[-150.5932,61.3141],[-150.5797,61.3255],[-150.5979,61.3604]]],[[[-150.5193,61.3776],[-150.5255,61.3974],[-150.5682,61.3766],[-150.5562,61.3583],[-150.5193,61.3776]]],[[[-143.6146,70.1292],[-143.6833,70.1333],[-143.7187,70.1167],[-143.6807,70.0984],[-143.6005,70.1151],[-143.6146,70.1292]]],[[[-144.2151,70.1807],[-144.2422,70.1891],[-144.3354,70.175],[-144.3313,70.1687],[-144.2229,70.1729],[-144.2151,70.1807]]],[[[-150.6479,70.3604],[-150.625,70.3812],[-150.7328,70.3682],[-150.6938,70.3417],[-150.6479,70.3604]]],[[[-155.6505,70.9297],[-155.6417,70.9521],[-155.7057,70.9474],[-155.7036,70.938],[-155.6505,70.9297]]],[[[-150.4787,70.438],[-150.5026,70.4443],[-150.5667,70.4271],[-150.6057,70.4224],[-150.6307,70.4016],[-150.5458,70.4083],[-150.4787,70.438]]],[[[-150.3521,70.4771],[-150.3854,70.4792],[-150.4661,70.4599],[-150.4526,70.4318],[-150.4187,70.4333],[-150.3609,70.4505],[-150.3745,70.462],[-150.3521,70.4771]]],[[[-150.5333,70.4938],[-150.7599,70.4912],[-150.7724,70.4776],[-150.7375,70.4625],[-150.6771,70.4583],[-150.6208,70.4396],[-150.5792,70.4458],[-150.5474,70.4391],[-150.4839,70.4807],[-150.5333,70.4938]]],[[[-160.4249,58.6786],[-160.3841,58.7042],[-160.3854,58.729],[-160.4127,58.7454],[-160.4284,58.7188],[-160.4263,58.7029],[-160.4399,58.6897],[-160.4249,58.6786]]],[[[-136.2194,58.6729],[-136.2471,58.6591],[-136.2298,58.6416],[-136.2039,58.6366],[-136.2194,58.6729]]],[[[-160.2794,58.715],[-160.3094,58.7139],[-160.3167,58.6817],[-160.2706,58.6611],[-160.2455,58.6662],[-160.2789,58.6831],[-160.2794,58.715]]],[[[-136.1154,58.6041],[-136.1419,58.6091],[-136.1516,58.5937],[-136.1064,58.5614],[-136.0872,58.5699],[-136.1154,58.6041]]],[[[-152.6033,58.5536],[-152.6506,58.5481],[-152.661,58.5358],[-152.6294,58.5292],[-152.6033,58.5536]]],[[[-160.6883,58.8136],[-160.7172,58.7997],[-160.7422,58.7983],[-160.7683,58.7736],[-160.8155,58.7662],[-160.8657,58.7456],[-160.9107,58.7459],[-160.9939,58.7243],[-161.0175,58.7101],[-161.0621,58.7003],[-161.0536,58.6897],[-161.0797,58.6383],[-161.0724,58.6055],[-161.0862,58.5865],[-161.0735,58.5736],[-161.0854,58.5534],[-161.0733,58.5456],[-161.0366,58.5583],[-160.963,58.5511],[-160.9222,58.5614],[-160.8783,58.5847],[-160.855,58.6258],[-160.7985,58.6813],[-160.7783,58.7158],[-160.7139,58.7778],[-160.6883,58.8136]]],[[[-135.9483,58.4794],[-135.9889,58.4875],[-135.9967,58.4686],[-135.9728,58.4608],[-135.9483,58.4794]]],[[[-135,58.5036],[-135.005,58.4844],[-134.9583,58.4704],[-134.9729,58.4926],[-135,58.5036]]],[[[-135.9106,58.4935],[-135.9194,58.4771],[-135.9666,58.459],[-135.9328,58.4514],[-135.9055,58.4661],[-135.8705,58.4639],[-135.8759,58.4807],[-135.9106,58.4935]]],[[[-152.3349,58.6275],[-152.3783,58.6311],[-152.4244,58.6092],[-152.4469,58.6251],[-152.4867,58.5981],[-152.5311,58.5844],[-152.5639,58.6217],[-152.6105,58.6057],[-152.6156,58.5878],[-152.6606,58.5656],[-152.6472,58.5572],[-152.5892,58.5596],[-152.6028,58.5406],[-152.6308,58.5218],[-152.6567,58.5147],[-152.6389,58.4997],[-152.5628,58.4767],[-152.4784,58.4689],[-152.4502,58.4824],[-152.415,58.4894],[-152.4272,58.5008],[-152.4194,58.515],[-152.3683,58.5269],[-152.3819,58.5463],[-152.3732,58.5617],[-152.3379,58.5883],[-152.3545,58.5996],[-152.3349,58.6275]]],[[[-152.0295,58.9484],[-152.0617,58.9436],[-152.0783,58.9136],[-152.0272,58.9378],[-152.0295,58.9484]]],[[[-136.8311,58.9472],[-136.8639,58.9375],[-136.8273,58.9124],[-136.8105,58.9416],[-136.8311,58.9472]]],[[[-151.7939,59.1575],[-151.7989,59.1775],[-151.8239,59.1781],[-151.8811,59.1567],[-151.8772,59.1456],[-151.7928,59.1386],[-151.7939,59.1575]]],[[[-151.5069,59.1459],[-151.526,59.1345],[-151.472,59.1131],[-151.4308,59.1125],[-151.4312,59.1345],[-151.4512,59.1328],[-151.5069,59.1459]]],[[[-151.6817,59.128],[-151.7228,59.1194],[-151.7132,59.1007],[-151.6463,59.1026],[-151.6381,59.1177],[-151.6817,59.128]]],[[[-150.6867,59.415],[-150.7039,59.4087],[-150.6953,59.3746],[-150.7475,59.3491],[-150.7317,59.3379],[-150.7688,59.3298],[-150.7759,59.3082],[-150.7452,59.3042],[-150.7324,59.2936],[-150.6815,59.3044],[-150.662,59.333],[-150.6415,59.3488],[-150.6169,59.3533],[-150.6224,59.3791],[-150.6118,59.3935],[-150.6362,59.4065],[-150.6867,59.415]]],[[[-153.4231,59.41],[-153.4647,59.4052],[-153.4782,59.3949],[-153.5348,59.3693],[-153.5494,59.3317],[-153.5153,59.32],[-153.4196,59.3272],[-153.3627,59.3378],[-153.3405,59.3576],[-153.3472,59.3776],[-153.3767,59.3915],[-153.3889,59.4104],[-153.4231,59.41]]],[[[-153.5396,59.3889],[-153.5589,59.3916],[-153.5786,59.3723],[-153.5398,59.375],[-153.5396,59.3889]]],[[[-146.2934,59.4645],[-146.3057,59.47],[-146.3338,59.4393],[-146.3759,59.4145],[-146.3694,59.402],[-146.3344,59.4042],[-146.3103,59.4357],[-146.2911,59.4503],[-146.2934,59.4645]]],[[[-150.3146,59.4611],[-150.3517,59.4576],[-150.3811,59.4431],[-150.4146,59.4386],[-150.4265,59.4097],[-150.4114,59.3993],[-150.3781,59.403],[-150.3916,59.427],[-150.3431,59.4156],[-150.3441,59.4341],[-150.3059,59.4317],[-150.3146,59.4611]]],[[[-139.5195,59.7059],[-139.5046,59.7187],[-139.5236,59.7229],[-139.5622,59.7392],[-139.5983,59.7175],[-139.56,59.7047],[-139.5195,59.7059]]],[[[-139.7183,59.6339],[-139.7628,59.6108],[-139.7772,59.5942],[-139.8044,59.5858],[-139.7983,59.5722],[-139.7528,59.5825],[-139.7222,59.5825],[-139.7489,59.615],[-139.7183,59.6339]]],[[[-148.2456,59.9383],[-148.2276,59.9322],[-148.1643,59.9356],[-148.1023,59.953],[-148.0755,59.9745],[-148.0234,60.0026],[-148.0778,60.0004],[-148.1252,59.9657],[-148.1669,59.9592],[-148.1944,59.9679],[-148.213,59.9503],[-148.2456,59.9383]]],[[[-147.8255,60.0641],[-147.8464,60.0724],[-147.887,60.062],[-147.913,60.0359],[-147.937,60.0266],[-147.9869,59.9956],[-148.0112,59.9901],[-148.0378,59.9733],[-148.0553,59.9531],[-148.0468,59.9385],[-147.9859,59.9494],[-147.9727,59.9579],[-147.9179,59.9706],[-147.8842,59.9899],[-147.8193,60.0464],[-147.8255,60.0641]]],[[[-147.963,60.1245],[-148.0391,60.1099],[-148.0443,60.0922],[-148.0714,60.0714],[-148.0932,60.0661],[-148.1182,60.0474],[-148.1203,60.0255],[-148.137,60.0161],[-148.1297,60.0016],[-148.0953,60.0078],[-148.0609,60.0318],[-148.0661,60.0505],[-148.025,60.0646],[-147.9787,60.0641],[-147.8963,60.0964],[-147.8896,60.1104],[-147.9078,60.1234],[-147.9375,60.1292],[-147.963,60.1245]]],[[[-144.3945,60.1516],[-144.4224,60.1401],[-144.3943,60.1286],[-144.3401,60.0943],[-144.3297,60.1026],[-144.3297,60.137],[-144.3945,60.1516]]],[[[-152.5872,60.1749],[-152.6167,60.1813],[-152.6438,60.1646],[-152.5911,60.113],[-152.5557,60.1057],[-152.5672,60.1578],[-152.5872,60.1749]]],[[[-148.0474,60.1755],[-148.0464,60.1995],[-148.0807,60.187],[-148.0776,60.1672],[-148.1026,60.1234],[-148.1338,60.1484],[-148.2068,60.1172],[-148.2417,60.1063],[-148.2854,60.1021],[-148.2812,60.0854],[-148.2146,60.0771],[-148.1839,60.0672],[-148.2187,60.0583],[-148.2521,60.0625],[-148.2875,60.0563],[-148.2792,60.0417],[-148.2187,60.0438],[-148.225,60.0292],[-148.3125,60.0292],[-148.2667,60.0125],[-148.1979,60.0167],[-148.1463,60.0359],[-148.1432,60.0557],[-148.0838,60.1047],[-148.1016,60.1161],[-148.0745,60.1411],[-148.0474,60.1755]]],[[[-148.0016,60.1693],[-148.0412,60.1661],[-148.0297,60.1464],[-148.0016,60.1693]]],[[[-149.3889,59.8662],[-149.4114,59.8691],[-149.4184,59.8454],[-149.3985,59.8362],[-149.3708,59.8378],[-149.3633,59.8556],[-149.3889,59.8662]]],[[[-144.2162,60],[-144.2697,60.0001],[-144.3707,59.9627],[-144.3991,59.9416],[-144.4362,59.9393],[-144.4486,59.9201],[-144.5376,59.8739],[-144.5696,59.8518],[-144.5759,59.8329],[-144.5595,59.8173],[-144.5298,59.8435],[-144.4582,59.8755],[-144.4332,59.8981],[-144.3702,59.9246],[-144.356,59.9353],[-144.2162,60]]],[[[-146.7354,60.8708],[-146.7437,60.8521],[-146.8141,60.8432],[-146.8089,60.8141],[-146.7854,60.8063],[-146.725,60.8104],[-146.7068,60.8516],[-146.7354,60.8708]]],[[[-164.9875,60.8688],[-165.0068,60.8609],[-165.0203,60.8391],[-164.9984,60.8234],[-164.9583,60.8208],[-164.8901,60.838],[-164.9687,60.8688],[-164.9875,60.8688]]],[[[-148.0141,60.913],[-148.038,60.9266],[-148.0745,60.9224],[-148.0984,60.9089],[-148.0891,60.8849],[-148.1224,60.8661],[-148.1297,60.8318],[-148.1474,60.8245],[-148.1229,60.7875],[-148.0682,60.788],[-148.0292,60.7813],[-147.9859,60.7943],[-147.988,60.8141],[-147.95,60.8021],[-147.9151,60.813],[-147.9234,60.837],[-147.9536,60.8464],[-147.9349,60.8755],[-147.9755,60.9057],[-148.0141,60.913]]],[[[-147.3125,60.6646],[-147.3599,60.662],[-147.3839,60.6464],[-147.3682,60.6255],[-147.3458,60.6271],[-147.3125,60.6646]]],[[[-147.4266,60.6849],[-147.4557,60.6568],[-147.4214,60.6297],[-147.412,60.6453],[-147.3859,60.6526],[-147.4005,60.6828],[-147.4266,60.6849]]],[[[-148.1859,60.7422],[-148.2328,60.7286],[-148.2453,60.713],[-148.2391,60.6984],[-148.1849,60.6609],[-148.1786,60.6401],[-148.1547,60.6339],[-148.1234,60.6401],[-148.0922,60.6609],[-148.1047,60.7016],[-148.1068,60.7391],[-148.1292,60.7479],[-148.1859,60.7422]]],[[[-147.9375,60.7167],[-147.9661,60.7474],[-147.9922,60.7245],[-148.012,60.7224],[-147.9661,60.6734],[-147.9307,60.6703],[-147.8792,60.6813],[-147.8505,60.6797],[-147.863,60.7036],[-147.8984,60.7307],[-147.9307,60.737],[-147.9375,60.7167]]],[[[-147.5557,60.5599],[-147.6224,60.5464],[-147.5995,60.5255],[-147.5505,60.5547],[-147.5557,60.5599]]],[[[-166.1042,60.3646],[-166.1245,60.3755],[-166.1828,60.3766],[-166.2042,60.3896],[-166.2318,60.3766],[-166.2729,60.3833],[-166.3505,60.3568],[-166.3755,60.3443],[-166.3922,60.3578],[-166.4375,60.375],[-166.4818,60.3734],[-166.5745,60.3516],[-166.563,60.3193],[-166.5859,60.3089],[-166.6375,60.325],[-166.6589,60.3151],[-166.6875,60.3146],[-166.7745,60.2859],[-166.8161,60.2786],[-166.8286,60.2693],[-166.7964,60.2339],[-166.8443,60.2047],[-166.8693,60.212],[-166.9,60.2],[-166.9396,60.2021],[-166.9479,60.2208],[-167.0542,60.2146],[-167.1,60.225],[-167.1438,60.2188],[-167.2021,60.2333],[-167.2401,60.2214],[-167.2792,60.2313],[-167.3146,60.2313],[-167.3375,60.2208],[-167.3682,60.2182],[-167.3917,60.2],[-167.4187,60.1979],[-167.3953,60.1672],[-167.338,60.1266],[-167.3391,60.1026],[-167.3255,60.087],[-167.3307,60.0651],[-167.238,60.0557],[-167.2266,60.0401],[-167.1786,60.0151],[-167.1349,60],[-167.0376,59.9948],[-167.0123,59.9832],[-166.9633,59.978],[-166.9441,59.9682],[-166.8954,59.9591],[-166.8059,59.924],[-166.7519,59.8929],[-166.7329,59.894],[-166.675,59.8844],[-166.613,59.8527],[-166.5048,59.8489],[-166.4162,59.8567],[-166.3616,59.842],[-166.3442,59.829],[-166.3073,59.8262],[-166.2375,59.7995],[-166.2004,59.7758],[-166.1926,59.7515],[-166.148,59.7492],[-166.1086,59.7531],[-166.0808,59.7757],[-166.1281,59.8205],[-166.0296,59.867],[-165.9542,59.8784],[-165.8694,59.8778],[-165.8329,59.8949],[-165.7738,59.8995],[-165.7602,59.9205],[-165.7165,59.8943],[-165.6594,59.9047],[-165.6222,59.9052],[-165.5799,59.9127],[-165.5597,59.9312],[-165.5885,59.9502],[-165.5448,59.976],[-165.5827,59.9806],[-165.609,59.9635],[-165.6536,59.9961],[-165.6356,60.0215],[-165.6794,60.0313],[-165.6759,60.0561],[-165.7109,60.063],[-165.6974,60.0807],[-165.6672,60.0984],[-165.6693,60.1224],[-165.6891,60.1339],[-165.6734,60.1464],[-165.7125,60.15],[-165.7276,60.162],[-165.7068,60.1859],[-165.6839,60.2005],[-165.6984,60.2203],[-165.7203,60.2255],[-165.7287,60.2422],[-165.6943,60.2526],[-165.6849,60.2661],[-165.688,60.2901],[-165.7292,60.2958],[-165.7703,60.3109],[-165.8083,60.3187],[-165.8729,60.3396],[-165.912,60.3349],[-165.9271,60.3167],[-165.9521,60.3187],[-165.9995,60.3089],[-166.0229,60.3167],[-166.0891,60.3214],[-166.0755,60.3453],[-166.1016,60.3526],[-166.1042,60.3646]]],[[[-145.1792,60.3375],[-145.1771,60.3583],[-145.2625,60.3396],[-145.2849,60.3307],[-145.2354,60.3042],[-145.1714,60.3276],[-145.1792,60.3375]]],[[[-162.4599,60.2297],[-162.4724,60.2505],[-162.5141,60.2474],[-162.4911,60.2318],[-162.4599,60.2297]]],[[[-147.3771,60.2625],[-147.3443,60.2734],[-147.3464,60.2995],[-147.4495,60.2703],[-147.4974,60.2359],[-147.4708,60.2292],[-147.4203,60.2516],[-147.3771,60.2625]]],[[[-147.9901,60.3682],[-148.0583,60.3688],[-148.0771,60.3583],[-148.0859,60.3401],[-148.137,60.3266],[-148.1536,60.3068],[-148.1083,60.2792],[-148.0437,60.275],[-148.0167,60.2938],[-148.012,60.3276],[-147.9901,60.3682]]],[[[-144.8271,60.2354],[-144.85,60.2229],[-144.7792,60.2208],[-144.7833,60.2354],[-144.8271,60.2354]]],[[[-147.6854,60.4896],[-147.7078,60.5057],[-147.7224,60.4839],[-147.7057,60.4672],[-147.712,60.437],[-147.7437,60.4396],[-147.7688,60.4292],[-147.787,60.4453],[-147.8213,60.437],[-147.8349,60.4141],[-147.8396,60.3833],[-147.8047,60.3943],[-147.7818,60.3828],[-147.8167,60.3688],[-147.8542,60.3729],[-147.8708,60.3208],[-147.8437,60.3125],[-147.7812,60.3333],[-147.7443,60.3286],[-147.7797,60.3089],[-147.8411,60.2911],[-147.8708,60.2938],[-147.8963,60.2859],[-147.8859,60.2672],[-147.9099,60.2578],[-147.8917,60.2229],[-147.8479,60.2167],[-147.7964,60.2391],[-147.7901,60.2234],[-147.8057,60.2068],[-147.8453,60.1922],[-147.7786,60.1568],[-147.7547,60.1609],[-147.7443,60.1828],[-147.7172,60.2026],[-147.6995,60.2391],[-147.725,60.2333],[-147.738,60.2474],[-147.7172,60.2651],[-147.6932,60.2974],[-147.6672,60.3089],[-147.6708,60.3292],[-147.6463,60.3339],[-147.6193,60.3651],[-147.6214,60.3828],[-147.6562,60.3875],[-147.6953,60.3724],[-147.6984,60.3901],[-147.687,60.4057],[-147.6458,60.4104],[-147.6089,60.4255],[-147.6516,60.4505],[-147.6234,60.4609],[-147.6297,60.4766],[-147.6771,60.4771],[-147.6854,60.4896]]],[[[-147.0891,60.3641],[-147.1042,60.3792],[-147.1458,60.3708],[-147.1687,60.3563],[-147.212,60.3453],[-147.212,60.3255],[-147.1875,60.325],[-147.1651,60.3068],[-147.212,60.2911],[-147.1859,60.2724],[-147.1859,60.2505],[-147.213,60.2359],[-147.2474,60.2328],[-147.3161,60.1995],[-147.3151,60.188],[-147.4339,60.0922],[-147.4599,60.0849],[-147.4818,60.0693],[-147.5083,60.0667],[-147.5255,60.0547],[-147.5557,60.0495],[-147.5693,60.0318],[-147.6167,60.0104],[-147.7068,59.9923],[-147.6725,59.9647],[-147.7007,59.95],[-147.7443,59.9559],[-147.7836,59.9268],[-147.8147,59.922],[-147.8273,59.9036],[-147.782,59.8732],[-147.8613,59.8721],[-147.8943,59.8615],[-147.9179,59.8335],[-147.8969,59.8053],[-147.9332,59.7805],[-147.8831,59.7651],[-147.8457,59.7707],[-147.8239,59.7838],[-147.7689,59.8042],[-147.7093,59.8052],[-147.6669,59.8177],[-147.6671,59.8299],[-147.6391,59.8491],[-147.5962,59.8542],[-147.525,59.8411],[-147.491,59.8515],[-147.4659,59.8667],[-147.4563,59.9044],[-147.5066,59.9099],[-147.5142,59.9373],[-147.4464,59.9659],[-147.3923,59.9605],[-147.3937,59.9963],[-147.3797,60.0016],[-147.3604,60.0417],[-147.3213,60.063],[-147.3036,60.0807],[-147.238,60.1193],[-147.2078,60.1453],[-147.1229,60.1833],[-147.1062,60.1854],[-147.0318,60.2172],[-146.9807,60.2474],[-146.9505,60.2589],[-146.9151,60.3036],[-146.9521,60.3063],[-146.9854,60.2938],[-147.0078,60.2953],[-147.0276,60.2797],[-147.0536,60.2766],[-147.0792,60.2625],[-147.1141,60.2609],[-147.0891,60.2891],[-147.0297,60.3151],[-147.0047,60.3411],[-147.0911,60.3391],[-147.125,60.3333],[-147.1432,60.3401],[-147.0891,60.3641]]],[[[-145.0901,60.3766],[-145.1432,60.3516],[-145.162,60.337],[-145.1359,60.313],[-145.112,60.3516],[-145.0901,60.3766]]],[[[-145.875,60.3937],[-145.9062,60.3979],[-145.9297,60.387],[-145.8813,60.375],[-145.8188,60.3708],[-145.7833,60.3563],[-145.7505,60.363],[-145.7797,60.3797],[-145.8188,60.3792],[-145.875,60.3937]]],[[[-146.5354,60.475],[-146.5979,60.4833],[-146.6391,60.4641],[-146.662,60.4432],[-146.6667,60.4271],[-146.7036,60.412],[-146.7068,60.388],[-146.7271,60.3792],[-146.7224,60.3432],[-146.6833,60.3438],[-146.6646,60.3521],[-146.6005,60.3589],[-146.5729,60.35],[-146.5292,60.3563],[-146.5193,60.338],[-146.5625,60.3312],[-146.563,60.3234],[-146.6224,60.3078],[-146.6375,60.2958],[-146.6974,60.2786],[-146.6828,60.2547],[-146.6625,60.2542],[-146.6479,60.2354],[-146.6187,60.2354],[-146.5276,60.2714],[-146.4787,60.2974],[-146.4349,60.3141],[-146.375,60.3312],[-146.3083,60.3458],[-146.2667,60.3458],[-146.2453,60.3391],[-146.2104,60.35],[-146.1812,60.3708],[-146.0922,60.3818],[-146.0833,60.4021],[-146.1146,60.3979],[-146.1234,60.4266],[-146.1958,60.425],[-146.2354,60.4167],[-146.3021,60.4146],[-146.3333,60.4063],[-146.3641,60.4255],[-146.3547,60.4589],[-146.412,60.4766],[-146.4672,60.4547],[-146.5,60.4708],[-146.5354,60.475]]],[[[-151.963,60.4078],[-152.0078,60.4057],[-152.0026,60.3755],[-152.0375,60.3604],[-152.0745,60.3599],[-152.0807,60.3401],[-152.0042,60.3542],[-151.962,60.3714],[-151.9833,60.3937],[-151.963,60.4078]]],[[[-151.9042,60.5062],[-151.9292,60.5146],[-151.9661,60.4734],[-151.9547,60.4484],[-151.9703,60.4214],[-151.9271,60.4354],[-151.8901,60.438],[-151.9,60.4562],[-151.8708,60.475],[-151.8359,60.4818],[-151.8547,60.4932],[-151.9042,60.5062]]],[[[-144.9005,60.5318],[-144.9307,60.537],[-144.9604,60.5167],[-145.0141,60.5099],[-145.0286,60.4859],[-144.9953,60.4786],[-145.0047,60.4672],[-145.0536,60.4432],[-145.0276,60.4203],[-144.9667,60.4208],[-144.913,60.4484],[-144.9104,60.475],[-144.9255,60.5016],[-144.8979,60.5104],[-144.9005,60.5318]]],[[[-144.8745,60.4984],[-144.8995,60.4891],[-144.8672,60.4589],[-144.8484,60.4734],[-144.8745,60.4984]]],[[[-147.6229,60.5271],[-147.6536,60.5151],[-147.6182,60.4859],[-147.6026,60.4995],[-147.6229,60.5271]]],[[[-145.7917,60.5792],[-145.825,60.5875],[-145.8792,60.5833],[-145.9,60.5875],[-145.9521,60.5792],[-145.9417,60.5563],[-146.0016,60.5641],[-146.0229,60.5479],[-146.0688,60.5458],[-146.15,60.5187],[-146.1708,60.5271],[-146.2292,60.5146],[-146.2833,60.5167],[-146.3026,60.5026],[-146.3307,60.463],[-146.3208,60.4542],[-146.1854,60.4562],[-146.1187,60.4688],[-146.0583,60.4854],[-146.025,60.5042],[-146.0042,60.5042],[-145.9625,60.5187],[-145.9083,60.5271],[-145.8214,60.5526],[-145.7917,60.5792]]],[[[-135.8556,58.9011],[-135.9078,58.9],[-135.93,58.8922],[-135.905,58.8789],[-135.8578,58.8886],[-135.8556,58.9011]]],[[[-135.2983,58.9433],[-135.2967,58.9592],[-135.3286,59.01],[-135.3537,59.0052],[-135.3456,58.9706],[-135.3294,58.9372],[-135.2983,58.9433]]],[[[-152.3039,58.9597],[-152.2978,58.9419],[-152.3144,58.9203],[-152.3006,58.9047],[-152.2367,58.9144],[-152.2206,58.9278],[-152.1617,58.9328],[-152.1719,58.946],[-152.2028,58.9381],[-152.2639,58.9444],[-152.3039,58.9597]]],[[[-163.7849,60.8797],[-163.8208,60.8875],[-163.875,60.8583],[-163.8229,60.8417],[-163.7875,60.8458],[-163.7755,60.8745],[-163.7849,60.8797]]],[[[-147.2068,60.8922],[-147.2146,60.9063],[-147.2557,60.8974],[-147.263,60.8839],[-147.2292,60.8646],[-147.1812,60.8812],[-147.1849,60.8589],[-147.15,60.8521],[-147.0838,60.8755],[-147.0734,60.8901],[-147.1578,60.8974],[-147.2068,60.8922]]],[[[-163.1255,55.4311],[-163.1683,55.4314],[-163.1755,55.4153],[-163.1617,55.4018],[-163.1257,55.397],[-163.1172,55.425],[-163.1255,55.4311]]],[[[-161.8915,55.1076],[-161.9161,55.1017],[-161.8811,55.0842],[-161.8645,55.0928],[-161.8698,55.1063],[-161.8915,55.1076]]],[[[-131.7778,55.5358],[-131.8101,55.5403],[-131.8405,55.5055],[-131.8106,55.4978],[-131.7844,55.5036],[-131.7682,55.5159],[-131.7778,55.5358]]],[[[-133.1355,55.5695],[-133.1643,55.5507],[-133.1388,55.5467],[-133.1136,55.5663],[-133.1355,55.5695]]],[[[-133.5878,55.6833],[-133.5833,55.6617],[-133.552,55.6523],[-133.5458,55.6712],[-133.5878,55.6833]]],[[[-159.3395,55.7736],[-159.3722,55.772],[-159.3883,55.7483],[-159.3732,55.7296],[-159.3277,55.7653],[-159.3395,55.7736]]],[[[-159.3133,55.8117],[-159.3568,55.8061],[-159.3694,55.7914],[-159.33,55.7842],[-159.3101,55.7675],[-159.2955,55.7825],[-159.2944,55.7991],[-159.3133,55.8117]]],[[[-133.5589,55.8345],[-133.5988,55.8297],[-133.6261,55.8325],[-133.6633,55.8186],[-133.6698,55.7929],[-133.7007,55.7803],[-133.6547,55.7479],[-133.645,55.7292],[-133.5834,55.7051],[-133.532,55.6927],[-133.4923,55.7071],[-133.4872,55.7324],[-133.5061,55.7431],[-133.5211,55.7689],[-133.4622,55.7489],[-133.4161,55.74],[-133.3667,55.7589],[-133.3499,55.7551],[-133.33,55.7728],[-133.3406,55.7833],[-133.3106,55.7955],[-133.3311,55.8069],[-133.365,55.7797],[-133.4013,55.7963],[-133.4283,55.7883],[-133.4783,55.7931],[-133.5589,55.8345]]],[[[-131.6211,55.9028],[-131.633,55.9047],[-131.6738,55.8867],[-131.6789,55.8723],[-131.6618,55.8603],[-131.6028,55.8529],[-131.5862,55.8661],[-131.6211,55.9028]]],[[[-132.37,55.9036],[-132.4006,55.8829],[-132.3761,55.8619],[-132.3465,55.8568],[-132.3406,55.8925],[-132.37,55.9036]]],[[[-159.1311,55.8706],[-159.1472,55.8784],[-159.1661,55.8533],[-159.1683,55.8389],[-159.1391,55.8256],[-159.095,55.8328],[-159.0934,55.8588],[-159.1311,55.8706]]],[[[-158.7981,55.891],[-158.8446,55.8789],[-158.8733,55.8783],[-158.8884,55.8653],[-158.8771,55.8561],[-158.899,55.8316],[-158.87,55.8161],[-158.8644,55.8417],[-158.8489,55.8543],[-158.8075,55.8631],[-158.8038,55.8485],[-158.7529,55.841],[-158.7133,55.8252],[-158.6994,55.8335],[-158.7204,55.8507],[-158.7475,55.8522],[-158.7495,55.8764],[-158.7981,55.891]]],[[[-130.9445,55.3734],[-130.972,55.3796],[-130.9836,55.3667],[-130.9787,55.345],[-130.9607,55.3163],[-130.9301,55.3428],[-130.9445,55.3734]]],[[[-133.6466,55.4195],[-133.6166,55.4341],[-133.6483,55.4389],[-133.6466,55.4195]]],[[[-130.9077,55.4514],[-130.9238,55.4289],[-130.8956,55.4271],[-130.9077,55.4514]]],[[[-160.0433,55.3287],[-160.0653,55.3436],[-160.1039,55.3411],[-160.1049,55.3111],[-160.0483,55.3095],[-160.0433,55.3287]]],[[[-133.4083,55.4106],[-133.4363,55.4253],[-133.4472,55.4042],[-133.4438,55.3842],[-133.4189,55.3839],[-133.4083,55.4106]]],[[[-160.2332,55.4581],[-160.2646,55.4637],[-160.3227,55.4458],[-160.3488,55.4203],[-160.3261,55.3953],[-160.2789,55.3947],[-160.2672,55.4121],[-160.2493,55.4142],[-160.1972,55.3988],[-160.1683,55.3964],[-160.1513,55.4491],[-160.2038,55.4389],[-160.2332,55.4581]]],[[[-133.2298,55.4361],[-133.2416,55.4509],[-133.2978,55.4456],[-133.3227,55.425],[-133.3253,55.4072],[-133.3094,55.4011],[-133.2731,55.4086],[-133.2539,55.4061],[-133.2298,55.4361]]],[[[-159.7096,55.1234],[-159.7533,55.1028],[-159.7455,55.0895],[-159.7116,55.0947],[-159.7096,55.1234]]],[[[-159.7811,55.0867],[-159.805,55.0931],[-159.8272,55.0753],[-159.8078,55.061],[-159.7739,55.0683],[-159.7811,55.0867]]],[[[-161.5928,55.1073],[-161.593,55.0914],[-161.6072,55.0731],[-161.5816,55.0567],[-161.5489,55.0668],[-161.5478,55.0828],[-161.5672,55.0983],[-161.5928,55.1073]]],[[[-161.3376,55.2196],[-161.3728,55.215],[-161.3959,55.2222],[-161.4281,55.2163],[-161.4439,55.1978],[-161.4145,55.1808],[-161.3689,55.1645],[-161.3394,55.1587],[-161.329,55.1895],[-161.3483,55.2061],[-161.3376,55.2196]]],[[[-132.8795,55.2258],[-132.9028,55.2269],[-132.9322,55.2159],[-132.9328,55.1939],[-132.9504,55.1862],[-132.9259,55.1716],[-132.8894,55.1792],[-132.8701,55.2225],[-132.8795,55.2258]]],[[[-161.535,55.2567],[-161.5806,55.2519],[-161.6166,55.2423],[-161.6617,55.2456],[-161.6856,55.2331],[-161.6967,55.2056],[-161.6878,55.1979],[-161.6261,55.1961],[-161.5894,55.2114],[-161.5628,55.2033],[-161.535,55.2567]]],[[[-131.4461,55.2637],[-131.4275,55.2386],[-131.408,55.2533],[-131.4461,55.2637]]],[[[-132.9989,55.2675],[-133.0478,55.2687],[-133.0422,55.2483],[-133.0062,55.2521],[-132.9989,55.2675]]],[[[-160.6958,55.4006],[-160.7299,55.4079],[-160.7512,55.3932],[-160.8022,55.3809],[-160.8417,55.3406],[-160.8352,55.3118],[-160.8417,55.2917],[-160.8611,55.2697],[-160.8389,55.2581],[-160.8356,55.2414],[-160.8555,55.2059],[-160.8211,55.1881],[-160.8083,55.1669],[-160.8194,55.1231],[-160.7952,55.1327],[-160.7868,55.159],[-160.7547,55.1951],[-160.7236,55.1992],[-160.6833,55.1927],[-160.6767,55.1714],[-160.6566,55.1603],[-160.6273,55.1633],[-160.6144,55.1475],[-160.5883,55.1461],[-160.5679,55.1557],[-160.5378,55.1561],[-160.5132,55.1442],[-160.5014,55.1679],[-160.4728,55.1792],[-160.4955,55.1997],[-160.4932,55.2201],[-160.5348,55.2389],[-160.5265,55.2532],[-160.5699,55.2755],[-160.5786,55.3137],[-160.564,55.3337],[-160.5281,55.343],[-160.5186,55.3569],[-160.5249,55.3811],[-160.5512,55.3895],[-160.5858,55.3766],[-160.6178,55.3514],[-160.5961,55.3284],[-160.6255,55.3233],[-160.6643,55.3017],[-160.6853,55.305],[-160.7003,55.3214],[-160.6829,55.3345],[-160.6524,55.3439],[-160.6456,55.3821],[-160.6641,55.3981],[-160.6958,55.4006]]],[[[-133.3308,55.3453],[-133.3539,55.3471],[-133.3943,55.3329],[-133.4352,55.3287],[-133.4616,55.3208],[-133.4522,55.2875],[-133.4714,55.2692],[-133.4606,55.2244],[-133.4378,55.2083],[-133.4133,55.2114],[-133.3888,55.2291],[-133.3517,55.2219],[-133.336,55.2031],[-133.3139,55.2118],[-133.2529,55.2221],[-133.23,55.2687],[-133.2722,55.2942],[-133.2983,55.3047],[-133.3106,55.3339],[-133.3308,55.3453]]],[[[-160.3638,55.3601],[-160.4339,55.3394],[-160.4944,55.3539],[-160.5142,55.3218],[-160.5294,55.3189],[-160.4833,55.2914],[-160.4416,55.2981],[-160.43,55.2869],[-160.3911,55.2869],[-160.3811,55.2586],[-160.3315,55.26],[-160.308,55.3041],[-160.3182,55.3132],[-160.3356,55.3594],[-160.3638,55.3601]]],[[[-131.8295,55.4201],[-131.8551,55.4207],[-131.8488,55.394],[-131.835,55.3831],[-131.8811,55.3793],[-131.8535,55.3537],[-131.8694,55.3197],[-131.8621,55.2878],[-131.8398,55.2499],[-131.8394,55.2271],[-131.8252,55.2028],[-131.8292,55.1899],[-131.7855,55.1661],[-131.7856,55.1523],[-131.7667,55.1317],[-131.7432,55.1468],[-131.7209,55.1771],[-131.7194,55.2024],[-131.75,55.2167],[-131.742,55.2292],[-131.6911,55.2239],[-131.6888,55.2519],[-131.6701,55.2585],[-131.6889,55.2728],[-131.67,55.3014],[-131.6373,55.2798],[-131.6162,55.2863],[-131.6289,55.3055],[-131.6793,55.334],[-131.705,55.3555],[-131.8295,55.4201]]],[[[-133.5677,55.4217],[-133.5932,55.4316],[-133.6144,55.4192],[-133.6206,55.3867],[-133.6389,55.3964],[-133.6599,55.3811],[-133.6316,55.3611],[-133.6539,55.3275],[-133.6914,55.3175],[-133.6708,55.3047],[-133.6689,55.2769],[-133.6345,55.2586],[-133.6106,55.2536],[-133.5991,55.2696],[-133.5692,55.3339],[-133.5433,55.3345],[-133.5105,55.3631],[-133.4592,55.3789],[-133.4567,55.4003],[-133.4711,55.4122],[-133.5017,55.4192],[-133.5606,55.4114],[-133.5677,55.4217]]],[[[-133.4595,55.5021],[-133.4623,55.5072],[-133.527,55.5294],[-133.5544,55.4825],[-133.6009,55.4694],[-133.6192,55.4482],[-133.5597,55.44],[-133.5484,55.4291],[-133.4746,55.4351],[-133.4283,55.4503],[-133.4339,55.4873],[-133.4595,55.5021]]],[[[-133.7222,55.5525],[-133.7506,55.5485],[-133.7596,55.5341],[-133.7111,55.5186],[-133.7735,55.4956],[-133.7844,55.4847],[-133.7861,55.4592],[-133.7474,55.4671],[-133.6867,55.4475],[-133.6706,55.4381],[-133.6422,55.4511],[-133.6433,55.4692],[-133.6317,55.4908],[-133.5865,55.5052],[-133.5875,55.5415],[-133.6192,55.5512],[-133.6258,55.5392],[-133.6633,55.5578],[-133.7222,55.5525]]],[[[-133.395,55.5625],[-133.4153,55.5697],[-133.4544,55.5367],[-133.4406,55.515],[-133.4072,55.4969],[-133.395,55.4733],[-133.3611,55.4533],[-133.3489,55.4672],[-133.3057,55.4819],[-133.281,55.5178],[-133.2852,55.5354],[-133.3072,55.5442],[-133.3369,55.5682],[-133.395,55.5625]]],[[[-169.6017,56.6041],[-169.6869,56.6078],[-169.7522,56.6162],[-169.7825,56.6147],[-169.7511,56.5875],[-169.6822,56.5789],[-169.6669,56.5663],[-169.6639,56.5472],[-169.6405,56.5364],[-169.5671,56.5329],[-169.5336,56.5619],[-169.4989,56.5697],[-169.4667,56.5922],[-169.502,56.6089],[-169.6017,56.6041]]],[[[-132.6195,56.4882],[-132.655,56.4803],[-132.6319,56.462],[-132.5927,56.4483],[-132.5753,56.4606],[-132.6195,56.4882]]],[[[-133.8205,56.495],[-133.8421,56.4915],[-133.8206,56.47],[-133.7892,56.454],[-133.7738,56.4647],[-133.79,56.4811],[-133.8205,56.495]]],[[[-132.4476,56.5428],[-132.477,56.5398],[-132.4786,56.5182],[-132.4583,56.5114],[-132.4381,56.5255],[-132.4476,56.5428]]],[[[-132.4011,56.6031],[-132.4527,56.5956],[-132.4622,56.5867],[-132.4439,56.5664],[-132.4094,56.5847],[-132.4011,56.6031]]],[[[-154.4817,56.6011],[-154.5117,56.6014],[-154.55,56.5897],[-154.6233,56.5528],[-154.6917,56.525],[-154.7261,56.5008],[-154.7939,56.4369],[-154.7939,56.4225],[-154.7728,56.4064],[-154.7439,56.4014],[-154.7094,56.4144],[-154.6633,56.4533],[-154.6189,56.4764],[-154.5706,56.4919],[-154.4811,56.5119],[-154.5067,56.53],[-154.5089,56.5461],[-154.5317,56.545],[-154.5352,56.5657],[-154.5289,56.5928],[-154.4817,56.6011]]],[[[-132.5749,56.5027],[-132.5808,56.5137],[-132.6169,56.5101],[-132.6131,56.4939],[-132.571,56.4871],[-132.5749,56.5027]]],[[[-153.87,56.5579],[-153.9116,56.5635],[-153.9528,56.5612],[-153.9815,56.554],[-154.0317,56.5553],[-154.0646,56.5486],[-154.1328,56.5108],[-154.1122,56.5003],[-154.0644,56.5006],[-154.0294,56.5067],[-153.9914,56.5015],[-153.9513,56.5049],[-153.94,56.5161],[-153.8843,56.5325],[-153.87,56.5579]]],[[[-132.5256,56.5353],[-132.5244,56.5514],[-132.5445,56.5555],[-132.5645,56.5342],[-132.5256,56.5353]]],[[[-154.085,56.6144],[-154.1239,56.6158],[-154.1567,56.6067],[-154.1938,56.6054],[-154.2372,56.6122],[-154.3144,56.5853],[-154.3644,56.5428],[-154.3625,56.5277],[-154.3433,56.5092],[-154.2739,56.5039],[-154.2311,56.4925],[-154.1928,56.5053],[-154.1583,56.5106],[-154.1178,56.5361],[-154.1,56.5375],[-154.1,56.5581],[-154.0778,56.5908],[-154.085,56.6144]]],[[[-157.2422,56.5819],[-157.3,56.5608],[-157.3306,56.5339],[-157.3122,56.5267],[-157.2445,56.5328],[-157.1822,56.5317],[-157.1516,56.5273],[-157.1461,56.5389],[-157.1155,56.5525],[-157.0972,56.5475],[-157.0256,56.555],[-157.0766,56.5811],[-157.1739,56.5839],[-157.2289,56.5764],[-157.2422,56.5819]]],[[[-132.9811,56.5914],[-133.0344,56.5908],[-133.074,56.5798],[-133.0724,56.5525],[-133.0441,56.5204],[-132.9845,56.5114],[-132.9878,56.5314],[-132.9635,56.5559],[-132.9811,56.5914]]],[[[-154.4306,56.5908],[-154.4456,56.5736],[-154.42,56.5547],[-154.3928,56.5533],[-154.4011,56.5722],[-154.4306,56.5908]]],[[[-154.0467,56.7269],[-154.0706,56.7214],[-154.0956,56.7053],[-154.1156,56.7128],[-154.1272,56.6945],[-154.0628,56.6886],[-154.0483,56.6831],[-154.0167,56.69],[-154.0206,56.7181],[-154.0467,56.7269]]],[[[-135.2244,56.73],[-135.2776,56.715],[-135.2789,56.6997],[-135.2489,56.6972],[-135.2161,56.7083],[-135.2244,56.73]]],[[[-170.1531,57.1837],[-170.1458,57.1992],[-170.1195,57.2242],[-170.0914,57.2343],[-170.0976,57.25],[-170.1189,57.2495],[-170.1382,57.2299],[-170.2259,57.2119],[-170.2815,57.2121],[-170.3032,57.2205],[-170.3571,57.2035],[-170.4001,57.2038],[-170.4166,57.1924],[-170.4206,57.1619],[-170.3546,57.1518],[-170.3311,57.1423],[-170.3138,57.1492],[-170.2778,57.1274],[-170.1731,57.1551],[-170.1531,57.1837]]],[[[-136.2617,57.7622],[-136.29,57.7611],[-136.3056,57.7647],[-136.3189,57.7541],[-136.2939,57.7331],[-136.2739,57.7281],[-136.2561,57.7464],[-136.2617,57.7622]]],[[[-152.325,57.7909],[-152.3603,57.7811],[-152.3491,57.7672],[-152.3271,57.7653],[-152.325,57.7909]]],[[[-135.7028,57.7069],[-135.7178,57.7003],[-135.6817,57.6772],[-135.6467,57.6486],[-135.6294,57.6445],[-135.5933,57.6511],[-135.5895,57.6601],[-135.6255,57.6736],[-135.6878,57.7073],[-135.7028,57.7069]]],[[[-136.19,57.7161],[-136.25,57.6831],[-136.2483,57.6725],[-136.2022,57.6545],[-136.1783,57.6508],[-136.1656,57.6742],[-136.1411,57.6814],[-136.1394,57.6978],[-136.175,57.705],[-136.19,57.7161]]],[[[-136.2439,57.7217],[-136.2856,57.7164],[-136.2628,57.6892],[-136.2311,57.7019],[-136.2439,57.7217]]],[[[-153.3506,57.7451],[-153.3705,57.7454],[-153.368,57.7191],[-153.3293,57.7214],[-153.3506,57.7451]]],[[[-135.5415,56.8637],[-135.5644,56.8464],[-135.5399,56.8331],[-135.5061,56.8478],[-135.5415,56.8637]]],[[[-132.9317,56.8217],[-132.9794,56.8058],[-132.9778,56.7829],[-132.9396,56.7403],[-132.9322,56.7239],[-132.9428,56.7106],[-132.9344,56.6725],[-132.9161,56.6539],[-132.9117,56.6336],[-132.9455,56.6318],[-132.9751,56.6023],[-132.9714,56.5765],[-132.9583,56.5636],[-132.9619,56.5335],[-132.9521,56.5097],[-132.8986,56.4998],[-132.8714,56.5089],[-132.8149,56.4938],[-132.7648,56.5061],[-132.7243,56.5111],[-132.7433,56.5367],[-132.773,56.5439],[-132.7378,56.5564],[-132.7229,56.5376],[-132.7038,56.5289],[-132.6505,56.5531],[-132.6215,56.5518],[-132.5425,56.5838],[-132.5433,56.607],[-132.5767,56.6151],[-132.5932,56.6115],[-132.6288,56.647],[-132.6183,56.6636],[-132.6537,56.6797],[-132.6841,56.6834],[-132.6837,56.6997],[-132.7368,56.7125],[-132.7653,56.7556],[-132.8009,56.7726],[-132.8293,56.795],[-132.8677,56.7967],[-132.9037,56.8042],[-132.9317,56.8217]]],[[[-135.3589,56.8011],[-135.3739,56.7942],[-135.3666,56.7776],[-135.34,56.7831],[-135.3589,56.8011]]],[[[-133.8661,57.0959],[-133.89,57.0996],[-133.9446,57.0851],[-134.0083,57.0728],[-134.0339,57.0589],[-134.0179,57.0411],[-134.0411,57.0227],[-133.9889,57.0011],[-133.9333,56.9653],[-133.8922,56.9484],[-133.8816,56.9189],[-133.8617,56.9225],[-133.8039,56.884],[-133.8556,56.8806],[-133.8983,56.8864],[-133.8833,56.8664],[-133.8334,56.8439],[-133.7639,56.8072],[-133.6947,56.8305],[-133.6913,56.8067],[-133.712,56.7883],[-133.6841,56.7697],[-133.7054,56.7632],[-133.7022,56.7025],[-133.7217,56.6797],[-133.7086,56.6481],[-133.678,56.6332],[-133.6777,56.6086],[-133.6533,56.5917],[-133.6814,56.5827],[-133.6582,56.5537],[-133.672,56.5431],[-133.6744,56.52],[-133.664,56.4937],[-133.6667,56.4647],[-133.658,56.4436],[-133.5988,56.4346],[-133.5615,56.4387],[-133.5089,56.4363],[-133.4961,56.4481],[-133.4633,56.4492],[-133.4072,56.4708],[-133.4383,56.4889],[-133.4289,56.4959],[-133.3883,56.4965],[-133.3595,56.4877],[-133.3517,56.4703],[-133.3263,56.4661],[-133.2666,56.4758],[-133.2022,56.4464],[-133.1561,56.4583],[-133.11,56.4883],[-133.1353,56.5094],[-133.1239,56.5203],[-133.0846,56.5273],[-133.1068,56.5801],[-133.1417,56.6058],[-133.1051,56.6089],[-133.1052,56.6199],[-133.1461,56.6367],[-133.1789,56.6336],[-133.2178,56.6533],[-133.2537,56.6614],[-133.2378,56.6717],[-133.2356,56.6889],[-133.2162,56.6972],[-133.2255,56.7206],[-133.2433,56.735],[-133.2956,56.7311],[-133.3172,56.7372],[-133.3202,56.7528],[-133.3427,56.7647],[-133.3228,56.7861],[-133.3298,56.8021],[-133.3566,56.8207],[-133.3418,56.8329],[-133.3128,56.8079],[-133.2652,56.8119],[-133.2462,56.795],[-133.2156,56.7364],[-133.1689,56.6954],[-133.1118,56.6702],[-133.06,56.6342],[-133.0272,56.6047],[-133.0072,56.6022],[-132.956,56.6278],[-132.9323,56.665],[-132.9567,56.69],[-132.9529,56.7131],[-132.9587,56.7399],[-132.9842,56.7653],[-132.9869,56.7972],[-133.0011,56.8075],[-132.9433,56.8264],[-132.9406,56.8522],[-132.9662,56.8868],[-132.9773,56.92],[-132.9923,56.9375],[-133.0367,56.9542],[-133.0861,56.9961],[-133.2065,57.0122],[-133.2232,57.0067],[-133.266,57.0086],[-133.3083,57.0157],[-133.3222,57.0059],[-133.2943,56.9655],[-133.2624,56.9335],[-133.2886,56.925],[-133.3006,56.9549],[-133.3263,56.9929],[-133.3607,57.0082],[-133.4062,57.0083],[-133.4761,57.0259],[-133.4902,57.0358],[-133.5242,57.0339],[-133.542,57.0437],[-133.5692,57.0439],[-133.5974,57.059],[-133.6375,57.0568],[-133.6985,57.0643],[-133.73,57.0791],[-133.7534,57.0782],[-133.8661,57.0959]]],[[[-132.8389,57.0201],[-132.8562,57.0129],[-132.8517,56.9986],[-132.8207,57.0017],[-132.8389,57.0201]]],[[[-152.2665,57.3898],[-152.2899,57.3939],[-152.3155,57.3652],[-152.2893,57.3651],[-152.2552,57.3844],[-152.2665,57.3898]]],[[[-153.8331,57.5323],[-153.853,57.5456],[-153.8773,57.5451],[-153.8742,57.5165],[-153.8904,57.5098],[-153.871,57.4686],[-153.8738,57.4483],[-153.8322,57.4289],[-153.8252,57.481],[-153.8382,57.5146],[-153.8331,57.5323]]],[[[-135.8928,57.9986],[-135.87,58],[-135.8383,57.9891],[-135.7797,57.9555],[-135.6822,57.9346],[-135.6039,57.9064],[-135.5595,57.9046],[-135.4778,57.8678],[-135.4422,57.8658],[-135.3909,57.8496],[-135.3158,57.807],[-135.2636,57.7942],[-135.2431,57.7844],[-135.2025,57.7765],[-135.1702,57.7813],[-135.1175,57.778],[-135.0974,57.7847],[-135.0202,57.7798],[-134.9544,57.8136],[-134.9867,57.8272],[-135,57.8417],[-135.0242,57.8406],[-135.0741,57.8783],[-135.1178,57.8832],[-135.1572,57.9],[-135.165,57.9178],[-135.1906,57.9267],[-135.2244,57.9477],[-135.214,57.9533],[-135.1668,57.9376],[-135.141,57.924],[-135.0866,57.9115],[-135.041,57.8952],[-134.9995,57.8892],[-134.9605,57.9107],[-134.9226,57.9232],[-134.9195,57.9484],[-134.9383,57.9553],[-134.9142,57.9763],[-134.9311,58.0167],[-134.9527,58.04],[-135.0305,58.0583],[-135.0762,58.059],[-135.0852,58.0803],[-135.1161,58.0914],[-135.1771,58.086],[-135.275,58.0975],[-135.2978,58.0894],[-135.3189,58.1072],[-135.3577,58.1277],[-135.3949,58.1413],[-135.4672,58.1311],[-135.4433,58.1029],[-135.4711,58.0853],[-135.4911,58.0903],[-135.5139,58.0644],[-135.5398,58.0599],[-135.5597,58.0347],[-135.5683,58.0125],[-135.5976,57.9892],[-135.6531,57.9853],[-135.6489,57.9717],[-135.762,57.9909],[-135.7867,57.9808],[-135.8028,57.9869],[-135.7371,58.0105],[-135.6869,57.9908],[-135.637,57.9957],[-135.6228,58.0233],[-135.6561,58.0236],[-135.6778,58.0318],[-135.6894,58.0547],[-135.626,58.049],[-135.572,58.0868],[-135.5378,58.1013],[-135.5184,58.1268],[-135.5239,58.1533],[-135.508,58.175],[-135.5277,58.1876],[-135.6222,58.2123],[-135.6496,58.2291],[-135.6772,58.2261],[-135.7322,58.2386],[-135.7693,58.2663],[-135.7797,58.2842],[-135.825,58.2827],[-135.8358,58.2684],[-135.8733,58.2495],[-135.8975,58.2481],[-135.9744,58.2058],[-135.9752,58.1944],[-136.0056,58.1881],[-136.0756,58.2167],[-136.1404,58.2256],[-136.1983,58.1847],[-136.1926,58.1586],[-136.1688,58.1372],[-136.1841,58.1233],[-136.1834,58.1017],[-136.1586,58.0862],[-136.1761,58.0799],[-136.2061,58.1019],[-136.1989,58.1242],[-136.2029,58.1453],[-136.2322,58.1572],[-136.246,58.1866],[-136.275,58.2],[-136.284,58.2238],[-136.3226,58.2101],[-136.3461,58.2226],[-136.3647,58.2113],[-136.3574,58.1924],[-136.3228,58.1666],[-136.3201,58.1551],[-136.2907,58.1481],[-136.3233,58.124],[-136.3694,58.1497],[-136.4479,58.1199],[-136.4386,58.0952],[-136.4227,58.0782],[-136.388,58.0585],[-136.3528,58.0494],[-136.2961,58],[-136.2495,57.9824],[-136.2378,57.9617],[-136.1942,57.9417],[-136.213,57.934],[-136.2544,57.9522],[-136.272,57.9688],[-136.3428,58],[-136.365,57.9944],[-136.3767,57.9661],[-136.3611,57.9339],[-136.3644,57.9206],[-136.4322,57.8431],[-136.4278,57.8255],[-136.4051,57.8205],[-136.3761,57.835],[-136.359,57.835],[-136.3628,57.8086],[-136.3172,57.7886],[-136.3067,57.7669],[-136.2951,57.7629],[-136.2533,57.7767],[-136.2478,57.7628],[-136.2067,57.7381],[-136.185,57.7314],[-136.1457,57.7051],[-136.1096,57.6911],[-136.1311,57.6862],[-136.1317,57.6608],[-136.1621,57.6423],[-136.1361,57.6242],[-136.1062,57.6169],[-136.1033,57.6453],[-136.045,57.6473],[-136.0279,57.6337],[-136.0061,57.6356],[-136.0161,57.6097],[-136.0594,57.6267],[-136.0667,57.6069],[-136.0459,57.5714],[-136.0245,57.5569],[-135.9992,57.5541],[-135.9695,57.5695],[-135.9449,57.5936],[-135.9253,57.5775],[-135.9597,57.5677],[-136,57.5473],[-135.9894,57.5361],[-135.9422,57.5203],[-135.9288,57.5217],[-135.9183,57.495],[-136,57.5295],[-136.02,57.5125],[-135.9805,57.4867],[-135.9683,57.4633],[-135.9144,57.4475],[-135.871,57.4207],[-135.845,57.3917],[-135.81,57.3858],[-135.7766,57.3881],[-135.7549,57.3717],[-135.7328,57.3769],[-135.713,57.3664],[-135.6725,57.3979],[-135.6201,57.4119],[-135.5986,57.4257],[-135.6055,57.4409],[-135.5556,57.4527],[-135.5473,57.4793],[-135.556,57.499],[-135.5811,57.5177],[-135.563,57.5413],[-135.5685,57.5507],[-135.6209,57.5666],[-135.6661,57.5469],[-135.67,57.5592],[-135.6375,57.5671],[-135.619,57.5788],[-135.5799,57.5698],[-135.5705,57.5955],[-135.6628,57.6305],[-135.7056,57.6589],[-135.7679,57.6576],[-135.7955,57.6453],[-135.8106,57.6547],[-135.7427,57.6746],[-135.7272,57.6955],[-135.7283,57.72],[-135.7739,57.7403],[-135.8194,57.7538],[-135.8082,57.7634],[-135.6263,57.7015],[-135.5875,57.684],[-135.5337,57.6521],[-135.5128,57.6506],[-135.4796,57.6322],[-135.4142,57.6112],[-135.3676,57.5904],[-135.2485,57.5484],[-135.2105,57.5295],[-135.1789,57.5211],[-135.159,57.5065],[-135.1286,57.4971],[-135.0886,57.4655],[-134.9818,57.4573],[-134.9704,57.4639],[-134.9328,57.4593],[-134.8706,57.4647],[-134.8854,57.4837],[-134.9189,57.4991],[-134.8804,57.5064],[-134.8461,57.4795],[-134.8334,57.4873],[-134.8578,57.5308],[-134.8622,57.5478],[-134.85,57.5805],[-134.8866,57.6445],[-134.9163,57.6649],[-134.9229,57.6779],[-134.9033,57.6942],[-134.9195,57.7087],[-134.9288,57.7571],[-134.9772,57.7631],[-135.0216,57.7439],[-135.0429,57.7547],[-135.1143,57.7557],[-135.12,57.7386],[-135.1678,57.74],[-135.2083,57.7278],[-135.2188,57.7067],[-135.2361,57.7072],[-135.2444,57.7322],[-135.3036,57.7409],[-135.3221,57.7365],[-135.42,57.7333],[-135.4284,57.7402],[-135.3496,57.7433],[-135.3245,57.7493],[-135.3346,57.7623],[-135.3757,57.7812],[-135.3774,57.8013],[-135.4189,57.8135],[-135.4406,57.8286],[-135.5178,57.8431],[-135.5166,57.8539],[-135.5561,57.8658],[-135.5769,57.8838],[-135.6281,57.8929],[-135.6681,57.9149],[-135.7361,57.9275],[-135.7611,57.937],[-135.8072,57.9419],[-135.8061,57.9587],[-135.8433,57.9817],[-135.8928,57.9986]]],[[[-153.5455,56.9086],[-153.5554,56.9148],[-153.6161,56.9019],[-153.6035,56.8866],[-153.5714,56.8925],[-153.5455,56.9086]]],[[[-135.5186,57.2189],[-135.5403,57.2258],[-135.5522,57.1808],[-135.5417,57.1713],[-135.5578,57.1572],[-135.4927,57.1588],[-135.4518,57.1775],[-135.5186,57.2189]]],[[[-133.5333,57.2483],[-133.5464,57.2406],[-133.5289,57.2186],[-133.5114,57.219],[-133.5333,57.2483]]],[[[-135.4677,57.2503],[-135.5155,57.2291],[-135.4556,57.1853],[-135.4211,57.1947],[-135.395,57.22],[-135.3916,57.2453],[-135.4139,57.2492],[-135.4483,57.2447],[-135.4677,57.2503]]],[[[-153.2139,57.2036],[-153.2644,57.2087],[-153.2887,57.1987],[-153.2791,57.1883],[-153.3851,57.114],[-153.3458,57.116],[-153.3441,57.1029],[-153.401,57.0811],[-153.3926,57.061],[-153.3443,57.0786],[-153.3324,57.0661],[-153.3582,57.0459],[-153.3056,57.0433],[-153.3478,57.0078],[-153.3211,57.0029],[-153.3053,56.9911],[-153.2658,57.0032],[-153.2413,57.0031],[-153.1957,57.0401],[-153.2192,57.0682],[-153.1764,57.0967],[-153.135,57.101],[-153.1215,57.0911],[-153.0915,57.0968],[-153.0809,57.1108],[-153.0553,57.1106],[-153.0277,57.1385],[-152.9961,57.119],[-152.9515,57.1198],[-152.9122,57.1262],[-152.8686,57.1508],[-152.8914,57.1688],[-152.9104,57.1647],[-152.9431,57.1779],[-152.9459,57.1878],[-153.0082,57.1818],[-153.0242,57.168],[-153.0465,57.1723],[-153.0625,57.1904],[-153.1188,57.1782],[-153.1751,57.1563],[-153.1622,57.1883],[-153.2139,57.2036]]],[[[-135.7621,57.3438],[-135.84,57.3406],[-135.8589,57.3211],[-135.825,57.3025],[-135.8515,57.2668],[-135.8025,57.2358],[-135.823,57.2207],[-135.8193,57.2049],[-135.8366,57.1761],[-135.8102,57.1653],[-135.7955,57.1739],[-135.7558,57.1697],[-135.7362,57.1534],[-135.76,57.1163],[-135.8083,57.1031],[-135.843,57.0871],[-135.8426,57.0676],[-135.8583,57],[-135.8501,56.9933],[-135.7773,56.9962],[-135.7611,57.0033],[-135.7289,57.0008],[-135.6839,57.0143],[-135.638,57.0103],[-135.6302,57.0317],[-135.5989,57.0469],[-135.5939,57.0778],[-135.5722,57.0856],[-135.5722,57.1279],[-135.5629,57.1486],[-135.5815,57.1535],[-135.6148,57.1755],[-135.6029,57.1909],[-135.6226,57.2167],[-135.5969,57.2293],[-135.5685,57.2283],[-135.5756,57.2559],[-135.6261,57.3025],[-135.7305,57.3387],[-135.7621,57.3438]]],[[[-153.252,57.9968],[-153.2923,57.9982],[-153.3048,57.9846],[-153.2671,57.9538],[-153.2025,57.9376],[-153.195,57.924],[-153.1663,57.9153],[-153.13,57.8897],[-153.0863,57.8521],[-153.1144,57.8542],[-153.1533,57.8656],[-153.1739,57.8783],[-153.2349,57.8944],[-153.2219,57.8693],[-153.2009,57.8493],[-153.1796,57.7972],[-153.2032,57.7342],[-153.2229,57.7445],[-153.2041,57.7846],[-153.2137,57.7898],[-153.2738,57.7943],[-153.3078,57.8039],[-153.3381,57.8037],[-153.4059,57.8299],[-153.4768,57.8417],[-153.4859,57.8313],[-153.4604,57.7899],[-153.4129,57.7828],[-153.3778,57.7669],[-153.3707,57.757],[-153.3313,57.7493],[-153.3099,57.7187],[-153.3528,57.7027],[-153.3885,57.7292],[-153.3903,57.7499],[-153.4289,57.7692],[-153.4629,57.7647],[-153.4889,57.7744],[-153.5059,57.7352],[-153.4628,57.7165],[-153.4797,57.708],[-153.5078,57.7125],[-153.5233,57.705],[-153.5057,57.6809],[-153.4953,57.6384],[-153.5247,57.6561],[-153.5387,57.6857],[-153.5561,57.7382],[-153.5474,57.7847],[-153.5718,57.8323],[-153.5949,57.8428],[-153.6253,57.8423],[-153.6332,57.859],[-153.6191,57.8804],[-153.6597,57.8788],[-153.7087,57.8832],[-153.7197,57.8965],[-153.7497,57.8896],[-153.7572,57.878],[-153.7888,57.8677],[-153.8556,57.863],[-153.8538,57.8468],[-153.9306,57.8091],[-153.9349,57.7712],[-153.9278,57.753],[-153.9356,57.7297],[-153.9146,57.7206],[-153.9056,57.7013],[-153.8637,57.7055],[-153.8011,57.6964],[-153.6978,57.6744],[-153.6206,57.6453],[-153.5945,57.6292],[-153.5911,57.5986],[-153.6217,57.6019],[-153.6406,57.6316],[-153.6822,57.6406],[-153.7211,57.6414],[-153.7733,57.6503],[-153.7961,57.6472],[-153.8682,57.6502],[-153.8798,57.633],[-153.8025,57.5843],[-153.7921,57.572],[-153.7382,57.5506],[-153.6976,57.5451],[-153.6942,57.5278],[-153.7366,57.5405],[-153.771,57.5432],[-153.7963,57.5587],[-153.8487,57.562],[-153.8196,57.5379],[-153.8232,57.5164],[-153.8153,57.4837],[-153.8184,57.4643],[-153.8122,57.4136],[-153.781,57.382],[-153.7572,57.3389],[-153.7398,57.3174],[-153.7037,57.3071],[-153.6806,57.3069],[-153.6808,57.2883],[-153.779,57.3205],[-153.792,57.3478],[-153.8222,57.3663],[-153.8326,57.3861],[-153.8943,57.4205],[-153.9079,57.444],[-153.9097,57.4779],[-153.9267,57.5334],[-153.9466,57.5397],[-153.9933,57.5386],[-154.0039,57.5308],[-154.0378,57.5319],[-154.0661,57.5247],[-154.0994,57.5331],[-153.9811,57.5483],[-153.9713,57.5655],[-153.9826,57.5864],[-153.9801,57.621],[-154.0028,57.6417],[-154.0628,57.6536],[-154.0978,57.6506],[-154.2328,57.6633],[-154.2622,57.6419],[-154.3358,57.6374],[-154.3539,57.6206],[-154.3872,57.6139],[-154.4028,57.5961],[-154.4448,57.5733],[-154.5178,57.5766],[-154.5228,57.5367],[-154.5574,57.5327],[-154.5874,57.5192],[-154.63,57.5078],[-154.6533,57.4733],[-154.6388,57.4647],[-154.6911,57.4458],[-154.7206,57.4233],[-154.6972,57.4183],[-154.6917,57.3933],[-154.7206,57.3664],[-154.7167,57.3469],[-154.7628,57.3575],[-154.7983,57.3494],[-154.7777,57.3319],[-154.7441,57.3252],[-154.7583,57.3064],[-154.7489,57.2931],[-154.7731,57.2795],[-154.7347,57.2715],[-154.6894,57.2853],[-154.6822,57.2663],[-154.6211,57.2704],[-154.6019,57.2631],[-154.5722,57.2378],[-154.5661,57.2197],[-154.5483,57.2081],[-154.5294,57.1803],[-154.5228,57.1478],[-154.5238,57.114],[-154.5144,57.0781],[-154.515,57.0331],[-154.5283,56.9922],[-154.4744,56.9828],[-154.3967,56.9633],[-154.3633,56.9461],[-154.3311,56.9614],[-154.2861,56.96],[-154.3,56.94],[-154.3333,56.9539],[-154.3589,56.9361],[-154.3122,56.9175],[-154.3006,56.8881],[-154.3017,56.8533],[-154.2772,56.8517],[-154.2256,56.8758],[-154.2311,56.8875],[-154.2106,56.9119],[-154.225,56.9258],[-154.1944,56.9292],[-154.1533,56.9489],[-154.1472,56.9786],[-154.1772,56.9897],[-154.1511,57.0019],[-154.145,57.02],[-154.1172,57.0272],[-154.1105,57.0447],[-154.1128,57.0728],[-154.0917,57.1006],[-154.0961,57.1214],[-154.1157,57.128],[-154.1883,57.115],[-154.2322,57.1205],[-154.2939,57.1136],[-154.3178,57.0972],[-154.3283,57.0797],[-154.3611,57.0558],[-154.4361,57.0544],[-154.4656,57.0686],[-154.485,57.1097],[-154.4543,57.1296],[-154.3911,57.1233],[-154.36,57.1469],[-154.3383,57.1503],[-154.2572,57.1438],[-154.2289,57.1614],[-154.185,57.145],[-154.1306,57.1456],[-154.0767,57.122],[-154.0383,57.1297],[-154.013,57.1289],[-153.976,57.1186],[-153.9861,57.1082],[-154.02,57.1028],[-154.0678,57.0847],[-154.1028,57.0458],[-154.0972,57.0336],[-154.1417,56.9972],[-154.12,56.9897],[-154.0945,56.9661],[-154.0494,56.9903],[-153.9764,57.0566],[-153.9222,57.0914],[-153.9059,57.096],[-153.8818,57.1171],[-153.8428,57.1208],[-153.821,57.1287],[-153.8208,57.1409],[-153.7905,57.1623],[-153.7776,57.1429],[-153.8033,57.1125],[-153.8437,57.0923],[-153.869,57.0895],[-153.9209,57.0629],[-153.9202,57.0472],[-153.967,56.9964],[-153.9607,56.9889],[-153.975,56.958],[-153.9618,56.9542],[-153.9062,56.9586],[-153.8876,56.9689],[-153.8483,57.0249],[-153.8285,57.0123],[-153.8628,56.9775],[-153.8433,56.9689],[-153.844,56.945],[-153.8838,56.9253],[-153.9417,56.9153],[-153.9799,56.8977],[-154.0089,56.86],[-154.0644,56.8494],[-154.0806,56.8406],[-154.1283,56.7853],[-154.145,56.7511],[-154.1267,56.7417],[-154.0867,56.75],[-154.0556,56.7631],[-154.0344,56.7633],[-154.0167,56.7428],[-153.9767,56.7434],[-153.9432,56.7584],[-153.8985,56.7667],[-153.8898,56.7922],[-153.8506,56.8086],[-153.8426,56.8329],[-153.7994,56.8478],[-153.7596,56.8442],[-153.7057,56.8519],[-153.6783,56.875],[-153.6844,56.881],[-153.7367,56.8731],[-153.7261,56.8903],[-153.6915,56.9112],[-153.6918,56.9249],[-153.6698,56.9309],[-153.6054,56.9343],[-153.5895,56.9604],[-153.5643,56.9634],[-153.5406,57.0009],[-153.6076,57.0239],[-153.5761,57.0386],[-153.5943,57.0563],[-153.6362,57.0583],[-153.6595,57.0531],[-153.7026,57.057],[-153.6611,57.0842],[-153.6267,57.0845],[-153.573,57.0927],[-153.5203,57.0763],[-153.485,57.0779],[-153.4903,57.1064],[-153.5135,57.1239],[-153.5116,57.1378],[-153.4897,57.1703],[-153.4703,57.1589],[-153.486,57.14],[-153.4658,57.1157],[-153.4498,57.1119],[-153.4254,57.1263],[-153.3996,57.1546],[-153.3655,57.176],[-153.3725,57.1928],[-153.3259,57.1915],[-153.3025,57.203],[-153.2311,57.2277],[-153.1571,57.214],[-153.0797,57.2123],[-153.0477,57.2165],[-153.0244,57.2308],[-152.9936,57.2329],[-152.9507,57.2491],[-152.9424,57.2627],[-152.9728,57.2846],[-152.9911,57.2842],[-153.0172,57.2986],[-153.0985,57.287],[-153.1149,57.2974],[-153.1716,57.3048],[-153.1456,57.3219],[-153.1022,57.3175],[-153.0162,57.3364],[-152.9974,57.3446],[-152.9755,57.3296],[-152.9426,57.3301],[-152.8933,57.3442],[-152.9017,57.3173],[-152.8834,57.2899],[-152.8593,57.3044],[-152.8389,57.2964],[-152.8462,57.2755],[-152.8119,57.2666],[-152.7902,57.2779],[-152.7432,57.3129],[-152.7102,57.3017],[-152.7069,57.2759],[-152.6525,57.3075],[-152.6267,57.3286],[-152.6354,57.3439],[-152.6078,57.3656],[-152.6066,57.3887],[-152.626,57.4058],[-152.6597,57.4056],[-152.6789,57.4144],[-152.7157,57.4185],[-152.7234,57.4334],[-152.7627,57.4583],[-152.8164,57.4717],[-152.8537,57.4724],[-152.9326,57.4641],[-152.9406,57.4736],[-152.8878,57.485],[-152.8989,57.4936],[-152.9536,57.5004],[-152.9526,57.5205],[-152.9161,57.5129],[-152.8986,57.5022],[-152.8621,57.5116],[-152.8166,57.4952],[-152.7389,57.5058],[-152.6856,57.4657],[-152.6636,57.4632],[-152.6245,57.4764],[-152.5996,57.4724],[-152.5873,57.4525],[-152.5338,57.4469],[-152.5173,57.4336],[-152.4891,57.4683],[-152.4643,57.4648],[-152.4489,57.4519],[-152.455,57.4344],[-152.4246,57.4372],[-152.3742,57.4324],[-152.3504,57.4213],[-152.3186,57.4316],[-152.3285,57.4434],[-152.3185,57.4868],[-152.2952,57.5169],[-152.244,57.5367],[-152.1668,57.5868],[-152.1649,57.6117],[-152.2026,57.619],[-152.2495,57.6158],[-152.2689,57.6283],[-152.3087,57.6183],[-152.3269,57.6265],[-152.41,57.6081],[-152.4269,57.5936],[-152.4527,57.5898],[-152.4695,57.6014],[-152.4299,57.6354],[-152.4401,57.6501],[-152.4113,57.6703],[-152.4235,57.676],[-152.4738,57.6496],[-152.492,57.6457],[-152.518,57.6563],[-152.4723,57.6732],[-152.4666,57.7021],[-152.4989,57.7143],[-152.5327,57.6951],[-152.5681,57.6993],[-152.5581,57.719],[-152.5195,57.7347],[-152.505,57.7276],[-152.4786,57.7464],[-152.4825,57.7556],[-152.4485,57.7782],[-152.3905,57.7909],[-152.3483,57.8051],[-152.3595,57.8378],[-152.4212,57.8138],[-152.4417,57.8328],[-152.4174,57.8394],[-152.4004,57.8557],[-152.4583,57.8792],[-152.4927,57.9045],[-152.5269,57.9104],[-152.565,57.8985],[-152.5989,57.9174],[-152.6367,57.9164],[-152.6432,57.9015],[-152.6214,57.8791],[-152.6307,57.8604],[-152.6524,57.8627],[-152.6747,57.8806],[-152.7102,57.8644],[-152.7285,57.8189],[-152.7437,57.8162],[-152.7583,57.8414],[-152.7762,57.8513],[-152.8063,57.8493],[-152.8458,57.829],[-152.8539,57.7689],[-152.8438,57.729],[-152.8749,57.7283],[-152.908,57.7557],[-152.893,57.7977],[-152.9104,57.8099],[-152.9021,57.8296],[-152.8713,57.8581],[-152.8448,57.8669],[-152.8612,57.8791],[-152.7971,57.8995],[-152.803,57.9129],[-152.8497,57.9291],[-152.9072,57.935],[-152.9369,57.9486],[-152.9753,57.9428],[-152.9995,57.9471],[-152.9976,57.9188],[-153.0912,57.9426],[-153.1295,57.9489],[-153.1583,57.9656],[-153.1989,57.9682],[-153.252,57.9968]]],[[[-134.177,58.1546],[-134.2075,58.1668],[-134.2322,58.1572],[-134.3014,58.1532],[-134.3336,58.1428],[-134.3716,58.1495],[-134.3896,58.16],[-134.4486,58.1739],[-134.4936,58.1717],[-134.538,58.1824],[-134.5661,58.1792],[-134.635,58.1633],[-134.6926,58.1596],[-134.7095,58.1929],[-134.7094,58.2282],[-134.7346,58.2365],[-134.754,58.2726],[-134.8017,58.2951],[-134.8047,58.3218],[-134.8373,58.342],[-134.8545,58.3407],[-134.8703,58.3223],[-134.887,58.3218],[-134.9234,58.3862],[-134.9527,58.4091],[-134.9704,58.3698],[-134.9506,58.3334],[-134.957,58.31],[-134.9372,58.263],[-134.9168,58.2432],[-134.9182,58.2259],[-134.8959,58.1916],[-134.866,58.1814],[-134.8217,58.1436],[-134.8014,58.1052],[-134.7694,58.115],[-134.7711,58.1672],[-134.7376,58.1888],[-134.7267,58.175],[-134.7639,58.1611],[-134.7539,58.1244],[-134.7709,58.0873],[-134.8097,58.0581],[-134.8033,58.0283],[-134.7671,57.9991],[-134.7592,57.979],[-134.7727,57.9711],[-134.7428,57.9417],[-134.7489,57.9142],[-134.7401,57.9068],[-134.7056,57.8317],[-134.7186,57.7948],[-134.7113,57.7775],[-134.7305,57.7563],[-134.7309,57.7217],[-134.6961,57.6861],[-134.6931,57.6579],[-134.6744,57.6196],[-134.6778,57.6113],[-134.6118,57.5624],[-134.5796,57.5062],[-134.5444,57.5183],[-134.52,57.5344],[-134.4872,57.5458],[-134.4278,57.5507],[-134.3952,57.5434],[-134.4361,57.5289],[-134.4494,57.54],[-134.4928,57.5342],[-134.535,57.5233],[-134.5278,57.5088],[-134.53,57.4819],[-134.5684,57.4955],[-134.5797,57.4765],[-134.5461,57.4678],[-134.5489,57.4558],[-134.4939,57.4133],[-134.4713,57.3879],[-134.4089,57.3787],[-134.3755,57.3912],[-134.335,57.3972],[-134.33,57.3881],[-134.3945,57.3791],[-134.3726,57.3592],[-134.3957,57.3543],[-134.4133,57.3739],[-134.4339,57.3683],[-134.4878,57.3725],[-134.5193,57.3881],[-134.5283,57.4064],[-134.5568,57.4084],[-134.5808,57.401],[-134.5689,57.3697],[-134.5807,57.3444],[-134.5672,57.3367],[-134.5189,57.334],[-134.4825,57.3166],[-134.5461,57.3111],[-134.5728,57.2956],[-134.6158,57.261],[-134.5806,57.242],[-134.5506,57.2383],[-134.5711,57.22],[-134.6032,57.2328],[-134.6461,57.2408],[-134.6539,57.2233],[-134.6401,57.1755],[-134.6014,57.1656],[-134.6389,57.1367],[-134.6378,57.1076],[-134.6211,57.0664],[-134.6004,57.0335],[-134.571,57.0395],[-134.5426,57.0226],[-134.4926,57.0278],[-134.4804,57.0497],[-134.4217,57.0678],[-134.3745,57.0919],[-134.4083,57.1142],[-134.3778,57.1313],[-134.3561,57.1226],[-134.3283,57.1236],[-134.2759,57.1513],[-134.3028,57.1683],[-134.2946,57.202],[-134.3028,57.2506],[-134.2812,57.2352],[-134.2849,57.1763],[-134.2385,57.1821],[-134.2307,57.17],[-134.1922,57.1842],[-134.1557,57.2075],[-134.1486,57.2636],[-134.1294,57.265],[-134.1059,57.2494],[-134.0956,57.2709],[-134.1128,57.2949],[-134.1351,57.3067],[-134.1263,57.316],[-134.1606,57.3333],[-134.1613,57.3615],[-134.2023,57.3847],[-134.1844,57.3925],[-134.1525,57.3788],[-134.1098,57.3401],[-134.0839,57.3461],[-134.0424,57.3267],[-134.0139,57.325],[-133.9808,57.3042],[-133.9609,57.307],[-133.9449,57.332],[-133.8745,57.3519],[-133.8624,57.3677],[-133.8854,57.4003],[-133.8873,57.4145],[-133.9072,57.4364],[-133.9478,57.431],[-133.9745,57.4336],[-133.9688,57.4499],[-133.9881,57.4607],[-134.0596,57.4632],[-134.0617,57.4972],[-134.015,57.4908],[-133.9783,57.4803],[-133.9598,57.4833],[-133.9278,57.4694],[-133.8941,57.4895],[-133.8866,57.4713],[-133.8597,57.4679],[-133.8866,57.5061],[-133.9275,57.5352],[-133.9464,57.5673],[-133.9351,57.6109],[-133.9773,57.6401],[-134.0106,57.656],[-134.0772,57.6556],[-134.0839,57.6722],[-134.0472,57.6747],[-134.0631,57.6965],[-134.1023,57.7175],[-134.1483,57.7631],[-134.2339,57.8647],[-134.25,57.8742],[-134.2872,57.8542],[-134.2831,57.8373],[-134.3072,57.8317],[-134.3102,57.8558],[-134.2972,57.8631],[-134.2811,57.8917],[-134.2811,57.9175],[-134.3417,57.9869],[-134.3304,58.0005],[-134.2517,57.9689],[-134.2446,57.9863],[-134.3044,58.0214],[-134.2838,58.0294],[-134.2789,58.0486],[-134.3178,58.0794],[-134.303,58.0843],[-134.2611,58.0692],[-134.1633,57.9928],[-134.1944,57.9928],[-134.1917,57.9782],[-134.1611,57.9583],[-134.1413,57.9291],[-134.1387,57.9048],[-134.1207,57.8777],[-134.0928,57.8493],[-134.0428,57.8194],[-134.0317,57.8175],[-134.0154,57.7898],[-134.0206,57.7639],[-133.9995,57.7511],[-133.9981,57.7199],[-133.9817,57.7141],[-133.9628,57.6875],[-133.9107,57.6634],[-133.8768,57.633],[-133.8561,57.6228],[-133.8545,57.6004],[-133.8392,57.5778],[-133.8108,57.57],[-133.8004,57.5845],[-133.809,57.6276],[-133.8614,57.6576],[-133.8941,57.6847],[-133.8926,57.7183],[-133.8748,57.7321],[-133.9052,57.7694],[-133.9006,57.8064],[-133.9215,57.8199],[-133.9344,57.8398],[-133.975,57.8593],[-133.973,57.8656],[-134.0064,57.8933],[-133.9922,57.9122],[-134.0349,57.9373],[-134.0667,57.9642],[-134.0987,57.9826],[-134.0889,58],[-134.1909,58.0854],[-134.1822,58.0934],[-134.2041,58.1147],[-134.1701,58.1264],[-134.177,58.1546]]],[[[-155.5611,55.8975],[-155.5639,55.9069],[-155.6056,55.9144],[-155.64,55.8956],[-155.65,55.8683],[-155.6667,55.8542],[-155.7094,55.8358],[-155.755,55.8222],[-155.7256,55.8069],[-155.7278,55.7747],[-155.7013,55.7717],[-155.6506,55.7749],[-155.6133,55.7567],[-155.5867,55.7625],[-155.5639,55.7897],[-155.5644,55.8142],[-155.5867,55.8458],[-155.5611,55.8975]]],[[[-133.2928,55.9143],[-133.3102,55.9153],[-133.3528,55.8756],[-133.3316,55.8586],[-133.3362,55.8471],[-133.3241,55.8145],[-133.26,55.7721],[-133.2163,55.8229],[-133.2244,55.8652],[-133.2445,55.8833],[-133.2738,55.8721],[-133.2873,55.8841],[-133.2701,55.9035],[-133.2928,55.9143]]],[[[-134.2634,55.9273],[-134.3069,55.9141],[-134.3339,55.9292],[-134.3667,55.913],[-134.3529,55.8913],[-134.3194,55.8781],[-134.3406,55.8589],[-134.3425,55.8457],[-134.3139,55.8317],[-134.2711,55.8286],[-134.2722,55.8443],[-134.25,55.8464],[-134.2283,55.864],[-134.1677,55.8907],[-134.133,55.8968],[-134.1205,55.9189],[-134.1523,55.9235],[-134.2649,55.897],[-134.2634,55.9273]]],[[[-131.4222,55.9907],[-131.4605,55.9903],[-131.5256,55.9628],[-131.5594,55.9519],[-131.5967,55.9331],[-131.5729,55.9289],[-131.5522,55.9145],[-131.5094,55.9186],[-131.48,55.9372],[-131.4502,55.9485],[-131.4333,55.9456],[-131.4083,55.9589],[-131.4094,55.9781],[-131.4222,55.9907]]],[[[-156.6896,56.0564],[-156.6977,56.0462],[-156.748,56.0339],[-156.6897,56.0115],[-156.6742,56.0314],[-156.6896,56.0564]]],[[[-160.8038,55.9061],[-160.8188,55.9311],[-160.848,55.9103],[-160.8038,55.9061]]],[[[-133.8665,55.9363],[-133.8969,55.9375],[-133.9114,55.9266],[-133.9442,55.9171],[-133.9447,55.8935],[-133.9189,55.8567],[-133.9018,55.8467],[-133.8716,55.8448],[-133.8439,55.8675],[-133.8683,55.8786],[-133.8392,55.8897],[-133.8561,55.9325],[-133.8665,55.9363]]],[[[-133.3073,55.9313],[-133.3239,55.9578],[-133.34,55.9533],[-133.3278,55.9328],[-133.3405,55.9131],[-133.3167,55.9114],[-133.3073,55.9313]]],[[[-133.4361,55.9967],[-133.4628,55.9986],[-133.4661,55.9828],[-133.4948,55.9667],[-133.5061,55.9489],[-133.4728,55.9453],[-133.4494,55.9333],[-133.4349,55.9562],[-133.3944,55.9756],[-133.3745,55.9922],[-133.4361,55.9967]]],[[[-132.1918,56.0399],[-132.2055,56.0317],[-132.2078,56.0181],[-132.2055,56.0043],[-132.1941,55.9919],[-132.1889,55.9822],[-132.2028,55.9564],[-132.1927,55.9368],[-132.1561,55.9267],[-132.1333,55.9422],[-132.1355,55.9706],[-132.1633,55.9864],[-132.1601,56.0137],[-132.1918,56.0399]]],[[[-132.0288,56.0889],[-132.0639,56.0567],[-132.0689,56.0256],[-132.0422,56.0269],[-132.0422,56.0103],[-132.01,55.9835],[-131.9894,56.0014],[-131.9822,56.0249],[-132.01,56.0779],[-132.0288,56.0889]]],[[[-131.2511,55.967],[-131.2638,55.9727],[-131.3051,55.9659],[-131.3672,55.9497],[-131.3816,55.9375],[-131.4078,55.9336],[-131.459,55.9357],[-131.5054,55.9142],[-131.5444,55.9071],[-131.5827,55.9145],[-131.6,55.8996],[-131.5738,55.8803],[-131.5567,55.849],[-131.4878,55.8462],[-131.4946,55.837],[-131.5433,55.8334],[-131.6583,55.8403],[-131.7121,55.8336],[-131.7009,55.8023],[-131.6543,55.7955],[-131.6308,55.7837],[-131.5889,55.7933],[-131.5531,55.7916],[-131.5554,55.8108],[-131.4989,55.7937],[-131.55,55.7742],[-131.5721,55.7799],[-131.6166,55.7628],[-131.671,55.7701],[-131.7205,55.7473],[-131.7328,55.7289],[-131.705,55.7061],[-131.6819,55.6999],[-131.7045,55.6863],[-131.7238,55.6345],[-131.7008,55.6144],[-131.6451,55.6044],[-131.6439,55.5872],[-131.6627,55.5811],[-131.6723,55.5605],[-131.6972,55.5555],[-131.7182,55.5168],[-131.755,55.4978],[-131.7861,55.4747],[-131.8258,55.4714],[-131.8311,55.4486],[-131.7997,55.4363],[-131.7365,55.3978],[-131.7382,55.3841],[-131.6872,55.3505],[-131.6519,55.343],[-131.5504,55.2939],[-131.5284,55.2979],[-131.5222,55.3257],[-131.5024,55.3351],[-131.4661,55.3751],[-131.482,55.4061],[-131.5042,55.4187],[-131.5097,55.4352],[-131.5311,55.4564],[-131.5288,55.4863],[-131.515,55.5011],[-131.4908,55.5092],[-131.4648,55.5017],[-131.4943,55.4741],[-131.4901,55.4458],[-131.4761,55.4355],[-131.4661,55.4092],[-131.4372,55.377],[-131.4519,55.3553],[-131.4713,55.3472],[-131.4713,55.3321],[-131.3968,55.3573],[-131.4119,55.3713],[-131.3441,55.4074],[-131.3253,55.4299],[-131.3231,55.4632],[-131.3332,55.4919],[-131.3265,55.4988],[-131.3514,55.5372],[-131.3521,55.5624],[-131.3117,55.5126],[-131.2999,55.4779],[-131.289,55.4657],[-131.2911,55.4311],[-131.3123,55.4022],[-131.3417,55.3817],[-131.392,55.3648],[-131.3896,55.3397],[-131.4549,55.3196],[-131.471,55.3036],[-131.464,55.284],[-131.4066,55.2621],[-131.368,55.2668],[-131.3555,55.2595],[-131.2835,55.2881],[-131.2712,55.3152],[-131.2542,55.3325],[-131.2867,55.3586],[-131.2928,55.3792],[-131.2588,55.3923],[-131.2311,55.3956],[-131.1989,55.3917],[-131.1904,55.3616],[-131.2122,55.3433],[-131.2144,55.3278],[-131.2405,55.2871],[-131.2768,55.2597],[-131.327,55.2452],[-131.2685,55.2206],[-131.235,55.1968],[-131.185,55.1908],[-131.1473,55.2084],[-131.1477,55.2297],[-131.1051,55.2325],[-131.0901,55.2485],[-131.0643,55.2602],[-131.0507,55.32],[-131.021,55.3501],[-131.0383,55.4],[-131.0107,55.405],[-131.0037,55.3885],[-130.9706,55.3928],[-130.9943,55.4738],[-130.9834,55.4895],[-130.9811,55.5175],[-130.9894,55.5373],[-130.9836,55.5661],[-130.9472,55.5536],[-130.9289,55.5761],[-130.9546,55.5867],[-130.9547,55.6065],[-130.9397,55.6198],[-130.9491,55.6541],[-130.9667,55.6703],[-130.9738,55.7058],[-131.0079,55.7307],[-131.0419,55.7668],[-131.0433,55.7833],[-131.0711,55.8278],[-131.1194,55.8638],[-131.1684,55.9094],[-131.2025,55.9259],[-131.2378,55.9494],[-131.2511,55.967]]],[[[-133.0384,56.1179],[-133.081,56.088],[-133.0728,56.0663],[-133.0119,56.0639],[-132.9867,56.0589],[-132.9756,56.0753],[-133.0126,56.1092],[-133.0384,56.1179]]],[[[-132.9028,56.1372],[-132.9241,56.148],[-132.9415,56.1252],[-132.9144,56.1142],[-132.9028,56.1372]]],[[[-132.4789,56.4377],[-132.5066,56.4375],[-132.5376,56.4209],[-132.5621,56.3927],[-132.5583,56.3556],[-132.5014,56.3524],[-132.4843,56.3692],[-132.4493,56.375],[-132.4386,56.3903],[-132.4079,56.3825],[-132.4052,56.4078],[-132.4789,56.4377]]],[[[-156.7764,56.224],[-156.8074,56.1917],[-156.8036,56.1539],[-156.7664,56.1522],[-156.7627,56.1786],[-156.7917,56.1964],[-156.7764,56.224]]],[[[-132.42,56.3478],[-132.4356,56.3523],[-132.5003,56.3363],[-132.5348,56.3362],[-132.5484,56.3086],[-132.5748,56.2951],[-132.5965,56.2449],[-132.6447,56.2326],[-132.687,56.2385],[-132.71,56.2227],[-132.6904,56.2075],[-132.71,56.1933],[-132.6964,56.1767],[-132.7194,56.1709],[-132.7223,56.143],[-132.703,56.1205],[-132.7064,56.1088],[-132.6729,56.0768],[-132.6671,56.0597],[-132.6361,56.0317],[-132.6067,56.055],[-132.6122,56.0639],[-132.5926,56.0789],[-132.5533,56.0583],[-132.5372,56.0614],[-132.555,56.0889],[-132.6015,56.1476],[-132.5844,56.1444],[-132.5722,56.1217],[-132.535,56.0742],[-132.4911,56.0624],[-132.4749,56.0729],[-132.4545,56.0625],[-132.4782,56.0495],[-132.4838,56.0321],[-132.4717,56.015],[-132.4386,56.0201],[-132.3872,56.0128],[-132.4078,56.0017],[-132.4382,55.9975],[-132.435,55.9492],[-132.3917,55.9447],[-132.352,55.9124],[-132.2783,55.9253],[-132.2405,55.9281],[-132.2158,55.9359],[-132.2,55.9875],[-132.2061,56.0033],[-132.2122,56.0264],[-132.2122,56.0372],[-132.1781,56.0538],[-132.2214,56.0686],[-132.2291,56.0821],[-132.1984,56.0867],[-132.176,56.0753],[-132.1547,56.0833],[-132.1436,56.0981],[-132.11,56.0953],[-132.1165,56.1201],[-132.1827,56.1595],[-132.1877,56.1683],[-132.2227,56.1784],[-132.2517,56.1942],[-132.3131,56.1898],[-132.3425,56.2049],[-132.3528,56.2185],[-132.406,56.2305],[-132.381,56.2561],[-132.3944,56.2805],[-132.3781,56.3085],[-132.3968,56.3201],[-132.42,56.3478]]],[[[-133.4855,56.1667],[-133.515,56.1494],[-133.5351,56.1521],[-133.56,56.1425],[-133.5612,56.1285],[-133.5039,56.1294],[-133.4828,56.1489],[-133.4855,56.1667]]],[[[-132.9954,56.1843],[-133.0117,56.1786],[-133.0006,56.1543],[-132.9772,56.1628],[-132.9954,56.1843]]],[[[-132.3683,56.4867],[-132.395,56.4839],[-132.38,56.4445],[-132.3427,56.4117],[-132.3445,56.3933],[-132.3633,56.377],[-132.3417,56.3428],[-132.3479,56.3031],[-132.3653,56.2844],[-132.3467,56.2714],[-132.3318,56.242],[-132.3024,56.2213],[-132.2611,56.2033],[-132.201,56.192],[-132.1961,56.1814],[-132.1567,56.1703],[-132.1012,56.1474],[-132.0976,56.1342],[-132.0738,56.1158],[-132.0562,56.1339],[-132.024,56.1355],[-132.0144,56.17],[-132.0161,56.195],[-131.9845,56.1906],[-131.9383,56.1958],[-131.9223,56.2031],[-131.9572,56.2431],[-131.9683,56.2637],[-131.9983,56.3],[-132.0067,56.3322],[-132.0303,56.3527],[-132.0489,56.3547],[-132.0905,56.3714],[-132.1172,56.3532],[-132.1533,56.3447],[-132.1728,56.3503],[-132.1857,56.3667],[-132.2088,56.3737],[-132.237,56.3971],[-132.2447,56.4408],[-132.2793,56.4621],[-132.3361,56.47],[-132.3683,56.4867]]],[[[-157.83,56.3706],[-157.8545,56.3659],[-157.8888,56.3484],[-157.8894,56.3323],[-157.8639,56.3328],[-157.855,56.3186],[-157.8233,56.3069],[-157.8168,56.3224],[-157.7961,56.3245],[-157.8211,56.3459],[-157.8044,56.3567],[-157.83,56.3706]]],[[[-132.9606,56.2694],[-132.9989,56.2753],[-133.006,56.2553],[-132.9672,56.2492],[-132.9606,56.2694]]],[[[-132.9972,56.2431],[-133.0017,56.2142],[-132.9453,56.2029],[-132.927,56.2183],[-132.9314,56.2308],[-132.9556,56.2397],[-132.9972,56.2431]]],[[[-132.8954,56.4575],[-132.9527,56.4531],[-132.9623,56.426],[-133.0005,56.4306],[-133.0458,56.3703],[-133.0692,56.3565],[-133.0663,56.3309],[-133.0334,56.3156],[-132.9594,56.2953],[-132.939,56.2716],[-132.8983,56.2572],[-132.8567,56.2328],[-132.7996,56.2483],[-132.718,56.2577],[-132.6572,56.2769],[-132.6513,56.296],[-132.6587,56.3203],[-132.6833,56.3464],[-132.6469,56.3798],[-132.6222,56.3911],[-132.6325,56.4212],[-132.6616,56.4385],[-132.718,56.4565],[-132.7477,56.4575],[-132.7931,56.4492],[-132.8128,56.4406],[-132.8711,56.4569],[-132.8954,56.4575]]],[[[-134.245,56.9355],[-134.2345,56.9236],[-134.2033,56.9122],[-134.2195,56.9025],[-134.145,56.8753],[-134.1411,56.8483],[-134.1617,56.8489],[-134.1883,56.8625],[-134.2715,56.8967],[-134.3196,56.908],[-134.3561,56.8942],[-134.3476,56.8687],[-134.3017,56.8436],[-134.2998,56.8281],[-134.3456,56.8347],[-134.3588,56.8539],[-134.4033,56.8597],[-134.4228,56.8411],[-134.4128,56.8011],[-134.3911,56.7564],[-134.4011,56.7261],[-134.37,56.6897],[-134.3478,56.6753],[-134.3255,56.6511],[-134.3,56.6489],[-134.2561,56.6659],[-134.2417,56.6889],[-134.213,56.6716],[-134.2417,56.6542],[-134.2944,56.6458],[-134.2777,56.6253],[-134.2454,56.6213],[-134.2083,56.6281],[-134.1973,56.6155],[-134.255,56.5978],[-134.3234,56.5628],[-134.3132,56.5541],[-134.2672,56.5606],[-134.2028,56.5414],[-134.1939,56.5211],[-134.1531,56.5003],[-134.1389,56.4775],[-134.1028,56.5086],[-134.0978,56.5353],[-134.0722,56.5405],[-134.0744,56.5133],[-134.0594,56.5125],[-134.0391,56.4901],[-134.095,56.4808],[-134.0716,56.4565],[-134.0744,56.4458],[-134.0444,56.4114],[-134.0567,56.3839],[-134.0794,56.3997],[-134.11,56.4095],[-134.1533,56.3978],[-134.18,56.4444],[-134.1911,56.4136],[-134.25,56.4264],[-134.2341,56.4091],[-134.2336,56.361],[-134.2561,56.3697],[-134.2939,56.3539],[-134.2744,56.3142],[-134.2967,56.31],[-134.2962,56.2897],[-134.2505,56.2889],[-134.21,56.3225],[-134.209,56.2919],[-134.231,56.2758],[-134.2768,56.2656],[-134.2615,56.2176],[-134.2461,56.2047],[-134.2461,56.1756],[-134.2055,56.1531],[-134.2389,56.1445],[-134.2639,56.1303],[-134.2617,56.12],[-134.2122,56.105],[-134.2367,56.0761],[-134.1572,56.0442],[-134.18,56.0306],[-134.1373,56.0091],[-134.1222,56.0167],[-134.1122,56.0525],[-134.1363,56.0663],[-134.1032,56.0823],[-134.0917,56.0964],[-134.1128,56.1058],[-134.1039,56.1431],[-134.1672,56.1459],[-134.1886,56.153],[-134.1632,56.1731],[-134.1417,56.1633],[-134.1155,56.1647],[-134.0961,56.1798],[-134.0967,56.2206],[-134.0727,56.2555],[-134.0839,56.2787],[-134.0739,56.3003],[-134.0505,56.2947],[-134.0428,56.2531],[-134.0594,56.2431],[-134.0592,56.2181],[-134.0346,56.1933],[-134.0247,56.1653],[-134.0263,56.1479],[-134.045,56.1179],[-134.0155,56.0867],[-133.9942,56.0803],[-133.9577,56.0947],[-133.9552,56.1239],[-133.9367,56.1356],[-133.9339,56.1687],[-133.9561,56.2051],[-133.9226,56.2132],[-133.8987,56.2049],[-133.8817,56.2205],[-133.9189,56.2779],[-133.9464,56.2771],[-133.9812,56.2659],[-133.991,56.2748],[-133.9858,56.3013],[-133.9721,56.3252],[-133.9854,56.3419],[-133.9522,56.3454],[-133.9095,56.3022],[-133.8916,56.298],[-133.8811,56.2816],[-133.8516,56.2877],[-133.8622,56.3039],[-133.8311,56.3233],[-133.849,56.349],[-133.9133,56.3754],[-133.9125,56.3907],[-133.8756,56.397],[-133.8916,56.4187],[-133.8643,56.4285],[-133.8355,56.4305],[-133.87,56.4558],[-133.8686,56.4742],[-133.8995,56.4905],[-133.9511,56.4881],[-133.9272,56.5033],[-133.9268,56.5165],[-133.8904,56.5094],[-133.8717,56.5233],[-133.8458,56.5744],[-133.8988,56.6085],[-133.8365,56.6061],[-133.796,56.5846],[-133.7963,56.5719],[-133.7778,56.5578],[-133.7446,56.5565],[-133.7222,56.5817],[-133.6904,56.6026],[-133.7189,56.6218],[-133.7089,56.6428],[-133.7444,56.6778],[-133.7706,56.6795],[-133.7489,56.7372],[-133.7383,56.7403],[-133.735,56.7783],[-133.7728,56.7872],[-133.814,56.7891],[-133.8127,56.8019],[-133.85,56.8034],[-133.8745,56.8109],[-133.8938,56.8033],[-133.8899,56.7889],[-133.8689,56.7827],[-133.8642,56.7518],[-133.8856,56.7158],[-133.935,56.6933],[-133.943,56.6653],[-133.9634,56.6437],[-133.99,56.6314],[-134.0035,56.646],[-133.9751,56.6557],[-133.9541,56.671],[-133.9602,56.7091],[-133.9317,56.7256],[-133.9394,56.7375],[-133.9272,56.76],[-133.9371,56.7919],[-133.9577,56.8044],[-133.9733,56.7897],[-133.9983,56.7886],[-134.0099,56.8036],[-133.9652,56.8037],[-133.965,56.8244],[-133.9995,56.8236],[-134.0144,56.8736],[-134.0753,56.8892],[-134.137,56.9122],[-134.1839,56.9192],[-134.245,56.9355]]],[[[-135.4101,57.5574],[-135.4256,57.5625],[-135.4807,57.5383],[-135.5057,57.5182],[-135.551,57.5093],[-135.535,57.4851],[-135.5329,57.4511],[-135.5621,57.4473],[-135.565,57.4303],[-135.5891,57.4189],[-135.6295,57.3892],[-135.6086,57.3854],[-135.6008,57.4035],[-135.5674,57.3809],[-135.5002,57.3667],[-135.5508,57.3631],[-135.6065,57.3719],[-135.6507,57.3732],[-135.6932,57.363],[-135.6713,57.3355],[-135.636,57.322],[-135.6108,57.3024],[-135.5736,57.2929],[-135.5939,57.2801],[-135.5498,57.2378],[-135.5313,57.2389],[-135.474,57.2573],[-135.445,57.2481],[-135.4132,57.2533],[-135.3598,57.2518],[-135.3728,57.231],[-135.3787,57.2001],[-135.4242,57.1687],[-135.4101,57.1495],[-135.3446,57.1733],[-135.3172,57.1777],[-135.2839,57.1742],[-135.2911,57.1619],[-135.3181,57.1649],[-135.3722,57.1497],[-135.3702,57.1345],[-135.3906,57.126],[-135.4038,57.1011],[-135.3587,57.0583],[-135.2773,57.0323],[-135.2254,57.0342],[-135.2544,57.0145],[-135.2878,57.0156],[-135.2826,56.9985],[-135.3072,56.9811],[-135.3489,56.9811],[-135.3661,56.9886],[-135.3822,56.9667],[-135.3761,56.9386],[-135.3505,56.9289],[-135.3429,56.9036],[-135.385,56.8775],[-135.3876,56.8621],[-135.375,56.84],[-135.3779,56.8164],[-135.3456,56.8014],[-135.3228,56.7995],[-135.3133,56.7839],[-135.2789,56.7708],[-135.2639,56.7503],[-135.3055,56.7292],[-135.2911,56.7208],[-135.2075,56.7519],[-135.1912,56.7619],[-135.1362,56.7759],[-135.1055,56.8],[-135.09,56.7937],[-135.1655,56.7513],[-135.2,56.7453],[-135.2117,56.7303],[-135.1911,56.7092],[-135.2301,56.6863],[-135.1889,56.6644],[-135.1744,56.6825],[-135.1483,56.6897],[-135.1183,56.72],[-135.0639,56.7478],[-135.0344,56.7697],[-135.0189,56.7653],[-135.0177,56.7437],[-135.055,56.7248],[-135.0917,56.7195],[-135.1417,56.6786],[-135.1533,56.6475],[-135.1354,56.6426],[-135.1206,56.5969],[-135.0572,56.6095],[-135.0089,56.6367],[-134.9872,56.6339],[-134.9615,56.6187],[-134.9217,56.6636],[-134.8978,56.6569],[-134.9294,56.6369],[-134.9346,56.6255],[-134.9839,56.5903],[-135.0178,56.5981],[-135.0328,56.5939],[-135.0585,56.5689],[-135.0391,56.5596],[-135.0648,56.5407],[-135.0569,56.5259],[-135.035,56.5169],[-135.0255,56.4878],[-134.9889,56.4744],[-134.9933,56.4559],[-134.9744,56.4267],[-134.9361,56.4015],[-134.9491,56.3788],[-134.9178,56.3719],[-134.8978,56.3392],[-134.8721,56.3279],[-134.8067,56.3179],[-134.8384,56.299],[-134.8389,56.2826],[-134.8089,56.2414],[-134.7716,56.2177],[-134.7383,56.2126],[-134.7183,56.2245],[-134.6878,56.1994],[-134.7119,56.1827],[-134.6656,56.1673],[-134.6517,56.2003],[-134.66,56.212],[-134.6394,56.2489],[-134.6456,56.2637],[-134.6728,56.2561],[-134.6728,56.2894],[-134.6356,56.3041],[-134.6361,56.3261],[-134.6729,56.335],[-134.6461,56.3464],[-134.6316,56.3773],[-134.6339,56.4014],[-134.6494,56.4355],[-134.6389,56.4769],[-134.6651,56.5004],[-134.6578,56.5128],[-134.6738,56.5641],[-134.6482,56.5463],[-134.6278,56.5522],[-134.6239,56.6117],[-134.6155,56.6361],[-134.6244,56.6511],[-134.6184,56.6665],[-134.6339,56.6956],[-134.625,56.7],[-134.641,56.7425],[-134.6611,56.7749],[-134.6645,56.8073],[-134.6928,56.8353],[-134.7039,56.863],[-134.6967,56.9003],[-134.7156,56.9231],[-134.7317,56.9619],[-134.761,56.9719],[-134.7378,56.9858],[-134.7389,57.0053],[-134.753,57.0389],[-134.7919,57.1107],[-134.795,57.1336],[-134.8183,57.1533],[-134.7994,57.1633],[-134.8333,57.2003],[-134.8641,57.212],[-134.8465,57.2214],[-134.8372,57.2469],[-134.8628,57.2717],[-134.9193,57.2588],[-134.945,57.2711],[-134.9354,57.2851],[-134.9576,57.3087],[-134.9995,57.2875],[-134.9906,57.2669],[-135.0104,57.2625],[-135.0107,57.2905],[-134.991,57.3069],[-134.9506,57.3273],[-134.9405,57.3675],[-134.9078,57.3425],[-134.863,57.3152],[-134.843,57.3138],[-134.8339,57.2972],[-134.8128,57.2978],[-134.8139,57.3219],[-134.8036,57.3409],[-134.8172,57.3517],[-134.8228,57.3736],[-134.837,57.3857],[-134.8332,57.4173],[-134.8539,57.4114],[-134.8987,57.4261],[-134.9842,57.4255],[-135.0079,57.411],[-135.0622,57.41],[-135.0666,57.4223],[-135.1642,57.4454],[-135.1594,57.46],[-135.1894,57.48],[-135.225,57.4889],[-135.2805,57.4762],[-135.2978,57.4825],[-135.3488,57.4741],[-135.3806,57.4567],[-135.4167,57.4586],[-135.3628,57.4806],[-135.3093,57.4919],[-135.2911,57.5095],[-135.3093,57.5181],[-135.3214,57.5365],[-135.3812,57.5582],[-135.4101,57.5574]]],[[[-134.1994,57.8908],[-134.2048,57.8744],[-134.1717,57.8447],[-134.1894,57.8342],[-134.1334,57.7905],[-134.1196,57.7714],[-134.101,57.7785],[-134.1138,57.8068],[-134.1994,57.8908]]],[[[-153.4641,57.9694],[-153.5165,57.9593],[-153.535,57.9282],[-153.5102,57.9095],[-153.4588,57.8807],[-153.409,57.8707],[-153.3787,57.8534],[-153.3193,57.8453],[-153.33,57.8256],[-153.2883,57.8208],[-153.2071,57.8017],[-153.2023,57.817],[-153.2221,57.8496],[-153.2578,57.875],[-153.2561,57.8839],[-153.2962,57.9074],[-153.314,57.9079],[-153.3535,57.9324],[-153.3936,57.945],[-153.4493,57.9567],[-153.4641,57.9694]]],[[[-134.2628,57.955],[-134.2858,57.9542],[-134.2466,57.9086],[-134.2039,57.9053],[-134.1911,57.9294],[-134.2477,57.9548],[-134.2628,57.955]]],[[[-152.4136,57.9671],[-152.4327,57.9706],[-152.5071,57.9256],[-152.4867,57.912],[-152.4346,57.8999],[-152.3991,57.8994],[-152.3635,57.8839],[-152.3369,57.9167],[-152.3605,57.9256],[-152.4237,57.9284],[-152.4324,57.9553],[-152.4136,57.9671]]],[[[-152.7254,57.9752],[-152.8024,57.9782],[-152.8485,57.9708],[-152.8608,57.9526],[-152.8512,57.9412],[-152.8167,57.9335],[-152.7912,57.921],[-152.7601,57.9251],[-152.7404,57.9455],[-152.7254,57.9752]]],[[[-136.3056,58.2692],[-136.3416,58.2716],[-136.3642,58.2546],[-136.3134,58.2293],[-136.2864,58.2461],[-136.28,58.2669],[-136.3056,58.2692]]],[[[-136.0354,58.2942],[-136.0369,58.3174],[-136.0769,58.3048],[-136.1078,58.3032],[-136.1577,58.2792],[-136.1334,58.2629],[-136.0932,58.2578],[-136.0782,58.2677],[-136.0351,58.2781],[-136.0354,58.2942]]],[[[-134.5141,58.3376],[-134.5344,58.3466],[-134.5794,58.3422],[-134.6119,58.3229],[-134.6521,58.3189],[-134.6828,58.2964],[-134.6294,58.2483],[-134.5861,58.23],[-134.5072,58.2167],[-134.4861,58.2289],[-134.46,58.2294],[-134.4033,58.2183],[-134.3378,58.1972],[-134.28,58.1908],[-134.2692,58.2082],[-134.3482,58.2554],[-134.4475,58.3026],[-134.459,58.3136],[-134.5141,58.3376]]],[[[-152.8817,58.3378],[-152.8939,58.3447],[-152.9306,58.3383],[-152.9217,58.3136],[-152.8256,58.2972],[-152.8139,58.2875],[-152.7839,58.2872],[-152.7917,58.3075],[-152.8139,58.3139],[-152.8461,58.3378],[-152.8817,58.3378]]],[[[-135.6199,58.3791],[-135.6581,58.3848],[-135.7114,58.3774],[-135.733,58.368],[-135.6803,58.3309],[-135.5765,58.3254],[-135.553,58.3283],[-135.5377,58.3446],[-135.6199,58.3791]]],[[[-136.4776,58.1016],[-136.5358,58.0987],[-136.5572,58.0792],[-136.5571,58.0276],[-136.5694,58.0183],[-136.5311,58],[-136.5667,57.9644],[-136.5578,57.9403],[-136.5734,57.9188],[-136.5594,57.9103],[-136.5244,57.9206],[-136.5239,57.9019],[-136.4907,57.9017],[-136.4622,57.8494],[-136.4306,57.8647],[-136.3772,57.9295],[-136.3878,57.9675],[-136.3761,57.9958],[-136.3459,58.01],[-136.3566,58.0268],[-136.4499,58.076],[-136.4776,58.1016]]],[[[-153.2584,58.1426],[-153.2972,58.1457],[-153.3414,58.1171],[-153.3359,58.1018],[-153.3974,58.0809],[-153.4194,58.0631],[-153.3862,58.0555],[-153.3663,58.038],[-153.2972,58.0503],[-153.2414,58.0449],[-153.2283,58.0508],[-153.2022,58.0292],[-153.1261,58.0164],[-153.0889,57.9975],[-153.0483,57.9867],[-153.01,57.9851],[-152.9819,57.9773],[-152.9438,57.9766],[-152.9246,57.9938],[-152.9383,58.0083],[-152.9995,58.0275],[-153.0458,58.0294],[-153.0536,58.0495],[-153.0699,58.0601],[-153.0908,58.089],[-153.1135,58.0949],[-153.1628,58.0884],[-153.1948,58.0998],[-153.2584,58.1426]]],[[[-151.8206,58.2652],[-151.8672,58.2539],[-151.866,58.2322],[-151.894,58.2155],[-151.8929,58.1876],[-151.8547,58.1676],[-151.8086,58.1864],[-151.7944,58.2101],[-151.7884,58.2419],[-151.7953,58.2568],[-151.8206,58.2652]]],[[[-134.9096,58.4838],[-134.9255,58.4778],[-134.8962,58.452],[-134.8846,58.427],[-134.8433,58.3764],[-134.8078,58.3757],[-134.8456,58.4231],[-134.9096,58.4838]]],[[[-152.6486,58.4759],[-152.6746,58.448],[-152.6696,58.4326],[-152.6956,58.4213],[-152.7124,58.4488],[-152.7447,58.4494],[-152.7717,58.4364],[-152.7789,58.4133],[-152.809,58.4036],[-152.8626,58.4031],[-152.8683,58.39],[-152.8241,58.3798],[-152.8097,58.3667],[-152.778,58.3671],[-152.7464,58.3377],[-152.7936,58.3501],[-152.7952,58.3365],[-152.7705,58.3173],[-152.7787,58.2978],[-152.7515,58.2662],[-152.7722,58.2577],[-152.784,58.2784],[-152.8144,58.285],[-152.8802,58.2879],[-152.8777,58.2753],[-152.9051,58.2713],[-152.9802,58.2865],[-153.0047,58.2998],[-153.0471,58.2979],[-153.0694,58.2781],[-153.1044,58.2603],[-153.0725,58.2365],[-153.0072,58.2212],[-153.0038,58.2059],[-152.9606,58.1933],[-152.9294,58.1931],[-152.9154,58.1673],[-152.9537,58.1764],[-152.9922,58.1931],[-153.0376,58.199],[-153.063,58.1932],[-153.0878,58.2013],[-153.1449,58.2068],[-153.1732,58.2161],[-153.2026,58.2079],[-153.2197,58.1861],[-153.2222,58.1595],[-153.1883,58.135],[-153.1668,58.1263],[-153.1507,58.1056],[-153.123,58.1128],[-153.0783,58.1097],[-153.0544,58.07],[-153.02,58.0453],[-152.9617,58.03],[-152.9185,58.0098],[-152.8613,57.9924],[-152.7962,57.9963],[-152.7572,58.0122],[-152.7575,58.0339],[-152.778,58.0526],[-152.789,58.0743],[-152.7666,58.0765],[-152.7593,58.0558],[-152.7061,58.0494],[-152.6543,58.063],[-152.6278,58.0769],[-152.6298,58.092],[-152.6056,58.1217],[-152.6045,58.1493],[-152.595,58.1675],[-152.5933,58.1967],[-152.5597,58.1819],[-152.5611,58.1436],[-152.5687,58.1158],[-152.5572,58.0856],[-152.5456,58.0831],[-152.521,58.1126],[-152.4594,58.125],[-152.4261,58.1267],[-152.3967,58.1181],[-152.3578,58.1281],[-152.3317,58.1081],[-152.3172,58.1261],[-152.2714,58.1252],[-152.2652,58.134],[-152.2897,58.1484],[-152.3167,58.1525],[-152.3206,58.1742],[-152.349,58.1835],[-152.3572,58.2011],[-152.2917,58.1767],[-152.2817,58.1853],[-152.3233,58.2458],[-152.2525,58.2487],[-152.2222,58.2306],[-152.2244,58.1967],[-152.1845,58.1705],[-152.1431,58.1766],[-152.1394,58.1567],[-152.1124,58.1475],[-152.083,58.1536],[-152.0468,58.1827],[-152.0596,58.1913],[-152.0274,58.2089],[-152,58.2061],[-151.9738,58.2325],[-151.9916,58.2424],[-151.9646,58.2594],[-151.9706,58.3222],[-151.9615,58.3304],[-151.9957,58.3452],[-152.0357,58.2879],[-152.0721,58.2719],[-152.0571,58.3096],[-152.0839,58.3081],[-152.1089,58.2792],[-152.1061,58.2689],[-152.1256,58.2298],[-152.1483,58.2431],[-152.1478,58.2717],[-152.1306,58.3089],[-152.1128,58.3253],[-152.0939,58.3719],[-152.1161,58.37],[-152.1528,58.3808],[-152.175,58.3603],[-152.2461,58.35],[-152.2672,58.3739],[-152.2378,58.3769],[-152.2678,58.4097],[-152.306,58.4278],[-152.3067,58.4047],[-152.355,58.4036],[-152.3422,58.3917],[-152.3678,58.3808],[-152.3683,58.3586],[-152.3817,58.3486],[-152.365,58.3261],[-152.3811,58.3131],[-152.4089,58.3267],[-152.405,58.3472],[-152.4418,58.36],[-152.4806,58.3328],[-152.4945,58.3482],[-152.4953,58.3724],[-152.47,58.3984],[-152.4805,58.4042],[-152.537,58.4099],[-152.4872,58.4626],[-152.5133,58.4672],[-152.5362,58.458],[-152.6105,58.4751],[-152.6486,58.4759]]],[[[-130.5198,54.8584],[-130.5439,54.8583],[-130.5944,54.8309],[-130.6178,54.7939],[-130.5701,54.7971],[-130.5616,54.8103],[-130.5262,54.8155],[-130.5056,54.8342],[-130.5198,54.8584]]],[[[-163.7617,55.0475],[-163.7752,55.0525],[-163.8567,55.0336],[-163.8961,55.0364],[-163.9411,55.0072],[-164.0227,54.9723],[-164.0772,54.9592],[-164.1056,54.96],[-164.1294,54.9697],[-164.1606,54.9601],[-164.1794,54.9394],[-164.2489,54.9122],[-164.3378,54.8953],[-164.3967,54.9236],[-164.4328,54.9328],[-164.4878,54.9197],[-164.5239,54.8992],[-164.5544,54.8878],[-164.5573,54.8539],[-164.5911,54.8],[-164.6152,54.7866],[-164.6369,54.7463],[-164.6715,54.7003],[-164.7167,54.6561],[-164.7655,54.6395],[-164.8044,54.6381],[-164.855,54.6222],[-164.8822,54.6073],[-164.9289,54.5997],[-164.9478,54.5756],[-164.9367,54.5558],[-164.94,54.5364],[-164.9267,54.5178],[-164.905,54.5086],[-164.9005,54.4889],[-164.8828,54.4734],[-164.87,54.4428],[-164.8539,54.4389],[-164.8478,54.42],[-164.825,54.4166],[-164.793,54.4014],[-164.7394,54.3931],[-164.7027,54.4003],[-164.655,54.3886],[-164.5867,54.4053],[-164.4494,54.4211],[-164.3751,54.452],[-164.335,54.4821],[-164.3256,54.5056],[-164.3438,54.5211],[-164.328,54.5403],[-164.2722,54.5711],[-164.2061,54.5959],[-164.1366,54.6125],[-164.0667,54.624],[-163.9583,54.6319],[-163.8567,54.6319],[-163.8189,54.6361],[-163.6774,54.627],[-163.604,54.6162],[-163.5868,54.6105],[-163.5678,54.6278],[-163.5075,54.639],[-163.4989,54.6525],[-163.4208,54.6557],[-163.4089,54.6809],[-163.4256,54.72],[-163.3766,54.7483],[-163.3261,54.7459],[-163.3266,54.7223],[-163.285,54.6958],[-163.255,54.7123],[-163.2466,54.6904],[-163.195,54.6989],[-163.13,54.6942],[-163.1255,54.6847],[-163.1533,54.6742],[-163.0888,54.6613],[-163.0601,54.6625],[-163.0444,54.6717],[-163.0606,54.6869],[-163.0917,54.6869],[-163.1,54.7295],[-163.145,54.7628],[-163.1978,54.7661],[-163.2244,54.7553],[-163.33,54.7531],[-163.3722,54.7864],[-163.3744,54.8242],[-163.4022,54.8397],[-163.4083,54.8833],[-163.395,54.895],[-163.4222,54.9456],[-163.467,54.9851],[-163.5417,55.0261],[-163.5396,55.051],[-163.5616,55.0459],[-163.6594,55.04],[-163.7433,55.0439],[-163.7617,55.0475]]],[[[-130.665,54.7583],[-130.6752,54.7649],[-130.7151,54.7591],[-130.6742,54.729],[-130.6418,54.7292],[-130.665,54.7583]]],[[[-159.5733,54.8244],[-159.6067,54.8133],[-159.5912,54.7977],[-159.5828,54.7736],[-159.5972,54.7586],[-159.5512,54.7528],[-159.5133,54.7644],[-159.5106,54.7891],[-159.5344,54.7961],[-159.5733,54.8244]]],[[[-133.5267,54.8336],[-133.5456,54.8169],[-133.5389,54.8005],[-133.5489,54.7821],[-133.5217,54.7681],[-133.5094,54.7942],[-133.5222,54.8089],[-133.5267,54.8336]]],[[[-159.7036,54.8364],[-159.7337,54.8423],[-159.762,54.8275],[-159.82,54.8136],[-159.8004,54.7959],[-159.7743,54.7922],[-159.7488,54.8175],[-159.7166,54.8242],[-159.7036,54.8364]]],[[[-132.7187,54.9364],[-132.8016,54.9333],[-132.8183,54.9242],[-132.8072,54.8958],[-132.8037,54.868],[-132.7871,54.8567],[-132.7394,54.8389],[-132.7353,54.8297],[-132.7046,54.8147],[-132.6756,54.7669],[-132.6355,54.7489],[-132.6095,54.7758],[-132.6389,54.8161],[-132.6711,54.8247],[-132.6961,54.8447],[-132.6507,54.8417],[-132.6311,54.8503],[-132.6578,54.8611],[-132.6532,54.8743],[-132.6283,54.8731],[-132.6321,54.8908],[-132.6656,54.8947],[-132.6962,54.9227],[-132.7187,54.9364]]],[[[-162.2856,54.9803],[-162.3239,54.9836],[-162.3706,54.9656],[-162.3667,54.9564],[-162.4234,54.9205],[-162.4261,54.9008],[-162.3883,54.8667],[-162.3556,54.8525],[-162.3472,54.8373],[-162.3167,54.8272],[-162.2733,54.8433],[-162.272,54.86],[-162.2517,54.8792],[-162.2328,54.885],[-162.2317,54.9406],[-162.2433,54.9681],[-162.2856,54.9803]]],[[[-159.2717,54.9453],[-159.2983,54.9389],[-159.3261,54.8923],[-159.31,54.8661],[-159.2761,54.8628],[-159.2233,54.8839],[-159.2,54.9097],[-159.2083,54.9281],[-159.2394,54.9211],[-159.2694,54.9283],[-159.2717,54.9453]]],[[[-131.2472,54.9993],[-131.2822,54.9922],[-131.3144,54.9659],[-131.3822,54.9719],[-131.4633,54.9617],[-131.4911,54.9481],[-131.4856,54.9289],[-131.4667,54.9133],[-131.4045,54.8926],[-131.3911,54.8723],[-131.3472,54.8558],[-131.28,54.8861],[-131.2572,54.8786],[-131.2333,54.8819],[-131.1911,54.9147],[-131.245,54.9339],[-131.2328,54.9481],[-131.2556,54.9692],[-131.2472,54.9993]]],[[[-133.1028,55.2364],[-133.13,55.2625],[-133.1693,55.2485],[-133.2217,55.2414],[-133.2245,55.2229],[-133.179,55.2006],[-133.2167,55.1858],[-133.1969,55.161],[-133.23,55.1609],[-133.2095,55.1343],[-133.2283,55.1233],[-133.1433,55.1094],[-133.1644,55.0997],[-133.2122,55.1067],[-133.2368,55.1023],[-133.2395,55.0867],[-133.2133,55.0603],[-133.2111,55.0428],[-133.1652,55.0209],[-133.1739,55.0058],[-133.1466,54.9975],[-133.1728,54.9819],[-133.1594,54.9714],[-133.1613,54.9465],[-133.13,54.9461],[-133.1339,54.9319],[-133.1161,54.9197],[-133.0567,54.9192],[-133.0743,54.9053],[-133.045,54.8775],[-133.0135,54.8725],[-133.0361,54.8578],[-133.0117,54.8364],[-132.9839,54.8306],[-132.9381,54.8477],[-132.9239,54.8325],[-132.9381,54.822],[-132.9677,54.8153],[-132.9769,54.805],[-132.9489,54.7862],[-132.9172,54.7814],[-132.8867,54.7651],[-132.8773,54.7459],[-132.8822,54.7314],[-132.8513,54.6935],[-132.8055,54.6948],[-132.7967,54.6836],[-132.7633,54.6944],[-132.75,54.6693],[-132.6717,54.67],[-132.6972,54.6986],[-132.7078,54.7314],[-132.75,54.7581],[-132.7278,54.7695],[-132.7289,54.785],[-132.7556,54.8003],[-132.7491,54.8193],[-132.8478,54.8775],[-132.8551,54.8963],[-132.8928,54.9],[-132.9016,54.9255],[-132.9633,54.9889],[-132.9547,55.0161],[-133.0158,55.0441],[-133.0084,55.0556],[-133.0614,55.0787],[-133.0361,55.0919],[-133,55.0683],[-132.9928,55.0807],[-133.0056,55.0978],[-133.0095,55.1231],[-133.0345,55.1387],[-133.0522,55.1342],[-133.08,55.1542],[-133.0661,55.1637],[-133.0745,55.1919],[-133.102,55.2151],[-133.1028,55.2364]]],[[[-131.5139,54.9981],[-131.5394,54.9983],[-131.5256,54.9786],[-131.4994,54.9819],[-131.5139,54.9981]]],[[[-159.4428,55.0617],[-159.4567,55.0453],[-159.4294,55.0378],[-159.4239,55.0036],[-159.3992,54.9944],[-159.405,54.9767],[-159.4406,54.9817],[-159.455,54.9703],[-159.4256,54.9417],[-159.4139,54.9503],[-159.3722,54.9583],[-159.3694,54.9717],[-159.3289,54.9769],[-159.3396,54.9941],[-159.3783,55.0247],[-159.35,55.0325],[-159.3392,55.0452],[-159.38,55.0642],[-159.4246,55.056],[-159.4428,55.0617]]],[[[-131.2006,55.1072],[-131.24,55.0917],[-131.2422,55.0664],[-131.195,55.0433],[-131.1944,55.0706],[-131.175,55.0874],[-131.2006,55.1072]]],[[[-159.8672,55.2853],[-159.8786,55.2907],[-159.9216,55.2488],[-159.9383,55.2422],[-159.9217,55.2128],[-159.9633,55.2103],[-159.9533,55.1764],[-159.9761,55.1786],[-160.0259,55.2033],[-160.0467,55.2009],[-160.0522,55.1853],[-160,55.1353],[-160.0218,55.1145],[-160.0563,55.1123],[-160.0567,55.1335],[-160.1055,55.1603],[-160.13,55.1461],[-160.1245,55.1333],[-160.0889,55.1047],[-160.1101,55.1022],[-160.1594,55.1209],[-160.1828,55.1231],[-160.1928,55.1028],[-160.14,55.0889],[-160.1392,55.0751],[-160.1778,55.0617],[-160.176,55.0508],[-160.1345,55.0438],[-160.0957,55.0519],[-160.0823,55.0409],[-160.1061,55.0219],[-160.1366,55.0111],[-160.1514,54.9845],[-160.1897,54.9649],[-160.1739,54.9469],[-160.1906,54.9322],[-160.2293,54.9391],[-160.2574,54.9167],[-160.2533,54.8938],[-160.2356,54.8894],[-160.2324,54.8739],[-160.2067,54.8742],[-160.2,54.8942],[-160.18,54.9033],[-160.1856,54.9342],[-160.1247,54.9458],[-160.1249,54.967],[-160.1083,54.9869],[-160.0844,54.9906],[-160.0513,55.0046],[-160.0467,55.0275],[-160.013,55.0281],[-159.99,55.0461],[-160.0128,55.0624],[-159.9922,55.0711],[-159.9563,55.0644],[-159.9316,55.0663],[-159.9483,55.1008],[-159.9489,55.1233],[-159.9244,55.1236],[-159.915,55.1083],[-159.8853,55.1064],[-159.8696,55.0944],[-159.8472,55.1097],[-159.8133,55.1597],[-159.8111,55.1728],[-159.8484,55.1796],[-159.8617,55.175],[-159.8611,55.1508],[-159.884,55.1451],[-159.9031,55.1744],[-159.8932,55.1973],[-159.9057,55.2213],[-159.8728,55.2314],[-159.8539,55.2297],[-159.8417,55.2445],[-159.8506,55.2686],[-159.8672,55.2853]]],[[[-161.8094,55.175],[-161.8539,55.1753],[-161.8611,55.1656],[-161.9039,55.1428],[-161.8883,55.1306],[-161.8505,55.1253],[-161.8194,55.1114],[-161.7939,55.1311],[-161.7828,55.1617],[-161.7555,55.1322],[-161.7622,55.1153],[-161.7933,55.1],[-161.7944,55.0764],[-161.756,55.0555],[-161.6829,55.0694],[-161.6761,55.0933],[-161.6339,55.1053],[-161.6416,55.1275],[-161.7283,55.1397],[-161.7646,55.169],[-161.8094,55.175]]],[[[-132.8327,55.1989],[-132.8555,55.1859],[-132.8683,55.1667],[-132.8973,55.1547],[-132.8744,55.1261],[-132.878,55.1004],[-132.8367,55.0917],[-132.8517,55.0514],[-132.8758,55.0484],[-132.8932,55.0361],[-132.8724,55.0239],[-132.8028,55.0194],[-132.7716,55.0083],[-132.7133,55.0128],[-132.6857,55.0285],[-132.6828,55.0471],[-132.7111,55.0814],[-132.7077,55.1077],[-132.688,55.1245],[-132.7207,55.1413],[-132.7439,55.1386],[-132.7704,55.1601],[-132.8177,55.1812],[-132.8327,55.1989]]],[[[-131.5515,55.2813],[-131.55,55.2718],[-131.5901,55.2589],[-131.6074,55.2384],[-131.605,55.2142],[-131.5619,55.1658],[-131.5314,55.1381],[-131.5618,55.1269],[-131.585,55.1307],[-131.6128,55.1007],[-131.5911,55.0873],[-131.6118,55.0729],[-131.6245,55.0428],[-131.6485,55.0353],[-131.6096,55.0129],[-131.5978,54.9989],[-131.5709,55.022],[-131.5429,55.0269],[-131.5313,55.0378],[-131.5418,55.0593],[-131.5742,55.0725],[-131.5458,55.0935],[-131.5392,55.0703],[-131.5121,55.057],[-131.4923,55.0121],[-131.3892,55.0119],[-131.3563,55.0403],[-131.3509,55.0715],[-131.3757,55.0909],[-131.3515,55.1233],[-131.364,55.1616],[-131.3978,55.1969],[-131.3971,55.2095],[-131.4322,55.2127],[-131.4663,55.2248],[-131.4928,55.2469],[-131.4869,55.2552],[-131.5275,55.2632],[-131.5515,55.2813]]],[[[-159.5118,55.2388],[-159.5584,55.2045],[-159.5889,55.2117],[-159.5639,55.1742],[-159.5866,55.1567],[-159.5805,55.1461],[-159.5955,55.1159],[-159.6383,55.1342],[-159.65,55.1181],[-159.6291,55.1027],[-159.5956,55.0925],[-159.6043,55.0831],[-159.6346,55.0857],[-159.6572,55.0611],[-159.6398,55.0474],[-159.6194,55.0544],[-159.5967,55.045],[-159.5706,55.0453],[-159.5767,55.0836],[-159.5511,55.0789],[-159.5372,55.0553],[-159.5102,55.0413],[-159.4836,55.0565],[-159.5294,55.0801],[-159.52,55.1231],[-159.4958,55.1371],[-159.4961,55.1544],[-159.5086,55.1755],[-159.53,55.1647],[-159.5433,55.1919],[-159.5072,55.2178],[-159.5118,55.2388]]],[[[-133.6027,56.3553],[-133.6322,56.3531],[-133.6297,56.3408],[-133.6549,56.3287],[-133.6628,56.3072],[-133.6506,56.2964],[-133.6462,56.2616],[-133.6279,56.2478],[-133.6318,56.2206],[-133.6033,56.1919],[-133.5756,56.1772],[-133.5287,56.1885],[-133.4782,56.1795],[-133.4621,56.1401],[-133.526,56.1179],[-133.5702,56.1227],[-133.6245,56.1424],[-133.6453,56.1203],[-133.6328,56.1081],[-133.5762,56.0975],[-133.5259,56.0963],[-133.5018,56.0802],[-133.5811,56.075],[-133.5989,56.0831],[-133.6361,56.0859],[-133.6975,56.071],[-133.7105,56.0385],[-133.782,55.9882],[-133.7883,55.9725],[-133.8092,55.9668],[-133.8145,55.9414],[-133.7878,55.9208],[-133.7567,55.9139],[-133.6728,55.9133],[-133.6378,55.92],[-133.635,55.9361],[-133.6585,55.9513],[-133.6272,55.9678],[-133.5956,55.9667],[-133.5385,55.981],[-133.48,56.0317],[-133.4764,56.0041],[-133.4204,56.0145],[-133.3761,56.0281],[-133.3765,56.0063],[-133.3636,55.9926],[-133.4145,55.9628],[-133.4311,55.9559],[-133.42,55.9378],[-133.4422,55.9133],[-133.3844,55.8947],[-133.3728,55.9103],[-133.3861,55.9539],[-133.3472,55.9805],[-133.3052,55.9861],[-133.3133,56.0089],[-133.2878,56.0156],[-133.2961,56.0558],[-133.3179,56.0914],[-133.2962,56.1045],[-133.2858,56.1603],[-133.2701,56.1479],[-133.2922,56.0874],[-133.2533,56.0192],[-133.2674,56.0007],[-133.266,55.9614],[-133.285,55.9564],[-133.2683,55.94],[-133.2633,55.9184],[-133.2399,55.8833],[-133.1944,55.8573],[-133.1633,55.8456],[-133.1678,55.8095],[-133.223,55.7888],[-133.2528,55.7503],[-133.2655,55.7439],[-133.314,55.7599],[-133.3483,55.7461],[-133.3406,55.7258],[-133.3871,55.7351],[-133.3921,55.6957],[-133.3642,55.6854],[-133.3928,55.6655],[-133.4078,55.6477],[-133.3967,55.6228],[-133.3778,55.6189],[-133.336,55.5982],[-133.2926,55.588],[-133.2716,55.5756],[-133.2281,55.5769],[-133.1983,55.5889],[-133.1456,55.5987],[-133.1333,55.6109],[-133.0895,55.6133],[-133.0717,55.6233],[-133.0495,55.6078],[-133.0135,55.6332],[-133.0063,55.6211],[-133.0363,55.5997],[-133.0911,55.5989],[-133.0806,55.5878],[-133.0945,55.5608],[-133.1105,55.5549],[-133.1061,55.5367],[-133.1335,55.5105],[-133.1432,55.4817],[-133.1269,55.4615],[-133.0467,55.4386],[-133.0876,55.4296],[-133.0783,55.4215],[-133.0361,55.4164],[-133.0511,55.4002],[-133.0242,55.3846],[-132.9752,55.3661],[-132.9609,55.3696],[-132.9307,55.3509],[-132.9897,55.3559],[-133.0039,55.3431],[-133.0359,55.35],[-133.0591,55.3631],[-133.1027,55.3753],[-133.149,55.3814],[-133.1584,55.3729],[-133.1922,55.3833],[-133.2255,55.3828],[-133.2722,55.3572],[-133.2751,55.3317],[-133.2339,55.3094],[-133.2462,55.292],[-133.235,55.2842],[-133.1939,55.2781],[-133.1411,55.2852],[-133.1039,55.2597],[-133.0578,55.2725],[-133.035,55.2692],[-132.9585,55.2767],[-132.9595,55.2606],[-132.9753,55.2521],[-133.0395,55.2342],[-133.0487,55.2231],[-133.0376,55.2078],[-133.0161,55.2031],[-132.9817,55.2189],[-132.9606,55.2099],[-132.9339,55.2267],[-132.8806,55.2314],[-132.8689,55.2686],[-132.8372,55.2651],[-132.8233,55.2403],[-132.8355,55.2289],[-132.8291,55.2072],[-132.8006,55.1883],[-132.77,55.1767],[-132.7256,55.1528],[-132.6872,55.143],[-132.6401,55.1498],[-132.629,55.1723],[-132.6741,55.2292],[-132.6711,55.2723],[-132.6369,55.2872],[-132.6062,55.2883],[-132.5994,55.275],[-132.6407,55.2737],[-132.6567,55.2679],[-132.6577,55.2349],[-132.6295,55.2053],[-132.5822,55.1719],[-132.6292,55.1109],[-132.6338,55.0947],[-132.6217,55.0667],[-132.5844,55.1186],[-132.54,55.1125],[-132.5575,55.0765],[-132.5517,55.06],[-132.4967,55.0608],[-132.4783,55.0531],[-132.5211,55.0394],[-132.5561,55.0509],[-132.5906,55.0383],[-132.5839,55.0153],[-132.5473,55.0218],[-132.5789,54.992],[-132.6115,54.9922],[-132.6163,54.9699],[-132.585,54.9533],[-132.5627,54.9342],[-132.5233,54.9369],[-132.5382,54.9553],[-132.5083,54.9742],[-132.5055,54.9905],[-132.475,54.9825],[-132.4699,54.9467],[-132.4761,54.9378],[-132.5106,54.9306],[-132.527,54.9189],[-132.5119,54.9046],[-132.4852,54.8967],[-132.4404,54.9176],[-132.4239,54.96],[-132.4283,54.9929],[-132.4161,55.0186],[-132.4028,55.0158],[-132.4111,54.9678],[-132.3867,54.9422],[-132.4039,54.9296],[-132.3861,54.9145],[-132.3605,54.917],[-132.3739,54.8903],[-132.365,54.8714],[-132.3119,54.8501],[-132.3072,54.8392],[-132.3656,54.8186],[-132.344,54.7954],[-132.2961,54.7895],[-132.3189,54.7658],[-132.3122,54.7239],[-132.2788,54.7123],[-132.2409,54.7481],[-132.2333,54.7217],[-132.2022,54.7259],[-132.1961,54.7061],[-132.1655,54.7081],[-132.165,54.6908],[-132.0939,54.6881],[-132.145,54.7242],[-132.1312,54.7313],[-132.0896,54.7012],[-132.0161,54.6969],[-132.0183,54.7123],[-131.9982,54.7297],[-132,54.7514],[-132.0128,54.7561],[-131.9933,54.7792],[-131.9633,54.7831],[-131.9522,54.8033],[-131.9761,54.8272],[-131.9728,54.8489],[-131.9989,54.8617],[-132.0417,54.8744],[-132.0583,54.8878],[-132.0381,54.8992],[-131.9789,54.8983],[-131.9778,54.9267],[-131.9894,54.9419],[-131.9661,54.9603],[-131.9956,54.9731],[-131.98,54.9825],[-131.9911,55.0083],[-131.9839,55.0206],[-132.0053,55.0368],[-132.0305,55.0332],[-132.1189,54.9997],[-132.1411,54.9764],[-132.1633,54.9898],[-132.2122,54.9872],[-132.2564,55.0107],[-132.2275,55.0227],[-132.2181,55.0043],[-132.1494,55.0165],[-132.13,55.0292],[-132.089,55.0425],[-132.1189,55.0697],[-132.0839,55.0686],[-132.1134,55.1042],[-132.0796,55.097],[-132.076,55.0797],[-132.0449,55.0835],[-131.9944,55.1128],[-132.012,55.1229],[-132.0381,55.1166],[-132.0367,55.1431],[-132.0152,55.1625],[-132.0008,55.1607],[-131.9789,55.1778],[-131.9889,55.2019],[-131.9828,55.2278],[-131.9955,55.2381],[-131.9922,55.2583],[-132.0283,55.2798],[-132.0623,55.2624],[-132.0776,55.2453],[-132.0722,55.2333],[-132.0878,55.2089],[-132.1167,55.1981],[-132.1444,55.1961],[-132.1623,55.2189],[-132.2006,55.2156],[-132.2314,55.2185],[-132.2379,55.2069],[-132.267,55.2056],[-132.2554,55.2274],[-132.2843,55.2511],[-132.2223,55.2491],[-132.1664,55.2369],[-132.1413,55.2389],[-132.098,55.2661],[-132.0955,55.2827],[-132.1272,55.2892],[-132.1261,55.3072],[-132.1461,55.3117],[-132.1463,55.3377],[-132.1788,55.368],[-132.205,55.3628],[-132.2342,55.3939],[-132.2482,55.3951],[-132.2595,55.4171],[-132.2752,55.4197],[-132.3854,55.4018],[-132.4111,55.4203],[-132.4572,55.4169],[-132.4805,55.3809],[-132.5244,55.365],[-132.4967,55.4041],[-132.475,55.4233],[-132.4416,55.43],[-132.3839,55.43],[-132.3589,55.4444],[-132.3316,55.4467],[-132.3025,55.437],[-132.2805,55.4436],[-132.3189,55.4703],[-132.3661,55.4797],[-132.3972,55.4742],[-132.41,55.4922],[-132.4122,55.5155],[-132.4637,55.5046],[-132.5313,55.5099],[-132.56,55.4997],[-132.5678,55.4742],[-132.6043,55.4753],[-132.6303,55.4666],[-132.657,55.4462],[-132.6817,55.4595],[-132.6678,55.4853],[-132.6372,55.4791],[-132.6008,55.4939],[-132.5759,55.5187],[-132.5483,55.5339],[-132.5291,55.5521],[-132.5454,55.5646],[-132.5823,55.5719],[-132.5351,55.6057],[-132.5,55.6001],[-132.5029,55.5895],[-132.4717,55.5611],[-132.4217,55.5395],[-132.3656,55.5279],[-132.2989,55.5083],[-132.2305,55.4843],[-132.2148,55.4689],[-132.1761,55.4506],[-132.1461,55.4564],[-132.1646,55.4904],[-132.207,55.5175],[-132.2375,55.5241],[-132.278,55.5413],[-132.2982,55.5389],[-132.3043,55.5599],[-132.3478,55.6046],[-132.3461,55.6242],[-132.3737,55.6609],[-132.3884,55.6693],[-132.4177,55.6677],[-132.4157,55.6479],[-132.442,55.6427],[-132.4501,55.6566],[-132.4789,55.6672],[-132.4594,55.6833],[-132.4628,55.7028],[-132.4444,55.7201],[-132.4795,55.7413],[-132.4911,55.7545],[-132.4811,55.7881],[-132.5051,55.8151],[-132.5448,55.8497],[-132.5795,55.8616],[-132.5828,55.8808],[-132.6147,55.8973],[-132.6164,55.9083],[-132.715,55.9584],[-132.7346,55.9842],[-132.7718,55.9919],[-132.8233,56.0181],[-132.8483,56.0192],[-132.8745,56.0306],[-132.8972,56.0217],[-132.9272,56.0231],[-132.9225,56.0451],[-132.9306,56.0586],[-132.9689,56.058],[-132.9675,56.0281],[-133.0119,56.0557],[-133.0417,56.0453],[-133.0779,56.0429],[-133.1006,56.0522],[-133.1222,56.0937],[-133.0683,56.1173],[-133.0773,56.1318],[-133.0467,56.1525],[-133.0379,56.1827],[-133.0622,56.1931],[-133.0467,56.2075],[-133.0635,56.2194],[-133.0795,56.2481],[-133.107,56.2443],[-133.132,56.2661],[-133.1317,56.2822],[-133.1561,56.3144],[-133.2032,56.3351],[-133.2333,56.3231],[-133.2536,56.3345],[-133.3071,56.3218],[-133.3152,56.3319],[-133.3573,56.3401],[-133.4328,56.3269],[-133.5016,56.344],[-133.6027,56.3553]]],[[[-165.3854,65.1687],[-165.3838,65.1443],[-165.4526,65.1214],[-165.4917,65.1167],[-165.5682,65.0974],[-165.6026,65.0714],[-165.6495,65.0578],[-165.6604,65.0458],[-165.7125,65.05],[-165.7417,65.0604],[-165.7312,65.0729],[-165.8188,65.0771],[-165.8557,65.0859],[-165.8974,65.1172],[-165.8943,65.1224],[-165.9516,65.1443],[-165.9672,65.1682],[-166.0349,65.1859],[-166.0193,65.2161],[-166.0422,65.2307],[-166.1292,65.2292],[-166.1896,65.2521],[-166.2479,65.2583],[-166.2688,65.2542],[-166.3771,65.2542],[-166.4495,65.2349],[-166.4724,65.2203],[-166.4505,65.1891],[-166.4651,65.1713],[-166.5005,65.1526],[-166.5172,65.1339],[-166.5604,65.1208],[-166.6568,65.1036],[-166.6458,65.0729],[-166.7,65.0833],[-166.6771,65.1062],[-166.7479,65.1083],[-166.7875,65.1167],[-166.8474,65.1172],[-166.8547,65.0932],[-166.8208,65.0771],[-166.7005,65.0537],[-166.6797,65.0203],[-166.6995,64.9943],[-166.6807,64.9818],[-166.5755,64.9537],[-166.5599,64.9464],[-166.5016,64.9443],[-166.4828,64.9276],[-166.4458,64.9104],[-166.413,64.9068],[-166.4245,64.8922],[-166.3776,64.8807],[-166.4016,64.8641],[-166.3974,64.8443],[-166.3797,64.8391],[-166.3776,64.813],[-166.3938,64.8063],[-166.4479,64.8042],[-166.4745,64.7911],[-166.4547,64.7474],[-166.4682,64.7193],[-166.4391,64.6859],[-166.4172,64.6724],[-166.3911,64.6401],[-166.3005,64.612],[-166.2661,64.5943],[-166.2104,64.5792],[-166.1714,64.5755],[-166.1271,64.5792],[-166.0875,64.575],[-166.0729,64.5646],[-165.9542,64.5563],[-165.8708,64.5458],[-165.8521,64.5396],[-165.6854,64.5313],[-165.6,64.5188],[-165.5583,64.5167],[-165.4125,64.4958],[-165.3854,64.4958],[-165.2875,64.4792],[-165.2167,64.4729],[-165.0958,64.4521],[-165.0104,64.4333],[-164.9812,64.4417],[-164.9193,64.4422],[-164.9078,64.4693],[-164.9438,64.4917],[-164.8432,64.4912],[-164.7521,64.5146],[-164.6562,64.5146],[-164.6187,64.5062],[-164.5484,64.5276],[-164.4625,64.5458],[-164.4354,64.5458],[-164.3042,64.5687],[-164.25,64.5646],[-164.1646,64.5646],[-164.1042,64.5687],[-163.9937,64.5521],[-163.9354,64.5625],[-163.9021,64.5604],[-163.8833,64.5729],[-163.7833,64.575],[-163.725,64.5667],[-163.6438,64.5687],[-163.6,64.5646],[-163.5125,64.55],[-163.375,64.5146],[-163.3521,64.5146],[-163.337,64.4922],[-163.3,64.4896],[-163.2547,64.4745],[-163.2245,64.4297],[-163.1943,64.4203],[-163.1911,64.4068],[-163.1479,64.3979],[-163.1068,64.4089],[-163.0901,64.4401],[-163.1057,64.4484],[-163.0891,64.4661],[-163.0432,64.4912],[-163.0349,64.5057],[-163.0896,64.5125],[-163.1062,64.5021],[-163.1479,64.5062],[-163.1755,64.5349],[-163.25,64.5396],[-163.2818,64.5557],[-163.337,64.5714],[-163.3521,64.5833],[-163.2917,64.6021],[-163.2464,64.6297],[-163.1896,64.6458],[-163.1354,64.6458],[-163.1276,64.6359],[-163.1432,64.6151],[-163.1208,64.6],[-163.0833,64.6],[-163.0339,64.5849],[-163.0109,64.5641],[-163.0151,64.5484],[-162.9453,64.5443],[-162.9234,64.5349],[-162.9057,64.513],[-162.8422,64.4953],[-162.8276,64.4807],[-162.862,64.4703],[-162.8537,64.4443],[-162.8255,64.4349],[-162.7964,64.3922],[-162.8037,64.3359],[-162.7792,64.325],[-162.738,64.3547],[-162.6318,64.3839],[-162.6401,64.4036],[-162.6151,64.4234],[-162.6026,64.4557],[-162.6182,64.4682],[-162.5922,64.4838],[-162.5453,64.5307],[-162.5042,64.5375],[-162.4438,64.5625],[-162.3333,64.5979],[-162.2792,64.6062],[-162.2297,64.6255],[-162.2182,64.6536],[-162.1708,64.6813],[-162.0646,64.6979],[-161.95,64.6979],[-161.9208,64.7104],[-161.9266,64.7203],[-161.8771,64.7479],[-161.8271,64.7583],[-161.6979,64.775],[-161.7297,64.7974],[-161.6943,64.8078],[-161.6474,64.7755],[-161.5542,64.7604],[-161.5401,64.7536],[-161.413,64.763],[-161.3672,64.7776],[-161.3703,64.7932],[-161.3036,64.8474],[-161.2412,64.8745],[-161.213,64.8818],[-161.2036,64.9036],[-161.1792,64.9271],[-161.1495,64.913],[-161.112,64.8839],[-160.987,64.8359],[-160.9271,64.8208],[-160.9068,64.8234],[-160.8734,64.8057],[-160.862,64.7776],[-160.7776,64.7182],[-160.7839,64.6255],[-160.8167,64.6021],[-160.8974,64.5807],[-160.9479,64.5437],[-160.9917,64.5375],[-161.0646,64.5396],[-161.05,64.5271],[-161.013,64.5224],[-161.0088,64.5026],[-161.0333,64.4958],[-161.1896,64.4938],[-161.2417,64.4979],[-161.2729,64.5083],[-161.2995,64.5068],[-161.3537,64.5193],[-161.3771,64.5333],[-161.4661,64.5057],[-161.463,64.4901],[-161.4807,64.4786],[-161.4714,64.4464],[-161.4818,64.4318],[-161.5286,64.4089],[-161.4995,64.4057],[-161.4708,64.4187],[-161.3896,64.4271],[-161.387,64.4151],[-161.3479,64.4042],[-161.3146,64.4104],[-161.2328,64.4078],[-161.2667,64.3938],[-161.2578,64.3839],[-161.1911,64.3786],[-161.1734,64.363],[-161.1938,64.3562],[-161.0943,64.2995],[-161.0479,64.2917],[-161.012,64.2797],[-160.9609,64.2495],[-160.9599,64.2214],[-160.9422,64.2057],[-160.9536,64.1891],[-160.9422,64.1068],[-160.9474,64.0797],[-160.9286,64.0401],[-160.8943,63.9932],[-160.8464,63.9516],[-160.813,63.912],[-160.7964,63.8786],[-160.7651,63.8432],[-160.7588,63.7974],[-160.7641,63.7703],[-160.7859,63.7443],[-160.8401,63.7047],[-160.8516,63.7016],[-160.9047,63.6526],[-160.963,63.6172],[-161.0224,63.6099],[-161.0297,63.5859],[-161.0526,63.5651],[-161.0974,63.5484],[-161.1229,63.5271],[-161.1359,63.5005],[-161.2375,63.4833],[-161.3062,63.4688],[-161.3375,63.4729],[-161.3833,63.4688],[-161.4292,63.4542],[-161.5,63.4688],[-161.5229,63.45],[-161.5792,63.4458],[-161.6229,63.4583],[-161.7146,63.4604],[-161.7542,63.4542],[-161.8062,63.4375],[-161.8333,63.4458],[-161.8917,63.4479],[-161.9229,63.4417],[-161.9521,63.4479],[-161.9651,63.4318],[-162.0104,63.4458],[-162.0479,63.4354],[-162.1042,63.4271],[-162.1089,63.4432],[-162.0495,63.4766],[-162.0708,63.4979],[-162.0958,63.5083],[-162.1479,63.5125],[-162.175,63.5292],[-162.2042,63.5208],[-162.2521,63.5396],[-162.3021,63.5375],[-162.2859,63.5224],[-162.2932,63.5089],[-162.2651,63.4932],[-162.2922,63.4714],[-162.3328,63.4599],[-162.3807,63.4255],[-162.4016,63.4203],[-162.4021,63.4],[-162.4266,63.3776],[-162.3963,63.3401],[-162.4588,63.3568],[-162.4734,63.3464],[-162.4755,63.3255],[-162.5026,63.3286],[-162.5307,63.3141],[-162.5213,63.3016],[-162.5479,63.2813],[-162.612,63.2578],[-162.6443,63.2297],[-162.7292,63.2083],[-162.7604,63.2146],[-162.812,63.2078],[-162.837,63.1953],[-162.838,63.1589],[-162.8547,63.1464],[-162.9234,63.1172],[-162.9766,63.1057],[-162.9901,63.0922],[-163.0536,63.0557],[-163.1141,63.0359],[-163.1271,63.0458],[-163.2,63.0438],[-163.2672,63.0276],[-163.3255,63.0245],[-163.3693,63.0443],[-163.3651,63.0536],[-163.4354,63.0875],[-163.4682,63.0922],[-163.5042,63.1104],[-163.5479,63.1042],[-163.5807,63.0911],[-163.6109,63.0547],[-163.6438,63.0375],[-163.6958,63.0333],[-163.7437,63.0229],[-163.7229,63.0542],[-163.7036,63.0401],[-163.6443,63.0547],[-163.6167,63.0729],[-163.6109,63.1161],[-163.6526,63.1193],[-163.6297,63.1432],[-163.6745,63.1568],[-163.6943,63.1807],[-163.7328,63.1964],[-163.7542,63.2146],[-163.8146,63.2083],[-163.8458,63.2188],[-163.9208,63.2271],[-163.9667,63.2479],[-164.0568,63.262],[-164.1208,63.2604],[-164.1854,63.25],[-164.2417,63.2458],[-164.2807,63.2359],[-164.3229,63.2396],[-164.4078,63.2141],[-164.4661,63.1891],[-164.4755,63.1797],[-164.5703,63.137],[-164.5828,63.1193],[-164.5349,63.0734],[-164.4839,63.0849],[-164.4729,63.0729],[-164.4312,63.075],[-164.3729,63.0646],[-164.3297,63.0453],[-164.3078,63.0193],[-164.4042,63.0208],[-164.4787,63.0286],[-164.5479,63.025],[-164.6438,63.025],[-164.712,63.0057],[-164.7516,62.9745],[-164.7661,62.9526],[-164.7828,62.9474],[-164.812,62.9078],[-164.8318,62.8526],[-164.8537,62.8349],[-164.8516,62.8172],[-164.8167,62.7958],[-164.7667,62.8],[-164.6922,62.787],[-164.687,62.7672],[-164.6354,62.7604],[-164.5792,62.775],[-164.5021,62.7729],[-164.45,62.7438],[-164.5078,62.7453],[-164.5047,62.7172],[-164.5307,62.7078],[-164.5672,62.6797],[-164.6401,62.6339],[-164.7047,62.6057],[-164.8349,62.5766],[-164.8578,62.5578],[-164.8458,62.5438],[-164.7937,62.5438],[-164.7776,62.5349],[-164.8036,62.5016],[-164.8307,62.4974],[-164.8333,62.4771],[-164.7839,62.4859],[-164.7932,62.4984],[-164.763,62.5078],[-164.7521,62.4938],[-164.6979,62.4729],[-164.6599,62.512],[-164.6484,62.4818],[-164.6682,62.4703],[-164.6599,62.4547],[-164.5958,62.4479],[-164.5755,62.4557],[-164.5578,62.4255],[-164.5729,62.4208],[-164.6417,62.4188],[-164.6458,62.4354],[-164.6833,62.4333],[-164.7479,62.4646],[-164.8557,62.4672],[-164.8766,62.4932],[-164.8401,62.5214],[-164.8583,62.5333],[-164.8938,62.5271],[-164.9521,62.5271],[-165.0229,62.5396],[-165.0625,62.5333],[-165.1151,62.5068],[-165.237,62.4557],[-165.2661,62.4391],[-165.2776,62.4214],[-165.3099,62.3974],[-165.3411,62.3516],[-165.3646,62.3521],[-165.4109,62.3151],[-165.4536,62.2932],[-165.4776,62.2693],[-165.5224,62.2453],[-165.5557,62.2161],[-165.6104,62.1833],[-165.6625,62.1625],[-165.7411,62.1141],[-165.7547,62.0714],[-165.7682,62.0536],[-165.7641,61.9859],[-165.7526,61.9661],[-165.7391,61.9193],[-165.6953,61.8859],[-165.6818,61.8828],[-165.637,61.8505],[-165.6958,61.8417],[-165.725,61.8417],[-165.787,61.813],[-165.8021,61.825],[-165.9609,61.8255],[-166.0042,61.8187],[-166.0625,61.8187],[-166.0979,61.8021],[-166.0599,61.7672],[-166.0443,61.762],[-166.0099,61.7214],[-165.9568,61.7203],[-165.9578,61.7109],[-165.9208,61.6979],[-165.8813,61.7],[-165.8354,61.6875],[-165.7375,61.6875],[-165.7208,61.7021],[-165.6979,61.6937],[-165.737,61.6807],[-165.7271,61.6646],[-165.687,61.6776],[-165.638,61.6755],[-165.6245,61.712],[-165.5901,61.7203],[-165.5568,61.6901],[-165.5828,61.6724],[-165.6141,61.6641],[-165.6141,61.6484],[-165.5688,61.6458],[-165.5422,61.6568],[-165.5578,61.6807],[-165.5193,61.6849],[-165.5099,61.6755],[-165.5172,61.6464],[-165.5437,61.6375],[-165.5833,61.6437],[-165.6229,61.6271],[-165.6349,61.6318],[-165.6214,61.6557],[-165.6604,61.6604],[-165.6599,61.6422],[-165.687,61.6359],[-165.7021,61.5917],[-165.7708,61.5938],[-165.7932,61.6089],[-165.7792,61.6188],[-165.7443,61.6099],[-165.7088,61.6151],[-165.6833,61.6583],[-165.7396,61.6583],[-165.7672,61.6786],[-165.8125,61.6833],[-165.8417,61.6646],[-165.8349,61.6432],[-165.8974,61.6422],[-165.8687,61.6625],[-165.9563,61.6583],[-166.0708,61.6437],[-166.0792,61.6271],[-166.1104,61.6375],[-166.1516,61.6422],[-166.1828,61.6099],[-166.1849,61.5974],[-166.1703,61.5526],[-166.1484,61.5307],[-166.1432,61.5068],[-166.0854,61.4875],[-166.0646,61.4896],[-166.0849,61.5224],[-166.0333,61.5396],[-165.9833,61.5458],[-165.9354,61.5458],[-165.8958,61.5313],[-165.8354,61.5271],[-165.7859,61.4953],[-165.7588,61.4672],[-165.7703,61.4641],[-165.7786,61.4359],[-165.7026,61.4411],[-165.7021,61.4104],[-165.6521,61.4021],[-165.7229,61.3875],[-165.7151,61.4089],[-165.7312,61.4208],[-165.762,61.4172],[-165.8062,61.4479],[-165.8464,61.4349],[-165.8589,61.4453],[-165.9005,61.438],[-165.9287,61.4453],[-165.9578,61.4182],[-165.9536,61.4036],[-165.9182,61.3818],[-165.8786,61.3276],[-165.8333,61.3083],[-165.7703,61.3276],[-165.7609,61.3391],[-165.787,61.363],[-165.7401,61.3703],[-165.7287,61.3609],[-165.7396,61.3312],[-165.7161,61.2984],[-165.6693,61.2849],[-165.6589,61.2745],[-165.6104,61.275],[-165.6641,61.2536],[-165.6526,61.1995],[-165.6536,61.1609],[-165.6391,61.1318],[-165.6104,61.1104],[-165.5688,61.0958],[-165.4958,61.0854],[-165.4646,61.0854],[-165.3958,61.0771],[-165.3724,61.0859],[-165.3786,61.0984],[-165.363,61.1234],[-165.325,61.1542],[-165.3354,61.1688],[-165.3724,61.1693],[-165.3891,61.1797],[-165.3828,61.2141],[-165.3401,61.2214],[-165.2896,61.2646],[-165.237,61.2734],[-165.213,61.3068],[-165.2828,61.3109],[-165.2932,61.3224],[-165.2354,61.3625],[-165.1797,61.363],[-165.1995,61.3859],[-165.1979,61.4],[-165.1734,61.4151],[-165.1766,61.4286],[-165.1521,61.4354],[-165.1292,61.4229],[-165.1828,61.3911],[-165.1745,61.3776],[-165.1411,61.3766],[-165.1547,61.3589],[-165.1901,61.3443],[-165.2099,61.2797],[-165.188,61.2682],[-165.1963,61.2495],[-165.2208,61.2438],[-165.2688,61.2583],[-165.2974,61.2474],[-165.3276,61.213],[-165.3599,61.188],[-165.2922,61.1786],[-165.237,61.1474],[-165.1875,61.1375],[-165.1255,61.1547],[-165.1167,61.1479],[-165.1766,61.1328],[-165.1786,61.1089],[-165.1255,61.0984],[-165.1182,61.1141],[-165.0818,61.1109],[-165.1141,61.0776],[-165.0646,61.0604],[-165.0083,61.0479],[-164.988,61.0641],[-165.0078,61.0849],[-164.987,61.0974],[-164.9417,61.1125],[-164.8687,61.0958],[-164.8516,61.112],[-164.8104,61.1042],[-164.7745,61.1068],[-164.7995,61.1297],[-164.7912,61.1432],[-164.7578,61.1318],[-164.6651,61.1328],[-164.7287,61.1568],[-164.7328,61.1661],[-164.7005,61.1786],[-164.6234,61.1818],[-164.6161,61.2099],[-164.6875,61.2229],[-164.675,61.2333],[-164.6307,61.2349],[-164.5984,61.2245],[-164.6068,61.1818],[-164.6458,61.175],[-164.6859,61.1495],[-164.6609,61.137],[-164.675,61.1188],[-164.7021,61.1271],[-164.7641,61.1255],[-164.7588,61.1036],[-164.7854,61.0938],[-164.8271,61.1021],[-164.8646,61.0812],[-164.9453,61.1016],[-164.9536,61.0891],[-164.9391,61.0724],[-164.9516,61.0599],[-164.938,61.0453],[-164.9463,61.0182],[-164.9729,61.0208],[-165.0167,61.0042],[-165.0813,61.0146],[-165.1271,61.0125],[-165.1662,60.9953],[-165.1891,60.9682],[-165.1807,60.9443],[-165.1432,60.9255],[-165.0896,60.9167],[-165.0068,60.9214],[-164.9703,60.9453],[-164.925,60.95],[-164.8422,60.937],[-164.8172,60.9161],[-164.7849,60.9078],[-164.7521,60.9229],[-164.6229,60.9354],[-164.5792,60.9333],[-164.5651,60.9099],[-164.5693,60.888],[-164.587,60.8651],[-164.5396,60.8479],[-164.5,60.8521],[-164.4271,60.8708],[-164.3292,60.8604],[-164.2479,60.8604],[-164.15,60.8833],[-164.1271,60.8729],[-164.0953,60.8818],[-164.1089,60.8995],[-164.1432,60.9234],[-164.2141,60.9255],[-164.2276,60.9432],[-164.1911,60.9568],[-164.138,60.9505],[-164.137,60.9807],[-164.0547,60.9984],[-164.0417,61.0083],[-164.0745,61.0193],[-164.0646,61.0292],[-164.0313,61.0313],[-164.0224,61.0432],[-163.9859,61.0359],[-163.9911,61.0089],[-163.9734,61.0036],[-163.9766,60.9818],[-163.9234,60.9516],[-163.9672,60.8943],[-164.0578,60.8828],[-164.0667,60.8708],[-164.0271,60.8625],[-163.9854,60.8625],[-163.913,60.8859],[-163.912,60.8995],[-163.888,60.9089],[-163.8776,60.9276],[-163.8484,60.9359],[-163.8141,60.9589],[-163.8021,60.9792],[-163.8396,60.9813],[-163.8193,60.9589],[-163.8521,60.9458],[-163.9036,60.9526],[-163.8838,60.963],[-163.9458,60.9792],[-163.9463,61.0036],[-163.9151,61.0057],[-163.8505,60.9891],[-163.8401,60.9995],[-163.912,61.0109],[-163.9312,61.0333],[-163.9245,61.0495],[-163.9583,61.0771],[-164.0349,61.063],[-164.0224,61.088],[-163.9958,61.0958],[-163.95,61.0958],[-163.9125,61.0875],[-163.8776,61.0703],[-163.8911,61.0276],[-163.8583,61.0104],[-163.8229,61.0104],[-163.788,61.0359],[-163.8313,61.0333],[-163.8432,61.0401],[-163.8443,61.0911],[-163.9167,61.1167],[-163.937,61.1307],[-163.9214,61.1443],[-163.9328,61.1599],[-163.9141,61.1911],[-163.8625,61.2042],[-163.8292,61.2208],[-163.7729,61.2292],[-163.7422,61.2245],[-163.7479,61.2083],[-163.7229,61.1958],[-163.6958,61.2125],[-163.6792,61.2062],[-163.6443,61.213],[-163.6271,61.225],[-163.5693,61.2318],[-163.5562,61.2396],[-163.513,61.2286],[-163.5396,61.1979],[-163.5875,61.1896],[-163.6271,61.1958],[-163.6729,61.1833],[-163.7042,61.1479],[-163.7583,61.15],[-163.7474,61.138],[-163.7542,61.1125],[-163.7464,61.1005],[-163.7792,61.0875],[-163.7875,61.0625],[-163.7667,61.0458],[-163.7401,61.0411],[-163.763,61.0068],[-163.7287,60.9932],[-163.6526,60.9891],[-163.6812,60.9625],[-163.7088,60.9516],[-163.6771,60.925],[-163.5958,60.9188],[-163.5859,60.9328],[-163.5604,60.9313],[-163.5578,60.913],[-163.5146,60.9167],[-163.4891,60.9047],[-163.5208,60.8937],[-163.5375,60.9],[-163.5672,60.8755],[-163.5995,60.8786],[-163.6542,60.8708],[-163.6771,60.8583],[-163.7187,60.8688],[-163.7104,60.8438],[-163.6521,60.8292],[-163.625,60.8646],[-163.5703,60.863],[-163.5682,60.8703],[-163.5083,60.875],[-163.4937,60.8688],[-163.4646,60.8875],[-163.4276,60.887],[-163.4271,60.8667],[-163.363,60.8516],[-163.3687,60.8271],[-163.3328,60.8224],[-163.2979,60.825],[-163.2776,60.7964],[-163.3146,60.7833],[-163.3953,60.7693],[-163.4297,60.7984],[-163.4458,60.7875],[-163.4089,60.7786],[-163.4312,60.7625],[-163.4318,60.7453],[-163.4089,60.7224],[-163.4089,60.7089],[-163.4588,60.662],[-163.55,60.6208],[-163.5807,60.6141],[-163.6172,60.5943],[-163.6583,60.5812],[-163.7042,60.5729],[-163.7729,60.5729],[-163.7932,60.5797],[-163.8047,60.6161],[-163.8203,60.6234],[-163.812,60.6536],[-163.7859,60.6651],[-163.812,60.6839],[-163.8005,60.713],[-163.7734,60.7328],[-163.7818,60.7495],[-163.8333,60.7521],[-163.8641,60.7609],[-163.85,60.7729],[-163.8938,60.7771],[-163.9125,60.7854],[-164.0161,60.7641],[-164.0609,60.7255],[-164.0932,60.7099],[-164.0838,60.6943],[-164.1078,60.6661],[-164.1417,60.6521],[-164.2458,60.6521],[-164.2724,60.6349],[-164.2797,60.6193],[-164.3089,60.5984],[-164.3516,60.5786],[-164.3729,60.5521],[-164.4146,60.55],[-164.4438,60.5604],[-164.5036,60.5536],[-164.4771,60.5313],[-164.5286,60.5401],[-164.5057,60.5641],[-164.512,60.5776],[-164.4807,60.5797],[-164.4146,60.5667],[-164.3818,60.5776],[-164.3724,60.5953],[-164.3234,60.6339],[-164.2953,60.6661],[-164.2161,60.688],[-164.2432,60.7047],[-164.2646,60.7292],[-164.2568,60.7766],[-164.275,60.7896],[-164.3188,60.7833],[-164.3667,60.8042],[-164.4042,60.7958],[-164.4359,60.8182],[-164.4687,60.825],[-164.5083,60.8187],[-164.6333,60.8187],[-164.6849,60.8234],[-164.6953,60.8339],[-164.6911,60.862],[-164.6609,60.8734],[-164.638,60.9016],[-164.6625,60.9063],[-164.7536,60.8891],[-164.7771,60.8729],[-164.8396,60.85],[-164.8604,60.8521],[-164.8953,60.8818],[-164.9292,60.9208],[-164.9557,60.8995],[-164.9557,60.8859],[-164.9349,60.8734],[-164.8714,60.8536],[-164.8589,60.8432],[-164.8859,60.812],[-164.9146,60.8021],[-165.0349,60.7776],[-165.0161,60.7484],[-164.9729,60.7396],[-164.963,60.7266],[-164.9901,60.6984],[-165.0312,60.6854],[-165.0562,60.6875],[-165.0995,60.6578],[-165.1516,60.6474],[-165.1693,60.6255],[-165.1938,60.6146],[-165.2312,60.6146],[-165.2557,60.5995],[-165.2464,60.5901],[-165.2917,60.5729],[-165.3687,60.5771],[-165.3859,60.5609],[-165.4182,60.5495],[-165.3703,60.5068],[-165.3208,60.5062],[-165.2646,60.4917],[-165.1875,60.4979],[-165.1589,60.513],[-165.125,60.5187],[-165.1,60.5333],[-165.075,60.5333],[-165.0479,60.5458],[-164.9755,60.5411],[-164.9568,60.5286],[-165.0005,60.4755],[-165.0562,60.4562],[-165.1,60.4521],[-165.1391,60.4422],[-165.1182,60.4214],[-165.0141,60.3609],[-164.9641,60.3401],[-164.8646,60.3063],[-164.7771,60.2938],[-164.7063,60.2938],[-164.6641,60.312],[-164.6682,60.2901],[-164.6516,60.2505],[-164.6224,60.2339],[-164.525,60.1979],[-164.4891,60.1818],[-164.4583,60.1792],[-164.4417,60.1688],[-164.413,60.1755],[-164.4125,60.1917],[-164.3651,60.187],[-164.3557,60.1568],[-164.3141,60.162],[-164.3109,60.1484],[-164.3537,60.1495],[-164.3729,60.1396],[-164.3932,60.1557],[-164.3589,60.1589],[-164.3734,60.1828],[-164.3917,60.1854],[-164.4234,60.1651],[-164.4557,60.163],[-164.4672,60.1745],[-164.4979,60.175],[-164.4578,60.1318],[-164.4463,60.1286],[-164.3828,60.0776],[-164.3537,60.0734],[-164.3432,60.0568],[-164.2667,60.0458],[-164.2312,60.0333],[-164.1938,60.0271],[-164.1536,60.0016],[-164.1265,59.9938],[-164.1257,59.9727],[-164.172,59.9679],[-164.2005,59.9588],[-164.211,59.9434],[-164.1983,59.9151],[-164.1622,59.8681],[-164.1408,59.8498],[-164.0928,59.8307],[-164.0192,59.8202],[-164.0052,59.8144],[-163.8726,59.8009],[-163.7952,59.7983],[-163.681,59.7976],[-163.4308,59.812],[-163.3114,59.8242],[-163.262,59.8359],[-163.1472,59.8478],[-163.0738,59.8652],[-162.9984,59.8869],[-162.913,59.9232],[-162.8714,59.9255],[-162.7842,59.9428],[-162.7534,59.9532],[-162.7333,59.9719],[-162.7578,60.0057],[-162.8141,60.0297],[-162.8286,60.0484],[-162.7839,60.0526],[-162.7734,60.0693],[-162.7839,60.0911],[-162.8224,60.1089],[-162.8141,60.1318],[-162.7713,60.1224],[-162.8057,60.1099],[-162.7896,60.0979],[-162.738,60.0995],[-162.7641,60.0745],[-162.762,60.0589],[-162.7359,60.0432],[-162.7437,60.0292],[-162.7276,60.0161],[-162.738,59.9999],[-162.641,59.974],[-162.5804,59.9791],[-162.5656,59.9761],[-162.5154,59.9893],[-162.4797,60.0318],[-162.5036,60.113],[-162.4911,60.1453],[-162.4693,60.1568],[-162.4505,60.1828],[-162.4693,60.1974],[-162.5599,60.2193],[-162.5854,60.2417],[-162.6417,60.2417],[-162.6625,60.2521],[-162.7057,60.2547],[-162.7,60.2687],[-162.6646,60.2583],[-162.5797,60.2526],[-162.5443,60.2776],[-162.5276,60.3234],[-162.4854,60.3667],[-162.4438,60.3625],[-162.413,60.3755],[-162.4307,60.4089],[-162.4026,60.4151],[-162.3797,60.4401],[-162.3755,60.4651],[-162.3609,60.4734],[-162.3151,60.5234],[-162.2964,60.5536],[-162.2974,60.5724],[-162.262,60.612],[-162.2208,60.6333],[-162.1854,60.6417],[-162.1542,60.6417],[-162.0974,60.6609],[-162.034,60.6646],[-162.0417,60.6417],[-162.0813,60.6417],[-162.1349,60.6161],[-162.1755,60.5901],[-162.2141,60.5786],[-162.2203,60.5589],[-162.2172,60.5089],[-162.2578,60.487],[-162.3016,60.4474],[-162.3026,60.388],[-162.3292,60.3583],[-162.3641,60.3474],[-162.4021,60.3208],[-162.4432,60.3203],[-162.4578,60.2953],[-162.4307,60.2734],[-162.388,60.2599],[-162.3338,60.2245],[-162.3391,60.1839],[-162.3062,60.1771],[-162.2932,60.1953],[-162.2693,60.1911],[-162.2854,60.1688],[-162.3521,60.175],[-162.3661,60.1589],[-162.3182,60.1109],[-162.2974,60.0984],[-162.2646,60.0583],[-162.2443,60.0724],[-162.2641,60.088],[-162.2682,60.1078],[-162.2453,60.1286],[-162.2005,60.1516],[-162.2234,60.1724],[-162.2375,60.175],[-162.2641,60.1943],[-162.2672,60.2057],[-162.2187,60.2042],[-162.2167,60.1937],[-162.2411,60.1818],[-162.1943,60.1641],[-162.1792,60.1375],[-162.2203,60.1203],[-162.2349,60.088],[-162.2161,60.037],[-162.1889,59.999],[-162.1444,59.9709],[-162.1265,59.9705],[-162.103,59.9524],[-162.0907,59.928],[-162.0972,59.9137],[-162.088,59.8868],[-162.022,59.8345],[-161.9655,59.7998],[-161.9277,59.738],[-161.8784,59.6948],[-161.8773,59.6575],[-161.8681,59.635],[-161.8035,59.5769],[-161.7595,59.5479],[-161.7513,59.5341],[-161.7081,59.5],[-161.7163,59.4781],[-161.7365,59.4698],[-161.8001,59.4715],[-161.82,59.4338],[-161.8367,59.4246],[-161.8712,59.4216],[-161.8916,59.3948],[-161.912,59.3937],[-161.9588,59.3722],[-161.954,59.3391],[-161.9642,59.2946],[-161.9538,59.2715],[-161.9604,59.2433],[-162.0188,59.2287],[-162.0367,59.2291],[-162.0049,59.1852],[-161.996,59.1632],[-161.9404,59.1099],[-161.9008,59.0863],[-161.8869,59.0719],[-161.8416,59.0591],[-161.8302,59.0477],[-161.8462,59.0253],[-161.808,58.9939],[-161.7885,58.9682],[-161.7852,58.9411],[-161.7891,58.8917],[-161.7594,58.83],[-161.7583,58.7966],[-161.7772,58.7639],[-161.8027,58.7402],[-161.8671,58.7145],[-161.8353,58.6785],[-161.872,58.6605],[-161.9226,58.6486],[-161.9481,58.6505],[-161.9659,58.6683],[-161.995,58.6822],[-162.0214,58.6736],[-162.0491,58.6786],[-162.0677,58.6621],[-162.1162,58.6703],[-162.1299,58.6604],[-162.1709,58.6513],[-162.1379,58.6365],[-162.0966,58.6336],[-162.0841,58.6257],[-161.9712,58.6317],[-161.9084,58.6309],[-161.8826,58.6263],[-161.8223,58.6291],[-161.7745,58.6],[-161.7395,58.5569],[-161.7123,58.553],[-161.6879,58.5603],[-161.6874,58.5735],[-161.6319,58.5985],[-161.5962,58.6051],[-161.5479,58.6064],[-161.5491,58.6181],[-161.5189,58.6315],[-161.4266,58.6527],[-161.3766,58.667],[-161.3769,58.7051],[-161.3659,58.7191],[-161.3065,58.7539],[-161.2903,58.7719],[-161.2447,58.7804],[-161.1792,58.7844],[-161.1767,58.7945],[-161.0769,58.8194],[-161.0564,58.832],[-161.0017,58.8486],[-160.9632,58.8768],[-160.8651,58.8799],[-160.8252,58.8447],[-160.778,58.8922],[-160.6976,58.9349],[-160.6365,58.963],[-160.6016,58.9713],[-160.5438,58.9943],[-160.5192,59.0126],[-160.476,59.0302],[-160.4087,59.0484],[-160.3585,59.0738],[-160.3238,59.073],[-160.3091,59.0611],[-160.3439,59.0538],[-160.2808,59.0225],[-160.256,58.9868],[-160.2648,58.9777],[-160.3002,58.9732],[-160.33,58.9536],[-160.2647,58.9443],[-160.2524,58.9276],[-160.2587,58.9159],[-160.2487,58.8906],[-160.2219,58.9076],[-160.1947,58.9145],[-160.1564,58.9061],[-160.1602,58.863],[-160.1222,58.8655],[-160.0965,58.8571],[-160.0905,58.8792],[-160.0243,58.8852],[-160.0056,58.8795],[-159.9856,58.8601],[-159.9727,58.8189],[-159.9101,58.7772],[-159.8603,58.7821],[-159.802,58.8027],[-159.7912,58.8209],[-159.817,58.8415],[-159.7961,58.8523],[-159.7603,58.8385],[-159.7504,58.8583],[-159.7679,58.8753],[-159.7439,58.8939],[-159.7428,58.9246],[-159.6204,58.9395],[-159.614,58.924],[-159.5906,58.9041],[-159.6473,58.8414],[-159.6018,58.8309],[-159.5792,58.8388],[-159.4895,58.8233],[-159.4547,58.8103],[-159.453,58.8],[-159.3875,58.7578],[-159.3176,58.6961],[-159.2313,58.6069],[-159.2084,58.5731],[-159.1211,58.4869],[-159.0721,58.4494],[-159.0799,58.4429],[-159.0589,58.4212],[-158.9786,58.4041],[-158.9013,58.3908],[-158.8356,58.3969],[-158.8118,58.4047],[-158.7528,58.443],[-158.7041,58.4936],[-158.7363,58.4915],[-158.7723,58.5319],[-158.7757,58.5561],[-158.8098,58.5824],[-158.8185,58.6092],[-158.8369,58.6251],[-158.8427,58.6527],[-158.8642,58.6932],[-158.9047,58.7256],[-158.8805,58.7284],[-158.8341,58.7241],[-158.8039,58.736],[-158.7746,58.7751],[-158.7977,58.8151],[-158.7774,58.8494],[-158.7822,58.8824],[-158.7217,58.8734],[-158.6511,58.9073],[-158.6254,58.9117],[-158.612,58.9374],[-158.5861,58.9646],[-158.5409,58.996],[-158.5369,59.0199],[-158.5182,59.0352],[-158.4599,59.0379],[-158.407,59.0646],[-158.3563,59.059],[-158.3197,59.0476],[-158.3128,59.0241],[-158.3745,59.0362],[-158.42,59.023],[-158.4404,58.9924],[-158.4436,58.9703],[-158.4928,58.952],[-158.4888,58.9176],[-158.5012,58.902],[-158.5158,58.8624],[-158.5313,58.8452],[-158.5664,58.841],[-158.5583,58.821],[-158.5733,58.8144],[-158.5484,58.7923],[-158.5258,58.7858],[-158.4413,58.775],[-158.3961,58.7609],[-158.3695,58.7454],[-158.3421,58.7142],[-158.3334,58.6635],[-158.2959,58.6366],[-158.2758,58.6372],[-158.2212,58.6146],[-158.1521,58.6122],[-158.0872,58.6202],[-157.9164,58.6654],[-157.8636,58.6751],[-157.8141,58.6888],[-157.7895,58.7015],[-157.7394,58.715],[-157.7142,58.7265],[-157.6204,58.7427],[-157.5443,58.7592],[-157.5046,58.7798],[-157.4227,58.794],[-157.405,58.8067],[-157.3625,58.8171],[-157.3156,58.8351],[-157.2869,58.8332],[-157.211,58.8421],[-157.1697,58.8601],[-157.1435,58.8622],[-157.0952,58.8756],[-157.0686,58.8889],[-157.0616,58.9034],[-157.0375,58.9161],[-157.0372,58.9519],[-157.0165,58.9677],[-156.9565,58.9865],[-156.9232,58.9923],[-156.8927,58.9786],[-156.9043,58.9713],[-156.9577,58.9637],[-156.9735,58.9511],[-156.9878,58.9182],[-156.9679,58.9076],[-156.9886,58.8875],[-157.0194,58.8719],[-157.0044,58.8224],[-157.04,58.7826],[-157.0683,58.769],[-157.0712,58.7354],[-157.0387,58.7089],[-157.0935,58.704],[-157.1815,58.6602],[-157.2103,58.6399],[-157.2345,58.6322],[-157.2797,58.6029],[-157.3199,58.5593],[-157.3834,58.522],[-157.4162,58.5211],[-157.4668,58.4885],[-157.49,58.4665],[-157.5008,58.4377],[-157.5226,58.4171],[-157.5424,58.3825],[-157.5522,58.3082],[-157.5444,58.2781],[-157.5129,58.2491],[-157.4479,58.2092],[-157.4305,58.2069],[-157.4054,58.2257],[-157.3806,58.2179],[-157.4045,58.179],[-157.437,58.1662],[-157.4957,58.1614],[-157.529,58.1654],[-157.5624,58.1481],[-157.5874,58.1275],[-157.5885,58.1109],[-157.6118,58.0433],[-157.619,57.9975],[-157.6279,57.9741],[-157.6651,57.7935],[-157.6766,57.7661],[-157.7012,57.7301],[-157.7123,57.6663],[-157.7131,57.6363],[-157.6965,57.6124],[-157.6431,57.6125],[-157.6049,57.6064],[-157.5937,57.5809],[-157.5773,57.5147],[-157.5899,57.4962],[-157.6183,57.4925],[-157.653,57.4962],[-157.654,57.5093],[-157.6862,57.5305],[-157.7,57.5636],[-157.7159,57.5589],[-157.7509,57.5334],[-157.7836,57.5363],[-157.8186,57.5283],[-157.8755,57.4896],[-157.9276,57.474],[-158.0017,57.408],[-158.0911,57.3766],[-158.0903,57.3583],[-158.1179,57.3537],[-158.161,57.3378],[-158.175,57.3412],[-158.2025,57.3248],[-158.2571,57.3126],[-158.2894,57.2929],[-158.3312,57.2806],[-158.4549,57.1971],[-158.5059,57.1549],[-158.5435,57.1295],[-158.5839,57.0874],[-158.6299,57.0537],[-158.6789,57.0053],[-158.6985,56.9705],[-158.6799,56.9341],[-158.6996,56.9],[-158.6754,56.8945],[-158.6832,56.8785],[-158.6747,56.8567],[-158.6502,56.8347],[-158.6523,56.8153],[-158.6819,56.7855],[-158.7093,56.7948],[-158.7955,56.7801],[-158.8653,56.7943],[-158.9313,56.8181],[-158.9475,56.8398],[-158.9859,56.831],[-159.0537,56.8006],[-159.1773,56.7593],[-159.2435,56.7287],[-159.2723,56.7238],[-159.2885,56.7125],[-159.3207,56.7099],[-159.384,56.684],[-159.3997,56.6871],[-159.5476,56.6228],[-159.7118,56.5738],[-159.7861,56.5601],[-159.8338,56.5445],[-159.8806,56.5105],[-160.0419,56.4245],[-160.0912,56.4045],[-160.1163,56.4051],[-160.154,56.3964],[-160.255,56.3237],[-160.3452,56.2839],[-160.3845,56.2548],[-160.4089,56.2053],[-160.4559,56.1404],[-160.4528,56.1209],[-160.4848,56.0779],[-160.5259,56.0468],[-160.5223,56.0391],[-160.5789,55.9943],[-160.5829,55.9824],[-160.5392,55.9837],[-160.5233,55.9673],[-160.5327,55.9513],[-160.4749,55.9212],[-160.4233,55.9106],[-160.3936,55.8906],[-160.3582,55.8829],[-160.3189,55.8603],[-160.2879,55.8526],[-160.2539,55.8528],[-160.2208,55.8382],[-160.2237,55.8285],[-160.2687,55.8279],[-160.3001,55.8219],[-160.2671,55.7871],[-160.2657,55.7619],[-160.3222,55.7765],[-160.3727,55.7784],[-160.3758,55.7928],[-160.4102,55.8041],[-160.4422,55.7833],[-160.4646,55.7915],[-160.4705,55.8075],[-160.4582,55.8367],[-160.4905,55.8603],[-160.529,55.8607],[-160.6318,55.855],[-160.6691,55.8572],[-160.7199,55.8663],[-160.7641,55.8809],[-160.7859,55.8715],[-160.7675,55.8595],[-160.7485,55.8169],[-160.757,55.7882],[-160.7469,55.7758],[-160.7194,55.7735],[-160.6842,55.7608],[-160.6516,55.7345],[-160.6606,55.6992],[-160.6892,55.7031],[-160.7072,55.7364],[-160.7529,55.7499],[-160.7808,55.7371],[-160.8201,55.7391],[-160.832,55.756],[-160.8636,55.7713],[-160.8927,55.8045],[-160.9183,55.801],[-160.9439,55.8145],[-160.9463,55.85],[-160.9629,55.8652],[-160.99,55.8688],[-161.0101,55.8814],[-161.0184,55.9046],[-160.9631,55.9417],[-160.8913,55.9507],[-160.8594,55.9278],[-160.8485,55.9421],[-160.8594,55.9584],[-160.8605,55.9935],[-160.8734,56],[-160.9624,55.9707],[-161.0187,55.9595],[-161.0517,55.9416],[-161.0761,55.9419],[-161.0977,55.9592],[-161.1588,55.9528],[-161.1879,55.9591],[-161.2271,55.9536],[-161.3246,55.9567],[-161.3228,55.9653],[-161.2813,55.9693],[-161.2636,55.9835],[-161.1867,56],[-161.1875,56.0083],[-161.268,55.9858],[-161.3507,55.9677],[-161.4193,55.9585],[-161.5016,55.9433],[-161.5459,55.9389],[-161.642,55.917],[-161.8046,55.8879],[-161.8676,55.8482],[-161.9665,55.7999],[-162.0389,55.7883],[-162.0667,55.7772],[-162.1221,55.7396],[-162.1637,55.7213],[-162.2556,55.6891],[-162.2693,55.68],[-162.3725,55.5891],[-162.4334,55.5556],[-162.5114,55.4925],[-162.5517,55.4686],[-162.6043,55.4477],[-162.5802,55.4436],[-162.5286,55.4591],[-162.5049,55.4597],[-162.5007,55.444],[-162.5197,55.4205],[-162.5006,55.4043],[-162.4862,55.3767],[-162.5058,55.3773],[-162.5431,55.3516],[-162.5803,55.3473],[-162.611,55.3625],[-162.6432,55.3687],[-162.6786,55.352],[-162.6946,55.3318],[-162.7282,55.3091],[-162.7711,55.3138],[-162.8093,55.3015],[-162.8075,55.2912],[-162.8374,55.2656],[-162.8492,55.2741],[-162.8914,55.2678],[-162.8875,55.2361],[-162.8645,55.2445],[-162.8435,55.2355],[-162.8424,55.2227],[-162.8627,55.2002],[-162.8651,55.1811],[-162.9229,55.1776],[-162.9317,55.1615],[-162.9843,55.1764],[-163.0439,55.1682],[-163.0852,55.1751],[-163.0417,55.2073],[-163.0112,55.2177],[-163.0207,55.2273],[-163.1048,55.1799],[-163.1652,55.1712],[-163.2294,55.1427],[-163.257,55.134],[-163.3056,55.109],[-163.2954,55.1003],[-163.3114,55.0793],[-163.279,55.0362],[-163.2784,55.0003],[-163.2919,54.9664],[-163.2769,54.9565],[-163.2218,54.9349],[-163.2468,54.9322],[-163.3013,54.9346],[-163.3103,54.9459],[-163.3409,54.9362],[-163.3378,54.9151],[-163.3072,54.9128],[-163.2922,54.926],[-163.2636,54.9147],[-163.3155,54.9002],[-163.3163,54.8769],[-163.3373,54.8633],[-163.3879,54.8489],[-163.3451,54.8001],[-163.3134,54.7983],[-163.2864,54.8213],[-163.2444,54.8263],[-163.2177,54.8399],[-163.2165,54.8497],[-163.1454,54.8841],[-163.1262,54.9037],[-163.0609,54.9237],[-163.0305,54.9436],[-163.0478,54.9697],[-163.118,54.9944],[-163.1447,55.0099],[-163.1737,55.0115],[-163.2078,55.0228],[-163.215,55.0349],[-163.2174,55.0765],[-163.1888,55.0787],[-163.1965,55.0962],[-163.1869,55.1089],[-163.1938,55.1261],[-163.1693,55.1344],[-163.1366,55.118],[-163.1032,55.1192],[-163.0797,55.1067],[-163.0295,55.0918],[-162.9969,55.0745],[-162.9822,55.0515],[-162.9639,55.0443],[-162.9463,55.0228],[-162.9273,55.0279],[-162.9073,55.0051],[-162.9488,55.0116],[-162.9615,54.9945],[-162.946,54.9785],[-162.9192,54.9698],[-162.9151,54.9475],[-162.8775,54.9313],[-162.832,54.9204],[-162.803,54.938],[-162.7779,54.9302],[-162.753,54.9335],[-162.7062,54.9567],[-162.7104,54.9833],[-162.6709,54.9997],[-162.6781,55.0326],[-162.649,55.0511],[-162.6215,55.0441],[-162.6044,55.0177],[-162.6352,55.0098],[-162.6242,54.9909],[-162.5593,54.9513],[-162.5676,54.9745],[-162.5676,55.0001],[-162.5812,55.0345],[-162.6005,55.0529],[-162.5951,55.0612],[-162.6226,55.0914],[-162.6254,55.1385],[-162.5851,55.1347],[-162.6208,55.1752],[-162.661,55.1903],[-162.6917,55.1913],[-162.7164,55.211],[-162.7173,55.2379],[-162.6655,55.2909],[-162.6321,55.3033],[-162.5899,55.2936],[-162.571,55.2769],[-162.5923,55.2689],[-162.5216,55.2524],[-162.5064,55.2397],[-162.4939,55.1695],[-162.453,55.1502],[-162.4035,55.1147],[-162.3689,55.1135],[-162.3861,55.0969],[-162.4217,55.1012],[-162.4434,55.1185],[-162.469,55.1223],[-162.5206,55.1143],[-162.5017,55.0733],[-162.4589,55.0474],[-162.4138,55.0325],[-162.3713,55.0403],[-162.3339,55.0393],[-162.3221,55.0661],[-162.2921,55.032],[-162.2722,55.0199],[-162.2503,55.0179],[-162.2209,55.0258],[-162.1885,55.0603],[-162.209,55.0887],[-162.229,55.1037],[-162.214,55.1221],[-162.1822,55.137],[-162.1747,55.1507],[-162.1006,55.1552],[-162.1117,55.141],[-162.1056,55.1237],[-162.1263,55.1185],[-162.1227,55.104],[-162.0912,55.0945],[-162.0497,55.0697],[-162.0123,55.0909],[-161.9881,55.0918],[-161.9562,55.1041],[-161.9403,55.1212],[-161.957,55.1331],[-161.9614,55.1582],[-162.0065,55.1781],[-162.0053,55.1929],[-162.0301,55.2333],[-161.9502,55.2363],[-161.9239,55.2275],[-161.9243,55.2073],[-161.9012,55.2036],[-161.878,55.2239],[-161.8871,55.2374],[-161.8615,55.2673],[-161.817,55.2965],[-161.7753,55.3371],[-161.7399,55.358],[-161.6815,55.4076],[-161.6926,55.4296],[-161.6838,55.4843],[-161.7033,55.5099],[-161.6548,55.5539],[-161.649,55.5711],[-161.6272,55.5755],[-161.6033,55.5941],[-161.5955,55.6091],[-161.5749,55.6173],[-161.4965,55.6294],[-161.3921,55.6269],[-161.3552,55.611],[-161.3552,55.5871],[-161.3902,55.5587],[-161.4172,55.5285],[-161.4586,55.4969],[-161.4704,55.4797],[-161.4767,55.423],[-161.5081,55.3791],[-161.4995,55.3619],[-161.4763,55.3573],[-161.4133,55.3659],[-161.4063,55.375],[-161.3549,55.3835],[-161.32,55.3822],[-161.318,55.3591],[-161.2812,55.3533],[-161.2391,55.3547],[-161.1733,55.3836],[-161.135,55.3916],[-161.0623,55.4151],[-160.9878,55.4447],[-160.973,55.4757],[-160.9445,55.5085],[-160.9124,55.5212],[-160.8826,55.5251],[-160.8428,55.5225],[-160.8222,55.5097],[-160.8395,55.4939],[-160.8329,55.4708],[-160.79,55.4549],[-160.7119,55.4599],[-160.6883,55.456],[-160.663,55.4618],[-160.6444,55.4845],[-160.65,55.5129],[-160.7071,55.5251],[-160.7458,55.5243],[-160.7705,55.5335],[-160.7681,55.5471],[-160.7239,55.5561],[-160.6878,55.5523],[-160.6627,55.5436],[-160.632,55.5557],[-160.6095,55.5759],[-160.5804,55.5619],[-160.5743,55.5375],[-160.5466,55.513],[-160.5306,55.4757],[-160.4964,55.4754],[-160.4715,55.4877],[-160.4546,55.5099],[-160.4583,55.5297],[-160.4403,55.5489],[-160.4434,55.5747],[-160.4217,55.5731],[-160.3552,55.6149],[-160.4237,55.6377],[-160.4116,55.6589],[-160.3321,55.6393],[-160.2746,55.6335],[-160.2479,55.6462],[-160.2466,55.6579],[-160.2108,55.6528],[-160.1684,55.6636],[-160.1221,55.6615],[-160.135,55.7061],[-160.1111,55.7177],[-160.1013,55.7019],[-160.0495,55.693],[-160.0916,55.7182],[-160.0849,55.7248],[-160.0263,55.7148],[-160.0097,55.7325],[-160.0483,55.763],[-160.0277,55.7713],[-160.0241,55.7858],[-159.9947,55.7931],[-159.9632,55.7729],[-159.9566,55.7929],[-159.966,55.8074],[-159.9486,55.8158],[-159.8943,55.7839],[-159.8665,55.7803],[-159.8408,55.8003],[-159.8523,55.8362],[-159.8326,55.8482],[-159.8001,55.8499],[-159.7058,55.8449],[-159.6602,55.8341],[-159.6225,55.8199],[-159.602,55.8022],[-159.6248,55.7927],[-159.6412,55.7679],[-159.6602,55.7543],[-159.6551,55.7148],[-159.6143,55.7031],[-159.6708,55.6805],[-159.6975,55.6569],[-159.6857,55.651],[-159.6373,55.6515],[-159.6314,55.6405],[-159.6053,55.6335],[-159.6287,55.618],[-159.6997,55.6097],[-159.6874,55.5983],[-159.7098,55.5883],[-159.7085,55.5674],[-159.6644,55.5783],[-159.6096,55.5782],[-159.6125,55.5903],[-159.5874,55.6198],[-159.5637,55.639],[-159.5322,55.6465],[-159.522,55.6615],[-159.533,55.6747],[-159.5258,55.6933],[-159.5459,55.7055],[-159.5368,55.7191],[-159.5,55.7405],[-159.4893,55.7627],[-159.5007,55.7961],[-159.4956,55.8135],[-159.5101,55.8385],[-159.5365,55.8487],[-159.5409,55.8627],[-159.5238,55.884],[-159.4734,55.8985],[-159.4529,55.8883],[-159.4654,55.8699],[-159.4578,55.8613],[-159.4657,55.8389],[-159.4541,55.8095],[-159.4383,55.8046],[-159.4223,55.7849],[-159.404,55.7873],[-159.3988,55.8123],[-159.4053,55.824],[-159.3941,55.8549],[-159.3694,55.8669],[-159.3278,55.8763],[-159.3047,55.8558],[-159.2778,55.8707],[-159.2602,55.8909],[-159.2095,55.8962],[-159.1599,55.8915],[-159.1542,55.9026],[-159.082,55.9184],[-159.065,55.9181],[-159.0331,55.8941],[-159.0038,55.8871],[-159.0009,55.9154],[-158.9884,55.9263],[-158.9355,55.9327],[-158.907,55.9267],[-158.8785,55.9655],[-158.8487,55.9935],[-158.8342,56.0159],[-158.7958,55.9872],[-158.7731,55.9909],[-158.7685,56.0168],[-158.7293,56.0089],[-158.7197,55.9815],[-158.743,55.9597],[-158.7242,55.9508],[-158.6929,55.9651],[-158.677,55.9498],[-158.6457,55.9597],[-158.6811,55.9807],[-158.6342,55.9807],[-158.6296,56],[-158.6778,56.0097],[-158.6544,56.0304],[-158.717,56.0321],[-158.7233,56.048],[-158.6663,56.0519],[-158.6474,56.0877],[-158.6811,56.1049],[-158.6697,56.127],[-158.6774,56.1497],[-158.6408,56.137],[-158.6573,56.1137],[-158.6345,56.1113],[-158.6032,56.125],[-158.5805,56.1543],[-158.5538,56.1674],[-158.5714,56.1863],[-158.5426,56.1929],[-158.4993,56.1947],[-158.4793,56.1844],[-158.5146,56.1754],[-158.4899,56.1599],[-158.535,56.155],[-158.5727,56.1199],[-158.5916,56.1095],[-158.5958,56.0842],[-158.5851,56.071],[-158.5988,56.0461],[-158.5791,56.0419],[-158.5038,56.0554],[-158.5591,56.0313],[-158.5458,56.0089],[-158.5174,55.9999],[-158.5034,56.0339],[-158.468,56.0239],[-158.4318,55.9909],[-158.4111,56.0086],[-158.4206,56.0158],[-158.4171,56.0387],[-158.4489,56.0534],[-158.4683,56.0321],[-158.4826,56.0475],[-158.4639,56.0654],[-158.4756,56.089],[-158.4976,56.0964],[-158.485,56.1095],[-158.4395,56.106],[-158.4204,56.0654],[-158.4002,56.0604],[-158.3948,56.0883],[-158.4357,56.1363],[-158.3758,56.1301],[-158.3481,56.1223],[-158.3345,56.1355],[-158.3372,56.1548],[-158.2824,56.1697],[-158.2534,56.168],[-158.235,56.1821],[-158.1904,56.1923],[-158.1872,56.2045],[-158.1384,56.2353],[-158.181,56.2338],[-158.2445,56.1981],[-158.2824,56.1895],[-158.3108,56.1941],[-158.3561,56.228],[-158.3055,56.2345],[-158.261,56.2483],[-158.2117,56.2715],[-158.2059,56.2874],[-158.2434,56.2895],[-158.261,56.3019],[-158.2879,56.3073],[-158.3261,56.2769],[-158.35,56.2749],[-158.2975,56.3118],[-158.3471,56.3213],[-158.4108,56.2979],[-158.4315,56.3227],[-158.4357,56.3401],[-158.4711,56.3395],[-158.5435,56.3077],[-158.5643,56.2869],[-158.5586,56.2639],[-158.5661,56.2491],[-158.595,56.258],[-158.6382,56.2596],[-158.64,56.2838],[-158.6267,56.2853],[-158.6023,56.3131],[-158.5048,56.3537],[-158.5117,56.3707],[-158.4491,56.4093],[-158.4057,56.4512],[-158.374,56.4569],[-158.3311,56.4821],[-158.2912,56.4793],[-158.252,56.465],[-158.1839,56.4546],[-158.1637,56.4645],[-158.1328,56.4606],[-158.1173,56.4897],[-158.1585,56.5042],[-158.1443,56.5175],[-158.0864,56.5072],[-158.0297,56.5077],[-158.0072,56.4975],[-157.9841,56.4985],[-157.9662,56.4859],[-157.9248,56.4815],[-157.8876,56.4681],[-157.8666,56.4711],[-157.8569,56.489],[-157.8248,56.4978],[-157.8341,56.5106],[-157.8338,56.5403],[-157.8195,56.5561],[-157.8461,56.5634],[-157.878,56.5603],[-157.909,56.571],[-157.9637,56.5639],[-157.9766,56.5544],[-158.0478,56.5439],[-158.0609,56.5384],[-158.1281,56.5269],[-158.1304,56.5508],[-158.1041,56.5663],[-158.0758,56.5733],[-158.0454,56.5941],[-158.0168,56.602],[-157.9762,56.5993],[-157.9438,56.6347],[-157.8855,56.6491],[-157.8407,56.6449],[-157.8358,56.6574],[-157.7959,56.6748],[-157.7713,56.6797],[-157.7387,56.6739],[-157.7167,56.6327],[-157.6824,56.6073],[-157.6308,56.6114],[-157.5846,56.6211],[-157.5342,56.6116],[-157.493,56.6151],[-157.4624,56.6235],[-157.4542,56.6364],[-157.4778,56.6646],[-157.5109,56.666],[-157.532,56.6775],[-157.555,56.6782],[-157.5674,56.7055],[-157.5445,56.7437],[-157.5113,56.7622],[-157.4692,56.7548],[-157.4331,56.7687],[-157.4211,56.7996],[-157.4653,56.8071],[-157.4755,56.8341],[-157.4381,56.8589],[-157.3929,56.8635],[-157.302,56.8181],[-157.2733,56.7925],[-157.2541,56.7927],[-157.2142,56.7671],[-157.1859,56.7677],[-157.1491,56.7832],[-157.1398,56.8042],[-157.1879,56.8334],[-157.1754,56.8557],[-157.1252,56.8365],[-157.0806,56.8239],[-157.0778,56.8355],[-157.0358,56.8889],[-156.9931,56.9115],[-156.936,56.9156],[-156.945,56.928],[-156.94,56.9507],[-156.9028,56.9654],[-156.8869,56.9464],[-156.8517,56.9237],[-156.8469,56.9019],[-156.8343,56.8954],[-156.8046,56.9107],[-156.7909,56.9433],[-156.7866,56.9709],[-156.7542,56.9996],[-156.7857,57.0252],[-156.7279,57.0382],[-156.6928,57.0216],[-156.6754,56.9938],[-156.6587,57.0032],[-156.6378,56.9927],[-156.552,56.9843],[-156.5598,57.0131],[-156.5887,57.0365],[-156.5755,57.0538],[-156.5336,57.0454],[-156.4984,57.0613],[-156.4805,57.0811],[-156.4465,57.0904],[-156.481,57.1091],[-156.4544,57.1265],[-156.3725,57.1435],[-156.3389,57.1761],[-156.3439,57.1885],[-156.39,57.202],[-156.3992,57.2259],[-156.3829,57.2522],[-156.3402,57.2521],[-156.3224,57.2898],[-156.3743,57.3169],[-156.4417,57.3021],[-156.4742,57.2989],[-156.4988,57.2869],[-156.5577,57.288],[-156.5454,57.3176],[-156.531,57.3268],[-156.4523,57.3454],[-156.4437,57.3631],[-156.4148,57.3654],[-156.3558,57.3995],[-156.3342,57.4189],[-156.2834,57.4261],[-156.2652,57.4355],[-156.2247,57.4439],[-156.2138,57.4682],[-156.1835,57.4771],[-156.1327,57.455],[-156.1116,57.4365],[-156.0686,57.4319],[-156.0255,57.4335],[-156.017,57.4466],[-156.037,57.464],[-156.056,57.5171],[-156.03,57.5235],[-156.0471,57.557],[-156.0191,57.5646],[-155.9736,57.5379],[-155.9342,57.5297],[-155.8634,57.5523],[-155.8353,57.5739],[-155.8253,57.5546],[-155.7594,57.5404],[-155.7316,57.5434],[-155.7293,57.5775],[-155.745,57.5953],[-155.7289,57.6139],[-155.7431,57.6292],[-155.7145,57.6332],[-155.6785,57.6463],[-155.5962,57.6584],[-155.5811,57.6758],[-155.6108,57.6849],[-155.6395,57.704],[-155.6311,57.7311],[-155.6124,57.7509],[-155.6226,57.7648],[-155.5901,57.788],[-155.5421,57.7838],[-155.5333,57.7704],[-155.4683,57.7441],[-155.4209,57.7447],[-155.3994,57.733],[-155.3904,57.7125],[-155.3643,57.7121],[-155.3399,57.7241],[-155.3048,57.7233],[-155.2931,57.7587],[-155.3229,57.7653],[-155.3322,57.7799],[-155.3239,57.7939],[-155.3428,57.8187],[-155.3312,57.8263],[-155.2821,57.8201],[-155.236,57.826],[-155.2222,57.8381],[-155.2419,57.854],[-155.2103,57.8682],[-155.1558,57.8551],[-155.091,57.8727],[-155.0688,57.9042],[-155.1043,57.9231],[-155.1116,57.9442],[-155.0874,57.9515],[-155.0558,57.9503],[-155.0345,57.9738],[-155.0391,58.0201],[-155.0228,58.0249],[-154.9919,58.0136],[-154.9679,58.0282],[-154.93,58.0327],[-154.8747,58.0278],[-154.8324,58.0175],[-154.8114,57.9999],[-154.7771,58.0024],[-154.7332,58.017],[-154.7365,58.0295],[-154.7184,58.0581],[-154.6796,58.0678],[-154.6523,58.062],[-154.6471,58.0329],[-154.5702,58.0257],[-154.5417,58.0602],[-154.5621,58.0821],[-154.5308,58.1048],[-154.4884,58.093],[-154.4541,58.0913],[-154.47,58.1476],[-154.4644,58.1628],[-154.4874,58.194],[-154.4393,58.1732],[-154.4449,58.1568],[-154.4225,58.137],[-154.3701,58.1046],[-154.3248,58.083],[-154.3217,58.1093],[-154.343,58.1274],[-154.3374,58.1599],[-154.2724,58.1305],[-154.2155,58.1384],[-154.2446,58.1565],[-154.2634,58.1595],[-154.2903,58.1774],[-154.2795,58.1934],[-154.2208,58.1846],[-154.178,58.1917],[-154.1514,58.2124],[-154.1517,58.2339],[-154.2079,58.2542],[-154.1626,58.2691],[-154.1291,58.2681],[-154.106,58.2778],[-154.1445,58.2934],[-154.1553,58.3167],[-154.1858,58.3234],[-154.1945,58.3059],[-154.2602,58.2969],[-154.261,58.2736],[-154.2922,58.262],[-154.3354,58.2594],[-154.3578,58.2847],[-154.3186,58.2936],[-154.3259,58.3033],[-154.293,58.3111],[-154.2164,58.3369],[-154.1822,58.3384],[-154.1803,58.3594],[-154.1275,58.3523],[-154.1007,58.3594],[-154.0733,58.3547],[-154.0468,58.3667],[-154.0074,58.3752],[-153.9881,58.3918],[-154.0106,58.4024],[-154.0402,58.4018],[-154.0671,58.4271],[-154.0795,58.4572],[-154.0794,58.4789],[-154.0526,58.4888],[-153.9629,58.4862],[-153.9406,58.4919],[-153.9119,58.5126],[-153.9338,58.5263],[-153.9164,58.5525],[-153.8956,58.5688],[-153.9103,58.5914],[-153.8881,58.6067],[-153.8415,58.6103],[-153.8034,58.6039],[-153.7614,58.6044],[-153.6647,58.6138],[-153.628,58.6304],[-153.5943,58.6318],[-153.5809,58.6644],[-153.5644,58.6821],[-153.5166,58.6906],[-153.4856,58.7087],[-153.4551,58.7055],[-153.3945,58.7473],[-153.3767,58.7919],[-153.3755,58.8109],[-153.3559,58.8395],[-153.3294,58.8476],[-153.2847,58.8363],[-153.2539,58.8475],[-153.2821,58.8635],[-153.3125,58.8542],[-153.342,58.8705],[-153.3199,58.8783],[-153.3361,58.9001],[-153.3268,58.9226],[-153.3678,58.9238],[-153.4008,58.9451],[-153.4074,58.9694],[-153.4471,58.9741],[-153.4844,58.9987],[-153.5233,58.9825],[-153.5463,58.9829],[-153.6286,59.0106],[-153.6833,59.0563],[-153.6996,59.0755],[-153.7515,59.0666],[-153.8071,59.074],[-153.8318,59.0597],[-153.8644,59.0553],[-153.888,59.0626],[-153.923,59.0624],[-153.9685,59.0716],[-154.0682,59.0741],[-154.1401,59.0217],[-154.1806,59.0229],[-154.2005,59.0511],[-154.2005,59.0735],[-154.1706,59.0892],[-154.1794,59.1219],[-154.2074,59.128],[-154.2534,59.1247],[-154.2689,59.1345],[-154.2237,59.1711],[-154.1912,59.1711],[-154.1853,59.1924],[-154.1552,59.2013],[-154.1292,59.1993],[-154.1461,59.2277],[-154.1425,59.2687],[-154.1131,59.3052],[-154.0312,59.328],[-153.9724,59.3568],[-153.9569,59.3843],[-153.9102,59.4206],[-153.8765,59.4267],[-153.8102,59.4228],[-153.7648,59.4343],[-153.7375,59.435],[-153.743,59.4516],[-153.7072,59.4677],[-153.7256,59.5006],[-153.782,59.5309],[-153.7636,59.5456],[-153.7231,59.5525],[-153.6919,59.5512],[-153.6437,59.5577],[-153.5925,59.5537],[-153.5542,59.5972],[-153.5629,59.6074],[-153.6098,59.6151],[-153.618,59.6303],[-153.6821,59.6233],[-153.7026,59.6401],[-153.6333,59.6449],[-153.6286,59.6826],[-153.6114,59.6765],[-153.5989,59.6509],[-153.58,59.6441],[-153.5658,59.6249],[-153.4798,59.6447],[-153.4636,59.6779],[-153.4462,59.6982],[-153.4548,59.7456],[-153.4652,59.761],[-153.4311,59.7741],[-153.4217,59.752],[-153.3606,59.7369],[-153.345,59.7241],[-153.3833,59.7135],[-153.3779,59.6969],[-153.3938,59.6651],[-153.4246,59.6512],[-153.4211,59.6378],[-153.3882,59.6385],[-153.3453,59.6217],[-153.304,59.6342],[-153.3197,59.6668],[-153.2865,59.6709],[-153.2712,59.6451],[-153.2538,59.6328],[-153.2179,59.635],[-153.157,59.6566],[-153.1519,59.672],[-153.0592,59.6904],[-153.0257,59.7413],[-153.0211,59.7603],[-152.9938,59.8083],[-153.0038,59.829],[-153.0294,59.8349],[-153.0943,59.8335],[-153.1193,59.8147],[-153.1476,59.8091],[-153.1855,59.8219],[-153.2388,59.8253],[-153.287,59.8112],[-153.2831,59.8305],[-153.2501,59.8426],[-153.2222,59.8651],[-153.2069,59.8593],[-153.1204,59.8659],[-153.0743,59.873],[-153.0462,59.8836],[-153.0068,59.8868],[-152.9536,59.8766],[-152.8874,59.8823],[-152.8699,59.8752],[-152.8146,59.8798],[-152.8136,59.8885],[-152.7275,59.9115],[-152.7069,59.9201],[-152.7013,59.9421],[-152.6685,59.983],[-152.6089,60.0068],[-152.5995,60.0286],[-152.5776,60.0443],[-152.5708,60.075],[-152.5943,60.0995],[-152.6182,60.1047],[-152.6536,60.1339],[-152.6734,60.1641],[-152.7016,60.1651],[-152.7354,60.1896],[-152.85,60.2208],[-152.9,60.2458],[-152.9026,60.2766],[-152.8859,60.2766],[-152.8828,60.2505],[-152.8313,60.2333],[-152.7479,60.2208],[-152.6687,60.2],[-152.6307,60.2193],[-152.5646,60.2229],[-152.5625,60.2167],[-152.5328,60.2495],[-152.4896,60.2729],[-152.4396,60.2854],[-152.4187,60.2854],[-152.3838,60.3193],[-152.3891,60.3286],[-152.3703,60.3516],[-152.3078,60.3661],[-152.238,60.3953],[-152.2995,60.413],[-152.3203,60.4255],[-152.3328,60.4464],[-152.3307,60.4766],[-152.25,60.5354],[-152.1911,60.5641],[-152.1037,60.5797],[-152.0526,60.6318],[-152.0464,60.6484],[-152.0005,60.663],[-151.9974,60.6724],[-151.9109,60.7005],[-151.8938,60.7125],[-151.8505,60.7214],[-151.7625,60.7229],[-151.7458,60.7125],[-151.7026,60.7151],[-151.7026,60.7307],[-151.7547,60.7911],[-151.7745,60.8026],[-151.7953,60.8359],[-151.7724,60.8661],[-151.7146,60.8958],[-151.7063,60.9083],[-151.6792,60.9083],[-151.6172,60.938],[-151.612,60.9495],[-151.5771,60.9583],[-151.4828,60.9964],[-151.4229,61.0083],[-151.3562,61.0083],[-151.3276,61.0151],[-151.2995,61.0328],[-151.2583,61.0396],[-151.2,61.0396],[-151.163,61.0464],[-151.1297,61.0734],[-151.0578,61.1536],[-151.0016,61.1786],[-150.9354,61.2],[-150.8542,61.2083],[-150.8271,61.2208],[-150.7464,61.2401],[-150.6938,61.2562],[-150.6693,61.2734],[-150.6609,61.2964],[-150.6646,61.325],[-150.6172,61.3578],[-150.5979,61.3604],[-150.562,61.3932],[-150.5375,61.4042],[-150.4896,61.3979],[-150.4672,61.4068],[-150.4828,61.4193],[-150.4901,61.4557],[-150.5005,61.4661],[-150.5349,61.4672],[-150.5661,61.4797],[-150.5797,61.4953],[-150.5786,61.5266],[-150.5437,61.5438],[-150.4901,61.5568],[-150.4859,61.587],[-150.5307,61.6068],[-150.5609,61.6266],[-150.5911,61.6339],[-150.6203,61.6568],[-150.6401,61.687],[-150.6703,61.7005],[-150.6995,61.7359],[-150.7016,61.7536],[-150.7224,61.7776],[-150.7271,61.8],[-150.7578,61.8089],[-150.7901,61.8578],[-150.8167,61.8583],[-150.8276,61.887],[-150.8729,61.8917],[-150.8958,61.9],[-150.9557,61.9068],[-150.9646,61.9229],[-151.0208,61.9188],[-151.0312,61.9375],[-151.1229,61.975],[-151.1687,61.9896],[-151.113,61.9849],[-151.088,61.9703],[-151.0146,61.9375],[-151.0021,61.9229],[-150.9583,61.9271],[-150.9495,61.9089],[-150.8896,61.9042],[-150.8396,61.8958],[-150.8036,61.8714],[-150.763,61.8578],[-150.7786,61.8464],[-150.7297,61.8266],[-150.737,61.8109],[-150.6901,61.787],[-150.7021,61.7729],[-150.6859,61.7547],[-150.6891,61.7339],[-150.638,61.7297],[-150.662,61.7068],[-150.6297,61.6911],[-150.5807,61.6359],[-150.5437,61.6271],[-150.5245,61.6109],[-150.4901,61.5974],[-150.4729,61.5729],[-150.4276,61.5755],[-150.3901,61.6109],[-150.3849,61.6474],[-150.3708,61.6479],[-150.313,61.6693],[-150.3047,61.6828],[-150.3161,61.6974],[-150.288,61.7047],[-150.2932,61.7411],[-150.2536,61.7766],[-150.1984,61.7964],[-150.2161,61.8172],[-150.2078,61.8453],[-150.1734,61.8714],[-150.1641,61.887],[-150.1151,61.9193],[-150.1333,61.9396],[-150.1516,61.9609],[-150.1536,61.9932],[-150.138,62.0047],[-150.1453,62.0182],[-150.1234,62.0318],[-150.125,62.0604],[-150.1224,62.0766],[-150.0901,62.088],[-150.1005,62.1099],[-150.1286,62.1193],[-150.1443,62.1474],[-150.1891,62.1682],[-150.1417,62.1958],[-150.1276,62.2161],[-150.1682,62.2495],[-150.1297,62.2755],[-150.1422,62.3161],[-150.1562,62.3354],[-150.1687,62.3542],[-150.1411,62.3411],[-150.1047,62.3057],[-150.1068,62.2818],[-150.137,62.237],[-150.1151,62.2245],[-150.1068,62.1984],[-150.1745,62.1672],[-150.1089,62.1422],[-150.1099,62.1255],[-150.0672,62.0995],[-150.0974,62.0714],[-150.0922,62.0568],[-150.1161,62.0411],[-150.1161,62.0224],[-150.0964,61.9974],[-150.0917,61.9708],[-150.1057,61.9859],[-150.137,61.9724],[-150.1078,61.9359],[-150.0922,61.9297],[-150.1068,61.8984],[-150.1286,61.887],[-150.1297,61.8734],[-150.162,61.8568],[-150.1849,61.8307],[-150.1766,61.8057],[-150.1818,61.7849],[-150.2245,61.7786],[-150.25,61.7625],[-150.2693,61.7443],[-150.2688,61.7167],[-150.313,61.663],[-150.3495,61.6474],[-150.3745,61.6172],[-150.3568,61.6099],[-150.3651,61.5943],[-150.4104,61.5729],[-150.45,61.5667],[-150.4646,61.5563],[-150.5125,61.5438],[-150.5437,61.5271],[-150.5661,61.5161],[-150.5672,61.4943],[-150.4859,61.4703],[-150.4828,61.4464],[-150.4547,61.4099],[-150.5063,61.3625],[-150.5292,61.3604],[-150.562,61.3391],[-150.5505,61.3141],[-150.5521,61.2958],[-150.5474,61.2818],[-150.4958,61.2625],[-150.4891,61.2526],[-150.4521,61.25],[-150.3062,61.2583],[-150.1167,61.2562],[-150.0063,61.2438],[-149.9812,61.2375],[-149.9193,61.2651],[-149.9245,61.2766],[-149.9089,61.3005],[-149.9182,61.3245],[-149.8943,61.3526],[-149.8896,61.3771],[-149.8771,61.3875],[-149.825,61.3937],[-149.7713,61.4297],[-149.7682,61.4391],[-149.7297,61.4547],[-149.6313,61.475],[-149.5984,61.488],[-149.5776,61.4839],[-149.5437,61.4979],[-149.5203,61.4776],[-149.4859,61.4766],[-149.4687,61.4667],[-149.4339,61.4828],[-149.3479,61.4833],[-149.3062,61.4938],[-149.2443,61.4922],[-149.2146,61.4792],[-149.1604,61.5021],[-149.0792,61.5083],[-149.0333,61.5042],[-148.9479,61.5229],[-148.9354,61.5187],[-148.9146,61.5104],[-148.8562,61.5021],[-148.8188,61.4854],[-148.7437,61.4813],[-148.6984,61.4661],[-148.7005,61.4391],[-148.7412,61.4568],[-148.8661,61.4693],[-148.9005,61.4911],[-148.9792,61.5083],[-149.0208,61.5042],[-149.0896,61.4875],[-149.1333,61.4896],[-149.1562,61.4979],[-149.1938,61.475],[-149.2542,61.4792],[-149.2854,61.4729],[-149.3813,61.4667],[-149.4312,61.4542],[-149.5245,61.4203],[-149.5318,61.4068],[-149.5688,61.4083],[-149.6375,61.3854],[-149.7016,61.3807],[-149.7161,61.3703],[-149.7088,61.3484],[-149.7161,61.3339],[-149.7396,61.325],[-149.7729,61.325],[-149.8057,61.3161],[-149.8755,61.2526],[-149.8963,61.2234],[-149.9417,61.2021],[-149.975,61.1979],[-150.0188,61.2021],[-150.038,61.1776],[-150.0641,61.1724],[-150.0682,61.1526],[-149.9354,61.1083],[-149.8359,61.0724],[-149.7786,61.0359],[-149.7328,61.0151],[-149.6854,61.0042],[-149.6396,61],[-149.5917,60.9813],[-149.5021,60.9854],[-149.4146,60.9521],[-149.3734,60.9453],[-149.3562,60.9271],[-149.3104,60.9354],[-149.2312,60.9375],[-149.1917,60.9437],[-149.1146,60.9146],[-149.0776,60.9057],[-149.013,60.8578],[-148.988,60.8307],[-149.0036,60.8276],[-149.025,60.85],[-149.0443,60.8557],[-149.063,60.8807],[-149.1146,60.9021],[-149.138,60.8974],[-149.1854,60.9021],[-149.2333,60.8875],[-149.2521,60.8937],[-149.3771,60.8937],[-149.4125,60.9063],[-149.438,60.9057],[-149.4812,60.9188],[-149.5271,60.9229],[-149.575,60.9333],[-149.6479,60.9229],[-149.6672,60.9411],[-149.7104,60.9542],[-149.8437,60.9667],[-149.9167,60.9375],[-149.9667,60.9271],[-149.9917,60.9292],[-150.087,60.9109],[-150.237,60.9339],[-150.262,60.9443],[-150.312,60.9839],[-150.3276,61.0099],[-150.3526,61.0307],[-150.3974,61.0349],[-150.4479,61.0146],[-150.5078,61.0036],[-150.5188,60.9958],[-150.6583,60.9583],[-150.687,60.9536],[-150.6943,60.9422],[-150.7557,60.9182],[-150.8005,60.8922],[-150.862,60.8703],[-150.8922,60.8526],[-150.9787,60.8224],[-151.0542,60.7875],[-151.1354,60.7792],[-151.2146,60.7792],[-151.2578,60.7703],[-151.2588,60.7568],[-151.3021,60.7396],[-151.3687,60.7333],[-151.4083,60.7167],[-151.3849,60.6714],[-151.3505,60.6432],[-151.3266,60.5776],[-151.3036,60.5609],[-151.2688,60.5479],[-151.2292,60.5521],[-151.2255,60.5359],[-151.2703,60.5286],[-151.2807,60.5016],[-151.2797,60.4359],[-151.2891,60.4245],[-151.2953,60.3859],[-151.3766,60.3661],[-151.3828,60.3411],[-151.3792,60.2938],[-151.3922,60.2484],[-151.413,60.2151],[-151.4495,60.1932],[-151.4984,60.1547],[-151.5734,60.1109],[-151.6037,60.0995],[-151.6391,60.0745],[-151.6714,60.0422],[-151.6953,60.0349],[-151.7291,59.9901],[-151.7593,59.9185],[-151.8148,59.8705],[-151.82,59.8408],[-151.8739,59.776],[-151.8586,59.7391],[-151.8376,59.7204],[-151.7935,59.7004],[-151.7324,59.6808],[-151.7098,59.6694],[-151.6451,59.6473],[-151.5535,59.6375],[-151.5304,59.6419],[-151.4835,59.6386],[-151.4501,59.6528],[-151.4369,59.6701],[-151.3772,59.684],[-151.3415,59.6862],[-151.2299,59.7278],[-151.1353,59.7686],[-151.1165,59.7843],[-151.0588,59.7969],[-150.9912,59.7971],[-150.9574,59.7859],[-150.9883,59.7645],[-151.0117,59.7631],[-151.0242,59.7497],[-151.0583,59.7368],[-151.1245,59.6957],[-151.1197,59.6751],[-151.1633,59.6552],[-151.1837,59.6525],[-151.2151,59.6304],[-151.1941,59.6062],[-151.1974,59.5941],[-151.2267,59.5925],[-151.2816,59.5991],[-151.2845,59.5726],[-151.2712,59.5578],[-151.3176,59.5544],[-151.3654,59.5599],[-151.3941,59.5399],[-151.4418,59.5482],[-151.4648,59.5146],[-151.4806,59.508],[-151.4587,59.4721],[-151.4901,59.4817],[-151.512,59.4788],[-151.5323,59.4573],[-151.5611,59.4699],[-151.6361,59.4861],[-151.7088,59.4739],[-151.7222,59.4554],[-151.717,59.4223],[-151.7476,59.4309],[-151.7531,59.4464],[-151.7756,59.4514],[-151.8082,59.4386],[-151.8454,59.4371],[-151.8925,59.4288],[-151.9019,59.3899],[-151.8493,59.3684],[-151.9222,59.3638],[-151.9244,59.3545],[-151.965,59.3457],[-151.9666,59.3327],[-151.9941,59.3147],[-151.9807,59.284],[-151.9818,59.2579],[-151.9611,59.247],[-151.9246,59.2533],[-151.8719,59.253],[-151.8232,59.2353],[-151.9133,59.2382],[-151.9243,59.2316],[-151.884,59.2139],[-151.8073,59.2109],[-151.7579,59.2176],[-151.7686,59.1798],[-151.7402,59.1573],[-151.6299,59.1658],[-151.5934,59.1629],[-151.5832,59.1771],[-151.5992,59.1894],[-151.5779,59.2077],[-151.5262,59.1955],[-151.4736,59.206],[-151.4807,59.2184],[-151.5155,59.2177],[-151.5311,59.228],[-151.4454,59.2567],[-151.3959,59.2514],[-151.3483,59.2235],[-151.3123,59.2117],[-151.2631,59.2249],[-151.2584,59.2055],[-151.207,59.2172],[-151.1631,59.2047],[-151.1179,59.2199],[-151.1077,59.2468],[-151.185,59.2774],[-151.222,59.2867],[-151.237,59.2997],[-151.2151,59.3106],[-151.1875,59.2932],[-151.13,59.2823],[-151.1012,59.2692],[-151.0803,59.2917],[-151.0535,59.2948],[-151.0302,59.2705],[-150.9906,59.263],[-151.0296,59.2502],[-151.0178,59.2353],[-150.9883,59.2399],[-150.9621,59.2346],[-150.9149,59.2512],[-150.8949,59.2717],[-150.9261,59.2979],[-150.9332,59.3121],[-150.8886,59.3192],[-150.8678,59.3305],[-150.8422,59.3594],[-150.8067,59.363],[-150.7751,59.3747],[-150.7577,59.3949],[-150.7471,59.4243],[-150.7074,59.4353],[-150.6623,59.4261],[-150.6057,59.4293],[-150.5896,59.4514],[-150.6576,59.4674],[-150.6309,59.4747],[-150.5847,59.4739],[-150.5845,59.4952],[-150.6214,59.5114],[-150.6202,59.5203],[-150.674,59.544],[-150.6514,59.5536],[-150.6296,59.5414],[-150.6001,59.5503],[-150.5974,59.5659],[-150.5657,59.5848],[-150.5694,59.5972],[-150.53,59.6037],[-150.5069,59.6008],[-150.5179,59.5739],[-150.5768,59.5294],[-150.5537,59.5036],[-150.4866,59.4953],[-150.5276,59.474],[-150.5057,59.4587],[-150.4822,59.4635],[-150.4383,59.5146],[-150.4209,59.5647],[-150.3879,59.568],[-150.3573,59.6059],[-150.3277,59.6253],[-150.3096,59.6619],[-150.2659,59.7062],[-150.2516,59.7266],[-150.2213,59.7266],[-150.2294,59.704],[-150.2482,59.6969],[-150.2609,59.6612],[-150.2909,59.6422],[-150.2701,59.6322],[-150.3133,59.5998],[-150.3032,59.58],[-150.3257,59.5563],[-150.3743,59.5183],[-150.3811,59.4914],[-150.3591,59.4762],[-150.3243,59.4713],[-150.2989,59.5005],[-150.2661,59.4892],[-150.2358,59.5035],[-150.2684,59.5228],[-150.2262,59.5331],[-150.1796,59.5381],[-150.2112,59.5597],[-150.195,59.5712],[-150.1683,59.5613],[-150.1199,59.5676],[-150.0922,59.5831],[-150.1266,59.5896],[-150.0851,59.6623],[-150.0631,59.66],[-150.0488,59.6372],[-150.0213,59.6257],[-149.9906,59.6541],[-149.9414,59.6631],[-149.9222,59.687],[-149.9255,59.7129],[-149.937,59.7268],[-149.9637,59.7182],[-149.9717,59.7498],[-149.9966,59.7494],[-150.0598,59.7753],[-150.0628,59.7888],[-150.0042,59.7906],[-149.978,59.7698],[-149.92,59.7695],[-149.8966,59.7562],[-149.8881,59.7369],[-149.8644,59.7393],[-149.8562,59.7228],[-149.7957,59.7121],[-149.787,59.7052],[-149.8284,59.6826],[-149.8067,59.6746],[-149.7965,59.6575],[-149.7425,59.6401],[-149.7415,59.6511],[-149.7654,59.6857],[-149.7396,59.6855],[-149.753,59.7067],[-149.7636,59.7533],[-149.793,59.7889],[-149.7665,59.7928],[-149.8094,59.8126],[-149.8224,59.8347],[-149.8008,59.8484],[-149.7753,59.8309],[-149.7553,59.8398],[-149.7478,59.8778],[-149.7267,59.9006],[-149.7503,59.9411],[-149.7337,59.9535],[-149.6894,59.9469],[-149.6622,59.9116],[-149.6679,59.8765],[-149.6276,59.8724],[-149.6709,59.8475],[-149.6724,59.8119],[-149.6294,59.7861],[-149.6618,59.7745],[-149.6427,59.7609],[-149.5883,59.7603],[-149.5819,59.7308],[-149.5283,59.7192],[-149.5555,59.7484],[-149.5432,59.7802],[-149.5931,59.7789],[-149.6046,59.8084],[-149.6311,59.8195],[-149.6202,59.8365],[-149.5831,59.8487],[-149.5912,59.8726],[-149.5644,59.8813],[-149.569,59.9026],[-149.5242,59.928],[-149.4954,59.9308],[-149.4702,59.9182],[-149.4418,59.9779],[-149.4017,59.9841],[-149.4109,60.012],[-149.4474,60.0339],[-149.4359,60.0672],[-149.4432,60.0755],[-149.425,60.125],[-149.3589,60.1141],[-149.3641,60.0901],[-149.3401,60.0786],[-149.3391,60.0505],[-149.3286,60.0068],[-149.3373,59.9919],[-149.3333,59.9704],[-149.3177,59.9512],[-149.3477,59.9453],[-149.3792,59.9031],[-149.3437,59.8981],[-149.324,59.9167],[-149.3012,59.9059],[-149.3121,59.8928],[-149.3018,59.8764],[-149.2622,59.8965],[-149.2697,59.9074],[-149.2369,59.9402],[-149.2447,59.9526],[-149.2226,59.9749],[-149.2211,59.9993],[-149.1818,60.0026],[-149.1672,60.0172],[-149.1703,60.0318],[-149.1338,60.0339],[-149.1313,60.0438],[-149.0859,60.0464],[-149.0604,60.0563],[-149.0339,60.0432],[-149.0401,60.0276],[-149.0641,60.0203],[-149.1315,59.9799],[-149.1312,59.9643],[-149.0787,59.9533],[-149.049,59.9724],[-149.037,59.9495],[-149.009,59.9462],[-148.9628,59.9721],[-148.9239,59.9679],[-148.9251,59.9587],[-148.8835,59.9252],[-148.8458,59.9242],[-148.8005,59.9546],[-148.7477,59.9585],[-148.7303,59.9373],[-148.684,59.9409],[-148.6833,59.9219],[-148.6393,59.9201],[-148.6081,59.9285],[-148.5533,59.9697],[-148.5546,59.9956],[-148.5443,60.0057],[-148.5557,60.0286],[-148.5375,60.0313],[-148.5034,59.9919],[-148.5009,59.9788],[-148.4753,59.9647],[-148.456,59.9413],[-148.4367,59.9483],[-148.4343,59.9638],[-148.4103,59.981],[-148.4151,60.0141],[-148.4391,60.0193],[-148.3984,60.038],[-148.3672,60.087],[-148.3932,60.1057],[-148.3745,60.1286],[-148.3505,60.138],[-148.3578,60.1557],[-148.3313,60.1667],[-148.3062,60.1604],[-148.2833,60.1667],[-148.2896,60.1104],[-148.2417,60.1146],[-148.1943,60.1318],[-148.1214,60.1651],[-148.1307,60.1839],[-148.0859,60.213],[-148.1453,60.2349],[-148.1516,60.2089],[-148.1797,60.163],[-148.2005,60.1443],[-148.2182,60.1578],[-148.2026,60.1693],[-148.1859,60.2099],[-148.2109,60.2182],[-148.2693,60.2193],[-148.2516,60.237],[-148.2,60.2354],[-148.188,60.2495],[-148.2104,60.2583],[-148.2807,60.2432],[-148.3005,60.2234],[-148.3292,60.2125],[-148.3562,60.1937],[-148.3901,60.2005],[-148.3557,60.2245],[-148.3589,60.2474],[-148.3833,60.2604],[-148.412,60.2609],[-148.4036,60.2807],[-148.3542,60.2813],[-148.3224,60.2599],[-148.3,60.2604],[-148.2422,60.2818],[-148.2088,60.3005],[-148.2182,60.3464],[-148.1667,60.3354],[-148.125,60.3604],[-148.1516,60.3797],[-148.1703,60.4036],[-148.0984,60.3745],[-148.0818,60.3797],[-148.1057,60.413],[-148.0797,60.412],[-148.0604,60.3854],[-148.0068,60.4005],[-147.987,60.4214],[-147.9568,60.4193],[-147.9396,60.4396],[-148.0021,60.4562],[-147.9714,60.4818],[-147.9625,60.5],[-147.9734,60.5141],[-148.0141,60.5172],[-148.0245,60.538],[-148.0547,60.5526],[-148.0818,60.5932],[-148.1516,60.5745],[-148.1682,60.538],[-148.1547,60.5036],[-148.1901,60.4943],[-148.1797,60.5349],[-148.2005,60.5401],[-148.2464,60.5078],[-148.2271,60.4625],[-148.2422,60.4422],[-148.263,60.4484],[-148.2797,60.4818],[-148.3328,60.4724],[-148.3562,60.475],[-148.3297,60.4953],[-148.3724,60.5078],[-148.3896,60.5187],[-148.4208,60.5125],[-148.4297,60.5286],[-148.4542,60.5417],[-148.4839,60.5255],[-148.5333,60.5083],[-148.5745,60.4995],[-148.6359,60.4568],[-148.6896,60.4354],[-148.7146,60.4562],[-148.5974,60.5328],[-148.5229,60.5646],[-148.4812,60.5729],[-148.4266,60.5724],[-148.4099,60.5484],[-148.325,60.5292],[-148.2516,60.5953],[-148.2292,60.5938],[-148.188,60.6099],[-148.212,60.6297],[-148.2068,60.6536],[-148.2349,60.6672],[-148.2547,60.7026],[-148.2464,60.7276],[-148.2583,60.7562],[-148.2807,60.7474],[-148.2943,60.7214],[-148.3307,60.7036],[-148.3578,60.6682],[-148.3443,60.6557],[-148.3828,60.6516],[-148.4234,60.637],[-148.4516,60.6516],[-148.4047,60.6651],[-148.3859,60.687],[-148.3943,60.7193],[-148.3672,60.7318],[-148.3833,60.7542],[-148.3672,60.763],[-148.4021,60.7771],[-148.4349,60.7661],[-148.4401,60.7547],[-148.512,60.7661],[-148.5401,60.7443],[-148.5703,60.737],[-148.588,60.6984],[-148.6578,60.6641],[-148.688,60.6714],[-148.6807,60.7057],[-148.6037,60.7599],[-148.5292,60.7833],[-148.4896,60.7792],[-148.4588,60.7839],[-148.4526,60.8036],[-148.4979,60.8042],[-148.5422,60.788],[-148.5932,60.7974],[-148.6443,60.7797],[-148.7083,60.775],[-148.7104,60.7875],[-148.6568,60.8005],[-148.6021,60.825],[-148.5437,60.8187],[-148.4995,60.8297],[-148.4333,60.8292],[-148.3687,60.8021],[-148.338,60.8047],[-148.3359,60.8182],[-148.4063,60.8458],[-148.3771,60.8604],[-148.3068,60.8339],[-148.2901,60.8599],[-148.3182,60.9047],[-148.2912,60.9172],[-148.2974,60.9526],[-148.2563,60.9354],[-148.2318,60.9422],[-148.2005,60.9693],[-148.2078,60.987],[-148.1859,60.9901],[-148.1849,61.0099],[-148.1703,61.0391],[-148.1651,61.0661],[-148.2583,61.0521],[-148.3245,61.0266],[-148.3276,61.0151],[-148.3838,60.9776],[-148.4125,60.9688],[-148.4318,60.9839],[-148.3797,61.0089],[-148.3687,61.0417],[-148.4016,61.0422],[-148.4036,61.0557],[-148.3396,61.0583],[-148.2984,61.0661],[-148.3042,61.0833],[-148.2354,61.0875],[-148.1979,61.0833],[-148.1786,61.1161],[-148.1318,61.1245],[-148.1479,61.0979],[-148.1214,61.0703],[-148.1182,61.0422],[-148.0891,61.0286],[-148.0859,61.0151],[-148.0589,61.013],[-148.013,61.0464],[-148.0005,61.063],[-148.0016,61.0849],[-147.9807,61.1078],[-147.9214,61.138],[-147.887,61.1661],[-147.8213,61.2026],[-147.8203,61.2099],[-147.7516,61.2599],[-147.7318,61.2693],[-147.7146,61.2917],[-147.6729,61.2854],[-147.6667,61.2771],[-147.7057,61.2557],[-147.7542,61.2083],[-147.7,61.225],[-147.6708,61.2229],[-147.6271,61.2333],[-147.6338,61.2151],[-147.6833,61.1979],[-147.7578,61.1849],[-147.7964,61.1568],[-147.8495,61.1286],[-147.8505,61.1214],[-147.9057,61.0891],[-147.9068,61.0651],[-147.9391,61.0411],[-147.9422,61.0182],[-147.963,60.9943],[-147.9932,60.9807],[-147.9854,60.9708],[-148.0349,60.9536],[-148.0354,60.9354],[-148.0104,60.9167],[-147.9729,60.9125],[-147.9229,60.8896],[-147.9099,60.8536],[-147.8786,60.8276],[-147.8411,60.837],[-147.8026,60.8359],[-147.8266,60.8151],[-147.7651,60.813],[-147.75,60.8396],[-147.7713,60.8557],[-147.7995,60.8568],[-147.8266,60.8734],[-147.7849,60.8766],[-147.7672,60.8964],[-147.7875,60.9104],[-147.7646,60.9167],[-147.7375,60.9396],[-147.713,60.9016],[-147.6708,60.8896],[-147.6667,60.8625],[-147.6682,60.8422],[-147.6047,60.8484],[-147.5984,60.9443],[-147.6214,60.9651],[-147.5964,60.9995],[-147.6313,60.9958],[-147.6766,61.0047],[-147.6641,61.0224],[-147.6167,61.0083],[-147.5922,61.013],[-147.6016,61.0286],[-147.588,61.038],[-147.5547,61.0839],[-147.5589,61.1161],[-147.5703,61.1297],[-147.5349,61.137],[-147.5088,61.0953],[-147.5104,61.0812],[-147.4833,61.0667],[-147.5234,61.0495],[-147.5286,61.0203],[-147.513,61.013],[-147.5412,60.987],[-147.5297,60.9359],[-147.5474,60.9047],[-147.525,60.8958],[-147.4984,60.9182],[-147.5099,60.9245],[-147.4995,60.9536],[-147.4755,60.9911],[-147.4536,61.0057],[-147.4047,61.012],[-147.4062,61],[-147.4432,60.9974],[-147.4599,60.9766],[-147.4661,60.9484],[-147.4479,60.9417],[-147.4458,60.8937],[-147.4047,60.8943],[-147.3667,60.8833],[-147.3318,60.8943],[-147.3286,60.9214],[-147.2755,60.9172],[-147.2505,60.9276],[-147.2766,60.9547],[-147.2797,60.9766],[-147.2563,60.9771],[-147.2276,60.9922],[-147.2104,60.9437],[-147.1812,60.9313],[-147.1359,60.9443],[-147.1422,60.9578],[-147.1662,60.9672],[-147.1255,60.9859],[-147.112,61.0036],[-147.0354,60.9917],[-147.0141,61.0057],[-146.9651,60.9932],[-146.9828,60.9786],[-146.9771,60.9667],[-147.0245,60.9557],[-147.0042,60.9396],[-146.9625,60.9313],[-146.8922,60.9568],[-146.863,60.9734],[-146.8474,60.9995],[-146.8234,61.0089],[-146.7922,61.0318],[-146.8042,61.0479],[-146.7937,61.0625],[-146.7521,61.0438],[-146.7021,61.0542],[-146.6734,61.0776],[-146.6516,61.1057],[-146.5922,61.1318],[-146.5979,61.1437],[-146.5745,61.1245],[-146.5,61.1229],[-146.4646,61.1333],[-146.4109,61.1328],[-146.3917,61.1229],[-146.3042,61.1292],[-146.2359,61.1078],[-146.2667,61.0833],[-146.3313,61.0812],[-146.3729,61.0875],[-146.45,61.0771],[-146.5083,61.0812],[-146.5667,61.075],[-146.6104,61.0812],[-146.6536,61.0661],[-146.6417,61.0458],[-146.5813,61.0375],[-146.5578,61.0193],[-146.6438,61.0229],[-146.6687,61.0313],[-146.6932,60.9995],[-146.6963,60.9776],[-146.7161,60.9672],[-146.6833,60.9479],[-146.6208,60.9521],[-146.5901,60.9255],[-146.6292,60.9229],[-146.6625,60.9313],[-146.7,60.9292],[-146.7359,60.937],[-146.7245,60.9047],[-146.6984,60.8953],[-146.6891,60.8672],[-146.6286,60.8734],[-146.613,60.8682],[-146.6099,60.837],[-146.5708,60.8563],[-146.5526,60.8318],[-146.5703,60.8255],[-146.5396,60.8104],[-146.5083,60.8146],[-146.4547,60.813],[-146.3562,60.8167],[-146.2901,60.838],[-146.2807,60.8536],[-146.2453,60.8786],[-146.2083,60.8771],[-146.137,60.8484],[-146.2208,60.8417],[-146.2474,60.8286],[-146.2417,60.8125],[-146.2854,60.8063],[-146.3313,60.7854],[-146.3604,60.7854],[-146.4604,60.7708],[-146.5474,60.7703],[-146.5109,60.7536],[-146.5521,60.7458],[-146.6042,60.7583],[-146.6266,60.7453],[-146.6234,60.7193],[-146.662,60.7297],[-146.6625,60.6958],[-146.6536,60.6859],[-146.6208,60.6813],[-146.5859,60.6953],[-146.4984,60.6828],[-146.4187,60.6875],[-146.387,60.7161],[-146.3589,60.7193],[-146.3297,60.7401],[-146.3203,60.7661],[-146.2937,60.7667],[-146.3146,60.725],[-146.2979,60.7125],[-146.2563,60.7125],[-146.2349,60.7203],[-146.2234,60.7411],[-146.1568,60.7255],[-146.1432,60.7432],[-146.1208,60.7417],[-146.0838,60.7609],[-146.0682,60.7828],[-146.0417,60.7729],[-146.0568,60.7359],[-146.0849,60.7266],[-146.0911,60.713],[-146.1432,60.7057],[-146.2057,60.6766],[-146.2172,60.663],[-146.262,60.6516],[-146.2557,60.6255],[-146.15,60.6312],[-146.1167,60.6437],[-146.0479,60.6604],[-145.95,60.6979],[-145.9026,60.6984],[-145.9641,60.6682],[-145.9651,60.6568],[-145.9995,60.6411],[-146.0057,60.6172],[-145.938,60.6255],[-145.9266,60.6495],[-145.8995,60.6745],[-145.8687,60.6854],[-145.8526,60.6734],[-145.8755,60.6568],[-145.8687,60.6375],[-145.8338,60.6484],[-145.8109,60.638],[-145.8745,60.6203],[-145.8437,60.6104],[-145.7812,60.6271],[-145.7354,60.6354],[-145.7104,60.6458],[-145.6651,60.6547],[-145.6479,60.6688],[-145.6141,60.6557],[-145.6318,60.6422],[-145.6786,60.6203],[-145.6943,60.5922],[-145.7411,60.5661],[-145.7891,60.5307],[-145.7922,60.5193],[-145.8641,60.5016],[-145.8917,60.4875],[-145.9141,60.4891],[-145.9411,60.4745],[-145.9187,60.4542],[-145.8792,60.4458],[-145.7672,60.4589],[-145.7583,60.4646],[-145.7083,60.4562],[-145.6646,60.4625],[-145.6417,60.45],[-145.5922,60.4474],[-145.5526,60.4401],[-145.5021,60.4083],[-145.5057,60.3922],[-145.4563,60.3792],[-145.4375,60.3875],[-145.4,60.3771],[-145.4182,60.3651],[-145.3687,60.3563],[-145.3333,60.3417],[-145.2958,60.3375],[-145.2708,60.35],[-145.2422,60.3526],[-145.2088,60.3672],[-145.1911,60.387],[-145.1505,60.3984],[-145.1463,60.4109],[-145.0901,60.438],[-145.0745,60.462],[-145.0359,60.4922],[-145.0307,60.5099],[-144.9922,60.5172],[-144.9979,60.5292],[-144.9333,60.5479],[-144.8859,60.5485],[-144.8651,60.5693],[-144.8641,60.6099],[-144.7792,60.6292],[-144.8104,60.6521],[-144.7734,60.6547],[-144.7672,60.6714],[-144.7276,60.6797],[-144.7,60.6958],[-144.7042,60.675],[-144.6542,60.6667],[-144.6646,60.6729],[-144.6432,60.7141],[-144.625,60.725],[-144.6021,60.7167],[-144.5917,60.7333],[-144.538,60.7568],[-144.5339,60.7464],[-144.5896,60.7],[-144.6266,60.6932],[-144.6125,60.6688],[-144.6396,60.6521],[-144.7083,60.6458],[-144.7479,60.6708],[-144.7641,60.6661],[-144.7667,60.6396],[-144.7588,60.6109],[-144.7818,60.5839],[-144.8328,60.5661],[-144.8229,60.5146],[-144.7797,60.4953],[-144.7943,60.4547],[-144.8266,60.4453],[-144.8495,60.4203],[-144.8464,60.4089],[-144.9182,60.3516],[-144.9276,60.3255],[-144.9578,60.3099],[-144.9536,60.288],[-144.9104,60.2792],[-144.8911,60.2911],[-144.8458,60.2875],[-144.8188,60.2792],[-144.7854,60.2833],[-144.7359,60.2661],[-144.7083,60.2438],[-144.6839,60.2411],[-144.6776,60.2276],[-144.712,60.2214],[-144.6089,60.1911],[-144.5896,60.1792],[-144.5562,60.1771],[-144.5182,60.1839],[-144.4687,60.1667],[-144.3729,60.1667],[-144.3625,60.1771],[-144.3167,60.175],[-144.2755,60.1505],[-144.2891,60.1422],[-144.2563,60.1271],[-144.213,60.1286],[-144.2036,60.1151],[-144.1422,60.1057],[-144.0776,60.0786],[-144.0417,60.0417],[-144.0917,60.0438],[-144.1083,60.0375],[-144.1417,60.0417],[-144.2125,60.0417],[-144.2401,60.0255],[-144.1771,60.0229],[-144.15,60.0167],[-144.0937,60.0208],[-144.0292,60.0208],[-143.9854,60.0125],[-143.9708,60.0021],[-143.8899,59.9893],[-143.8392,60],[-143.813,60],[-143.6479,60.0375],[-143.6104,60.0375],[-143.562,60.0474],[-143.4833,60.0542],[-143.4687,60.0604],[-143.4292,60.0521],[-143.3792,60.0521],[-143.3266,60.0651],[-143.3042,60.0583],[-143.1729,60.0625],[-143.1083,60.0667],[-143.0375,60.1],[-142.9896,60.0833],[-142.8083,60.1021],[-142.7583,60.1104],[-142.7458,60.0979],[-142.6812,60.0938],[-142.6062,60.0938],[-142.5542,60.0854],[-142.4458,60.0729],[-142.425,60.0646],[-142.2125,60.0479],[-142.1812,60.0396],[-142.0896,60.025],[-142.0208,60.025],[-141.8854,60.0021],[-141.8412,59.9879],[-141.7768,59.9595],[-141.7502,59.9515],[-141.6811,59.9515],[-141.6372,59.964],[-141.6046,59.9636],[-141.5522,59.9783],[-141.5308,59.9897],[-141.4297,60],[-141.4026,60.0068],[-141.3714,60.0328],[-141.4104,60.0625],[-141.5104,60.075],[-141.5104,60.0917],[-141.4708,60.0792],[-141.4479,60.0812],[-141.4672,60.1057],[-141.4521,60.1104],[-141.4271,60.125],[-141.3838,60.1182],[-141.3547,60.0911],[-141.3021,60.0896],[-141.1938,60.1208],[-141.1672,60.1401],[-141.163,60.1578],[-141.1375,60.1542],[-141.1505,60.1214],[-141.1974,60.1016],[-141.2266,60.1016],[-141.2401,60.0859],[-141.2745,60.0786],[-141.2776,60.0672],[-141.3146,60.0542],[-141.288,60.0328],[-141.2693,60.0078],[-141.2679,59.9877],[-141.2801,59.9633],[-141.3,59.9455],[-141.2954,59.9363],[-141.3418,59.9279],[-141.3678,59.9307],[-141.425,59.9089],[-141.4631,59.8853],[-141.4331,59.8675],[-141.3135,59.847],[-141.1283,59.8041],[-141.1243,59.7983],[-140.9773,59.7684],[-140.9064,59.7424],[-140.8653,59.7344],[-140.793,59.7293],[-140.6681,59.7105],[-140.5945,59.7093],[-140.532,59.7042],[-140.4862,59.7053],[-140.3441,59.6939],[-140.2835,59.6945],[-140.2316,59.704],[-140.1488,59.74],[-140.0715,59.754],[-139.9824,59.7806],[-139.9986,59.7878],[-140.0504,59.7935],[-140.0854,59.7758],[-140.1171,59.7821],[-140.1046,59.8122],[-140.1333,59.8056],[-140.1734,59.7684],[-140.2312,59.7674],[-140.2505,59.7885],[-140.2398,59.7999],[-140.1671,59.8037],[-140.1254,59.8187],[-140.0775,59.8244],[-140.0438,59.8387],[-139.9719,59.8111],[-139.9606,59.792],[-139.9326,59.7917],[-139.8044,59.8184],[-139.7804,59.8287],[-139.7736,59.8684],[-139.7121,59.9188],[-139.6627,59.9307],[-139.6031,59.9521],[-139.6004,59.9876],[-139.5455,60.0323],[-139.5234,60.0328],[-139.5188,60.0125],[-139.4958,60.0021],[-139.4293,60.0021],[-139.4028,59.97],[-139.3833,59.9658],[-139.3356,59.9175],[-139.2711,59.8694],[-139.2529,59.8602],[-139.2083,59.8581],[-139.1405,59.8625],[-139.1289,59.8536],[-139.0691,59.8539],[-139.0228,59.8481],[-138.9854,59.8232],[-138.9431,59.8124],[-138.9628,59.8014],[-139.0063,59.8298],[-139.0483,59.8406],[-139.1922,59.8417],[-139.2444,59.8306],[-139.2822,59.8294],[-139.3006,59.8194],[-139.2867,59.7769],[-139.3211,59.755],[-139.3139,59.7228],[-139.2711,59.6925],[-139.2672,59.6686],[-139.2283,59.6061],[-139.2489,59.6014],[-139.2639,59.5742],[-139.2989,59.5611],[-139.3567,59.5897],[-139.3244,59.6056],[-139.2911,59.6131],[-139.2928,59.6403],[-139.3189,59.6692],[-139.3178,59.6886],[-139.3356,59.7042],[-139.3497,59.7461],[-139.348,59.7877],[-139.3345,59.8216],[-139.3,59.8524],[-139.3703,59.9074],[-139.3712,59.9188],[-139.406,59.9397],[-139.4438,59.9773],[-139.4722,59.9973],[-139.5099,59.9855],[-139.5349,59.9366],[-139.6051,59.9062],[-139.6289,59.9022],[-139.637,59.8731],[-139.6235,59.8442],[-139.5947,59.8193],[-139.6006,59.8047],[-139.5794,59.7739],[-139.5422,59.7367],[-139.5055,59.7212],[-139.4811,59.7072],[-139.5284,59.6755],[-139.5554,59.6627],[-139.5622,59.6485],[-139.5878,59.6458],[-139.5935,59.6242],[-139.5827,59.6074],[-139.6241,59.5963],[-139.6317,59.5836],[-139.6744,59.5697],[-139.705,59.5767],[-139.7211,59.5625],[-139.7528,59.5589],[-139.7456,59.5442],[-139.7972,59.5425],[-139.8378,59.5581],[-139.8567,59.5353],[-139.7861,59.5131],[-139.63,59.4569],[-139.6044,59.455],[-139.5689,59.4422],[-139.4966,59.4277],[-139.4544,59.4061],[-139.4111,59.4119],[-139.3867,59.3892],[-139.4006,59.3797],[-139.365,59.3611],[-139.3611,59.3864],[-139.295,59.3883],[-139.2606,59.3706],[-139.2456,59.3419],[-139.2017,59.3381],[-139.1861,59.325],[-139.1322,59.3011],[-138.9869,59.2652],[-138.8938,59.2388],[-138.7978,59.2029],[-138.6704,59.1445],[-138.6483,59.1387],[-138.5966,59.1502],[-138.5816,59.1311],[-138.6051,59.1223],[-138.5132,59.1045],[-138.3191,59.0626],[-138.2356,59.0369],[-138.1858,59.0168],[-138.173,59.0025],[-138.0811,58.9633],[-138.0167,58.9286],[-137.9506,58.8861],[-137.925,58.8422],[-137.93,58.8194],[-137.9478,58.8],[-137.9294,58.7831],[-137.8833,58.765],[-137.7817,58.7181],[-137.7039,58.6722],[-137.6739,58.6467],[-137.68,58.6233],[-137.6056,58.6481],[-137.5711,58.6496],[-137.5539,58.6586],[-137.515,58.6636],[-137.4917,58.6581],[-137.5122,58.6428],[-137.5639,58.6233],[-137.6,58.6158],[-137.6372,58.62],[-137.6428,58.6025],[-137.5761,58.5917],[-137.5361,58.5718],[-137.455,58.5408],[-137.3978,58.5064],[-137.3117,58.4794],[-137.2789,58.46],[-137.235,58.4522],[-137.16,58.4239],[-137.1139,58.3992],[-137.095,58.3814],[-137.0744,58.3858],[-137.0706,58.4003],[-137.0128,58.4106],[-136.9533,58.3967],[-136.9176,58.3993],[-136.8919,58.3849],[-136.9044,58.3703],[-136.9039,58.3417],[-136.8711,58.3467],[-136.8602,58.3705],[-136.8406,58.365],[-136.8441,58.3431],[-136.8778,58.3176],[-136.8411,58.3153],[-136.8017,58.3219],[-136.7938,58.2941],[-136.7617,58.2858],[-136.7332,58.2929],[-136.6791,58.2982],[-136.694,58.2834],[-136.7222,58.2764],[-136.7325,58.2595],[-136.6861,58.2117],[-136.6211,58.2103],[-136.5872,58.2231],[-136.5894,58.2389],[-136.5673,58.2455],[-136.5647,58.2624],[-136.5761,58.2817],[-136.6067,58.3003],[-136.6117,58.3167],[-136.5967,58.3322],[-136.5422,58.3322],[-136.5016,58.3073],[-136.4663,58.3071],[-136.4378,58.315],[-136.4072,58.3108],[-136.3914,58.297],[-136.3683,58.3036],[-136.3568,58.3303],[-136.3622,58.3483],[-136.4114,58.3806],[-136.4651,58.3952],[-136.4948,58.3818],[-136.4925,58.353],[-136.5406,58.3592],[-136.5468,58.3738],[-136.5136,58.3759],[-136.4933,58.3958],[-136.5244,58.4475],[-136.5072,58.4439],[-136.4881,58.4128],[-136.4702,58.4028],[-136.4394,58.4039],[-136.4039,58.3922],[-136.383,58.3732],[-136.3533,58.3717],[-136.3211,58.3871],[-136.2747,58.3635],[-136.3013,58.3429],[-136.3057,58.3237],[-136.2828,58.315],[-136.2152,58.3279],[-136.1561,58.3455],[-136.1236,58.3413],[-136.1004,58.3457],[-136.0383,58.3831],[-136.0578,58.3944],[-136.0543,58.4134],[-136.0694,58.4403],[-136.0871,58.4474],[-136.0721,58.4674],[-136.095,58.4722],[-136.1046,58.4967],[-136.0953,58.5071],[-136.1243,58.5176],[-136.1867,58.5097],[-136.172,58.5274],[-136.1845,58.5366],[-136.1568,58.5643],[-136.1926,58.5689],[-136.22,58.5826],[-136.1963,58.6016],[-136.2045,58.6133],[-136.2557,58.635],[-136.2811,58.6569],[-136.3155,58.671],[-136.3456,58.6474],[-136.3816,58.6322],[-136.4489,58.6161],[-136.4678,58.5878],[-136.5211,58.5936],[-136.4389,58.6422],[-136.3933,58.6542],[-136.3496,58.6867],[-136.3913,58.7176],[-136.4575,58.7397],[-136.4786,58.7365],[-136.5074,58.7564],[-136.5143,58.7077],[-136.5367,58.7142],[-136.5306,58.7404],[-136.6064,58.7731],[-136.611,58.7858],[-136.6387,58.7913],[-136.6539,58.8308],[-136.6397,58.8347],[-136.6075,58.8185],[-136.5793,58.7806],[-136.545,58.7848],[-136.5178,58.7778],[-136.4932,58.7915],[-136.5617,58.8324],[-136.6143,58.8469],[-136.6467,58.8406],[-136.6686,58.8538],[-136.701,58.8584],[-136.7467,58.8772],[-136.7991,58.8782],[-136.8178,58.8661],[-136.8422,58.8831],[-136.8927,58.8866],[-136.9267,58.9006],[-137.0139,58.9042],[-137.0411,58.875],[-137.089,58.8417],[-137.1194,58.8411],[-137.1167,58.8583],[-137.0778,58.8739],[-137.0561,58.9061],[-137.0229,58.9236],[-136.9611,58.9253],[-136.9417,58.9178],[-136.9183,58.9325],[-136.9206,58.9531],[-136.9444,58.9719],[-136.9661,58.975],[-137.0018,58.9976],[-137.0067,59.0174],[-137.0433,59.0206],[-137.0678,59.0458],[-137.0567,59.0589],[-137.0311,59.0618],[-137.0078,59.0425],[-136.9783,59.03],[-136.9519,59.0044],[-136.9033,58.9866],[-136.8754,58.9629],[-136.8222,58.9539],[-136.7103,58.918],[-136.6828,58.8975],[-136.6301,58.8903],[-136.6236,58.9032],[-136.6397,58.9305],[-136.6571,58.9421],[-136.6883,58.9772],[-136.6484,58.9665],[-136.637,58.9466],[-136.6146,58.9367],[-136.601,58.915],[-136.5769,58.9139],[-136.571,58.9557],[-136.555,58.9658],[-136.53,58.9511],[-136.5328,58.9214],[-136.5064,58.8802],[-136.5111,58.8625],[-136.4933,58.8421],[-136.4611,58.825],[-136.3964,58.8168],[-136.3221,58.7788],[-136.2787,58.7714],[-136.2517,58.7525],[-136.2155,58.7498],[-136.1727,58.7603],[-136.1761,58.7731],[-136.1461,58.7817],[-136.154,58.797],[-136.1303,58.8144],[-136.106,58.8639],[-136.1174,58.8922],[-136.1387,58.9044],[-136.1206,58.9218],[-136.1243,58.9345],[-136.1972,58.9314],[-136.2161,58.9207],[-136.2817,58.9236],[-136.3517,58.9394],[-136.2978,58.9481],[-136.2117,58.9333],[-136.1728,58.9389],[-136.1483,58.9495],[-136.1616,58.9638],[-136.1511,58.985],[-136.1533,59.0061],[-136.2072,59.0572],[-136.2583,59.0508],[-136.2917,59.0517],[-136.3689,59.075],[-136.3658,59.0854],[-136.314,59.0763],[-136.297,59.0664],[-136.1844,59.0728],[-136.1694,59.0447],[-136.1112,59.0102],[-136.1181,58.9607],[-136.0995,58.9546],[-136.0529,58.912],[-136.0683,58.8866],[-136.0548,58.8684],[-136.0598,58.8537],[-135.9872,58.8614],[-135.9683,58.8792],[-135.92,58.905],[-135.8672,58.9097],[-135.8044,58.9036],[-135.7986,58.8864],[-135.865,58.8764],[-135.885,58.8784],[-135.9206,58.8636],[-135.9539,58.8647],[-136.0145,58.844],[-136.0494,58.8408],[-136.0806,58.8281],[-136.0828,58.8076],[-136.0411,58.7779],[-136.0365,58.7611],[-136.0009,58.7416],[-135.9796,58.7203],[-135.9894,58.7],[-135.9605,58.6937],[-135.9367,58.6506],[-135.9189,58.6373],[-135.9106,58.6165],[-135.8847,58.6023],[-135.8422,58.6056],[-135.8344,58.5992],[-135.9078,58.5761],[-135.8875,58.5682],[-135.8544,58.5273],[-135.8714,58.5208],[-135.8832,58.4989],[-135.8678,58.4793],[-135.8672,58.4622],[-135.8977,58.4488],[-135.8984,58.4174],[-135.9216,58.3859],[-135.9082,58.379],[-135.8617,58.3867],[-135.8274,58.3861],[-135.7833,58.3978],[-135.7044,58.3956],[-135.6772,58.4017],[-135.62,58.4269],[-135.5764,58.4076],[-135.5561,58.408],[-135.5011,58.3769],[-135.475,58.3756],[-135.4579,58.4075],[-135.4958,58.4441],[-135.5155,58.4756],[-135.5111,58.5017],[-135.4972,58.5033],[-135.4529,58.4561],[-135.4468,58.416],[-135.4328,58.4081],[-135.4082,58.3427],[-135.3978,58.3254],[-135.3672,58.305],[-135.3454,58.2713],[-135.314,58.2459],[-135.2741,58.2322],[-135.2222,58.2361],[-135.1627,58.2088],[-135.09,58.24],[-135.1071,58.2658],[-135.0927,58.2863],[-135.101,58.2945],[-135.0473,58.3109],[-135.0535,58.3464],[-135.0784,58.3791],[-135.0775,58.4029],[-135.1,58.4454],[-135.1205,58.4608],[-135.1376,58.4868],[-135.1308,58.5102],[-135.1638,58.5459],[-135.1651,58.5634],[-135.2004,58.5797],[-135.2389,58.6192],[-135.1789,58.6269],[-135.1578,58.6089],[-135.1394,58.6172],[-135.1974,58.6956],[-135.227,58.7178],[-135.2388,58.7451],[-135.2467,58.7908],[-135.2839,58.8183],[-135.3029,58.8463],[-135.3403,58.8891],[-135.325,58.8981],[-135.3288,58.9173],[-135.3709,58.9319],[-135.384,58.957],[-135.4022,58.9728],[-135.3892,58.9841],[-135.4004,58.9961],[-135.3951,59.0561],[-135.3784,59.0863],[-135.3822,59.1017],[-135.4406,59.1132],[-135.4665,59.1435],[-135.4691,59.1739],[-135.5178,59.2081],[-135.4756,59.2269],[-135.4101,59.1895],[-135.3916,59.1624],[-135.3772,59.1571],[-135.37,59.1127],[-135.3511,59.1114],[-135.3172,59.0917],[-135.3064,59.1002],[-135.3463,59.1444],[-135.3291,59.1544],[-135.3694,59.2092],[-135.44,59.2375],[-135.4279,59.2503],[-135.445,59.2624],[-135.4431,59.2766],[-135.4858,59.2877],[-135.5426,59.3079],[-135.5317,59.325],[-135.4871,59.3033],[-135.4078,59.2894],[-135.3933,59.2988],[-135.401,59.3155],[-135.3737,59.3967],[-135.3758,59.4117],[-135.3618,59.4494],[-135.3286,59.4442],[-135.3412,59.4236],[-135.3449,59.3903],[-135.3587,59.3718],[-135.3568,59.3425],[-135.3679,59.3234],[-135.3711,59.2653],[-135.3256,59.2258],[-135.3113,59.1994],[-135.2849,59.1974],[-135.2721,59.1637],[-135.2521,59.151],[-135.233,59.125],[-135.223,59.0913],[-135.2036,59.0704],[-135.204,59.0296],[-135.1772,58.9992],[-135.1756,58.9367],[-135.1403,58.8737],[-135.1533,58.8551],[-135.1383,58.8306],[-135.1106,58.8142],[-135.0422,58.7442],[-135.0158,58.7599],[-135.0256,58.7731],[-134.994,58.7939],[-134.9523,58.7952],[-134.9364,58.7842],[-134.9302,58.7328],[-134.9444,58.7256],[-134.9466,58.7046],[-134.9203,58.6804],[-134.9903,58.6765],[-134.9678,58.6467],[-134.9385,58.6266],[-134.9437,58.6144],[-134.9089,58.5957],[-134.8941,58.5763],[-134.8611,58.5497],[-134.8334,58.5344],[-134.8178,58.507],[-134.7878,58.495],[-134.7678,58.4278],[-134.7681,58.41],[-134.7484,58.3837],[-134.7267,58.3717],[-134.6933,58.3819],[-134.6431,58.3799],[-134.6367,58.3409],[-134.6061,58.3406],[-134.5389,58.3478],[-134.4878,58.3359],[-134.4561,58.3213],[-134.4286,58.2998],[-134.4052,58.2979],[-134.3274,58.261],[-134.2838,58.2362],[-134.2134,58.2045],[-134.1837,58.2085],[-134.1494,58.2042],[-134.1375,58.229],[-134.1042,58.2355],[-134.1037,58.2492],[-134.1467,58.2725],[-134.1405,58.3061],[-134.1095,58.3111],[-134.095,58.3222],[-134.0578,58.3325],[-134.0528,58.3764],[-134.0383,58.3978],[-134.0133,58.4178],[-133.9922,58.4247],[-133.9704,58.4465],[-133.9678,58.4639],[-133.9828,58.4711],[-133.985,58.4897],[-133.9415,58.5051],[-133.9489,58.4664],[-133.9317,58.4489],[-133.9472,58.4222],[-134.0007,58.4122],[-134.0161,58.4012],[-134.0106,58.3744],[-133.9971,58.3552],[-134.0054,58.3425],[-133.9795,58.3197],[-134.0044,58.295],[-134.0751,58.2825],[-134.0574,58.257],[-134.0572,58.2246],[-134.0846,58.214],[-134.0884,58.1844],[-134.0796,58.168],[-134.0705,58.0995],[-134.05,58.0617],[-134.0283,58.0593],[-134.0138,58.0428],[-133.9739,58.0214],[-133.9272,57.9849],[-133.8888,57.9741],[-133.8505,57.9918],[-133.786,58.009],[-133.8111,58.0282],[-133.809,58.0436],[-133.7872,58.0708],[-133.7572,58.0856],[-133.7612,58.104],[-133.73,58.1092],[-133.7161,58.1272],[-133.6936,58.1164],[-133.7143,58.1005],[-133.7433,58.0964],[-133.7442,58.081],[-133.7761,58.0639],[-133.7609,58.051],[-133.7553,58.0246],[-133.7359,58.0193],[-133.7117,57.9953],[-133.6908,57.959],[-133.6928,57.9436],[-133.7283,57.95],[-133.7461,57.9658],[-133.7619,57.9954],[-133.8334,57.9681],[-133.8491,57.9555],[-133.8501,57.934],[-133.7805,57.8769],[-133.7713,57.8599],[-133.7455,57.8416],[-133.7465,57.8318],[-133.7112,57.7953],[-133.6736,57.7866],[-133.6322,57.7914],[-133.6355,57.8231],[-133.6276,57.8454],[-133.6527,57.8723],[-133.6006,57.8659],[-133.6053,57.9096],[-133.5887,57.927],[-133.5433,57.9242],[-133.5167,57.9283],[-133.4911,57.9178],[-133.4173,57.9227],[-133.3799,57.9155],[-133.32,57.8875],[-133.2867,57.9067],[-133.2333,57.8844],[-133.1811,57.8903],[-133.1534,57.8585],[-133.2062,57.8799],[-133.2485,57.8751],[-133.2911,57.893],[-133.3056,57.8753],[-133.3806,57.8942],[-133.4368,57.9125],[-133.5139,57.9072],[-133.5678,57.9183],[-133.5806,57.9092],[-133.5697,57.884],[-133.5685,57.8584],[-133.5798,57.8311],[-133.5556,57.8009],[-133.5607,57.7761],[-133.5146,57.7558],[-133.471,57.7314],[-133.4247,57.7225],[-133.3794,57.688],[-133.3297,57.6634],[-133.2794,57.6611],[-133.2157,57.6221],[-133.1896,57.6143],[-133.1511,57.5884],[-133.1095,57.5478],[-133.0564,57.5222],[-132.9985,57.5221],[-132.9885,57.5151],[-132.9317,57.5113],[-132.9358,57.4996],[-132.9717,57.4994],[-133.02,57.515],[-133.0687,57.5094],[-133.1278,57.5395],[-133.1756,57.5818],[-133.2241,57.6022],[-133.3346,57.6362],[-133.3898,57.6593],[-133.4459,57.6713],[-133.4813,57.6735],[-133.5276,57.6876],[-133.5644,57.7139],[-133.5833,57.7161],[-133.6553,57.7091],[-133.6522,57.6711],[-133.6739,57.6569],[-133.6743,57.6325],[-133.6621,57.6133],[-133.6394,57.6033],[-133.615,57.5769],[-133.5621,57.5617],[-133.4783,57.5744],[-133.48,57.5605],[-133.5167,57.5442],[-133.516,57.5235],[-133.5272,57.5014],[-133.5218,57.4688],[-133.5065,57.4507],[-133.4673,57.4219],[-133.4323,57.4267],[-133.395,57.4219],[-133.3711,57.4389],[-133.3485,57.4296],[-133.3645,57.4131],[-133.4559,57.3965],[-133.473,57.3873],[-133.4747,57.3721],[-133.4521,57.3547],[-133.4222,57.3453],[-133.3563,57.3329],[-133.2878,57.3353],[-133.2345,57.3213],[-133.2113,57.3251],[-133.1828,57.3397],[-133.1396,57.3294],[-133.1563,57.3114],[-133.2298,57.3069],[-133.2593,57.2875],[-133.3093,57.2914],[-133.3401,57.2988],[-133.3481,57.2874],[-133.3983,57.2896],[-133.4268,57.2862],[-133.4572,57.2953],[-133.4841,57.2952],[-133.4868,57.2823],[-133.5258,57.279],[-133.5336,57.2605],[-133.4995,57.2272],[-133.5132,57.2017],[-133.5645,57.1919],[-133.4324,57.1462],[-133.4206,57.1375],[-133.3672,57.1287],[-133.3604,57.1197],[-133.3161,57.1067],[-133.2839,57.1101],[-133.259,57.1405],[-133.1971,57.1387],[-133.2133,57.1561],[-133.1977,57.1725],[-133.1789,57.1767],[-133.1569,57.1598],[-133.1755,57.1445],[-133.1561,57.1304],[-133.1661,57.1098],[-133.1847,57.0971],[-133.1579,57.0855],[-133.1139,57.0881],[-133.0789,57.0825],[-133.0564,57.0675],[-133.0044,57.0492],[-132.9851,57.0541],[-132.93,57.0445],[-132.9048,57.0254],[-132.8737,57.03],[-132.8651,57.0459],[-132.8743,57.0677],[-132.85,57.0791],[-132.8322,57.0966],[-132.8155,57.0797],[-132.8349,57.0658],[-132.8072,57.0214],[-132.7829,57.0021],[-132.7889,56.9717],[-132.81,56.9703],[-132.8383,56.98],[-132.8721,57.0014],[-132.8899,56.9941],[-132.9528,56.9942],[-132.9539,56.9828],[-132.9253,56.9727],[-132.8978,56.9483],[-132.8861,56.9222],[-132.8643,56.9079],[-132.825,56.8923],[-132.8003,56.8763],[-132.79,56.8433],[-132.7017,56.8103],[-132.6439,56.7817],[-132.6213,56.7779],[-132.5672,56.7567],[-132.5178,56.7578],[-132.5194,56.775],[-132.504,56.7887],[-132.4539,56.7853],[-132.4581,56.8024],[-132.4428,56.82],[-132.3838,56.8297],[-132.3888,56.8161],[-132.4267,56.8115],[-132.4396,56.8018],[-132.4339,56.7803],[-132.4699,56.7687],[-132.4961,56.7689],[-132.4917,56.7456],[-132.5505,56.7153],[-132.535,56.6978],[-132.5311,56.6717],[-132.5703,56.6342],[-132.5389,56.6195],[-132.5178,56.6289],[-132.4982,56.6035],[-132.4239,56.6092],[-132.3511,56.6367],[-132.3239,56.6267],[-132.3417,56.6055],[-132.3679,56.5928],[-132.3592,56.5277],[-132.3158,56.5079],[-132.2893,56.4844],[-132.2565,56.4855],[-132.2113,56.4607],[-132.1977,56.4157],[-132.1706,56.3939],[-132.1347,56.3819],[-132.1237,56.3663],[-132.0944,56.3761],[-132.0622,56.377],[-132.0033,56.3517],[-131.9906,56.3406],[-131.98,56.3011],[-131.9489,56.2653],[-131.9317,56.2364],[-131.8983,56.2253],[-131.8745,56.2297],[-131.8061,56.2161],[-131.7583,56.2245],[-131.7317,56.2147],[-131.695,56.2153],[-131.6567,56.1989],[-131.6,56.2075],[-131.5706,56.1967],[-131.5578,56.2253],[-131.5367,56.2159],[-131.5578,56.1897],[-131.6095,56.1764],[-131.6811,56.1933],[-131.7106,56.1867],[-131.7639,56.2056],[-131.825,56.1914],[-131.8733,56.2033],[-131.8944,56.1819],[-131.9728,56.1739],[-131.97,56.1472],[-131.9733,56.1014],[-131.9822,56.0611],[-131.9605,56.0128],[-131.9759,55.9655],[-132.0311,55.9625],[-132.0614,55.9469],[-132.0709,55.9242],[-132.0544,55.9105],[-132.0485,55.8869],[-132.0802,55.8656],[-132.0917,55.8467],[-132.0839,55.8314],[-132.0603,55.8246],[-132.0504,55.8091],[-132.1313,55.8109],[-132.1928,55.7856],[-132.1833,55.7639],[-132.1926,55.7404],[-132.2138,55.735],[-132.254,55.7592],[-132.2611,55.7353],[-132.2281,55.6993],[-132.2143,55.6607],[-132.2022,55.6518],[-132.2028,55.6244],[-132.1851,55.5879],[-132.1649,55.5801],[-132.1471,55.5609],[-132.1208,55.55],[-132.0739,55.545],[-132.0414,55.5301],[-132.0179,55.5124],[-131.9695,55.4978],[-131.9578,55.5315],[-131.9367,55.5353],[-131.9389,55.5677],[-131.9655,55.6172],[-131.9942,55.6507],[-131.9725,55.6514],[-131.9614,55.6312],[-131.9171,55.6141],[-131.8931,55.6161],[-131.8754,55.6337],[-131.8583,55.6319],[-131.8379,55.658],[-131.8294,55.6833],[-131.8641,55.7151],[-131.8175,55.7256],[-131.8,55.7545],[-131.8011,55.7673],[-131.777,55.7813],[-131.7738,55.8093],[-131.7636,55.8139],[-131.7997,55.8359],[-131.8422,55.8445],[-131.8905,55.8435],[-131.9194,55.8644],[-131.9039,55.87],[-131.8376,55.8732],[-131.8086,55.8848],[-131.7606,55.8778],[-131.7122,55.8989],[-131.6767,55.9194],[-131.5959,55.943],[-131.5489,55.9661],[-131.4679,55.9889],[-131.4397,56.0026],[-131.4083,55.9845],[-131.3959,55.9643],[-131.3441,55.9673],[-131.2969,55.9959],[-131.2278,56.0057],[-131.1741,56.0327],[-131.1584,56.0343],[-131.1166,56.0677],[-131.0945,56.0781],[-131.0767,56.0664],[-131.096,56.0575],[-131.096,56.0431],[-131.1551,56.0109],[-131.1806,56.0052],[-131.2155,55.9864],[-131.1844,55.9742],[-131.18,55.9472],[-131.1417,55.9278],[-131.1088,55.9007],[-131.0928,55.8948],[-131.0568,55.8627],[-131.0038,55.8052],[-130.9876,55.7979],[-130.9536,55.8082],[-130.9417,55.7967],[-130.9672,55.7848],[-130.9187,55.7277],[-130.8959,55.7126],[-130.8588,55.7287],[-130.7994,55.7297],[-130.7941,55.7185],[-130.8557,55.7189],[-130.9008,55.6997],[-130.9054,55.6861],[-130.8983,55.645],[-130.8807,55.5968],[-130.8758,55.5595],[-130.8294,55.55],[-130.7967,55.5792],[-130.7894,55.5508],[-130.8048,55.5381],[-130.8327,55.5422],[-130.8738,55.5403],[-130.8795,55.5284],[-130.8728,55.5037],[-130.9004,55.4673],[-130.8935,55.4149],[-130.8761,55.3842],[-130.8827,55.3761],[-130.8783,55.3316],[-130.8696,55.3126],[-130.8458,55.3014],[-130.7733,55.3125],[-130.7256,55.3056],[-130.6855,55.3284],[-130.6887,55.3072],[-130.724,55.2967],[-130.7522,55.3023],[-130.8228,55.2909],[-130.8808,55.2926],[-130.9272,55.301],[-130.9528,55.2887],[-130.9507,55.2777],[-130.9917,55.2433],[-131.0038,55.2433],[-131.0597,55.2087],[-131.0915,55.1946],[-131.073,55.1473],[-131.0774,55.1313],[-131.0253,55.0939],[-130.995,55.0853],[-130.945,55.0914],[-130.9025,55.1025],[-130.8717,55.1256],[-130.8344,55.135],[-130.8075,55.1317],[-130.7944,55.102],[-130.7728,55.0929],[-130.7395,55.1065],[-130.7331,55.1305],[-130.7118,55.139],[-130.7138,55.1516],[-130.6368,55.1944],[-130.5761,55.2358],[-130.565,55.2653],[-130.545,55.2535],[-130.5594,55.2339],[-130.6135,55.1943],[-130.6877,55.1527],[-130.6877,55.1395],[-130.7094,55.1212],[-130.7199,55.0938],[-130.7729,55.0756],[-130.8067,55.0785],[-130.8238,55.0967],[-130.8271,55.116],[-130.8528,55.1191],[-130.8715,55.0984],[-130.9328,55.0779],[-130.9893,55.0669],[-131.0089,55.0122],[-130.9824,54.9843],[-130.9751,54.9683],[-130.9532,54.9642],[-130.9378,54.9492],[-130.9673,54.9335],[-130.9661,54.9155],[-130.9489,54.8898],[-130.9483,54.857],[-130.9325,54.8464],[-130.948,54.8279],[-130.8987,54.7802],[-130.8561,54.7675],[-130.8139,54.7728],[-130.789,54.7923],[-130.7873,54.8212],[-130.766,54.8109],[-130.7367,54.8208],[-130.735,54.8417],[-130.7556,54.9092],[-130.7611,54.9408],[-130.7372,54.9536],[-130.7393,54.9169],[-130.7289,54.9031],[-130.7367,54.885],[-130.7239,54.8419],[-130.7016,54.8392],[-130.7055,54.8136],[-130.7322,54.8181],[-130.7412,54.7919],[-130.7204,54.7649],[-130.7002,54.7643],[-130.6567,54.7745],[-130.6384,54.8012],[-130.6346,54.8239],[-130.6133,54.8265],[-130.5577,54.8573],[-130.5444,54.8736],[-130.4669,54.9057],[-130.4733,54.8861],[-130.4951,54.8867],[-130.525,54.8668],[-130.4971,54.8335],[-130.4814,54.8376],[-130.4312,54.8744],[-130.3706,54.9067],[-130.325,54.9458],[-130.2956,54.9657],[-130.2661,54.9948],[-130.2562,55.0164],[-130.2289,55.0378],[-130.1951,55.1044],[-130.1711,55.1189],[-130.1572,55.1503],[-130.13,55.1828],[-130.0883,55.2213],[-130.0434,55.2449],[-130.0268,55.2641],[-129.9989,55.2767],[-129.9942,55.2902],[-130.03,55.3228],[-130.0448,55.3509],[-130.04,55.3573],[-130.0539,55.4425],[-130.1069,55.4957],[-130.1133,55.5234],[-130.1405,55.5525],[-130.1375,55.569],[-130.15,55.5979],[-130.1372,55.6129],[-130.1398,55.6276],[-130.125,55.6428],[-130.1246,55.6795],[-130.1568,55.7074],[-130.1733,55.7769],[-130.1555,55.7911],[-130.1389,55.8181],[-130.0917,55.8277],[-130.035,55.8906],[-130.016,55.9235],[-130.003,56.0079],[-130.1054,56.1227],[-130.2459,56.0963],[-130.35,56.1287],[-130.4255,56.1417],[-130.4682,56.2433],[-130.5406,56.2473],[-130.623,56.2669],[-130.7818,56.3671],[-131.087,56.4061],[-131.1733,56.4495],[-131.4716,56.5527],[-131.5813,56.6123],[-131.8354,56.5991],[-131.8604,56.7029],[-131.9009,56.7535],[-131.8731,56.8063],[-132.0047,56.8401],[-132.1231,56.8739],[-132.0448,57.0451],[-132.3687,57.0917],[-132.2478,57.2111],[-132.3692,57.3499],[-132.5539,57.4967],[-132.6608,57.6169],[-132.7512,57.6961],[-132.869,57.8397],[-133.0696,58.0001],[-133.172,58.1538],[-133.2696,58.2271],[-133.3487,58.2795],[-133.4599,58.3885],[-133.38,58.4318],[-133.5042,58.4964],[-133.6995,58.6091],[-133.841,58.7299],[-133.9719,58.7671],[-134.258,58.8609],[-134.3363,58.9236],[-134.3134,58.9621],[-134.4074,58.979],[-134.382,59.0388],[-134.4469,59.089],[-134.4827,59.131],[-134.5655,59.1308],[-134.6789,59.1921],[-134.7007,59.2489],[-134.9598,59.281],[-135.0335,59.3502],[-134.9924,59.3878],[-135.1006,59.4278],[-135.0773,59.4519],[-135.0279,59.4746],[-135.0289,59.5636],[-135.1175,59.6231],[-135.1572,59.6258],[-135.2198,59.6629],[-135.2337,59.6961],[-135.3644,59.7396],[-135.4796,59.7981],[-135.9476,59.6634],[-136.1953,59.6388],[-136.3535,59.5999],[-136.2414,59.5591],[-136.2363,59.5267],[-136.3014,59.4658],[-136.3609,59.4509],[-136.3963,59.4474],[-136.464,59.463],[-136.4645,59.3823],[-136.4578,59.2814],[-136.485,59.2763],[-136.4888,59.258],[-136.582,59.1655],[-136.8247,59.1598],[-136.9996,59.0914],[-137.0977,59.0565],[-137.2309,59.0133],[-137.2827,59.0001],[-137.4515,58.9085],[-137.526,58.9066],[-137.5,58.9849],[-137.5418,59.1063],[-137.6074,59.2435],[-138.1689,59.5359],[-138.6092,59.76],[-138.6563,59.7992],[-138.7058,59.9062],[-138.7908,59.923],[-139.0421,59.9916],[-139.177,60.0829],[-139.0485,60.3259],[-139.0521,60.3537],[-139.6801,60.3357],[-139.6917,60.333],[-139.9741,60.1845],[-140.448,60.308],[-140.4577,60.3041],[-140.5203,60.2191],[-140.7683,60.2583],[-140.924,60.2912],[-141.0016,60.3051],[-141.0018,63.4572],[-141.0038,63.7461],[-141.0018,63.9326],[-141.0032,65.0001],[-141.0022,67.0133],[-141.0069,67.9999],[-141.0023,68.5045],[-141.0032,69.4733],[-141.003,69.6462],[-141.1167,69.6729],[-141.1792,69.6813],[-141.2453,69.6432],[-141.2464,69.6297],[-141.3333,69.6312],[-141.3974,69.638],[-141.438,69.6766],[-141.4797,69.7037],[-141.5339,69.7286],[-141.6438,69.7521],[-141.6833,69.7708],[-141.7167,69.7604],[-141.75,69.7625],[-141.7854,69.7917],[-141.8437,69.7917],[-141.8729,69.8021],[-141.9292,69.7896],[-142.0104,69.7958],[-142.0354,69.8146],[-142.1,69.8229],[-142.1047,69.8359],[-142.1641,69.837],[-142.1687,69.8458],[-142.2396,69.8458],[-142.287,69.8755],[-142.3391,69.8859],[-142.3417,69.9104],[-142.3896,69.9104],[-142.3797,69.9287],[-142.425,69.9313],[-142.5161,69.9547],[-142.5807,69.9589],[-142.5818,69.9974],[-142.7271,70.0375],[-142.775,70.0396],[-142.8667,70.0563],[-142.9542,70.0542],[-142.9937,70.0583],[-143.0042,70.0771],[-143.1062,70.0771],[-143.1604,70.0979],[-143.3099,70.0974],[-143.35,70.0896],[-143.5125,70.0875],[-143.6583,70.0729],[-143.7234,70.0922],[-143.7833,70.0833],[-143.8078,70.0693],[-143.875,70.0771],[-143.9125,70.0583],[-143.9818,70.0599],[-143.9932,70.0484],[-144.0542,70.05],[-144.0896,70.0375],[-144.1354,70.0417],[-144.1646,70.0333],[-144.2146,70.0354],[-144.4125,70.0271],[-144.4292,70.0188],[-144.4875,70.0167],[-144.5464,69.988],[-144.5958,69.9708],[-144.6896,69.9646],[-144.8318,69.9776],[-144.8979,69.9625],[-144.9625,69.9583],[-145.025,69.9812],[-145.0792,69.9812],[-145.15,69.9896],[-145.2625,69.9896],[-145.2411,70.0078],[-145.4187,70.0292],[-145.4958,70.0583],[-145.5542,70.0542],[-145.563,70.0422],[-145.6125,70.0354],[-145.6812,70.0333],[-145.6792,70.0563],[-145.7557,70.0578],[-145.7375,70.0729],[-145.6521,70.0583],[-145.6182,70.0589],[-145.5937,70.0771],[-145.6812,70.1],[-145.7937,70.1375],[-145.8276,70.1557],[-145.8682,70.1557],[-145.8547,70.1318],[-145.8708,70.1167],[-145.9151,70.1151],[-145.9688,70.1292],[-146.0063,70.1312],[-146.0479,70.1438],[-146.1292,70.1479],[-146.1687,70.1646],[-146.2417,70.1646],[-146.2917,70.175],[-146.4375,70.1813],[-146.4995,70.1797],[-146.5229,70.1854],[-146.5729,70.1771],[-146.625,70.1792],[-146.7187,70.1687],[-146.7354,70.175],[-146.8542,70.175],[-146.9021,70.1687],[-146.9458,70.15],[-147.1828,70.1547],[-147.1964,70.1661],[-147.3047,70.1849],[-147.4167,70.1854],[-147.5125,70.2021],[-147.6667,70.2021],[-147.737,70.2151],[-147.7812,70.2167],[-147.8104,70.2396],[-147.7901,70.2609],[-147.8255,70.2693],[-147.8854,70.2729],[-147.9443,70.2526],[-147.9479,70.2771],[-148.0213,70.2776],[-148.0724,70.2911],[-148.0312,70.3104],[-148.1271,70.3271],[-148.2161,70.3161],[-148.2479,70.3375],[-148.2979,70.3146],[-148.3453,70.3016],[-148.3432,70.2839],[-148.4146,70.3063],[-148.4516,70.3068],[-148.4911,70.3182],[-148.4932,70.3349],[-148.5536,70.3422],[-148.5292,70.3688],[-148.5958,70.3958],[-148.7104,70.4083],[-148.7667,70.4063],[-148.8354,70.3875],[-148.8375,70.4063],[-148.9312,70.4083],[-148.9641,70.413],[-148.9917,70.4333],[-149.0562,70.4625],[-149.1271,70.4688],[-149.1687,70.4833],[-149.2375,70.4896],[-149.3255,70.4901],[-149.3578,70.4828],[-149.4292,70.4875],[-149.4526,70.5057],[-149.5099,70.5036],[-149.5792,70.4938],[-149.6667,70.5062],[-149.7271,70.5],[-149.7641,70.488],[-149.8104,70.4896],[-149.8479,70.5021],[-149.9021,70.4958],[-149.9401,70.4797],[-150.0911,70.4328],[-150.2479,70.4271],[-150.3125,70.4104],[-150.3875,70.4063],[-150.4542,70.3958],[-150.5521,70.375],[-150.6292,70.3479],[-150.6563,70.3458],[-150.6958,70.3167],[-150.7229,70.3229],[-150.7443,70.3005],[-150.7922,70.2693],[-150.7651,70.2599],[-150.763,70.2443],[-150.8589,70.1901],[-150.8938,70.1833],[-150.9271,70.15],[-151.0161,70.1234],[-150.9609,70.1047],[-150.9917,70.0896],[-151.0557,70.087],[-151.1146,70.0417],[-151.1938,70.0583],[-151.2688,70.0354],[-151.3479,70.0375],[-151.3807,70.0484],[-151.3537,70.0589],[-151.3062,70.0396],[-151.2646,70.0417],[-151.2167,70.0604],[-151.1854,70.0604],[-151.1375,70.05],[-151.0755,70.0776],[-151.0578,70.0974],[-150.9797,70.1005],[-150.9797,70.1099],[-151.0396,70.1271],[-151.1167,70.1292],[-151.0896,70.1438],[-151.0229,70.15],[-151.0036,70.1401],[-150.9297,70.1609],[-150.9151,70.1818],[-150.8359,70.2224],[-150.8516,70.2682],[-150.8062,70.2729],[-150.7693,70.2963],[-150.7682,70.3141],[-150.7297,70.3474],[-150.7453,70.3682],[-150.6422,70.3901],[-150.6255,70.4182],[-150.6687,70.4354],[-150.6625,70.4479],[-150.7375,70.4542],[-150.7734,70.4745],[-150.8203,70.4589],[-150.7526,70.4516],[-150.7599,70.4172],[-150.7484,70.3953],[-150.7953,70.3641],[-150.8521,70.3646],[-150.8625,70.3729],[-150.8328,70.3901],[-150.8604,70.4125],[-150.8458,70.4271],[-150.8062,70.4271],[-150.837,70.4526],[-150.8917,70.45],[-150.9146,70.4625],[-150.962,70.4401],[-151.025,70.4292],[-151.0417,70.4396],[-151.1479,70.4271],[-151.1932,70.4109],[-151.1807,70.3818],[-151.1338,70.3745],[-151.2141,70.3526],[-151.2458,70.3729],[-151.2745,70.3651],[-151.2688,70.3458],[-151.3271,70.3542],[-151.2818,70.3734],[-151.2672,70.3891],[-151.3104,70.4063],[-151.3792,70.4],[-151.4417,70.4229],[-151.5193,70.4266],[-151.5625,70.4375],[-151.6229,70.4313],[-151.6792,70.4354],[-151.7021,70.4292],[-151.7646,70.4354],[-151.8875,70.4313],[-151.9625,70.4563],[-151.9187,70.475],[-151.8167,70.4854],[-151.8521,70.5104],[-151.7839,70.5068],[-151.7484,70.5297],[-151.7604,70.5458],[-151.8271,70.5458],[-151.8604,70.5542],[-151.9333,70.5542],[-151.95,70.5604],[-152.0208,70.5604],[-152.0589,70.537],[-152.1229,70.55],[-152.1812,70.55],[-152.225,70.5375],[-152.2688,70.5437],[-152.3646,70.5375],[-152.3792,70.55],[-152.5208,70.5375],[-152.5479,70.55],[-152.6313,70.5375],[-152.6682,70.5516],[-152.6245,70.563],[-152.5479,70.5687],[-152.5167,70.5813],[-152.4,70.575],[-152.2729,70.575],[-152.2229,70.5813],[-152.0875,70.5667],[-152.0609,70.5797],[-152.1187,70.5896],[-152.1625,70.5854],[-152.2604,70.5917],[-152.3042,70.6042],[-152.3333,70.5958],[-152.4245,70.6088],[-152.4651,70.6422],[-152.4766,70.6672],[-152.4708,70.6937],[-152.4333,70.6937],[-152.3818,70.7151],[-152.4146,70.725],[-152.3646,70.7354],[-152.2974,70.7849],[-152.2474,70.8057],[-152.2047,70.8141],[-152.2229,70.825],[-152.4354,70.8604],[-152.5562,70.8729],[-152.5833,70.8812],[-152.6646,70.8792],[-152.6318,70.8599],[-152.6172,70.8339],[-152.6536,70.8266],[-152.6745,70.7953],[-152.7349,70.7963],[-152.7536,70.8411],[-152.75,70.8583],[-152.7932,70.8662],[-152.8161,70.8453],[-152.8708,70.85],[-152.9396,70.8938],[-153.0063,70.8958],[-153.1313,70.8938],[-153.1292,70.9208],[-153.2021,70.9208],[-153.2187,70.9146],[-153.2953,70.9099],[-153.3813,70.8875],[-153.4708,70.8854],[-153.5063,70.8708],[-153.5542,70.8833],[-153.6729,70.8833],[-153.7104,70.8896],[-153.8458,70.8854],[-153.9333,70.8771],[-153.938,70.8609],[-153.9984,70.8172],[-154.0604,70.7917],[-154.1562,70.7688],[-154.2125,70.7708],[-154.2536,70.8068],[-154.2854,70.8187],[-154.362,70.8151],[-154.3729,70.8271],[-154.4667,70.8208],[-154.5417,70.8229],[-154.5708,70.8167],[-154.6516,70.8443],[-154.6438,70.8625],[-154.7625,70.8688],[-154.7807,70.8807],[-154.75,70.8938],[-154.6958,70.8917],[-154.6479,70.9083],[-154.6109,70.9068],[-154.6229,70.95],[-154.5995,70.9807],[-154.5734,70.9953],[-154.6297,71.0245],[-154.6589,71.0068],[-154.7063,71.0021],[-154.7266,71.0286],[-154.6995,71.0432],[-154.7516,71.0505],[-154.7526,71.0661],[-154.8125,71.0854],[-154.8729,71.0771],[-154.8755,71.0922],[-154.937,71.0953],[-154.8943,71.0703],[-154.8958,71.0542],[-154.9646,71.05],[-154.9661,71.0339],[-154.8938,71.0333],[-154.8292,71.0417],[-154.7437,71.0417],[-154.7276,71.0182],[-154.7276,70.9568],[-154.7828,70.9484],[-154.8208,70.975],[-154.8609,70.9682],[-154.8422,70.938],[-154.8495,70.9089],[-154.8974,70.9224],[-154.8734,70.9307],[-154.9391,70.9422],[-154.9641,70.9943],[-154.95,71.0042],[-154.8599,71.013],[-154.8729,71.0313],[-154.937,71.0245],[-155.0255,71.0495],[-155.0495,71.087],[-155.0193,71.1057],[-155.0667,71.1292],[-155.0609,71.0839],[-155.0797,71.0661],[-155.1125,71.0708],[-155.1646,71.1021],[-155.2245,71.087],[-155.2437,71.0604],[-155.1568,71.0182],[-155.1505,70.9984],[-155.1693,70.9797],[-155.2021,70.9771],[-155.2495,71.0047],[-155.3062,71.0062],[-155.3599,70.9953],[-155.3734,70.9797],[-155.4667,70.9437],[-155.5042,70.9437],[-155.4849,70.9016],[-155.4828,70.8693],[-155.4542,70.8458],[-155.3333,70.8521],[-155.2859,70.8474],[-155.2255,70.8193],[-155.2937,70.825],[-155.3271,70.8104],[-155.313,70.788],[-155.3604,70.7833],[-155.3938,70.8104],[-155.4375,70.8104],[-155.5036,70.8443],[-155.5333,70.8292],[-155.6229,70.8042],[-155.6896,70.8313],[-155.8021,70.8333],[-155.875,70.8271],[-155.9182,70.8037],[-155.8891,70.7776],[-155.8875,70.7562],[-155.9417,70.7562],[-156.012,70.7943],[-155.9672,70.8057],[-155.9896,70.825],[-156.05,70.8208],[-156.1422,70.8276],[-156.0979,70.8396],[-156.0437,70.8438],[-156.0224,70.8557],[-156.1187,70.8521],[-156.1672,70.8609],[-156.088,70.8745],[-156.0854,70.8583],[-155.9901,70.8651],[-155.9818,70.8786],[-156.0083,70.8958],[-156.0729,70.8833],[-156.1037,70.9057],[-156.1859,70.887],[-156.2786,70.8891],[-156.2312,70.8688],[-156.2875,70.8583],[-156.3203,70.8755],[-156.2771,70.9042],[-156.2349,70.9182],[-156.2979,70.9229],[-156.3729,70.9042],[-156.4099,70.9089],[-156.4375,70.875],[-156.4891,70.8922],[-156.4463,70.912],[-156.3005,70.9255],[-156.2875,70.9396],[-156.2312,70.9458],[-156.1625,70.9729],[-156.1359,70.9703],[-156.1109,70.9484],[-156.1318,70.9276],[-156.0146,70.9229],[-155.9901,70.9391],[-156.0042,70.95],[-156.0646,70.9479],[-156.0792,70.9563],[-156,70.9646],[-155.8437,70.9708],[-155.8089,70.9651],[-155.7896,70.9833],[-155.7271,70.9833],[-155.6974,71.0203],[-155.6687,71.0229],[-155.612,71.0516],[-155.5396,71.0625],[-155.5068,71.0859],[-155.5255,71.1078],[-155.5875,71.1375],[-155.5964,71.1214],[-155.6375,71.1167],[-155.6453,71.1516],[-155.5917,71.1479],[-155.5693,71.162],[-155.6375,71.1771],[-155.6687,71.1708],[-155.7771,71.1917],[-155.9057,71.1839],[-155.9109,71.2016],[-155.9432,71.2057],[-155.9521,71.1833],[-156.0146,71.1708],[-156.0484,71.1839],[-156.0417,71.2],[-156.0917,71.2229],[-156.1,71.2417],[-156.1375,71.2417],[-156.1729,71.2542],[-156.2542,71.2625],[-156.3208,71.2583],[-156.4109,71.2703],[-156.4354,71.2875],[-156.5229,71.2917],[-156.5979,71.3354],[-156.6396,71.3271],[-156.6875,71.3042],[-156.7521,71.3063],[-156.8099,71.287],[-156.8641,71.2599],[-156.888,71.2401],[-156.9349,71.2245],[-156.9901,71.1901],[-157.0099,71.1849],[-157.0526,71.1516],[-157.1099,71.1307],[-157.1589,71.0964],[-157.2359,71.0505],[-157.2891,71.0286],[-157.2943,71.0193],[-157.3479,71.0062],[-157.3714,70.9922],[-157.4479,70.9625],[-157.6292,70.9125],[-157.7146,70.8854],[-157.8604,70.8542],[-157.9729,70.8396],[-158.025,70.8292],[-158.1917,70.8167],[-158.2917,70.8167],[-158.3542,70.8125],[-158.3917,70.7979],[-158.5125,70.7917],[-158.5625,70.7958],[-158.6396,70.7854],[-158.8042,70.7875],[-158.8375,70.7917],[-158.9646,70.7917],[-158.9505,70.7734],[-158.9812,70.7646],[-159.0453,70.7672],[-159.1083,70.7583],[-159.188,70.7557],[-159.2417,70.7708],[-159.2672,70.7578],[-159.2641,70.7359],[-159.2161,70.7068],[-159.2578,70.7089],[-159.2672,70.7307],[-159.3104,70.7333],[-159.3005,70.762],[-159.4141,70.7651],[-159.4062,70.7771],[-159.3521,70.7833],[-159.3516,70.7984],[-159.2854,70.8104],[-159.1354,70.8187],[-159.1526,70.8401],[-159.1917,70.8458],[-159.3375,70.8438],[-159.5458,70.8167],[-159.712,70.7662],[-159.7193,70.7589],[-159.8109,70.7234],[-159.85,70.7146],[-159.9474,70.6787],[-159.9901,70.6568],[-160.0167,70.6333],[-159.9417,70.625],[-159.8979,70.6125],[-159.8286,70.5766],[-159.8224,70.5432],[-159.7146,70.4875],[-159.6229,70.4875],[-159.612,70.5016],[-159.5708,70.5021],[-159.5021,70.5146],[-159.4854,70.5021],[-159.5213,70.4818],[-159.5625,70.4792],[-159.5854,70.4646],[-159.7396,70.4625],[-159.7995,70.4786],[-159.7922,70.4526],[-159.8484,70.4234],[-159.8766,70.3797],[-159.8255,70.3557],[-159.8213,70.3359],[-159.8661,70.2839],[-159.8193,70.2776],[-159.8411,70.2568],[-159.7776,70.2266],[-159.8354,70.2312],[-159.837,70.2422],[-159.8896,70.2667],[-159.8776,70.2911],[-159.9182,70.3089],[-159.8984,70.3349],[-159.9536,70.3672],[-160.0495,70.3432],[-160.0625,70.3292],[-160.1214,70.3172],[-160.1328,70.3287],[-160.0833,70.3458],[-160.038,70.3693],[-159.9797,70.4182],[-159.987,70.4276],[-159.9104,70.4833],[-159.9521,70.4812],[-159.9729,70.4688],[-160.0458,70.4604],[-160.0599,70.4745],[-160.0292,70.5021],[-159.9812,70.5104],[-159.9229,70.5083],[-159.8984,70.5266],[-159.9109,70.5766],[-160.025,70.5792],[-160.0276,70.5672],[-160.0896,70.5646],[-160.138,70.5807],[-160.1687,70.5792],[-160.2047,70.5589],[-160.3167,70.5188],[-160.3807,70.5016],[-160.3917,70.4854],[-160.4792,70.4667],[-160.5083,70.45],[-160.5937,70.4187],[-160.6229,70.4187],[-160.6786,70.4036],[-160.7068,70.3818],[-160.7479,70.3688],[-160.9146,70.3271],[-160.9917,70.3146],[-161.0401,70.313],[-161.2042,70.2729],[-161.2333,70.2604],[-161.2812,70.2583],[-161.3208,70.2458],[-161.3729,70.2479],[-161.4083,70.2396],[-161.5458,70.2396],[-161.6104,70.2438],[-161.6354,70.2167],[-161.7016,70.2099],[-161.7266,70.1974],[-161.7932,70.1807],[-161.8068,70.1609],[-161.8375,70.15],[-161.9667,70.1521],[-162.0125,70.1583],[-162.0521,70.1438],[-162.0813,70.1625],[-162.0599,70.1713],[-161.9792,70.1833],[-161.9146,70.1604],[-161.8875,70.1667],[-161.8458,70.1604],[-161.8193,70.1807],[-161.8537,70.1922],[-161.862,70.2099],[-161.7958,70.2042],[-161.7688,70.2146],[-161.8646,70.2292],[-161.8646,70.2479],[-161.7604,70.2354],[-161.6729,70.2396],[-161.6833,70.2625],[-161.7458,70.2667],[-161.8,70.2562],[-161.8432,70.2714],[-161.8224,70.2859],[-161.763,70.2839],[-161.7604,70.3042],[-161.7958,70.3208],[-161.8792,70.3271],[-161.9266,70.312],[-161.9297,70.2849],[-161.9682,70.2703],[-161.9672,70.2589],[-162.0026,70.2359],[-162.0625,70.225],[-162.0922,70.2005],[-162.1938,70.1729],[-162.2026,70.1526],[-162.2453,70.1412],[-162.2609,70.1245],[-162.3125,70.1208],[-162.3411,70.1057],[-162.3953,70.0922],[-162.4682,70.0578],[-162.4568,70.0005],[-162.4828,69.987],[-162.4901,69.9672],[-162.5609,69.9255],[-162.6307,69.9099],[-162.6651,69.8859],[-162.7193,69.8672],[-162.7474,69.8641],[-162.8214,69.8193],[-162.9432,69.7932],[-163.0286,69.7276],[-162.9484,69.712],[-162.9172,69.6943],[-162.9792,69.6687],[-163.0339,69.6734],[-163.0667,69.6479],[-163.088,69.6464],[-163.1182,69.6224],[-163.0937,69.6021],[-163.112,69.5901],[-163.0255,69.5578],[-163.0151,69.5359],[-163.0318,69.4943],[-163.0807,69.4474],[-163.0818,69.4213],[-163.1016,69.3943],[-163.088,69.3849],[-163.1245,69.3662],[-163.1328,69.3484],[-163.1734,69.313],[-163.1974,69.3078],[-163.2161,69.287],[-163.3036,69.2703],[-163.3359,69.2484],[-163.4661,69.1911],[-163.488,69.1484],[-163.5307,69.1412],[-163.6151,69.1005],[-163.6917,69.0687],[-163.7542,69.0563],[-163.8432,69.0307],[-163.8589,69.0193],[-163.9312,68.9917],[-164.025,68.9771],[-164.1057,68.9599],[-164.1396,68.9417],[-164.2833,68.925],[-164.4563,68.9167],[-164.4937,68.9104],[-164.6146,68.9146],[-164.7417,68.8979],[-164.8417,68.8938],[-165.0625,68.875],[-165.1125,68.875],[-165.1812,68.8646],[-165.2417,68.8646],[-165.3146,68.8562],[-165.4563,68.8521],[-165.5417,68.8521],[-165.65,68.8438],[-165.7292,68.8458],[-165.7437,68.8562],[-165.8167,68.8604],[-165.9083,68.8604],[-166.1042,68.875],[-166.2125,68.8792],[-166.2245,68.8724],[-166.2088,68.8495],[-166.2016,68.8089],[-166.1859,68.787],[-166.1974,68.7578],[-166.1922,68.6943],[-166.2287,68.6495],[-166.213,68.6412],[-166.2307,68.6057],[-166.2245,68.5703],[-166.2609,68.5339],[-166.2995,68.5141],[-166.3057,68.4849],[-166.2984,68.4672],[-166.3203,68.4537],[-166.3599,68.4047],[-166.4292,68.3938],[-166.4729,68.3708],[-166.537,68.362],[-166.5208,68.3396],[-166.6062,68.3396],[-166.7833,68.3562],[-166.7979,68.3438],[-166.6896,68.3438],[-166.5479,68.3292],[-166.3708,68.3229],[-166.3208,68.3313],[-166.2479,68.3187],[-166.1714,68.2849],[-166.1401,68.262],[-166.1328,68.2422],[-166.0958,68.2438],[-166.0151,68.2016],[-166.0161,68.1797],[-165.9984,68.1745],[-165.9807,68.1464],[-165.9563,68.1333],[-165.8813,68.1104],[-165.8062,68.1],[-165.7521,68.0979],[-165.6313,68.0833],[-165.4271,68.0479],[-165.3667,68.0396],[-165.3313,68.0229],[-165.2901,68.0182],[-165.2708,68.0021],[-165.2047,67.987],[-165.1786,67.963],[-165.1146,67.9542],[-165.0547,67.9307],[-165.0516,67.9193],[-165.0005,67.9099],[-164.9266,67.8734],[-164.8901,67.8724],[-164.8786,67.8588],[-164.8193,67.8516],[-164.8224,67.8401],[-164.7812,67.8229],[-164.725,67.8354],[-164.6771,67.8167],[-164.6849,67.8026],[-164.6422,67.7974],[-164.6078,67.7672],[-164.5672,67.7578],[-164.5536,67.7464],[-164.4979,67.7271],[-164.4953,67.7151],[-164.4318,67.7068],[-164.4312,67.6979],[-164.3521,67.7063],[-164.3083,67.6937],[-164.2599,67.6713],[-164.2125,67.6604],[-164.1896,67.6458],[-164.1026,67.6182],[-164.1078,67.6047],[-164.0661,67.5776],[-164.0297,67.5724],[-164.0307,67.5568],[-163.9667,67.5062],[-163.9005,67.4953],[-163.8943,67.4838],[-163.9307,67.4724],[-163.8807,67.4213],[-163.8167,67.4187],[-163.7734,67.4036],[-163.7708,67.3875],[-163.8203,67.3526],[-163.7974,67.3068],[-163.7625,67.2646],[-163.7411,67.1964],[-163.6729,67.1854],[-163.6417,67.1854],[-163.5891,67.1568],[-163.5083,67.1458],[-163.4609,67.1307],[-163.4172,67.1036],[-163.4203,67.088],[-163.4542,67.0896],[-163.5167,67.1021],[-163.525,67.1167],[-163.6417,67.1167],[-163.6974,67.1245],[-163.7208,67.1417],[-163.7474,67.1328],[-163.7328,67.1193],[-163.6604,67.0979],[-163.5771,67.0896],[-163.5396,67.0896],[-163.3271,67.0667],[-163.2688,67.0833],[-163.1979,67.0563],[-163.1583,67.0458],[-162.9979,67.0313],[-162.9583,67.0208],[-162.9333,67.0437],[-162.8583,67.0396],[-162.7479,67.0521],[-162.6463,67.0224],[-162.6313,67.0021],[-162.5896,67.0021],[-162.5536,66.9859],[-162.5213,66.9974],[-162.5161,67.0286],[-162.4766,67.0537],[-162.4563,67.0521],[-162.4214,67.0714],[-162.4182,67.0891],[-162.3651,67.1318],[-162.3875,67.1563],[-162.5104,67.1354],[-162.525,67.1292],[-162.5896,67.1292],[-162.6182,67.1526],[-162.5375,67.1333],[-162.4646,67.1542],[-162.3771,67.1625],[-162.3255,67.1505],[-162.3453,67.137],[-162.3979,67.0833],[-162.4005,67.0693],[-162.438,67.0391],[-162.4766,67.037],[-162.5016,67.0224],[-162.5042,67.0062],[-162.4839,66.987],[-162.4146,66.9833],[-162.3687,66.9938],[-162.2375,66.9938],[-162.1625,67.0188],[-162.0729,67.0292],[-162.0417,67.0292],[-161.9625,67.0417],[-161.9062,67.0417],[-161.8354,67.05],[-161.788,67.0432],[-161.7229,67.0083],[-161.7083,67.025],[-161.6193,67.0099],[-161.5833,66.9833],[-161.5292,66.9896],[-161.4859,66.9682],[-161.4734,66.9495],[-161.4797,66.9318],[-161.5729,66.9375],[-161.6083,66.95],[-161.712,66.9349],[-161.6963,66.9193],[-161.7828,66.8912],[-161.7776,66.8662],[-161.7276,66.8464],[-161.7891,66.8432],[-161.8057,66.8109],[-161.837,66.8005],[-161.8599,66.7797],[-161.8401,66.7672],[-161.8745,66.7245],[-161.8641,66.7026],[-161.738,66.6536],[-161.6938,66.625],[-161.6297,66.6099],[-161.5854,66.5875],[-161.5234,66.5807],[-161.537,66.5609],[-161.4542,66.5229],[-161.4271,66.5313],[-161.3813,66.5229],[-161.2917,66.5229],[-161.2437,66.5333],[-161.2068,66.5578],[-161.2271,66.5792],[-161.1849,66.6141],[-161.1187,66.6396],[-161.0437,66.6375],[-160.9729,66.6417],[-160.8938,66.6583],[-160.8083,66.6563],[-160.7339,66.6328],[-160.6896,66.5979],[-160.6562,66.5896],[-160.5109,66.5859],[-160.5286,66.6026],[-160.5021,66.6125],[-160.4354,66.6208],[-160.3687,66.6125],[-160.3224,66.6391],[-160.275,66.6521],[-160.2104,66.6479],[-160.1854,66.6312],[-160.0979,66.675],[-160.0708,66.675],[-160.0437,66.6563],[-160.0745,66.6349],[-160.0536,66.6151],[-160.0172,66.6412],[-159.9984,66.6651],[-159.9703,66.6422],[-159.9396,66.6521],[-159.9599,66.6724],[-159.9068,66.6787],[-159.8917,66.6687],[-159.8104,66.6583],[-159.8089,66.6724],[-159.7437,66.6854],[-159.7229,66.6771],[-159.6964,66.6484],[-159.7349,66.6391],[-159.7693,66.6172],[-159.8313,66.625],[-159.8724,66.637],[-159.8771,66.6188],[-159.8995,66.6109],[-159.8984,66.5901],[-159.9141,66.5766],[-159.9599,66.5755],[-159.9839,66.6026],[-160.0354,66.6062],[-160.0641,66.6151],[-160.1479,66.6188],[-160.1422,66.6068],[-160.1833,66.6],[-160.2021,66.6125],[-160.25,66.6167],[-160.2974,66.6099],[-160.2792,66.5958],[-160.238,66.587],[-160.2068,66.563],[-160.2453,66.5411],[-160.2104,66.5333],[-160.1755,66.5162],[-160.2016,66.4797],[-160.1463,66.4661],[-160.0333,66.475],[-160.037,66.4589],[-160.0172,66.4495],[-160.0339,66.4193],[-160.0792,66.4187],[-160.1193,66.437],[-160.212,66.4432],[-160.1963,66.4276],[-160.2276,66.3859],[-160.2625,66.3792],[-160.3229,66.3833],[-160.3542,66.375],[-160.4833,66.375],[-160.5458,66.3562],[-160.5667,66.3625],[-160.6417,66.3562],[-160.6833,66.3667],[-160.7063,66.3625],[-160.7854,66.3625],[-160.8484,66.3953],[-160.8979,66.4125],[-160.9599,66.4203],[-161.0016,66.4443],[-161.0213,66.4661],[-161.0651,66.4849],[-161.1333,66.4854],[-161.1703,66.5026],[-161.1734,66.5307],[-161.2125,66.5271],[-161.2661,66.512],[-161.3229,66.4771],[-161.3729,66.4729],[-161.4167,66.4583],[-161.4854,66.45],[-161.5063,66.4417],[-161.5833,66.4396],[-161.6349,66.4526],[-161.6651,66.4703],[-161.7146,66.4792],[-161.8203,66.5109],[-161.8589,66.5307],[-161.9099,66.5443],[-161.9391,66.563],[-161.9547,66.5849],[-161.9922,66.6099],[-162.0474,66.6255],[-162.0724,66.6484],[-162.0672,66.6807],[-162.0828,66.6911],[-162.062,66.712],[-162.038,66.7193],[-162.0109,66.7568],[-162.0109,66.7724],[-162.0625,66.775],[-162.0995,66.788],[-162.1609,66.8328],[-162.2391,66.8734],[-162.3005,66.937],[-162.3349,66.9391],[-162.4,66.9167],[-162.4312,66.9187],[-162.4729,66.9479],[-162.4974,66.9349],[-162.4922,66.9193],[-162.5208,66.9021],[-162.5557,66.8984],[-162.5797,66.8734],[-162.6203,66.8599],[-162.5088,66.7766],[-162.4943,66.7536],[-162.5016,66.7338],[-162.4729,66.7292],[-162.3396,66.725],[-162.3057,66.7307],[-162.287,66.7172],[-162.2333,66.7104],[-162.1651,66.6828],[-162.1214,66.6536],[-162.1005,66.6266],[-162.0995,66.6109],[-162.0771,66.6],[-161.9922,66.5787],[-161.8963,66.5286],[-161.8755,66.5099],[-161.8682,66.4693],[-161.8213,66.4557],[-161.8458,66.4271],[-161.8828,66.4141],[-161.9005,66.3714],[-161.9391,66.3234],[-161.8984,66.3391],[-161.9162,66.3474],[-161.8792,66.3604],[-161.8354,66.3604],[-161.7625,66.375],[-161.6917,66.3979],[-161.575,66.3958],[-161.5354,66.4021],[-161.4187,66.3771],[-161.3833,66.3833],[-161.3646,66.375],[-161.2271,66.3479],[-161.1417,66.3396],[-161.0776,66.3057],[-161.0672,66.287],[-161.0109,66.2557],[-160.9859,66.2255],[-161.0161,66.2016],[-160.9964,66.1922],[-161.0693,66.1766],[-161.0458,66.1625],[-161.0786,66.1432],[-161.0682,66.1245],[-161.0937,66.1104],[-161.1042,66.1479],[-161.0776,66.1922],[-161.0937,66.2292],[-161.2104,66.2063],[-161.3021,66.2167],[-161.3266,66.2255],[-161.3516,66.2547],[-161.4979,66.2583],[-161.5578,66.237],[-161.5568,66.2276],[-161.6245,66.1682],[-161.6255,66.1568],[-161.6714,66.1172],[-161.712,66.0932],[-161.7026,66.0818],[-161.7214,66.0589],[-161.7807,66.037],[-161.8245,66.0036],[-161.7734,65.9807],[-161.7854,65.9688],[-161.8807,65.9641],[-161.9016,65.9745],[-161.8693,66.0005],[-161.8859,66.0162],[-161.9193,66.0214],[-161.9318,66.0349],[-161.9641,66.0422],[-162.0396,66.0687],[-162.0583,66.0625],[-162.1187,66.0646],[-162.1354,66.075],[-162.2547,66.0401],[-162.3354,66.0271],[-162.4036,66.0297],[-162.4234,66.0474],[-162.4896,66.05],[-162.5396,66.0333],[-162.6286,66.0349],[-162.6599,66.0099],[-162.6786,66.0151],[-162.6755,66.0349],[-162.6568,66.0453],[-162.688,66.0703],[-162.7349,66.0776],[-162.7536,66.0901],[-162.8125,66.0875],[-162.8687,66.0792],[-162.9229,66.0896],[-162.9703,66.0849],[-163.0167,66.0687],[-163.1375,66.0521],[-163.1979,66.0625],[-163.3062,66.0687],[-163.3437,66.0813],[-163.4271,66.0771],[-163.4833,66.0833],[-163.5437,66.0667],[-163.5875,66.0667],[-163.6271,66.0542],[-163.6833,66.0667],[-163.7187,66.0646],[-163.7661,66.0734],[-163.8026,66.1016],[-163.8411,66.1193],[-163.8849,66.1693],[-163.8979,66.1937],[-163.9745,66.1734],[-164.0292,66.1854],[-164.075,66.1792],[-164.1792,66.1792],[-164.15,66.1958],[-164.0854,66.1958],[-164.0641,66.2057],[-163.9917,66.2146],[-163.9333,66.2146],[-163.8255,66.2714],[-163.838,66.3037],[-163.8807,66.3214],[-163.8651,66.3339],[-163.8724,66.387],[-163.8474,66.4182],[-163.7713,66.4484],[-163.7255,66.4964],[-163.7318,66.5203],[-163.7557,66.5255],[-163.8146,66.5563],[-163.8521,66.55],[-163.875,66.5583],[-163.9125,66.5563],[-163.9391,66.5693],[-163.9042,66.5771],[-163.8042,66.5771],[-163.6667,66.5563],[-163.6229,66.5646],[-163.6792,66.5771],[-163.7625,66.5875],[-163.8271,66.5917],[-164.1062,66.5917],[-164.2417,66.5833],[-164.4396,66.5771],[-164.5708,66.5563],[-164.6542,66.5479],[-164.7276,66.5109],[-164.8437,66.475],[-164.875,66.4729],[-164.9286,66.4495],[-164.938,66.4276],[-164.9911,66.4141],[-165.0036,66.4016],[-165.0537,66.3964],[-165.0422,66.4287],[-165.1458,66.4333],[-165.1896,66.4208],[-165.2479,66.4146],[-165.3229,66.4146],[-165.4396,66.4021],[-165.4651,66.3901],[-165.588,66.3568],[-165.6146,66.3562],[-165.6995,66.337],[-165.7557,66.3141],[-165.8109,66.2755],[-165.8464,66.263],[-165.8766,66.2349],[-165.8537,66.213],[-165.825,66.2083],[-165.7563,66.2104],[-165.6672,66.1974],[-165.5833,66.1646],[-165.4859,66.1516],[-165.5021,66.1417],[-165.5453,66.1432],[-165.5995,66.1224],[-165.6896,66.0958],[-165.7792,66.0958],[-165.8542,66.1104],[-166.0583,66.1062],[-166.0901,66.1203],[-166.1516,66.138],[-166.1286,66.1526],[-166.15,66.1604],[-166.2354,66.1708],[-166.2917,66.1604],[-166.35,66.1417],[-166.45,66.125],[-166.5526,66.0964],[-166.6042,66.0896],[-166.6375,66.075],[-166.7245,66.0516],[-166.7708,66.0313],[-166.8016,65.9953],[-166.7958,65.9729],[-166.8604,65.9708],[-166.9187,65.9875],[-166.9849,65.9589],[-166.9438,65.9583],[-166.888,65.9411],[-166.8625,65.925],[-166.9974,65.8953],[-167.0354,65.8688],[-167.1021,65.8604],[-167.1849,65.8401],[-167.1859,65.8536],[-167.2245,65.8609],[-167.2276,65.8766],[-167.2766,65.8839],[-167.2891,65.8932],[-167.4104,65.8521],[-167.4896,65.8313],[-167.4896,65.8229],[-167.4401,65.8037],[-167.4563,65.7979],[-167.5312,65.8021],[-167.5708,65.7958],[-167.562,65.7714],[-167.5125,65.7688],[-167.4859,65.7599],[-167.5026,65.7276],[-167.5833,65.7083],[-167.7896,65.7063],[-167.8307,65.6766],[-167.9953,65.6286],[-168.0417,65.625],[-168.0703,65.6432],[-168.0286,65.6891],[-167.9563,65.7146],[-167.925,65.7125],[-167.8703,65.7338],[-167.8542,65.7479],[-167.8125,65.7396],[-167.7953,65.7536],[-167.8125,65.7625],[-167.8833,65.7458],[-167.9271,65.7396],[-168.0807,65.6932],[-168.1016,65.6807],[-168.1224,65.6401],[-168.0859,65.6057],[-168.087,65.5901],[-168.0458,65.5687],[-167.9896,65.5563],[-167.9687,65.5604],[-167.8896,65.5521],[-167.8422,65.5391],[-167.8167,65.5208],[-167.7458,65.5104],[-167.6625,65.4833],[-167.6422,65.4807],[-167.6062,65.4542],[-167.5375,65.4396],[-167.4521,65.4104],[-167.4083,65.4021],[-167.2875,65.3958],[-167.1979,65.3958],[-167.1687,65.3896],[-167.0354,65.3875],[-166.9542,65.3708],[-166.9312,65.375],[-166.825,65.375],[-166.7521,65.3604],[-166.6104,65.3521],[-166.55,65.3396],[-166.5125,65.3375],[-166.3979,65.3083],[-166.3062,65.3125],[-166.1479,65.2875],[-166.0359,65.2474],[-166.0328,65.2276],[-166.013,65.2109],[-166.0188,65.1896],[-165.9396,65.1667],[-165.912,65.1505],[-165.8792,65.1479],[-165.8703,65.1807],[-165.8375,65.1896],[-165.8021,65.1813],[-165.7521,65.1896],[-165.6714,65.1661],[-165.6318,65.1661],[-165.6062,65.175],[-165.5318,65.1776],[-165.4953,65.1609],[-165.4354,65.1646],[-165.4224,65.2037],[-165.3797,65.2026],[-165.3854,65.1687]]],[[[-97.2157,25.9701],[-97.2193,26.0132],[-97.196,26.0465],[-97.1982,26.0679],[-97.2071,26.0793],[-97.2457,26.0799],[-97.2724,26.0874],[-97.291,26.1046],[-97.2824,26.119],[-97.3001,26.1432],[-97.3032,26.1599],[-97.2968,26.1801],[-97.2982,26.201],[-97.3126,26.2174],[-97.3065,26.2326],[-97.3154,26.2604],[-97.3443,26.2676],[-97.3479,26.311],[-97.3579,26.3376],[-97.3301,26.3654],[-97.3535,26.4185],[-97.3671,26.416],[-97.3843,26.4399],[-97.3871,26.4529],[-97.4157,26.4754],[-97.4071,26.4932],[-97.4213,26.5349],[-97.4154,26.5524],[-97.4257,26.5574],[-97.4332,26.5885],[-97.4465,26.6101],[-97.4449,26.6346],[-97.4565,26.6665],[-97.4679,26.7096],[-97.4682,26.7399],[-97.4782,26.8054],[-97.5126,26.8101],[-97.5349,26.8226],[-97.5546,26.8446],[-97.544,26.8951],[-97.4796,26.834],[-97.4662,26.8568],[-97.4726,26.876],[-97.464,26.8849],[-97.4596,26.9204],[-97.4621,26.9363],[-97.4887,26.9596],[-97.4957,26.9124],[-97.5076,26.9068],[-97.5279,26.9174],[-97.5479,26.9199],[-97.5549,26.9387],[-97.5471,26.9701],[-97.5385,26.9874],[-97.5193,26.9876],[-97.4824,26.9721],[-97.4665,26.9699],[-97.4518,26.984],[-97.4571,27.0321],[-97.4658,27.0642],[-97.48,27.0669],[-97.4944,27.0903],[-97.4806,27.1017],[-97.4483,27.0914],[-97.4425,27.1592],[-97.4471,27.1701],[-97.4322,27.2111],[-97.4222,27.262],[-97.4481,27.2632],[-97.4886,27.2494],[-97.5127,27.233],[-97.5432,27.229],[-97.5723,27.2388],[-97.6038,27.2432],[-97.6311,27.2425],[-97.6485,27.2762],[-97.6816,27.2687],[-97.6844,27.2833],[-97.661,27.288],[-97.6548,27.3043],[-97.6732,27.3103],[-97.6922,27.3348],[-97.6899,27.3411],[-97.7043,27.3705],[-97.735,27.4081],[-97.7114,27.3989],[-97.6625,27.3608],[-97.6681,27.3453],[-97.6327,27.3237],[-97.6369,27.3004],[-97.6042,27.2891],[-97.5772,27.33],[-97.5653,27.3219],[-97.5322,27.341],[-97.5028,27.3739],[-97.4932,27.391],[-97.4782,27.395],[-97.5114,27.4203],[-97.5095,27.4316],[-97.4829,27.4331],[-97.467,27.4046],[-97.472,27.3916],[-97.4866,27.3845],[-97.4811,27.37],[-97.4871,27.3509],[-97.4837,27.3306],[-97.5039,27.3242],[-97.4972,27.3116],[-97.4786,27.2994],[-97.4518,27.3128],[-97.4342,27.3134],[-97.4116,27.3226],[-97.3701,27.4077],[-97.3667,27.4455],[-97.3515,27.4769],[-97.3454,27.5079],[-97.3219,27.5687],[-97.2983,27.5975],[-97.2968,27.6155],[-97.2577,27.6971],[-97.3044,27.7094],[-97.2982,27.6823],[-97.3211,27.6573],[-97.3218,27.6778],[-97.3314,27.6944],[-97.333,27.7196],[-97.3522,27.729],[-97.375,27.7496],[-97.3882,27.7701],[-97.3925,27.8125],[-97.3781,27.8361],[-97.4083,27.8344],[-97.4167,27.8225],[-97.4381,27.8328],[-97.4622,27.8236],[-97.4786,27.8253],[-97.4894,27.8456],[-97.5125,27.8514],[-97.5203,27.8608],[-97.495,27.8828],[-97.4856,27.8623],[-97.4542,27.8717],[-97.4178,27.8697],[-97.4008,27.8764],[-97.3621,27.8752],[-97.3377,27.8833],[-97.3381,27.8617],[-97.3087,27.8739],[-97.2767,27.8814],[-97.2468,27.8733],[-97.2416,27.8596],[-97.2215,27.8381],[-97.2139,27.8208],[-97.1919,27.8208],[-97.1635,27.8667],[-97.1428,27.8936],[-97.1297,27.9171],[-97.1195,27.9244],[-97.0878,27.9686],[-97.0833,27.9803],[-97.0631,27.9941],[-97.0469,28.025],[-97.0253,28.0322],[-97.0367,28.077],[-97.0248,28.1051],[-97.0467,28.1158],[-97.0479,28.0997],[-97.0609,28.088],[-97.1025,28.0767],[-97.112,28.0601],[-97.135,28.0475],[-97.1475,27.9994],[-97.1697,27.9931],[-97.1508,28.034],[-97.1607,28.0491],[-97.2217,28.0772],[-97.2056,28.0983],[-97.1692,28.1303],[-97.1844,28.148],[-97.1822,28.1617],[-97.1505,28.1735],[-97.128,28.1458],[-97.0901,28.1683],[-97.0324,28.1881],[-97.0214,28.2033],[-97.0067,28.1918],[-97.0173,28.1834],[-97.0211,28.1498],[-96.9856,28.1275],[-96.9774,28.1394],[-96.9681,28.1708],[-96.9458,28.1963],[-96.9681,28.2203],[-96.9531,28.2311],[-96.9435,28.2509],[-96.9199,28.2505],[-96.9423,28.2184],[-96.9242,28.1997],[-96.9478,28.1647],[-96.9469,28.1506],[-96.9594,28.1225],[-96.9322,28.1237],[-96.9075,28.1511],[-96.8981,28.1449],[-96.8813,28.1683],[-96.8517,28.1889],[-96.8314,28.1983],[-96.7981,28.2319],[-96.7873,28.2556],[-96.8097,28.29],[-96.7915,28.3135],[-96.7953,28.3646],[-96.8278,28.38],[-96.857,28.4081],[-96.8576,28.4187],[-96.8375,28.4325],[-96.8172,28.4256],[-96.7805,28.4004],[-96.7703,28.4284],[-96.8004,28.4617],[-96.8115,28.4496],[-96.826,28.468],[-96.795,28.4836],[-96.784,28.4553],[-96.7536,28.4351],[-96.7529,28.4216],[-96.7369,28.409],[-96.7073,28.4056],[-96.7103,28.3894],[-96.7,28.3817],[-96.7044,28.3473],[-96.6874,28.3277],[-96.6431,28.3242],[-96.603,28.3474],[-96.5875,28.3497],[-96.5604,28.3704],[-96.4892,28.4025],[-96.4707,28.4074],[-96.433,28.4283],[-96.4075,28.4331],[-96.4053,28.4543],[-96.4618,28.4982],[-96.4864,28.5092],[-96.5125,28.532],[-96.5242,28.5562],[-96.5564,28.5675],[-96.5674,28.5828],[-96.6129,28.5682],[-96.611,28.592],[-96.6222,28.621],[-96.6112,28.6367],[-96.6316,28.6532],[-96.6374,28.6727],[-96.6648,28.6967],[-96.6453,28.7114],[-96.5861,28.725],[-96.5731,28.6931],[-96.5731,28.6733],[-96.565,28.6586],[-96.5631,28.6378],[-96.5442,28.6453],[-96.5269,28.6436],[-96.5094,28.6503],[-96.4948,28.6144],[-96.4841,28.6085],[-96.4731,28.628],[-96.4495,28.6359],[-96.4348,28.6032],[-96.3988,28.6192],[-96.4101,28.628],[-96.4196,28.6479],[-96.4063,28.6659],[-96.4235,28.6825],[-96.4099,28.6958],[-96.4403,28.7189],[-96.4353,28.7317],[-96.3978,28.7371],[-96.3873,28.7171],[-96.3893,28.6906],[-96.3955,28.6806],[-96.3853,28.6658],[-96.3602,28.6595],[-96.3566,28.6346],[-96.3042,28.6459],[-96.305,28.6692],[-96.2872,28.6836],[-96.2589,28.6872],[-96.2252,28.6982],[-96.1898,28.7243],[-96.1817,28.7072],[-96.2008,28.6764],[-96.2175,28.6644],[-96.2174,28.6505],[-96.2313,28.644],[-96.214,28.6257],[-96.2114,28.6144],[-96.1794,28.63],[-96.1569,28.6117],[-96.0967,28.625],[-96.0514,28.6472],[-96.0297,28.6529],[-96.0042,28.6328],[-95.9886,28.6517],[-95.9797,28.6367],[-95.9958,28.6183],[-95.9942,28.5994],[-96.0458,28.5886],[-96.0706,28.5694],[-96.0909,28.5652],[-96.116,28.5512],[-96.1444,28.5444],[-96.2061,28.5133],[-96.2219,28.4983],[-96.2769,28.4739],[-96.3353,28.4381],[-96.3186,28.4231],[-96.3119,28.4344],[-96.2872,28.4519],[-96.2253,28.4881],[-96.1594,28.5208],[-96.0886,28.5536],[-96.0178,28.5825],[-95.8684,28.6394],[-95.8067,28.6678],[-95.6614,28.7445],[-95.6705,28.7465],[-95.7083,28.7264],[-95.7457,28.7101],[-95.7868,28.6959],[-95.8367,28.6731],[-95.8397,28.6675],[-95.8828,28.6506],[-95.8947,28.6408],[-95.9208,28.6373],[-95.9331,28.63],[-95.9528,28.6358],[-95.9531,28.6525],[-95.9367,28.6708],[-95.9443,28.6856],[-95.9271,28.6997],[-95.8869,28.7147],[-95.8347,28.7306],[-95.8297,28.7364],[-95.7864,28.7486],[-95.7511,28.75],[-95.7256,28.7406],[-95.6983,28.7492],[-95.6725,28.7631],[-95.6542,28.7503],[-95.5877,28.7821],[-95.4572,28.8517],[-95.4287,28.8559],[-95.3853,28.8672],[-95.3522,28.8997],[-95.3183,28.9242],[-95.2953,28.9364],[-95.2706,28.9636],[-95.2183,29.0052],[-95.1228,29.0708],[-95.1413,29.0668],[-95.1598,29.0736],[-95.1685,29.0456],[-95.1978,29.0313],[-95.2056,29.0172],[-95.2356,29.0069],[-95.2233,29.0424],[-95.1869,29.0738],[-95.2044,29.0978],[-95.1743,29.1124],[-95.1608,29.0986],[-95.1653,29.0805],[-95.1494,29.0708],[-95.1384,29.085],[-95.1599,29.1022],[-95.1667,29.1149],[-95.154,29.1532],[-95.1495,29.1802],[-95.1673,29.1914],[-95.1817,29.1884],[-95.1925,29.2059],[-95.1752,29.2093],[-95.1494,29.1962],[-95.1136,29.1958],[-95.1003,29.1759],[-95.0358,29.2133],[-95.025,29.2342],[-94.9947,29.2619],[-94.9864,29.275],[-94.9617,29.2861],[-94.9414,29.3114],[-94.9122,29.3106],[-94.8744,29.2883],[-94.8842,29.2728],[-94.9161,29.2581],[-94.9439,29.2358],[-94.9461,29.22],[-94.9733,29.1966],[-95.0269,29.1592],[-95.0464,29.1496],[-95.0451,29.1376],[-94.9674,29.1852],[-94.8733,29.2399],[-94.8237,29.2668],[-94.7253,29.3331],[-94.7311,29.3378],[-94.7664,29.3378],[-94.7742,29.3225],[-94.7947,29.3096],[-94.8202,29.3099],[-94.8702,29.2904],[-94.8983,29.3038],[-94.8922,29.3246],[-94.9074,29.3399],[-94.8991,29.3565],[-94.8758,29.3632],[-94.8833,29.3785],[-94.8913,29.4338],[-94.9333,29.454],[-94.9536,29.4723],[-94.9121,29.4965],[-94.9805,29.5127],[-95.0142,29.5389],[-95.0167,29.5569],[-95.0057,29.5772],[-94.9822,29.6022],[-95.008,29.623],[-95.0155,29.6385],[-95.0011,29.6644],[-94.981,29.6765],[-94.9936,29.6921],[-95.017,29.7006],[-95.0535,29.7067],[-95.0514,29.7298],[-95.0673,29.7408],[-95.0701,29.7532],[-95.0956,29.7586],[-95.0994,29.7841],[-95.0854,29.7977],[-95.0967,29.8111],[-95.0828,29.8242],[-95.0683,29.8136],[-95.0421,29.7701],[-95.0539,29.7492],[-95.0303,29.7458],[-95.0188,29.7217],[-95.0056,29.7209],[-94.9963,29.7074],[-94.9805,29.7095],[-94.9661,29.6996],[-94.9358,29.6928],[-94.9312,29.6713],[-94.9097,29.6549],[-94.871,29.6729],[-94.8643,29.6967],[-94.8475,29.7253],[-94.8216,29.7521],[-94.7974,29.7668],[-94.7399,29.7879],[-94.7094,29.7646],[-94.6956,29.735],[-94.6892,29.6964],[-94.6966,29.6809],[-94.7,29.6429],[-94.7149,29.6099],[-94.7353,29.5769],[-94.7528,29.5618],[-94.7513,29.5496],[-94.7816,29.5321],[-94.7638,29.5243],[-94.7411,29.5265],[-94.7044,29.5385],[-94.6872,29.5379],[-94.663,29.5463],[-94.6049,29.5582],[-94.5689,29.5731],[-94.5511,29.5743],[-94.5254,29.5516],[-94.5225,29.5407],[-94.4991,29.5443],[-94.474,29.5582],[-94.4674,29.5494],[-94.4944,29.5129],[-94.5122,29.5164],[-94.6077,29.4799],[-94.6816,29.4538],[-94.7674,29.3865],[-94.7777,29.3763],[-94.7794,29.3604],[-94.7608,29.3618],[-94.7422,29.3754],[-94.7294,29.3699],[-94.7077,29.4046],[-94.6694,29.4327],[-94.6174,29.459],[-94.5058,29.5054],[-94.3127,29.5768],[-94.1188,29.6527],[-94.0675,29.6686],[-94.0099,29.6803],[-93.9725,29.6829],[-93.8692,29.6775],[-93.8385,29.6778],[-93.8423,29.69],[-93.8045,29.7131],[-93.7554,29.7314],[-93.6989,29.7439],[-93.566,29.7613],[-93.4987,29.7686],[-93.4455,29.7694],[-93.3467,29.7617],[-93.2697,29.7769],[-93.2372,29.7776],[-93.1856,29.7716],[-93.0427,29.7387],[-92.9653,29.7147],[-92.9242,29.6986],[-92.8611,29.6697],[-92.8353,29.6608],[-92.7361,29.6181],[-92.6609,29.5941],[-92.5997,29.58],[-92.5594,29.5892],[-92.5586,29.5756],[-92.5258,29.5683],[-92.4619,29.5608],[-92.3953,29.5444],[-92.3453,29.5342],[-92.3178,29.5317],[-92.2783,29.5339],[-92.2539,29.5397],[-92.2029,29.5669],[-92.1496,29.5846],[-92.1052,29.5875],[-92.0774,29.5831],[-92.0704,29.6],[-92.0376,29.618],[-92.0825,29.6233],[-92.1073,29.6127],[-92.1219,29.6344],[-92.1261,29.6533],[-92.1366,29.6672],[-92.1056,29.6908],[-92.1037,29.6992],[-92.1661,29.6989],[-92.2003,29.7256],[-92.2157,29.7485],[-92.1764,29.7742],[-92.1536,29.7842],[-92.1383,29.7806],[-92.1108,29.7422],[-92.0762,29.7627],[-92.0381,29.7811],[-91.9775,29.8036],[-91.9858,29.8202],[-91.9741,29.8329],[-91.9372,29.8161],[-91.9155,29.8184],[-91.907,29.8306],[-91.8856,29.8358],[-91.8625,29.8261],[-91.8431,29.8292],[-91.8255,29.8239],[-91.8219,29.8],[-91.8271,29.7772],[-91.8503,29.7881],[-91.8775,29.7475],[-91.8556,29.7406],[-91.8533,29.7306],[-91.8778,29.7169],[-91.8608,29.71],[-91.8242,29.7228],[-91.7716,29.7464],[-91.7361,29.7497],[-91.7142,29.7376],[-91.67,29.7464],[-91.6156,29.74],[-91.6169,29.7103],[-91.625,29.6819],[-91.6264,29.6547],[-91.6367,29.6414],[-91.6245,29.6285],[-91.5842,29.6389],[-91.5602,29.6397],[-91.5522,29.6335],[-91.5357,29.5861],[-91.5381,29.5684],[-91.5251,29.5523],[-91.5356,29.5314],[-91.5178,29.5292],[-91.4744,29.5433],[-91.4678,29.53],[-91.4316,29.5416],[-91.4306,29.5217],[-91.4131,29.4969],[-91.3908,29.5126],[-91.3567,29.5158],[-91.3385,29.4903],[-91.2957,29.4772],[-91.2658,29.4786],[-91.2581,29.445],[-91.2197,29.4367],[-91.2125,29.425],[-91.2196,29.4042],[-91.2053,29.3944],[-91.1994,29.375],[-91.1772,29.3631],[-91.1617,29.3611],[-91.1336,29.3414],[-91.1192,29.3056],[-91.1333,29.2814],[-91.1167,29.2575],[-91.1325,29.2472],[-91.1361,29.2331],[-91.1291,29.2195],[-91.0943,29.1911],[-91.0619,29.1833],[-91.0342,29.2229],[-91.0293,29.2076],[-91.0064,29.2181],[-91.0109,29.1748],[-90.9822,29.1737],[-90.9702,29.189],[-90.9425,29.175],[-90.9394,29.1661],[-90.9144,29.1464],[-90.9053,29.1519],[-90.8906,29.1294],[-90.8547,29.1481],[-90.8397,29.1703],[-90.8167,29.1536],[-90.7904,29.1771],[-90.7697,29.1808],[-90.7703,29.1664],[-90.7903,29.1494],[-90.7842,29.1336],[-90.7261,29.1461],[-90.7183,29.1819],[-90.6878,29.2103],[-90.6792,29.2244],[-90.6503,29.2525],[-90.6318,29.2505],[-90.6247,29.2658],[-90.62,29.3],[-90.6108,29.3125],[-90.585,29.3186],[-90.5606,29.3083],[-90.5453,29.3306],[-90.5319,29.3108],[-90.5125,29.3],[-90.4992,29.3069],[-90.4761,29.2949],[-90.4519,29.3193],[-90.4603,29.3372],[-90.4433,29.3489],[-90.4301,29.348],[-90.4253,29.3272],[-90.3981,29.3072],[-90.3972,29.2639],[-90.3782,29.2753],[-90.3776,29.2914],[-90.3635,29.2985],[-90.3503,29.3222],[-90.3394,29.3264],[-90.3308,29.297],[-90.3393,29.2908],[-90.3078,29.2722],[-90.2728,29.1958],[-90.255,29.1789],[-90.2503,29.1622],[-90.2556,29.1426],[-90.2347,29.1292],[-90.2406,29.0958],[-90.2207,29.0865],[-90.185,29.1042],[-90.0833,29.1678],[-90.0678,29.1847],[-90.0728,29.2019],[-90.0947,29.1814],[-90.1078,29.1961],[-90.135,29.2072],[-90.1249,29.2203],[-90.1061,29.2283],[-90.1097,29.2736],[-90.1278,29.2925],[-90.1353,29.3297],[-90.1494,29.3475],[-90.1361,29.3703],[-90.1039,29.34],[-90.0967,29.3531],[-90.0779,29.3475],[-90.0708,29.3581],[-90.0419,29.35],[-90.0483,29.3792],[-90.0711,29.3986],[-90.0564,29.4211],[-90.0664,29.4458],[-90.1464,29.4619],[-90.1508,29.4736],[-90.1725,29.4669],[-90.2011,29.5003],[-90.2292,29.5075],[-90.2208,29.5206],[-90.225,29.5364],[-90.2072,29.565],[-90.1714,29.5661],[-90.1486,29.5331],[-90.1339,29.5525],[-90.0919,29.5283],[-90.0692,29.5097],[-90.0433,29.5019],[-90.0417,29.4931],[-90.0131,29.4953],[-90.0092,29.4831],[-89.9931,29.4822],[-89.9867,29.4631],[-89.9647,29.4633],[-89.9539,29.4567],[-89.9361,29.4608],[-89.9217,29.4939],[-89.8997,29.4917],[-89.8686,29.4814],[-89.8597,29.4733],[-89.8364,29.475],[-89.8169,29.4614],[-89.8228,29.4447],[-89.8367,29.4508],[-89.8414,29.4292],[-89.8344,29.4203],[-89.8108,29.4275],[-89.8128,29.4044],[-89.7906,29.4103],[-89.7761,29.4017],[-89.7247,29.4408],[-89.7297,29.4686],[-89.7003,29.4658],[-89.6842,29.4408],[-89.6631,29.4325],[-89.6369,29.3969],[-89.6083,29.3872],[-89.5974,29.3589],[-89.5841,29.364],[-89.5631,29.3603],[-89.5342,29.3469],[-89.5203,29.3311],[-89.5061,29.3306],[-89.5001,29.3139],[-89.4764,29.295],[-89.4725,29.2611],[-89.4912,29.2543],[-89.4878,29.2318],[-89.4564,29.1939],[-89.4472,29.1936],[-89.4225,29.2106],[-89.3925,29.2047],[-89.3817,29.2244],[-89.3522,29.2225],[-89.3514,29.2119],[-89.3109,29.2245],[-89.2931,29.2092],[-89.2711,29.1672],[-89.2787,29.1578],[-89.2717,29.1333],[-89.307,29.1178],[-89.2946,29.0894],[-89.3114,29.0881],[-89.3079,29.0724],[-89.3164,29.0603],[-89.3411,29.0453],[-89.335,29.0314],[-89.3092,29.0644],[-89.2844,29.0875],[-89.2631,29.13],[-89.2536,29.1014],[-89.2185,29.0711],[-89.2117,29.0406],[-89.1894,29.0281],[-89.1697,29.0064],[-89.1597,29.0297],[-89.1628,29.0425],[-89.1486,29.0519],[-89.151,29.073],[-89.1181,29.0742],[-89.1125,29.0825],[-89.1186,29.11],[-89.0913,29.1198],[-89.0738,29.106],[-89.0567,29.1064],[-89.0669,29.1317],[-89.1019,29.1351],[-89.1144,29.1578],[-89.0939,29.1772],[-89.1347,29.2203],[-89.1544,29.2292],[-89.1389,29.2858],[-89.1546,29.2906],[-89.1744,29.3214],[-89.1906,29.3167],[-89.1997,29.3444],[-89.2297,29.3075],[-89.24,29.3036],[-89.2442,29.2683],[-89.2664,29.2517],[-89.2578,29.2358],[-89.2683,29.2094],[-89.2872,29.2489],[-89.3103,29.2544],[-89.3244,29.2678],[-89.3224,29.2912],[-89.2977,29.3047],[-89.2736,29.3044],[-89.2686,29.3286],[-89.2707,29.3473],[-89.2875,29.3478],[-89.2922,29.3669],[-89.3192,29.3525],[-89.3383,29.3544],[-89.3475,29.3309],[-89.3617,29.34],[-89.3944,29.345],[-89.4031,29.355],[-89.3972,29.3742],[-89.4372,29.3789],[-89.4703,29.4014],[-89.5119,29.3828],[-89.5408,29.3861],[-89.5617,29.3933],[-89.5711,29.408],[-89.551,29.4288],[-89.5653,29.4383],[-89.5594,29.4506],[-89.5881,29.48],[-89.5903,29.4953],[-89.6106,29.4889],[-89.6203,29.4761],[-89.6539,29.5144],[-89.6681,29.51],[-89.6864,29.5236],[-89.6775,29.5414],[-89.6944,29.5508],[-89.7086,29.5764],[-89.7278,29.5917],[-89.7536,29.6247],[-89.7361,29.6303],[-89.6875,29.6183],[-89.6831,29.6339],[-89.6611,29.6261],[-89.6619,29.6539],[-89.6761,29.6653],[-89.6539,29.6811],[-89.6403,29.6825],[-89.6128,29.6583],[-89.5569,29.6608],[-89.5328,29.6533],[-89.5303,29.6633],[-89.5683,29.6664],[-89.5917,29.6808],[-89.5919,29.7033],[-89.6189,29.6997],[-89.6494,29.7131],[-89.656,29.7395],[-89.6442,29.7583],[-89.6206,29.7647],[-89.6089,29.7389],[-89.5817,29.7583],[-89.5617,29.74],[-89.5389,29.7453],[-89.495,29.7278],[-89.4694,29.7217],[-89.4653,29.705],[-89.4503,29.6853],[-89.4344,29.6842],[-89.4325,29.7064],[-89.4731,29.7347],[-89.4647,29.7619],[-89.4489,29.7683],[-89.4536,29.7822],[-89.4714,29.7939],[-89.4661,29.8097],[-89.4783,29.8194],[-89.5011,29.8181],[-89.5186,29.8058],[-89.5244,29.8297],[-89.5036,29.8311],[-89.4836,29.8236],[-89.4669,29.8267],[-89.4453,29.8025],[-89.4358,29.7822],[-89.4186,29.7789],[-89.3936,29.7906],[-89.3697,29.7811],[-89.3492,29.7881],[-89.3919,29.8119],[-89.4161,29.8139],[-89.4256,29.8519],[-89.4167,29.8719],[-89.4308,29.89],[-89.4278,29.8983],[-89.4453,29.9181],[-89.4417,29.93],[-89.4022,29.9481],[-89.4053,29.9614],[-89.4464,29.9539],[-89.4731,29.9722],[-89.4756,29.9875],[-89.5072,29.9967],[-89.5046,30.0176],[-89.4697,29.9911],[-89.4483,30.0122],[-89.4394,30.0567],[-89.4564,30.0589],[-89.4847,30.0786],[-89.4967,30.0608],[-89.4878,30.0414],[-89.5803,29.9894],[-89.57,29.9625],[-89.5814,29.9469],[-89.58,29.9325],[-89.5931,29.9167],[-89.5908,29.8853],[-89.6094,29.8711],[-89.645,29.8614],[-89.7044,29.8739],[-89.7458,29.9097],[-89.7442,29.935],[-89.7142,29.9467],[-89.7314,29.9572],[-89.7553,29.9422],[-89.7936,29.9322],[-89.8192,29.9333],[-89.8383,29.9422],[-89.86,30.0011],[-89.8361,30.0306],[-89.8192,30.0447],[-89.7706,30.0475],[-89.7506,30.0378],[-89.7329,30.0222],[-89.7169,30.0278],[-89.7317,30.0486],[-89.7269,30.0636],[-89.685,30.0758],[-89.68,30.1036],[-89.6558,30.1197],[-89.6228,30.1569],[-89.5867,30.1506],[-89.5564,30.1806],[-89.5242,30.185],[-89.4919,30.1828],[-89.4666,30.1935],[-89.4563,30.1803],[-89.4439,30.1886],[-89.4481,30.2042],[-89.4203,30.23],[-89.4197,30.2542],[-89.3819,30.2689],[-89.3667,30.2844],[-89.3392,30.2961],[-89.3219,30.3203],[-89.3394,30.3433],[-89.3594,30.3383],[-89.3782,30.3434],[-89.3533,30.3697],[-89.3131,30.3755],[-89.3113,30.3666],[-89.2688,30.3418],[-89.2923,30.3264],[-89.2919,30.3039],[-89.2691,30.3064],[-89.2214,30.3231],[-89.1814,30.3325],[-89.0833,30.3686],[-89.0044,30.3875],[-88.915,30.3947],[-88.8564,30.3903],[-88.8583,30.4056],[-88.8856,30.4139],[-88.9041,30.4122],[-88.9125,30.4211],[-88.9289,30.4131],[-88.9847,30.4142],[-88.9881,30.4297],[-88.9537,30.4217],[-88.9039,30.4296],[-88.8773,30.4213],[-88.8685,30.4293],[-88.8484,30.43],[-88.8383,30.4091],[-88.8051,30.3923],[-88.7479,30.3485],[-88.7382,30.3446],[-88.6991,30.3447],[-88.6642,30.3636],[-88.6376,30.3607],[-88.6125,30.3732],[-88.6083,30.4111],[-88.5881,30.3994],[-88.57,30.4003],[-88.5625,30.3794],[-88.5653,30.3441],[-88.5296,30.3429],[-88.5131,30.3339],[-88.5042,30.3191],[-88.4794,30.3186],[-88.4552,30.329],[-88.4467,30.3386],[-88.4494,30.3611],[-88.4256,30.3547],[-88.4092,30.3694],[-88.4138,30.3803],[-88.3825,30.3892],[-88.3577,30.4057],[-88.3371,30.4045],[-88.313,30.3901],[-88.2588,30.3818],[-88.2096,30.3607],[-88.1881,30.3661],[-88.1921,30.3181],[-88.1562,30.3273],[-88.1515,30.3389],[-88.1294,30.3383],[-88.1073,30.3782],[-88.1037,30.4267],[-88.1086,30.4515],[-88.0971,30.4711],[-88.1027,30.4897],[-88.101,30.5101],[-88.0838,30.5283],[-88.0809,30.5439],[-88.0872,30.5669],[-88.0642,30.589],[-88.0542,30.6122],[-88.0606,30.643],[-88.0381,30.6481],[-88.0325,30.6647],[-88.0208,30.6681],[-88.012,30.6847],[-88.0211,30.6992],[-88.0156,30.7689],[-87.9941,30.7752],[-87.9834,30.7639],[-88.0094,30.7374],[-88.0141,30.7238],[-87.9989,30.7119],[-87.9881,30.6869],[-87.9696,30.7098],[-87.9539,30.6756],[-87.9369,30.6571],[-87.9142,30.6508],[-87.9208,30.6268],[-87.9126,30.6157],[-87.9149,30.5855],[-87.9037,30.5647],[-87.9021,30.5477],[-87.9103,30.5264],[-87.9372,30.4829],[-87.9195,30.471],[-87.9075,30.4103],[-87.8639,30.3825],[-87.8369,30.3769],[-87.8469,30.3953],[-87.8254,30.4132],[-87.8185,30.3914],[-87.8303,30.3864],[-87.8372,30.3656],[-87.8296,30.3529],[-87.8006,30.3261],[-87.7723,30.3111],[-87.7596,30.2949],[-87.7413,30.2983],[-87.7339,30.2817],[-87.7539,30.2822],[-87.7667,30.2639],[-87.7973,30.2531],[-87.8186,30.2549],[-87.8591,30.2409],[-87.8921,30.2393],[-87.9369,30.2608],[-87.9495,30.2558],[-87.9649,30.2378],[-87.9325,30.2311],[-87.8289,30.2269],[-87.8053,30.2289],[-87.7434,30.2402],[-87.6567,30.25],[-87.5833,30.2691],[-87.5581,30.2714],[-87.555,30.2831],[-87.5642,30.3044],[-87.5806,30.2939],[-87.6064,30.3],[-87.5937,30.3208],[-87.5408,30.3061],[-87.5206,30.3214],[-87.5092,30.3422],[-87.4869,30.3425],[-87.4636,30.3611],[-87.4511,30.3817],[-87.4497,30.3983],[-87.4308,30.4172],[-87.3997,30.4236],[-87.3994,30.4467],[-87.3744,30.4589],[-87.3586,30.4542],[-87.3408,30.43],[-87.3583,30.4172],[-87.3908,30.4114],[-87.3981,30.4003],[-87.4256,30.4025],[-87.425,30.3803],[-87.4408,30.3653],[-87.4169,30.3425],[-87.4314,30.3361],[-87.4497,30.3131],[-87.4301,30.3143],[-87.4011,30.309],[-87.387,30.3233],[-87.35,30.3258],[-87.3231,30.3319],[-87.3064,30.3451],[-87.265,30.3442],[-87.2658,30.3717],[-87.2576,30.3884],[-87.2064,30.4086],[-87.1731,30.4323],[-87.1603,30.4683],[-87.1581,30.4961],[-87.1619,30.5152],[-87.1844,30.5266],[-87.1868,30.5417],[-87.1722,30.5567],[-87.1894,30.5783],[-87.1588,30.5805],[-87.1311,30.5444],[-87.1328,30.5322],[-87.098,30.5158],[-87.0942,30.4748],[-87.1029,30.4484],[-87.0919,30.4386],[-87.0677,30.4478],[-87.0647,30.4679],[-87.0473,30.502],[-87.0477,30.5128],[-87.0303,30.5447],[-87.0029,30.5491],[-87.0006,30.5306],[-87.0112,30.5196],[-87.013,30.4984],[-86.9872,30.4867],[-86.9356,30.4547],[-86.9836,30.4172],[-87.0147,30.4034],[-87.0464,30.3981],[-87.0865,30.3991],[-87.1308,30.3836],[-87.1442,30.3689],[-87.1772,30.3717],[-87.1922,30.3622],[-87.176,30.3512],[-87.0963,30.3729],[-86.9917,30.3867],[-86.9497,30.3953],[-86.8633,30.3994],[-86.8194,30.4078],[-86.7664,30.4095],[-86.7531,30.4025],[-86.7233,30.4108],[-86.6975,30.4064],[-86.6767,30.4086],[-86.6047,30.4011],[-86.5867,30.4103],[-86.5849,30.4364],[-86.5575,30.4297],[-86.5364,30.4542],[-86.51,30.4553],[-86.4872,30.4653],[-86.4794,30.4759],[-86.4539,30.4917],[-86.4208,30.4514],[-86.3964,30.4529],[-86.3761,30.4631],[-86.3497,30.4664],[-86.3192,30.4775],[-86.3006,30.4717],[-86.255,30.4867],[-86.2358,30.4745],[-86.205,30.4764],[-86.1881,30.4547],[-86.1608,30.4589],[-86.1586,30.4361],[-86.1344,30.4236],[-86.1214,30.4036],[-86.1044,30.3905],[-86.1189,30.3794],[-86.1583,30.3803],[-86.2019,30.3983],[-86.2255,30.4189],[-86.2481,30.4286],[-86.2661,30.4161],[-86.2375,30.4003],[-86.2456,30.39],[-86.2664,30.3975],[-86.3006,30.4025],[-86.3189,30.4175],[-86.3283,30.3917],[-86.3431,30.3856],[-86.3739,30.3903],[-86.4094,30.402],[-86.4733,30.4097],[-86.4882,30.418],[-86.5161,30.3967],[-86.5025,30.3819],[-86.4544,30.3836],[-86.3978,30.3794],[-86.3331,30.3703],[-86.275,30.3578],[-86.1878,30.3342],[-86.0648,30.2945],[-85.9886,30.2661],[-85.9222,30.2383],[-85.83,30.1897],[-85.7756,30.1567],[-85.7481,30.1356],[-85.7308,30.1481],[-85.7247,30.1622],[-85.7517,30.1719],[-85.7519,30.195],[-85.7442,30.2128],[-85.7681,30.2287],[-85.7625,30.2417],[-85.7986,30.2531],[-85.8158,30.24],[-85.8217,30.2264],[-85.8492,30.2325],[-85.8536,30.2522],[-85.8458,30.2764],[-85.8511,30.2867],[-85.8156,30.285],[-85.8028,30.2956],[-85.7803,30.2867],[-85.7631,30.3],[-85.7347,30.2742],[-85.725,30.2394],[-85.7067,30.2419],[-85.6981,30.2581],[-85.6506,30.2719],[-85.6361,30.2647],[-85.6247,30.2742],[-85.5989,30.2769],[-85.5922,30.3175],[-85.5786,30.3014],[-85.5958,30.2675],[-85.61,30.2542],[-85.6367,30.2528],[-85.6564,30.2572],[-85.6792,30.2497],[-85.6878,30.2203],[-85.7078,30.2011],[-85.73,30.1872],[-85.7075,30.175],[-85.7025,30.1658],[-85.6714,30.16],[-85.6469,30.1347],[-85.6162,30.136],[-85.6022,30.1183],[-85.58,30.1156],[-85.5542,30.1244],[-85.5372,30.1244],[-85.5256,30.1153],[-85.5228,30.0933],[-85.4897,30.0897],[-85.4944,30.0633],[-85.4839,30.0347],[-85.4583,30.0297],[-85.4367,30.0586],[-85.3964,30.0422],[-85.4139,30.0342],[-85.4353,30.0406],[-85.4481,30.0194],[-85.4831,30.0219],[-85.4983,30.0314],[-85.5108,30.0514],[-85.5294,30.0653],[-85.5328,30.0789],[-85.5572,30.0828],[-85.565,30.0925],[-85.5892,30.0961],[-85.6006,30.0917],[-85.6203,30.1022],[-85.6192,30.1217],[-85.6556,30.1225],[-85.6692,30.1389],[-85.6839,30.1281],[-85.6828,30.115],[-85.6517,30.0972],[-85.6386,30.0836],[-85.6194,30.0769],[-85.5919,30.0514],[-85.5811,30.0358],[-85.5675,30.04],[-85.5411,30.0244],[-85.5369,30.0164],[-85.4901,29.9826],[-85.4928,29.9736],[-85.4768,29.9567],[-85.4533,29.9569],[-85.4122,29.9431],[-85.3858,29.9219],[-85.3628,29.8972],[-85.3331,29.8458],[-85.3145,29.8317],[-85.3016,29.8002],[-85.3056,29.7272],[-85.3132,29.6877],[-85.3294,29.6886],[-85.3536,29.6801],[-85.3763,29.7026],[-85.41,29.805],[-85.4096,29.8322],[-85.3994,29.8528],[-85.4126,29.8593],[-85.4175,29.8272],[-85.4147,29.8033],[-85.3953,29.7344],[-85.3766,29.6942],[-85.3517,29.6636],[-85.3303,29.6779],[-85.3045,29.6838],[-85.2458,29.6817],[-85.2386,29.6886],[-85.1147,29.717],[-85.0692,29.7182],[-85.0417,29.713],[-84.9906,29.715],[-84.9684,29.7272],[-84.9697,29.7419],[-84.9245,29.7611],[-84.9029,29.7864],[-84.8711,29.7811],[-84.8858,29.7667],[-84.9019,29.7344],[-84.8939,29.7263],[-84.8656,29.744],[-84.7991,29.7689],[-84.757,29.788],[-84.7013,29.8251],[-84.6761,29.8317],[-84.6597,29.8447],[-84.6361,29.8525],[-84.5978,29.8794],[-84.5708,29.8892],[-84.5331,29.9114],[-84.5092,29.9169],[-84.4928,29.9122],[-84.472,29.9241],[-84.4444,29.9297],[-84.3982,29.9213],[-84.3636,29.9097],[-84.3467,29.8975],[-84.3339,29.9217],[-84.3386,29.9472],[-84.3832,29.9611],[-84.4267,29.9597],[-84.4436,29.9632],[-84.4372,29.9875],[-84.3947,29.9822],[-84.3547,29.9694],[-84.3603,30],[-84.3775,30.0092],[-84.3869,30.0264],[-84.3672,30.0269],[-84.3572,30.0653],[-84.3417,30.0639],[-84.3122,30.0742],[-84.289,30.0571],[-84.2794,30.068],[-84.275,30.0933],[-84.2644,30.1064],[-84.2353,30.0889],[-84.2122,30.0919],[-84.2019,30.1114],[-84.1875,30.0942],[-84.1836,30.0775],[-84.1567,30.0722],[-84.1317,30.0925],[-84.0995,30.0958],[-84.0869,30.0917],[-84.0639,30.1008],[-83.9983,30.1033],[-83.9868,30.081],[-83.9278,30.0464],[-83.9175,30.0353],[-83.8798,30.0137],[-83.86,30.0075],[-83.8369,29.9933],[-83.8289,29.9822],[-83.808,29.9767],[-83.7842,29.9786],[-83.7603,29.9661],[-83.7279,29.9407],[-83.6806,29.9226],[-83.6792,29.9132],[-83.6377,29.8847],[-83.6189,29.8422],[-83.5903,29.8213],[-83.5899,29.8036],[-83.5769,29.792],[-83.5851,29.7598],[-83.5672,29.7625],[-83.5535,29.7368],[-83.5339,29.7214],[-83.499,29.7136],[-83.4809,29.6895],[-83.4478,29.675],[-83.4333,29.6778],[-83.4123,29.6624],[-83.4036,29.6419],[-83.4008,29.6035],[-83.4084,29.5923],[-83.3945,29.5332],[-83.3976,29.5185],[-83.3783,29.5042],[-83.3556,29.4997],[-83.3311,29.4753],[-83.3122,29.4738],[-83.2953,29.4368],[-83.2647,29.4374],[-83.2336,29.4323],[-83.2177,29.4192],[-83.1905,29.369],[-83.1733,29.33],[-83.1648,29.3251],[-83.1625,29.2911],[-83.1509,29.2946],[-83.1375,29.2837],[-83.1111,29.2764],[-83.1064,29.2684],[-83.0813,29.2666],[-83.0692,29.2386],[-83.0767,29.2192],[-83.0636,29.2156],[-83.0711,29.1917],[-83.0308,29.1692],[-83.0582,29.1388],[-83.0303,29.1333],[-83.0306,29.1525],[-83.0236,29.17],[-82.9811,29.1747],[-82.9775,29.1697],[-82.9372,29.1669],[-82.8997,29.1686],[-82.8322,29.1567],[-82.8076,29.1595],[-82.8025,29.1167],[-82.8231,29.0992],[-82.8097,29.0778],[-82.7867,29.0786],[-82.775,29.0603],[-82.7633,29.0592],[-82.7442,29.0256],[-82.7661,29.0017],[-82.7606,28.9931],[-82.7339,28.9953],[-82.7342,28.9761],[-82.7238,28.9538],[-82.6672,28.9167],[-82.6392,28.91],[-82.6561,28.8781],[-82.6414,28.8519],[-82.6628,28.8533],[-82.679,28.8703],[-82.7125,28.8708],[-82.7307,28.8587],[-82.7309,28.837],[-82.6928,28.8167],[-82.6856,28.7936],[-82.696,28.7845],[-82.6978,28.7675],[-82.652,28.748],[-82.6918,28.7327],[-82.6911,28.7158],[-82.6819,28.7067],[-82.6633,28.7154],[-82.6401,28.6919],[-82.6489,28.6742],[-82.6653,28.6632],[-82.6672,28.6415],[-82.6539,28.6203],[-82.6614,28.6045],[-82.6497,28.5878],[-82.6563,28.5752],[-82.6464,28.5629],[-82.6578,28.5503],[-82.6496,28.5337],[-82.655,28.5142],[-82.6694,28.5119],[-82.6647,28.4853],[-82.67,28.4697],[-82.6666,28.4512],[-82.6741,28.4321],[-82.6974,28.4206],[-82.7075,28.3856],[-82.7019,28.375],[-82.7107,28.3521],[-82.7312,28.3255],[-82.7367,28.3],[-82.7331,28.2828],[-82.7631,28.2408],[-82.7578,28.2264],[-82.7701,28.2086],[-82.7824,28.2076],[-82.7987,28.1866],[-82.7972,28.1694],[-82.7856,28.1442],[-82.7795,28.0991],[-82.7844,28.0526],[-82.7922,28.0064],[-82.8058,27.9547],[-82.8244,27.9139],[-82.8475,27.88],[-82.8372,27.8418],[-82.804,27.8254],[-82.7947,27.8108],[-82.7554,27.7881],[-82.7442,27.7724],[-82.7564,27.7614],[-82.7503,27.7494],[-82.7128,27.7356],[-82.6939,27.7367],[-82.6988,27.7197],[-82.6888,27.709],[-82.6545,27.6992],[-82.6381,27.7039],[-82.6244,27.7297],[-82.6294,27.75],[-82.6214,27.7897],[-82.6109,27.79],[-82.5883,27.8308],[-82.5983,27.8569],[-82.6233,27.8872],[-82.6375,27.8892],[-82.655,27.9108],[-82.6736,27.912],[-82.7109,27.929],[-82.7264,27.9414],[-82.7219,27.9539],[-82.6947,27.9625],[-82.6919,27.9844],[-82.6754,28.0052],[-82.6911,28.0308],[-82.6655,28.0285],[-82.6044,27.9825],[-82.5706,27.9747],[-82.5539,27.9667],[-82.5308,27.9281],[-82.5352,27.8942],[-82.5297,27.8773],[-82.5482,27.8513],[-82.5117,27.8275],[-82.4733,27.8217],[-82.4692,27.8431],[-82.4882,27.8652],[-82.4806,27.8861],[-82.4914,27.9148],[-82.4619,27.9375],[-82.4622,27.9097],[-82.4278,27.9127],[-82.4338,27.9304],[-82.4131,27.9294],[-82.4353,27.8997],[-82.4156,27.9],[-82.4012,27.8779],[-82.4031,27.8539],[-82.3928,27.8364],[-82.3958,27.8147],[-82.4349,27.7768],[-82.4328,27.7658],[-82.4783,27.7472],[-82.4692,27.7103],[-82.491,27.7118],[-82.5175,27.6964],[-82.5361,27.675],[-82.5671,27.6263],[-82.5583,27.6093],[-82.5772,27.6061],[-82.5836,27.591],[-82.6039,27.5825],[-82.5698,27.562],[-82.6023,27.5256],[-82.5902,27.5134],[-82.5433,27.5103],[-82.505,27.521],[-82.5109,27.5083],[-82.5532,27.4983],[-82.5956,27.5022],[-82.6281,27.5139],[-82.6417,27.5252],[-82.6649,27.5227],[-82.6855,27.5116],[-82.6869,27.4861],[-82.6626,27.4878],[-82.6436,27.5014],[-82.6411,27.4737],[-82.6692,27.4577],[-82.6294,27.4317],[-82.603,27.4261],[-82.5739,27.4053],[-82.5494,27.3483],[-82.5402,27.3152],[-82.5411,27.27],[-82.5304,27.2539],[-82.5092,27.2381],[-82.5019,27.2097],[-82.4917,27.1908],[-82.4942,27.1794],[-82.4719,27.1492],[-82.4669,27.1117],[-82.4447,27.0581],[-82.4026,26.9946],[-82.3793,26.9782],[-82.3426,26.9301],[-82.3424,26.9224],[-82.3182,26.8926],[-82.3213,26.8682],[-82.2826,26.8163],[-82.2715,26.829],[-82.2585,26.8276],[-82.2438,26.8076],[-82.2279,26.8113],[-82.1913,26.791],[-82.1732,26.7963],[-82.1665,26.7815],[-82.1535,26.7854],[-82.1479,26.8018],[-82.1568,26.8565],[-82.1807,26.9176],[-82.1835,26.9365],[-82.209,26.9543],[-82.2363,26.9657],[-82.2424,26.9863],[-82.2557,26.9999],[-82.2476,27.0086],[-82.2274,26.9857],[-82.2318,26.9715],[-82.2196,26.9646],[-82.1813,26.9615],[-82.1738,26.9418],[-82.1532,26.924],[-82.1413,26.9238],[-82.1265,26.9385],[-82.1174,26.9615],[-82.099,26.9532],[-82.081,26.9588],[-82.0638,26.9532],[-82.0532,26.9654],[-82.0143,26.9693],[-82.0088,26.9526],[-82.0338,26.9499],[-82.054,26.9413],[-82.066,26.9263],[-82.0854,26.9282],[-82.0971,26.9151],[-82.0918,26.8915],[-82.0601,26.8793],[-82.0563,26.8679],[-82.0607,26.8379],[-82.0546,26.7946],[-82.0615,26.7907],[-82.061,26.7671],[-82.0721,26.7293],[-82.0826,26.7129],[-82.0818,26.666],[-82.0735,26.6596],[-82.0643,26.6338],[-82.0468,26.609],[-82.0474,26.5838],[-82.064,26.5671],[-82.0496,26.5407],[-82.039,26.5313],[-82.0165,26.529],[-82.0099,26.5174],[-82.0115,26.4835],[-81.9715,26.4785],[-81.9568,26.4674],[-81.9465,26.4715],[-81.9037,26.4418],[-81.8801,26.4474],[-81.8546,26.4451],[-81.8574,26.434],[-81.8474,26.411],[-81.8396,26.3796],[-81.8571,26.3782],[-81.8635,26.3629],[-81.8482,26.3363],[-81.8365,26.3068],[-81.8185,26.2268],[-81.8149,26.184],[-81.8087,26.1515],[-81.8015,26.091],[-81.7871,26.0582],[-81.771,26.0362],[-81.7718,26.044],[-81.7632,26.0399],[-81.7526,26.0396],[-81.7337,26.0299],[-81.7396,26.0163],[-81.7349,25.9988],[-81.7001,25.9604],[-81.6657,25.9504],[-81.6335,25.9265],[-81.5968,25.9318],[-81.5796,25.9099],[-81.6118,25.9157],[-81.6082,25.8954],[-81.589,25.8799],[-81.5582,25.8993],[-81.5301,25.8929],[-81.5304,25.8687],[-81.5201,25.8557],[-81.5193,25.8396],[-81.4882,25.8576],[-81.4718,25.8501],[-81.4596,25.861],[-81.4762,25.8727],[-81.4696,25.881],[-81.4429,25.8624],[-81.4235,25.8668],[-81.3996,25.8568],[-81.3785,25.8363],[-81.3479,25.8193],[-81.3349,25.7876],[-81.3493,25.7787],[-81.3574,25.7629],[-81.3368,25.7591],[-81.3429,25.7421],[-81.3399,25.7218],[-81.3179,25.7038],[-81.2999,25.6974],[-81.2929,25.7057],[-81.2746,25.6965],[-81.281,25.6832],[-81.2681,25.6671],[-81.2729,25.6515],[-81.2471,25.6324],[-81.2232,25.5801],[-81.234,25.5724],[-81.2151,25.551],[-81.1877,25.5549],[-81.2107,25.5171],[-81.2099,25.5063],[-81.1896,25.4813],[-81.1657,25.4779],[-81.1685,25.4588],[-81.1499,25.4151],[-81.1501,25.3882],[-81.1221,25.3785],[-81.1243,25.3607],[-81.1118,25.3496],[-81.0865,25.3513],[-81.051,25.344],[-81.0371,25.3229],[-81.0179,25.3285],[-80.9901,25.3477],[-80.959,25.3207],[-80.9665,25.3151],[-80.9418,25.2729],[-80.9154,25.2671],[-80.9038,25.2399],[-80.916,25.2324],[-80.9193,25.2168],[-80.9829,25.2071],[-80.9918,25.2121],[-81.0024,25.2135],[-81.0032,25.2182],[-81.0182,25.2276],[-81.029,25.2263],[-81.0476,25.2365],[-81.0699,25.2551],[-81.0676,25.279],[-81.081,25.2815],[-81.0929,25.2971],[-81.0888,25.311],[-81.1171,25.3196],[-81.1282,25.3315],[-81.1457,25.3268],[-81.1596,25.2988],[-81.1582,25.2779],[-81.1671,25.2693],[-81.1718,25.2235],[-81.1368,25.1846],[-81.1132,25.1632],[-81.0842,25.1485],[-81.0968,25.1312],[-81.0879,25.1162],[-81.0543,25.1279],[-81.0254,25.1293],[-81.0021,25.124],[-80.9713,25.1343],[-80.9457,25.1329],[-80.9196,25.1418],[-80.9004,25.1396],[-80.8979,25.1626],[-80.8707,25.1757],[-80.8468,25.1774],[-80.8257,25.1604],[-80.7974,25.1662],[-80.7551,25.1593],[-80.7462,25.1651],[-80.7099,25.151],[-80.6809,25.1741],[-80.664,25.1791],[-80.6299,25.1982],[-80.6038,25.201],[-80.5946,25.1899],[-80.5821,25.2104],[-80.5296,25.214],[-80.519,25.2224],[-80.5062,25.2071],[-80.4829,25.2124],[-80.4585,25.2062],[-80.4582,25.2397],[-80.4328,25.2271],[-80.4171,25.1959],[-80.3944,25.1873],[-80.3881,25.1981],[-80.412,25.2115],[-80.4143,25.2265],[-80.4315,25.2461],[-80.4255,25.2607],[-80.3954,25.2763],[-80.4009,25.2873],[-80.3821,25.2949],[-80.3757,25.3171],[-80.364,25.3276],[-80.349,25.3257],[-80.3274,25.3565],[-80.3107,25.3713],[-80.3085,25.3838],[-80.3257,25.3935],[-80.3293,25.4068],[-80.3254,25.4379],[-80.3368,25.4557],[-80.3407,25.4982],[-80.3313,25.529],[-80.3165,25.5404],[-80.3026,25.5688],[-80.3079,25.5865],[-80.3071,25.6124],[-80.2982,25.6274],[-80.2804,25.6271],[-80.2718,25.6393],[-80.2582,25.6863],[-80.2501,25.6887],[-80.2487,25.7129],[-80.2296,25.7335],[-80.2004,25.7455],[-80.1762,25.7454],[-80.1562,25.7282],[-80.1671,25.7011],[-80.1782,25.686],[-80.1532,25.6743],[-80.1562,25.7001],[-80.1474,25.7207],[-80.1621,25.7418],[-80.1888,25.7551],[-80.1846,25.7804],[-80.1849,25.8105],[-80.1468,25.806],[-80.1432,25.7715],[-80.1315,25.7671],[-80.1184,25.8338],[-80.1218,25.8988],[-80.1393,25.889],[-80.1304,25.8671],[-80.1424,25.8649],[-80.146,25.8487],[-80.1721,25.8526],[-80.1704,25.8671],[-80.1421,25.9021],[-80.1215,25.9165],[-80.1093,26.0874],[-80.1049,26.0954],[-80.1021,26.1429],[-80.0963,26.1718],[-80.0888,26.234],[-80.0799,26.2576],[-80.0743,26.3238],[-80.0701,26.3363],[-80.0663,26.3899],[-80.0579,26.4599],[-80.0365,26.5882],[-80.0371,26.6499],[-80.0324,26.701],[-80.0368,26.7604],[-80.0462,26.7062],[-80.0399,26.6779],[-80.0382,26.6101],[-80.046,26.5754],[-80.044,26.5471],[-80.0535,26.5412],[-80.0457,26.6157],[-80.0501,26.7101],[-80.0485,26.7415],[-80.0515,26.7754],[-80.0332,26.784],[-80.031,26.7949],[-80.0485,26.8701],[-80.0654,26.9199],[-80.0793,26.9088],[-80.0646,26.869],[-80.0649,26.8351],[-80.0526,26.8388],[-80.0349,26.8046],[-80.0521,26.794],[-80.0551,26.8285],[-80.066,26.8357],[-80.0657,26.8693],[-80.0807,26.9082],[-80.0862,26.9399],[-80.0796,26.9579],[-80.0926,26.9876],[-80.0932,27.0001],[-80.1064,27.0222],[-80.1201,27.0804],[-80.1389,27.1118],[-80.1575,27.1629],[-80.1917,27.1642],[-80.1969,27.1799],[-80.2094,27.1865],[-80.2203,27.2061],[-80.247,27.1994],[-80.2835,27.2062],[-80.2777,27.2154],[-80.2428,27.2139],[-80.2135,27.2175],[-80.2017,27.1935],[-80.1911,27.1896],[-80.2401,27.2725],[-80.2953,27.3821],[-80.3216,27.4435],[-80.3212,27.4625],[-80.3316,27.4741],[-80.3644,27.5831],[-80.3639,27.5952],[-80.3747,27.6219],[-80.3754,27.653],[-80.4045,27.7145],[-80.4246,27.7446],[-80.4431,27.7796],[-80.4614,27.8059],[-80.5339,27.9476],[-80.544,27.9724],[-80.5661,28.0086],[-80.5747,28.0331],[-80.5856,28.0456],[-80.5969,28.0781],[-80.6139,28.1019],[-80.6239,28.1303],[-80.6394,28.1561],[-80.6578,28.1953],[-80.6739,28.2431],[-80.6894,28.2806],[-80.7142,28.3286],[-80.7489,28.4089],[-80.7603,28.4467],[-80.7614,28.4669],[-80.7819,28.5086],[-80.7819,28.5367],[-80.7978,28.5589],[-80.7975,28.5764],[-80.8056,28.6044],[-80.8042,28.6194],[-80.8178,28.6308],[-80.8294,28.6997],[-80.8436,28.75],[-80.8447,28.8],[-80.8156,28.7853],[-80.7867,28.7522],[-80.7739,28.7533],[-80.7447,28.7222],[-80.7364,28.7008],[-80.7847,28.6903],[-80.7875,28.6778],[-80.7722,28.6481],[-80.7842,28.6219],[-80.7661,28.6072],[-80.7422,28.6014],[-80.7261,28.6042],[-80.7181,28.5769],[-80.7258,28.5506],[-80.7331,28.4897],[-80.7211,28.4719],[-80.7231,28.4231],[-80.7203,28.3914],[-80.7028,28.3394],[-80.6731,28.2994],[-80.6833,28.3397],[-80.6614,28.3678],[-80.6653,28.3775],[-80.66,28.4328],[-80.635,28.5022],[-80.6133,28.5372],[-80.6044,28.5789],[-80.5872,28.5744],[-80.5925,28.5375],[-80.585,28.5158],[-80.5908,28.4767],[-80.6047,28.4194],[-80.6303,28.4189],[-80.6086,28.3758],[-80.6267,28.3461],[-80.6322,28.3225],[-80.6294,28.3003],[-80.6178,28.2992],[-80.6078,28.2639],[-80.6178,28.2425],[-80.6186,28.2122],[-80.6119,28.1672],[-80.6022,28.1372],[-80.5781,28.0939],[-80.5764,28.0775],[-80.5417,28.0256],[-80.5229,27.9929],[-80.5259,27.9761],[-80.5103,27.9559],[-80.5108,27.9359],[-80.4791,27.9118],[-80.4619,27.8742],[-80.4598,27.8577],[-80.4418,27.8457],[-80.4281,27.8206],[-80.4414,27.805],[-80.4247,27.7972],[-80.4183,27.7665],[-80.4028,27.7569],[-80.394,27.7359],[-80.3978,27.7217],[-80.3806,27.6783],[-80.3695,27.6691],[-80.3727,27.6526],[-80.3422,27.5958],[-80.3353,27.5731],[-80.3372,27.5443],[-80.3244,27.5323],[-80.3205,27.485],[-80.3081,27.4703],[-80.2903,27.4728],[-80.3115,27.5252],[-80.33,27.5961],[-80.3488,27.6278],[-80.358,27.6661],[-80.3842,27.7424],[-80.4469,27.8592],[-80.4603,27.888],[-80.5125,27.9764],[-80.5611,28.0792],[-80.5717,28.11],[-80.5931,28.1906],[-80.6053,28.2675],[-80.6081,28.3103],[-80.6031,28.3642],[-80.5908,28.4078],[-80.5642,28.4356],[-80.525,28.4581],[-80.5592,28.5239],[-80.5747,28.5847],[-80.62,28.6381],[-80.6472,28.6778],[-80.71,28.7564],[-80.7481,28.8133],[-80.7781,28.8622],[-80.8672,28.9917],[-80.9008,29.0475],[-80.9107,29.0719],[-80.9194,29.0689],[-80.9052,29.0487],[-80.9054,29.0329],[-80.9158,29.0236],[-80.8928,28.9986],[-80.8889,28.9758],[-80.8736,28.9681],[-80.8689,28.9556],[-80.8475,28.9575],[-80.8181,28.9147],[-80.8217,28.9056],[-80.8028,28.8897],[-80.7858,28.8681],[-80.7592,28.8203],[-80.7467,28.8089],[-80.7364,28.7628],[-80.7094,28.7519],[-80.6942,28.7328],[-80.6956,28.7203],[-80.6778,28.7133],[-80.6442,28.6675],[-80.6533,28.6622],[-80.6856,28.6706],[-80.7178,28.7022],[-80.7669,28.7572],[-80.7975,28.8064],[-80.8203,28.8383],[-80.8583,28.9092],[-80.8689,28.9403],[-80.8828,28.9569],[-80.9067,28.9967],[-80.9192,29.0294],[-80.9081,29.0347],[-80.9097,29.0514],[-80.9385,29.0631],[-80.9517,29.0881],[-80.9497,29.0975],[-80.9692,29.1364],[-80.9781,29.1286],[-81.0017,29.1775],[-81.0202,29.226],[-81.0527,29.2794],[-81.0566,29.3045],[-81.0137,29.2202],[-80.9658,29.1411],[-80.9649,29.1282],[-80.9356,29.0814],[-80.9208,29.0789],[-80.9483,29.1158],[-80.9961,29.2036],[-81.005,29.2244],[-81.0622,29.3389],[-81.1339,29.4956],[-81.1653,29.5575],[-81.2194,29.6833],[-81.2275,29.7111],[-81.2417,29.7403],[-81.2583,29.7869],[-81.2656,29.8431],[-81.2644,29.8567],[-81.2791,29.9071],[-81.2892,29.9144],[-81.3014,29.9414],[-81.3228,30.0231],[-81.3504,30.1445],[-81.3786,30.2458],[-81.3894,30.2936],[-81.3967,30.3456],[-81.3972,30.3786],[-81.3931,30.3953],[-81.4139,30.4211],[-81.4075,30.4338],[-81.412,30.4855],[-81.431,30.4859],[-81.4567,30.5125],[-81.436,30.5245],[-81.4421,30.5476],[-81.4435,30.5989],[-81.4301,30.671],[-81.4287,30.6938],[-81.435,30.705],[-81.4556,30.7053],[-81.4686,30.6958],[-81.5017,30.7283],[-81.4892,30.7614],[-81.4972,30.7911],[-81.4917,30.8131],[-81.4692,30.7734],[-81.4819,30.7385],[-81.4704,30.7195],[-81.449,30.72],[-81.4611,30.7589],[-81.4522,30.7992],[-81.4283,30.8392],[-81.4064,30.9003],[-81.4027,30.9589],[-81.4183,30.9756],[-81.4325,30.9361],[-81.4508,30.9275],[-81.4633,30.9097],[-81.4794,30.9306],[-81.5039,30.925],[-81.5083,30.935],[-81.4992,30.9436],[-81.5131,30.9658],[-81.4894,30.9839],[-81.4611,30.9983],[-81.4597,31.0158],[-81.4747,31.0217],[-81.4841,31.0377],[-81.4586,31.0464],[-81.4372,31.0361],[-81.4256,31.0486],[-81.4347,31.0842],[-81.4606,31.0872],[-81.4861,31.1123],[-81.4564,31.1092],[-81.4353,31.1339],[-81.4474,31.1424],[-81.4497,31.1675],[-81.4631,31.1772],[-81.4561,31.1958],[-81.4417,31.2117],[-81.4354,31.228],[-81.4177,31.2496],[-81.3997,31.2475],[-81.4056,31.2659],[-81.3883,31.2826],[-81.4058,31.2878],[-81.4016,31.3044],[-81.3753,31.3283],[-81.3717,31.3381],[-81.3347,31.3319],[-81.3286,31.3467],[-81.3383,31.3594],[-81.3333,31.3903],[-81.3408,31.3919],[-81.3488,31.4025],[-81.3642,31.3985],[-81.3776,31.4066],[-81.3716,31.4179],[-81.3758,31.4242],[-81.3711,31.4293],[-81.3503,31.4459],[-81.3261,31.4562],[-81.3319,31.4767],[-81.3231,31.4822],[-81.3075,31.485],[-81.2644,31.5153],[-81.2586,31.5292],[-81.2314,31.5497],[-81.2081,31.5561],[-81.1892,31.5742],[-81.1753,31.5572],[-81.1659,31.5634],[-81.1301,31.63],[-81.1367,31.6753],[-81.1308,31.6965],[-81.1452,31.699],[-81.1872,31.6878],[-81.189,31.7019],[-81.2253,31.7198],[-81.2214,31.7281],[-81.2572,31.7492],[-81.2528,31.7567],[-81.2244,31.7494],[-81.2014,31.7353],[-81.1717,31.7272],[-81.1615,31.7414],[-81.176,31.7544],[-81.1749,31.7725],[-81.2018,31.7866],[-81.1874,31.8016],[-81.1924,31.8097],[-81.1735,31.8402],[-81.1582,31.8383],[-81.1375,31.8594],[-81.1098,31.8667],[-81.0894,31.8603],[-81.0911,31.8858],[-81.0572,31.8781],[-81.0411,31.8953],[-81.0214,31.9078],[-81.0133,31.9083],[-81.0067,31.9025],[-81.0056,31.8869],[-80.9933,31.8578],[-80.9343,31.9089],[-80.985,31.9164],[-80.9833,31.9381],[-81.0072,31.9522],[-81.0136,31.9639],[-81.0047,31.9903],[-81.0107,32.0093],[-81.0256,32.0203],[-81.0463,32.0241],[-81.0497,32.0292],[-81.0411,32.0469],[-81.0315,32.0503],[-81.032,32.0585],[-81.029,32.0638],[-81.0221,32.0697],[-81.0114,32.0746],[-80.9939,32.0644],[-80.9694,32.0764],[-80.9439,32.0781],[-80.9263,32.0907],[-80.915,32.0842],[-80.8968,32.1037],[-80.9047,32.1119],[-80.9253,32.1173],[-80.9271,32.1258],[-80.8983,32.1589],[-80.8819,32.1556],[-80.8778,32.1483],[-80.8525,32.1522],[-80.8619,32.1731],[-80.8438,32.1894],[-80.8443,32.2088],[-80.8373,32.2144],[-80.8133,32.2042],[-80.7903,32.2033],[-80.8016,32.2289],[-80.7869,32.2398],[-80.7813,32.2602],[-80.7669,32.2603],[-80.7597,32.2767],[-80.7856,32.3194],[-80.7953,32.3186],[-80.8045,32.2922],[-80.8233,32.2875],[-80.8498,32.3033],[-80.8778,32.3072],[-80.8732,32.3186],[-80.8264,32.295],[-80.805,32.2985],[-80.8081,32.3132],[-80.7964,32.3289],[-80.8169,32.3589],[-80.8333,32.3678],[-80.8444,32.3831],[-80.8178,32.4281],[-80.8264,32.4506],[-80.8275,32.4864],[-80.7883,32.4967],[-80.7836,32.5289],[-80.7642,32.5403],[-80.7361,32.5367],[-80.6731,32.5244],[-80.6519,32.5108],[-80.6303,32.5181],[-80.5997,32.5125],[-80.5849,32.5007],[-80.5622,32.5097],[-80.5207,32.5151],[-80.5015,32.5123],[-80.4832,32.5252],[-80.4651,32.5196],[-80.4513,32.5274],[-80.4442,32.5347],[-80.4382,32.5323],[-80.4249,32.5374],[-80.4156,32.5617],[-80.3928,32.5728],[-80.3997,32.5961],[-80.3892,32.6164],[-80.3594,32.6211],[-80.3469,32.6361],[-80.3378,32.6397],[-80.3025,32.6299],[-80.2784,32.6292],[-80.2642,32.6542],[-80.2401,32.6657],[-80.254,32.678],[-80.2397,32.69],[-80.2226,32.6899],[-80.2014,32.7192],[-80.18,32.7175],[-80.1711,32.7387],[-80.1583,32.7508],[-80.1381,32.7485],[-80.132,32.7597],[-80.1285,32.7779],[-80.1037,32.7882],[-80.0695,32.7731],[-80.053,32.7808],[-80.0258,32.7709],[-80.0091,32.7722],[-80.0047,32.7247],[-79.9872,32.7178],[-79.9853,32.6939],[-80.0028,32.6843],[-79.9973,32.6674],[-80.0129,32.6391],[-79.9906,32.6347],[-79.9594,32.6536],[-79.9504,32.6505],[-79.9064,32.6683],[-79.87,32.7314],[-79.8792,32.7508],[-79.9339,32.755],[-79.9238,32.7897],[-79.935,32.8077],[-79.925,32.8214],[-79.9061,32.8164],[-79.9108,32.7853],[-79.8864,32.7869],[-79.86,32.7664],[-79.7808,32.8033],[-79.7947,32.8158],[-79.765,32.85],[-79.7564,32.8358],[-79.7831,32.8247],[-79.7706,32.8167],[-79.7522,32.8219],[-79.7367,32.8464],[-79.7575,32.8514],[-79.7416,32.8708],[-79.7083,32.8599],[-79.6978,32.8508],[-79.6301,32.8898],[-79.5775,32.9085],[-79.5753,32.9331],[-79.606,32.9256],[-79.6172,32.9381],[-79.6163,32.9553],[-79.6064,32.9721],[-79.5858,32.9911],[-79.579,33.0069],[-79.5283,33.0381],[-79.5125,33.0386],[-79.4778,33.0058],[-79.454,33.014],[-79.4308,33.0144],[-79.4292,33.0242],[-79.4058,33.0394],[-79.4175,33.0453],[-79.4219,33.055],[-79.4172,33.065],[-79.3756,33.0467],[-79.3744,33.0639],[-79.3644,33.0762],[-79.3458,33.0812],[-79.3061,33.1044],[-79.2894,33.1104],[-79.275,33.125],[-79.2467,33.125],[-79.2275,33.1472],[-79.1946,33.1704],[-79.1819,33.1892],[-79.2044,33.2078],[-79.2022,33.2317],[-79.2106,33.2439],[-79.2581,33.2589],[-79.2789,33.2747],[-79.2931,33.2978],[-79.2925,33.3244],[-79.2806,33.3603],[-79.2481,33.3606],[-79.275,33.3128],[-79.2683,33.3017],[-79.2474,33.2981],[-79.22,33.3028],[-79.1958,33.2958],[-79.2008,33.2675],[-79.1806,33.2267],[-79.1789,33.2647],[-79.1455,33.3841],[-79.1281,33.4167],[-79.1158,33.4069],[-79.0164,33.5239],[-79,33.5456],[-78.9119,33.6111],[-78.9372,33.6397],[-78.8586,33.7091],[-78.7982,33.7533],[-78.7404,33.7878],[-78.7046,33.8047],[-78.6547,33.8239],[-78.5894,33.8425],[-78.5392,33.8769],[-78.4861,33.8886],[-78.4333,33.8969],[-78.4031,33.9044],[-78.3889,33.9053],[-78.3758,33.9139],[-78.3611,33.91],[-78.32,33.9167],[-78.2697,33.9167],[-78.2197,33.9261],[-78.2067,33.9139],[-78.1578,33.9142],[-78.1222,33.9111],[-78.0761,33.9029],[-78.0353,33.8989],[-78.0508,33.9178],[-78.0185,33.9156],[-77.9936,33.9297],[-77.9686,33.9722],[-77.9583,33.9753],[-77.9547,34.0128],[-77.9439,34.0294],[-77.9456,34.0475],[-77.9403,34.0781],[-77.9467,34.1119],[-77.9694,34.1653],[-77.9547,34.1792],[-77.9397,34.1386],[-77.9253,34.1272],[-77.925,34.0683],[-77.9178,34.0525],[-77.8914,34.0594],[-77.8778,34.1136],[-77.8592,34.1527],[-77.84,34.175],[-77.8133,34.2194],[-77.7611,34.2742],[-77.7283,34.3177],[-77.7215,34.3248],[-77.7078,34.3303],[-77.7017,34.344],[-77.6231,34.3919],[-77.5911,34.4189],[-77.5531,34.4294],[-77.5496,34.4437],[-77.5309,34.4584],[-77.4869,34.4789],[-77.4693,34.493],[-77.4578,34.4922],[-77.3741,34.5175],[-77.3796,34.5287],[-77.3607,34.5426],[-77.3968,34.5779],[-77.4136,34.5706],[-77.4366,34.5896],[-77.4467,34.6089],[-77.4287,34.6203],[-77.3977,34.611],[-77.3729,34.6267],[-77.3721,34.6448],[-77.3958,34.6672],[-77.4001,34.6793],[-77.4261,34.6881],[-77.4149,34.717],[-77.3778,34.7036],[-77.361,34.6774],[-77.3566,34.6605],[-77.3376,34.6397],[-77.3773,34.5997],[-77.4003,34.5969],[-77.3506,34.5684],[-77.3183,34.5461],[-77.2797,34.5667],[-77.2125,34.6228],[-77.205,34.6328],[-77.1631,34.6536],[-77.1132,34.7014],[-77.1205,34.7222],[-77.1469,34.7628],[-77.1214,34.7586],[-77.1137,34.7314],[-77.0898,34.7151],[-77.0967,34.6808],[-77.0935,34.6728],[-77.0297,34.6823],[-76.9675,34.7067],[-76.8933,34.725],[-76.8403,34.7289],[-76.8025,34.7244],[-76.7119,34.7195],[-76.7064,34.75],[-76.7253,34.7622],[-76.7456,34.7497],[-76.7581,34.7586],[-76.7375,34.7792],[-76.7225,34.7805],[-76.6875,34.7714],[-76.6642,34.7594],[-76.6589,34.7475],[-76.6875,34.7231],[-76.6358,34.7031],[-76.6172,34.7075],[-76.6225,34.7656],[-76.6094,34.8064],[-76.5928,34.7711],[-76.5747,34.7758],[-76.5797,34.7228],[-76.5283,34.7281],[-76.5169,34.7186],[-76.5008,34.7403],[-76.5019,34.7583],[-76.4928,34.7786],[-76.4778,34.7642],[-76.4553,34.7972],[-76.4492,34.8128],[-76.4358,34.8197],[-76.4142,34.8506],[-76.4011,34.8864],[-76.3906,34.8764],[-76.3531,34.8725],[-76.3314,34.885],[-76.3153,34.9072],[-76.3369,34.9097],[-76.3417,34.9244],[-76.3281,34.9369],[-76.3136,34.9267],[-76.2981,34.9383],[-76.2797,34.9419],[-76.2766,34.9598],[-76.2953,34.9747],[-76.3064,34.9919],[-76.2967,35.0092],[-76.3125,35.0208],[-76.3383,35.0145],[-76.3551,35.0211],[-76.3181,34.9692],[-76.3267,34.9608],[-76.3444,34.9711],[-76.3769,34.9742],[-76.3883,34.9392],[-76.4036,34.9464],[-76.4386,34.9467],[-76.4442,34.9658],[-76.4222,34.9783],[-76.4413,35.013],[-76.4318,35.0285],[-76.4329,35.049],[-76.4624,35.0752],[-76.4679,35.0524],[-76.4862,35.0388],[-76.5037,34.9899],[-76.518,35.0037],[-76.5572,34.9997],[-76.575,34.9919],[-76.5797,34.9749],[-76.5408,34.9344],[-76.5797,34.95],[-76.5902,34.9783],[-76.6302,34.9887],[-76.6591,34.9816],[-76.6769,34.9679],[-76.6764,34.9589],[-76.7069,34.9546],[-76.7156,34.9386],[-76.7608,34.9154],[-76.8122,34.9392],[-76.8449,34.9359],[-76.8659,34.9469],[-76.9017,34.9494],[-76.898,34.9585],[-76.9346,34.9719],[-76.9752,35.0016],[-76.9887,35.0433],[-77.0124,35.0654],[-77.0166,35.0796],[-77.047,35.1041],[-77.0353,35.1122],[-77.0521,35.1269],[-77.0619,35.1519],[-77.0308,35.1342],[-76.9976,35.0765],[-76.9724,35.0571],[-76.9252,35.0515],[-76.9329,35.0336],[-76.9022,35.0261],[-76.8769,35.0044],[-76.8516,34.9932],[-76.8249,34.9736],[-76.8039,34.9639],[-76.7718,34.9765],[-76.7558,34.9944],[-76.7131,35.0047],[-76.6955,35.0228],[-76.6643,35.0365],[-76.6327,35.0615],[-76.5974,35.0745],[-76.5892,35.0956],[-76.5674,35.101],[-76.5658,35.1101],[-76.5439,35.1423],[-76.5658,35.1721],[-76.5794,35.1747],[-76.5856,35.1494],[-76.6045,35.1609],[-76.6525,35.1637],[-76.6914,35.1366],[-76.7158,35.1375],[-76.6934,35.1574],[-76.6739,35.1676],[-76.6555,35.1849],[-76.6358,35.1744],[-76.6124,35.1802],[-76.6049,35.1958],[-76.587,35.2016],[-76.5944,35.2153],[-76.59,35.2417],[-76.5287,35.2318],[-76.5035,35.2223],[-76.5042,35.24],[-76.4861,35.255],[-76.4986,35.2965],[-76.4912,35.3158],[-76.5283,35.3197],[-76.5758,35.3308],[-76.61,35.3279],[-76.6158,35.3026],[-76.6121,35.278],[-76.6339,35.2903],[-76.6213,35.3148],[-76.6293,35.3256],[-76.6233,35.3414],[-76.6563,35.3397],[-76.6817,35.35],[-76.7186,35.375],[-76.7386,35.3747],[-76.767,35.3825],[-76.7736,35.3914],[-76.7987,35.3903],[-76.8147,35.3983],[-76.844,35.4241],[-76.8789,35.4252],[-76.9058,35.434],[-76.9262,35.4488],[-76.9674,35.4331],[-76.9839,35.4708],[-77.0036,35.4753],[-77.0352,35.4933],[-77.0232,35.5063],[-77.0434,35.5244],[-77.0373,35.532],[-77.0103,35.5142],[-76.9786,35.4837],[-76.9511,35.4775],[-76.9058,35.4595],[-76.8887,35.4606],[-76.8333,35.4481],[-76.8189,35.4534],[-76.8047,35.4384],[-76.7705,35.4282],[-76.7583,35.4193],[-76.7437,35.4269],[-76.7108,35.4289],[-76.655,35.4068],[-76.5962,35.3892],[-76.576,35.3881],[-76.5937,35.4378],[-76.6078,35.4586],[-76.5985,35.4819],[-76.6168,35.4896],[-76.6284,35.5199],[-76.6069,35.5406],[-76.5665,35.5378],[-76.537,35.5286],[-76.5087,35.5369],[-76.4863,35.5373],[-76.478,35.564],[-76.4539,35.5522],[-76.4669,35.5397],[-76.4725,35.5094],[-76.5088,35.5026],[-76.5365,35.5102],[-76.5865,35.5085],[-76.5625,35.492],[-76.5625,35.4756],[-76.5461,35.4589],[-76.565,35.4482],[-76.5322,35.4325],[-76.5401,35.4096],[-76.5044,35.3916],[-76.4903,35.3772],[-76.478,35.4073],[-76.4562,35.3976],[-76.4317,35.4058],[-76.4204,35.4183],[-76.4172,35.4466],[-76.3891,35.4273],[-76.3917,35.3997],[-76.3628,35.377],[-76.3684,35.3615],[-76.4135,35.3758],[-76.3997,35.3567],[-76.3856,35.363],[-76.353,35.3598],[-76.3586,35.3844],[-76.3539,35.3947],[-76.3339,35.3971],[-76.3206,35.3699],[-76.2915,35.3643],[-76.2869,35.3465],[-76.2683,35.3404],[-76.2505,35.368],[-76.2317,35.3591],[-76.2203,35.3447],[-76.1968,35.3415],[-76.1813,35.3472],[-76.1495,35.3383],[-76.0782,35.3728],[-76.0839,35.391],[-76.0754,35.4059],[-76.0607,35.4134],[-76.0553,35.4362],[-76.0275,35.427],[-76.0196,35.4412],[-75.9994,35.4553],[-75.9964,35.4747],[-75.9625,35.4956],[-75.9712,35.5064],[-75.9572,35.528],[-75.9133,35.5444],[-75.905,35.5636],[-75.8834,35.5832],[-75.8961,35.5956],[-75.8825,35.6247],[-75.8571,35.5954],[-75.8525,35.5839],[-75.8278,35.5927],[-75.7976,35.5742],[-75.7767,35.5819],[-75.7844,35.5945],[-75.7505,35.6073],[-75.7339,35.6308],[-75.7418,35.6496],[-75.7675,35.6626],[-75.7658,35.676],[-75.7795,35.6875],[-75.7648,35.706],[-75.7531,35.7048],[-75.731,35.6821],[-75.7169,35.6938],[-75.7259,35.715],[-75.7256,35.7392],[-75.7387,35.7507],[-75.742,35.7733],[-75.7334,35.7851],[-75.7309,35.825],[-75.75,35.8458],[-75.7535,35.8755],[-75.7816,35.9183],[-75.7827,35.9332],[-75.8052,35.9468],[-75.8108,35.9595],[-75.8335,35.9695],[-75.8496,35.9626],[-75.8555,35.9499],[-75.8107,35.9217],[-75.8489,35.9272],[-75.8627,35.9234],[-75.893,35.9361],[-75.9475,35.9191],[-75.9622,35.902],[-75.9854,35.8891],[-75.9883,35.8625],[-75.9757,35.8391],[-75.9928,35.8123],[-75.9832,35.7863],[-75.9897,35.7434],[-76.0025,35.7211],[-75.9992,35.695],[-76.0219,35.6508],[-76.046,35.649],[-76.0589,35.6714],[-76.0694,35.6631],[-76.0913,35.6631],[-76.1164,35.6733],[-76.0983,35.6831],[-76.0636,35.6811],[-76.0464,35.6717],[-76.037,35.6889],[-76.0575,35.7],[-76.0611,35.7176],[-76.048,35.7461],[-76.0575,35.7606],[-76.1211,35.775],[-76.1208,35.7944],[-76.1036,35.7992],[-76.0817,35.769],[-76.068,35.7789],[-76.0539,35.7708],[-76.0511,35.8069],[-76.0631,35.8217],[-76.0642,35.8536],[-76.0456,35.8697],[-76.0406,35.8933],[-76.0133,35.9236],[-76.0406,35.9299],[-76.0651,35.9076],[-76.0882,35.9244],[-76.0742,35.9297],[-76.0619,35.9578],[-76.0304,35.9416],[-76.0118,35.9543],[-76.024,35.9694],[-76.0543,35.9874],[-76.1033,35.9922],[-76.1342,35.99],[-76.1481,35.9956],[-76.1806,35.9881],[-76.2125,35.9864],[-76.2703,35.9726],[-76.3132,35.9493],[-76.2893,35.9286],[-76.3494,35.9419],[-76.3696,35.9349],[-76.3746,35.9553],[-76.3917,35.9788],[-76.4058,35.9822],[-76.49,35.96],[-76.525,35.9447],[-76.5492,35.9409],[-76.5951,35.9411],[-76.6096,35.9361],[-76.6639,35.9328],[-76.6903,35.9431],[-76.7278,35.9345],[-76.7247,35.9554],[-76.7106,35.9706],[-76.6818,35.9912],[-76.6969,36.01],[-76.7083,36.0378],[-76.7243,36.0563],[-76.7305,36.0751],[-76.7263,36.0962],[-76.7488,36.13],[-76.7555,36.1517],[-76.7535,36.1896],[-76.7362,36.2352],[-76.709,36.2548],[-76.6987,36.2717],[-76.7007,36.2939],[-76.6808,36.2952],[-76.6731,36.2821],[-76.6755,36.2654],[-76.6947,36.2367],[-76.7152,36.2138],[-76.7224,36.1539],[-76.7109,36.1342],[-76.7056,36.1117],[-76.689,36.1104],[-76.6919,36.0661],[-76.6744,36.0436],[-76.638,36.0359],[-76.6077,36.0561],[-76.6027,36.0354],[-76.5736,36.0092],[-76.5488,36.0111],[-76.5145,36.0064],[-76.4951,36.0164],[-76.4631,36.0231],[-76.4564,36.0339],[-76.4246,36.0609],[-76.4295,36.0776],[-76.3847,36.0809],[-76.3461,36.0889],[-76.3326,36.085],[-76.3078,36.0922],[-76.3388,36.1089],[-76.3472,36.1211],[-76.372,36.1181],[-76.4015,36.1441],[-76.4352,36.1628],[-76.4663,36.1975],[-76.4578,36.1999],[-76.4274,36.1811],[-76.3933,36.1694],[-76.3729,36.1384],[-76.34,36.1405],[-76.284,36.1145],[-76.215,36.0964],[-76.1974,36.1036],[-76.2269,36.1247],[-76.2465,36.1586],[-76.2768,36.1809],[-76.2499,36.1854],[-76.2074,36.1384],[-76.1879,36.1254],[-76.1668,36.1237],[-76.1154,36.1443],[-76.099,36.1345],[-76.0615,36.146],[-76.0794,36.1971],[-76.1209,36.2213],[-76.1375,36.2528],[-76.1559,36.2643],[-76.1726,36.264],[-76.1951,36.2967],[-76.174,36.302],[-76.164,36.2915],[-76.1363,36.2884],[-76.1073,36.2726],[-76.1022,36.2594],[-76.0806,36.238],[-76.0531,36.2334],[-76.0428,36.2114],[-76.0272,36.2023],[-76.0181,36.187],[-75.9953,36.1786],[-75.925,36.1638],[-75.9542,36.2038],[-75.9466,36.2247],[-75.9542,36.2447],[-75.9663,36.2559],[-75.966,36.2962],[-75.9466,36.2856],[-75.9453,36.2722],[-75.9593,36.2601],[-75.9194,36.245],[-75.9076,36.2077],[-75.8763,36.1843],[-75.8619,36.1559],[-75.8632,36.1215],[-75.8472,36.1014],[-75.7979,36.0717],[-75.7897,36.0784],[-75.8025,36.0991],[-75.7983,36.1172],[-75.8108,36.1203],[-75.8244,36.1471],[-75.8283,36.1656],[-75.8388,36.1756],[-75.8486,36.2125],[-75.865,36.235],[-75.8617,36.2742],[-75.8829,36.2859],[-75.8971,36.3233],[-75.9142,36.3514],[-75.9297,36.3644],[-75.9153,36.3867],[-75.9242,36.4254],[-75.9446,36.412],[-75.9293,36.3909],[-75.9684,36.3867],[-75.9947,36.4089],[-76.0006,36.4286],[-76.0405,36.5022],[-76.0651,36.4969],[-76.0816,36.5043],[-76.0716,36.5192],[-76.0558,36.512],[-76.0417,36.5183],[-76.0302,36.5387],[-76.0449,36.5732],[-76.0274,36.5751],[-75.9962,36.5287],[-75.9705,36.5249],[-75.9886,36.4975],[-75.9336,36.4916],[-75.9235,36.4823],[-75.9092,36.5036],[-75.9112,36.5461],[-75.9299,36.5626],[-75.9561,36.5611],[-75.9751,36.5418],[-75.9889,36.5552],[-75.9928,36.5723],[-75.9825,36.5844],[-75.9914,36.6089],[-75.9928,36.6353],[-75.967,36.6695],[-75.9754,36.6736],[-75.9569,36.6997],[-75.9722,36.7111],[-75.9414,36.7211],[-75.9305,36.6923],[-75.9174,36.6716],[-75.9172,36.6381],[-75.9078,36.6142],[-75.8889,36.5948],[-75.8969,36.5886],[-75.8858,36.5703],[-75.9013,36.5648],[-75.8943,36.5337],[-75.9014,36.5133],[-75.8793,36.5124],[-75.885,36.4843],[-75.8751,36.4431],[-75.8644,36.4408],[-75.8386,36.3958],[-75.8447,36.3781],[-75.8302,36.3715],[-75.8231,36.3455],[-75.8229,36.3194],[-75.8019,36.2753],[-75.8081,36.2597],[-75.7964,36.2314],[-75.774,36.2273],[-75.7582,36.1826],[-75.7574,36.1673],[-75.7448,36.1392],[-75.7515,36.1233],[-75.7406,36.0878],[-75.7375,36.0425],[-75.7192,36.0458],[-75.7041,36.0576],[-75.692,36.0508],[-75.6843,36.0281],[-75.6864,36.0119],[-75.6658,35.9797],[-75.6408,35.9611],[-75.6011,35.9072],[-75.6033,35.8775],[-75.5947,35.8533],[-75.5703,35.8286],[-75.5675,35.8128],[-75.5381,35.7936],[-75.5572,35.83],[-75.5708,35.8642],[-75.6053,35.9278],[-75.6742,36.0451],[-75.7002,36.0805],[-75.7275,36.1289],[-75.7697,36.2227],[-75.7986,36.2981],[-75.8064,36.3128],[-75.8147,36.3478],[-75.8542,36.48],[-75.8742,36.5803],[-75.8842,36.6133],[-75.9142,36.6736],[-75.9525,36.7658],[-75.9753,36.8592],[-75.9933,36.9147],[-76.0117,36.9305],[-76.0383,36.9317],[-76.0581,36.9173],[-76.0906,36.9081],[-76.1397,36.9236],[-76.1989,36.9325],[-76.2271,36.9408],[-76.2561,36.9593],[-76.2854,36.9485],[-76.331,36.9606],[-76.3335,36.9166],[-76.3176,36.8858],[-76.3409,36.8602],[-76.3498,36.8735],[-76.3542,36.9231],[-76.3853,36.9244],[-76.3884,36.898],[-76.4075,36.8973],[-76.4422,36.9064],[-76.4557,36.8838],[-76.4888,36.8814],[-76.5078,36.8666],[-76.5118,36.8476],[-76.5319,36.8496],[-76.522,36.8715],[-76.505,36.8916],[-76.4831,36.897],[-76.4801,36.9141],[-76.4963,36.9244],[-76.4866,36.9387],[-76.4861,36.9561],[-76.5144,36.9689],[-76.5248,36.9833],[-76.56,37.0036],[-76.5797,37],[-76.5764,37.0197],[-76.5872,37.029],[-76.6124,37.0357],[-76.6479,37.0368],[-76.6639,37.0472],[-76.6694,37.0697],[-76.6569,37.0992],[-76.6636,37.1315],[-76.6721,37.1418],[-76.6711,37.1661],[-76.6637,37.173],[-76.6867,37.1972],[-76.7146,37.1489],[-76.7474,37.1503],[-76.762,37.1681],[-76.7814,37.177],[-76.8192,37.2053],[-76.8661,37.2092],[-76.9,37.1992],[-76.9491,37.2308],[-76.9853,37.2447],[-77.0011,37.2844],[-77.0125,37.3008],[-77.0392,37.2842],[-77.0508,37.2653],[-77.0842,37.2725],[-77.0942,37.3036],[-77.1203,37.2958],[-77.1547,37.2944],[-77.1758,37.2878],[-77.2008,37.29],[-77.2061,37.3044],[-77.2525,37.2956],[-77.2714,37.3142],[-77.2639,37.3219],[-77.2175,37.3261],[-77.1642,37.3097],[-77.1278,37.3094],[-77.1086,37.3183],[-77.0792,37.3208],[-77.0736,37.3047],[-77.0803,37.2808],[-77.0608,37.2836],[-77.0156,37.3125],[-76.9906,37.3036],[-76.9847,37.2767],[-76.9475,37.2408],[-76.9178,37.2339],[-76.8961,37.2511],[-76.8747,37.2522],[-76.8686,37.2419],[-76.8247,37.2438],[-76.7958,37.2328],[-76.7804,37.2086],[-76.7575,37.1914],[-76.7431,37.1925],[-76.7397,37.2122],[-76.7028,37.2167],[-76.6919,37.2231],[-76.6594,37.2228],[-76.6385,37.2141],[-76.6231,37.1979],[-76.6055,37.1603],[-76.6247,37.1383],[-76.6099,37.1136],[-76.5798,37.0966],[-76.5681,37.084],[-76.5283,37.08],[-76.5188,37.0559],[-76.4647,37.0277],[-76.4477,37.0029],[-76.4303,36.9656],[-76.4102,36.9662],[-76.3968,36.9822],[-76.3731,36.9989],[-76.3484,37.0065],[-76.3403,37.0158],[-76.3181,37.0126],[-76.2969,37.0269],[-76.2702,37.0878],[-76.2864,37.1011],[-76.3289,37.0877],[-76.3508,37.0958],[-76.3452,37.1057],[-76.3017,37.1129],[-76.2938,37.1264],[-76.3336,37.1483],[-76.3558,37.1703],[-76.3829,37.1566],[-76.3922,37.1753],[-76.3904,37.1936],[-76.4024,37.2075],[-76.417,37.2072],[-76.4206,37.2233],[-76.4644,37.2175],[-76.4947,37.2261],[-76.5089,37.2398],[-76.5242,37.2425],[-76.5533,37.2683],[-76.5853,37.275],[-76.6258,37.3131],[-76.6544,37.3464],[-76.6953,37.4033],[-76.7447,37.44],[-76.7703,37.4867],[-76.8011,37.4944],[-76.805,37.5233],[-76.7795,37.5269],[-76.7797,37.5128],[-76.7372,37.4864],[-76.7197,37.4522],[-76.7008,37.44],[-76.6861,37.4181],[-76.6711,37.4115],[-76.6407,37.3849],[-76.6119,37.3506],[-76.5922,37.3369],[-76.5892,37.3261],[-76.5581,37.3106],[-76.5594,37.2986],[-76.5258,37.2839],[-76.5103,37.2722],[-76.5058,37.2461],[-76.4808,37.2531],[-76.4633,37.2497],[-76.4342,37.2558],[-76.4233,37.2639],[-76.3936,37.2653],[-76.3758,37.282],[-76.3814,37.2931],[-76.4218,37.3209],[-76.4189,37.3411],[-76.4425,37.3603],[-76.4564,37.3589],[-76.4673,37.3791],[-76.4166,37.3782],[-76.4131,37.4176],[-76.3994,37.4231],[-76.3933,37.3914],[-76.3081,37.3464],[-76.311,37.3338],[-76.2956,37.3233],[-76.2706,37.3292],[-76.2792,37.3583],[-76.2588,37.3616],[-76.2487,37.3758],[-76.2609,37.3906],[-76.2511,37.4079],[-76.2522,37.436],[-76.2733,37.4569],[-76.2959,37.4637],[-76.2881,37.4794],[-76.3276,37.4895],[-76.3345,37.5036],[-76.3488,37.5039],[-76.3769,37.5255],[-76.4014,37.5267],[-76.4221,37.5067],[-76.4414,37.5103],[-76.4364,37.5294],[-76.4136,37.5288],[-76.4047,37.5416],[-76.3418,37.5373],[-76.3125,37.5458],[-76.3204,37.5632],[-76.3408,37.5718],[-76.3833,37.5733],[-76.4147,37.5808],[-76.4342,37.5938],[-76.4332,37.6127],[-76.4578,37.6097],[-76.497,37.6132],[-76.5331,37.6122],[-76.5846,37.6539],[-76.5796,37.6716],[-76.5978,37.7032],[-76.5998,37.7207],[-76.6169,37.7296],[-76.6367,37.7511],[-76.6748,37.7551],[-76.6815,37.7807],[-76.7234,37.7884],[-76.7645,37.8364],[-76.7818,37.8627],[-76.7945,37.8955],[-76.8233,37.9044],[-76.8273,37.9147],[-76.8527,37.9208],[-76.8596,37.9356],[-76.88,37.951],[-76.8784,37.9706],[-76.9145,37.9731],[-76.9286,37.9831],[-76.9164,38.0036],[-76.9283,38.02],[-76.9164,38.0294],[-76.93,38.0732],[-76.9814,38.0831],[-77.0036,38.0962],[-77.0348,38.0896],[-77.06,38.106],[-77.0571,38.1408],[-77.0866,38.1337],[-77.1263,38.1367],[-77.1343,38.1591],[-77.1193,38.1706],[-77.1056,38.1599],[-77.0941,38.1724],[-77.0489,38.1579],[-77.0484,38.1193],[-77.0297,38.1031],[-77.0106,38.1131],[-76.9889,38.115],[-76.9752,38.09],[-76.9358,38.0805],[-76.9214,38.0683],[-76.8966,37.9895],[-76.8711,37.9854],[-76.8522,37.9728],[-76.8505,37.9515],[-76.8341,37.9317],[-76.7982,37.9245],[-76.7699,37.9],[-76.7654,37.879],[-76.7481,37.8761],[-76.7398,37.8545],[-76.7017,37.8227],[-76.6797,37.8242],[-76.6702,37.812],[-76.6456,37.8027],[-76.6322,37.8056],[-76.6254,37.7885],[-76.6001,37.7723],[-76.5867,37.7714],[-76.5686,37.7344],[-76.5436,37.71],[-76.5353,37.6876],[-76.5378,37.6678],[-76.5097,37.6425],[-76.4865,37.6694],[-76.4789,37.7008],[-76.4602,37.6835],[-76.4688,37.6708],[-76.4541,37.6496],[-76.4392,37.6514],[-76.4022,37.6273],[-76.3814,37.6273],[-76.3581,37.6195],[-76.3316,37.6342],[-76.3375,37.6642],[-76.325,37.6757],[-76.3268,37.6914],[-76.3028,37.6897],[-76.3114,37.7175],[-76.3061,37.7314],[-76.3156,37.7636],[-76.3039,37.7808],[-76.3156,37.8102],[-76.3019,37.8258],[-76.2657,37.817],[-76.2512,37.8338],[-76.2444,37.8694],[-76.2372,37.8836],[-76.2528,37.8889],[-76.2683,37.9128],[-76.3442,37.9474],[-76.4136,37.9646],[-76.4434,37.9869],[-76.4563,37.9808],[-76.4772,37.9886],[-76.4682,38.0052],[-76.4769,38.0133],[-76.5156,38.0264],[-76.5364,38.0261],[-76.5517,38.0374],[-76.5278,38.0465],[-76.5363,38.0749],[-76.581,38.0958],[-76.5979,38.1078],[-76.6123,38.1487],[-76.6314,38.1534],[-76.6436,38.1469],[-76.6658,38.1489],[-76.7016,38.1598],[-76.7229,38.1304],[-76.748,38.1373],[-76.7758,38.1672],[-76.7891,38.1697],[-76.8398,38.1638],[-76.8766,38.1731],[-76.9164,38.1994],[-76.9378,38.2025],[-76.9625,38.2172],[-76.9708,38.2294],[-76.9573,38.2424],[-76.9619,38.2573],[-76.9812,38.2746],[-77.0014,38.2808],[-77.0299,38.311],[-77.0147,38.3322],[-77.0135,38.3748],[-77.0418,38.4001],[-77.0557,38.3965],[-77.0726,38.3755],[-77.0947,38.3637],[-77.1029,38.3693],[-77.1389,38.3672],[-77.1559,38.3498],[-77.1773,38.3412],[-77.2029,38.3405],[-77.237,38.3312],[-77.2653,38.3322],[-77.3069,38.3523],[-77.297,38.3707],[-77.325,38.3936],[-77.3512,38.4092],[-77.3535,38.4237],[-77.3109,38.3999],[-77.3266,38.4435],[-77.3233,38.4651],[-77.3036,38.5094],[-77.2829,38.5267],[-77.2738,38.5502],[-77.2574,38.5609],[-77.2644,38.5828],[-77.2486,38.5895],[-77.2475,38.6337],[-77.2288,38.6375],[-77.2235,38.658],[-77.2025,38.6588],[-77.2027,38.6178],[-77.1691,38.6254],[-77.1581,38.6372],[-77.1311,38.6354],[-77.1504,38.6659],[-77.127,38.6788],[-77.1184,38.6998],[-77.0986,38.6987],[-77.0807,38.7084],[-77.0543,38.7099],[-77.0423,38.7218],[-77.0425,38.7429],[-77.0536,38.7831],[-77.0282,38.8151],[-77.0134,38.7883],[-77.0297,38.7738],[-77.0258,38.753],[-77.0324,38.7158],[-77.0442,38.6976],[-77.0684,38.6955],[-77.1009,38.6854],[-77.1145,38.6711],[-77.1095,38.6268],[-77.1475,38.6059],[-77.182,38.6018],[-77.2053,38.5743],[-77.1713,38.5656],[-77.202,38.5532],[-77.235,38.5535],[-77.2298,38.5363],[-77.2552,38.5253],[-77.2736,38.4835],[-77.2642,38.4685],[-77.2655,38.4434],[-77.2564,38.4318],[-77.2649,38.4137],[-77.2499,38.3827],[-77.2067,38.3597],[-77.1853,38.3661],[-77.1367,38.3915],[-77.1238,38.4103],[-77.1186,38.4518],[-77.1025,38.4458],[-77.1099,38.4088],[-77.0915,38.4076],[-77.0754,38.425],[-77.0419,38.4443],[-77.0465,38.455],[-77.0403,38.4795],[-77.0015,38.4216],[-76.975,38.3479],[-76.9304,38.323],[-76.922,38.311],[-76.9263,38.2945],[-76.8897,38.2783],[-76.8394,38.2675],[-76.8342,38.2735],[-76.8567,38.3236],[-76.8711,38.3333],[-76.8564,38.3589],[-76.8622,38.3658],[-76.9128,38.3803],[-76.9092,38.3905],[-76.859,38.3828],[-76.8225,38.3511],[-76.8336,38.3315],[-76.8248,38.3011],[-76.8023,38.2806],[-76.8053,38.2523],[-76.7803,38.2456],[-76.7775,38.2281],[-76.7526,38.2222],[-76.7144,38.2669],[-76.7061,38.2508],[-76.69,38.2609],[-76.6655,38.2584],[-76.6869,38.2416],[-76.6498,38.2249],[-76.6294,38.2252],[-76.5913,38.2149],[-76.55,38.1828],[-76.5358,38.1465],[-76.5017,38.1383],[-76.4649,38.1409],[-76.4683,38.1531],[-76.4381,38.16],[-76.4374,38.1345],[-76.4228,38.1118],[-76.3928,38.1031],[-76.3739,38.0839],[-76.3615,38.0598],[-76.3344,38.0561],[-76.3314,38.0984],[-76.34,38.1278],[-76.32,38.1383],[-76.3341,38.159],[-76.3864,38.2202],[-76.3992,38.2569],[-76.3936,38.2792],[-76.3733,38.2989],[-76.4004,38.3098],[-76.4222,38.3047],[-76.4413,38.2916],[-76.4619,38.296],[-76.4778,38.3167],[-76.5094,38.3394],[-76.4972,38.3469],[-76.5031,38.3603],[-76.5519,38.3886],[-76.585,38.3972],[-76.6192,38.4178],[-76.6453,38.4397],[-76.6625,38.4656],[-76.6636,38.4775],[-76.6853,38.4975],[-76.6736,38.5148],[-76.6731,38.5667],[-76.66,38.5569],[-76.6686,38.5392],[-76.6539,38.5194],[-76.6625,38.4992],[-76.6469,38.4866],[-76.645,38.4686],[-76.6153,38.4597],[-76.6081,38.4467],[-76.5714,38.4225],[-76.5539,38.4214],[-76.5422,38.4097],[-76.5233,38.4124],[-76.5108,38.3925],[-76.4989,38.3867],[-76.4708,38.3492],[-76.4731,38.3308],[-76.4525,38.3231],[-76.4214,38.3192],[-76.3861,38.3631],[-76.3811,38.3856],[-76.4022,38.3942],[-76.4167,38.4156],[-76.4506,38.4422],[-76.4572,38.4531],[-76.4917,38.4817],[-76.5064,38.5056],[-76.5175,38.5347],[-76.5172,38.5753],[-76.5114,38.615],[-76.5253,38.6475],[-76.5322,38.6772],[-76.5286,38.7281],[-76.5446,38.7277],[-76.5575,38.7453],[-76.5594,38.7669],[-76.54,38.7747],[-76.5106,38.8008],[-76.4908,38.8419],[-76.5128,38.8508],[-76.5122,38.87],[-76.4894,38.8878],[-76.515,38.9114],[-76.485,38.9272],[-76.4772,38.9153],[-76.4506,38.9411],[-76.4702,38.9548],[-76.4764,38.9817],[-76.5486,39.0331],[-76.5733,39.0369],[-76.5704,39.0582],[-76.5412,39.058],[-76.5366,39.0405],[-76.5135,39.0154],[-76.4886,39.0039],[-76.4708,38.9825],[-76.45,38.995],[-76.4228,38.9975],[-76.3953,39.0108],[-76.3978,39.0245],[-76.4368,39.0526],[-76.4497,39.0508],[-76.5107,39.0727],[-76.5192,39.0847],[-76.4758,39.0794],[-76.4406,39.0956],[-76.4307,39.132],[-76.4679,39.1524],[-76.5124,39.1694],[-76.5331,39.1906],[-76.5279,39.1965],[-76.565,39.215],[-76.5586,39.2339],[-76.5824,39.2515],[-76.6078,39.2436],[-76.6039,39.2614],[-76.5776,39.2645],[-76.5383,39.2531],[-76.5181,39.241],[-76.5006,39.2189],[-76.4963,39.2019],[-76.425,39.2058],[-76.4212,39.2318],[-76.4408,39.2428],[-76.4516,39.2576],[-76.4522,39.2853],[-76.4395,39.2819],[-76.4369,39.2539],[-76.4162,39.2477],[-76.4044,39.2546],[-76.3931,39.2776],[-76.4,39.3158],[-76.3729,39.302],[-76.3644,39.3217],[-76.3404,39.31],[-76.3345,39.3243],[-76.3383,39.3736],[-76.3583,39.3816],[-76.3569,39.395],[-76.3097,39.3872],[-76.3018,39.3754],[-76.3081,39.3534],[-76.295,39.3472],[-76.2992,39.3306],[-76.2892,39.3164],[-76.2563,39.338],[-76.2715,39.3769],[-76.2693,39.4027],[-76.2397,39.4392],[-76.2256,39.4275],[-76.2543,39.3773],[-76.2499,39.3617],[-76.2279,39.35],[-76.2003,39.365],[-76.2014,39.3794],[-76.1787,39.3837],[-76.1624,39.404],[-76.1398,39.4086],[-76.1024,39.4348],[-76.0983,39.4758],[-76.1335,39.4887],[-76.1128,39.502],[-76.1059,39.5202],[-76.0839,39.5467],[-76.03,39.5484],[-76.0124,39.5392],[-76,39.5611],[-75.9484,39.5801],[-75.97,39.5575],[-75.961,39.5349],[-75.9809,39.5285],[-75.9981,39.4655],[-75.9697,39.4742],[-75.9572,39.4895],[-75.927,39.5053],[-75.915,39.5186],[-75.9008,39.5129],[-75.8814,39.5269],[-75.8733,39.5147],[-75.8939,39.5044],[-75.9156,39.5033],[-75.923,39.4853],[-75.9731,39.4547],[-75.9817,39.4361],[-75.9951,39.4318],[-76.0061,39.4145],[-76.035,39.4022],[-76.0374,39.386],[-75.9962,39.3849],[-75.9623,39.378],[-75.9503,39.3847],[-75.9201,39.3701],[-75.9222,39.3631],[-75.9658,39.3725],[-75.9802,39.353],[-75.9922,39.372],[-76.0236,39.3617],[-76.0569,39.3713],[-76.1109,39.3722],[-76.1356,39.3506],[-76.1292,39.3339],[-76.1583,39.3361],[-76.1865,39.3186],[-76.1784,39.299],[-76.2061,39.2631],[-76.2208,39.2599],[-76.2548,39.1934],[-76.2738,39.1681],[-76.2781,39.1479],[-76.2456,39.1303],[-76.2475,39.1164],[-76.2347,39.0967],[-76.2319,39.0643],[-76.2094,39.0617],[-76.2033,39.0854],[-76.1643,39.1116],[-76.1422,39.1042],[-76.1425,39.0864],[-76.1589,39.0654],[-76.1573,39.0517],[-76.178,39.0322],[-76.1625,39.0069],[-76.2022,38.9722],[-76.2225,38.9678],[-76.22,38.9475],[-76.2042,38.9236],[-76.2039,38.8939],[-76.1947,38.8839],[-76.1744,38.8933],[-76.1706,38.9089],[-76.1467,38.9053],[-76.1294,38.9094],[-76.1036,38.88],[-76.125,38.8728],[-76.1606,38.8797],[-76.1688,38.8619],[-76.1981,38.845],[-76.19,38.8347],[-76.1994,38.8125],[-76.1858,38.785],[-76.1556,38.7722],[-76.1706,38.7536],[-76.1958,38.7694],[-76.2181,38.7906],[-76.2122,38.8058],[-76.2265,38.8193],[-76.2506,38.8253],[-76.2572,38.8414],[-76.2981,38.8283],[-76.3086,38.8142],[-76.31,38.7969],[-76.3272,38.7672],[-76.3428,38.75],[-76.3337,38.7033],[-76.3148,38.738],[-76.3181,38.7642],[-76.2992,38.7597],[-76.2953,38.7308],[-76.27,38.7244],[-76.2435,38.7499],[-76.2072,38.7439],[-76.2089,38.7336],[-76.2365,38.724],[-76.2122,38.705],[-76.2197,38.6978],[-76.2013,38.6723],[-76.1719,38.7103],[-76.1422,38.7022],[-76.1767,38.6919],[-76.1775,38.6756],[-76.1556,38.6567],[-76.1475,38.6372],[-76.1318,38.6381],[-76.1083,38.6214],[-76.0542,38.6042],[-76.0533,38.5942],[-76.0306,38.5792],[-76.0178,38.5917],[-75.9992,38.5957],[-75.9875,38.6106],[-75.9924,38.6293],[-75.9705,38.6312],[-75.9789,38.5842],[-76,38.5844],[-76.0078,38.5717],[-76.0447,38.5619],[-76.0775,38.5797],[-76.0903,38.5925],[-76.1133,38.5814],[-76.1329,38.5956],[-76.1686,38.6019],[-76.1641,38.6215],[-76.1931,38.6194],[-76.2067,38.6086],[-76.2339,38.6089],[-76.2541,38.6226],[-76.2656,38.6111],[-76.2642,38.5861],[-76.2994,38.5755],[-76.2719,38.5519],[-76.2369,38.5447],[-76.2164,38.5658],[-76.2028,38.5619],[-76.213,38.5301],[-76.2531,38.5181],[-76.2653,38.4967],[-76.2833,38.4939],[-76.3011,38.5008],[-76.3239,38.4928],[-76.3319,38.4742],[-76.3069,38.4475],[-76.2822,38.4144],[-76.2833,38.3908],[-76.2443,38.3584],[-76.2319,38.3869],[-76.2139,38.3867],[-76.1967,38.3631],[-76.1836,38.3601],[-76.1725,38.3356],[-76.1275,38.3028],[-76.0997,38.2917],[-76.0872,38.2792],[-76.0714,38.2417],[-76.0553,38.2261],[-76.0358,38.2314],[-76.0406,38.2503],[-76.0272,38.2817],[-76.0448,38.3017],[-76.0481,38.3156],[-76.0175,38.3326],[-76.0107,38.3643],[-75.9739,38.3658],[-75.9616,38.3431],[-75.9638,38.3246],[-76.0083,38.305],[-75.9625,38.2514],[-75.9379,38.275],[-75.9404,38.3061],[-75.9141,38.3275],[-75.8995,38.3494],[-75.8634,38.3592],[-75.8708,38.3775],[-75.8492,38.4039],[-75.8322,38.39],[-75.8642,38.3778],[-75.8492,38.3647],[-75.8574,38.3493],[-75.8831,38.3283],[-75.9083,38.2925],[-75.9017,38.2858],[-75.9188,38.2645],[-75.8959,38.2287],[-75.8731,38.2553],[-75.8518,38.2474],[-75.8611,38.2328],[-75.8186,38.2269],[-75.827,38.2185],[-75.8753,38.1983],[-75.8883,38.204],[-75.9231,38.1906],[-75.9368,38.1898],[-75.9589,38.1397],[-75.9558,38.1306],[-75.9289,38.1311],[-75.925,38.1505],[-75.9011,38.1456],[-75.8866,38.15],[-75.8597,38.1406],[-75.8339,38.1517],[-75.8079,38.1406],[-75.8386,38.1246],[-75.8434,38.0923],[-75.8664,38.0956],[-75.8547,38.0694],[-75.7748,38.0733],[-75.7925,38.0556],[-75.8314,38.0408],[-75.8644,37.9803],[-75.8656,37.9506],[-75.8922,37.9558],[-75.8981,37.9203],[-75.8906,37.9122],[-75.8647,37.9133],[-75.8211,37.9392],[-75.8281,37.9519],[-75.8189,37.9669],[-75.8031,37.9558],[-75.7786,37.9736],[-75.6758,37.9678],[-75.6358,37.9536],[-75.6425,37.9358],[-75.6789,37.9422],[-75.6933,37.9303],[-75.7142,37.9378],[-75.7431,37.9128],[-75.7378,37.9008],[-75.6689,37.9025],[-75.6794,37.8883],[-75.6756,37.8772],[-75.6928,37.8678],[-75.672,37.8472],[-75.6894,37.8356],[-75.7119,37.8367],[-75.7222,37.8206],[-75.7192,37.8017],[-75.7283,37.7881],[-75.7542,37.7828],[-75.7794,37.7922],[-75.7917,37.8056],[-75.8089,37.7931],[-75.8075,37.7822],[-75.7853,37.78],[-75.7886,37.7569],[-75.8219,37.7431],[-75.8075,37.7183],[-75.8233,37.7189],[-75.845,37.6872],[-75.8353,37.6742],[-75.8553,37.6644],[-75.8678,37.6689],[-75.8869,37.6536],[-75.8914,37.6347],[-75.8806,37.6072],[-75.8928,37.6047],[-75.9058,37.6267],[-75.9231,37.6028],[-75.9117,37.5875],[-75.9317,37.58],[-75.9411,37.5653],[-75.9314,37.5514],[-75.9492,37.5247],[-75.9589,37.5008],[-75.9619,37.4739],[-75.9825,37.4297],[-75.983,37.4133],[-75.9664,37.3914],[-75.9861,37.3828],[-75.985,37.3686],[-76.0146,37.3298],[-76.0136,37.3101],[-76.0244,37.2544],[-76.01,37.2308],[-76.0136,37.2082],[-75.9764,37.1547],[-75.97,37.1125],[-75.98,37.0897],[-75.9597,37.0831],[-75.9442,37.0867],[-75.9492,37.1022],[-75.9353,37.1303],[-75.9433,37.1614],[-75.9356,37.2058],[-75.9236,37.2306],[-75.9281,37.2614],[-75.9225,37.2778],[-75.9058,37.2914],[-75.9047,37.3039],[-75.8983,37.3133],[-75.9069,37.3208],[-75.8956,37.3503],[-75.8728,37.3742],[-75.8619,37.3925],[-75.8481,37.3989],[-75.8306,37.3869],[-75.8181,37.3983],[-75.8008,37.3975],[-75.7958,37.4097],[-75.8181,37.4194],[-75.8097,37.4442],[-75.8139,37.4733],[-75.7956,37.4733],[-75.775,37.4939],[-75.7575,37.4975],[-75.7231,37.4867],[-75.7264,37.4717],[-75.7067,37.4536],[-75.6847,37.4567],[-75.6986,37.4953],[-75.7111,37.5058],[-75.7533,37.5072],[-75.7553,37.5178],[-75.7278,37.5511],[-75.6742,37.5128],[-75.6872,37.5014],[-75.6581,37.4867],[-75.6139,37.5525],[-75.6217,37.5658],[-75.645,37.5564],[-75.6514,37.5386],[-75.6689,37.5294],[-75.6875,37.5497],[-75.6706,37.5769],[-75.7003,37.5769],[-75.6869,37.5981],[-75.6647,37.5922],[-75.6694,37.5778],[-75.6511,37.5681],[-75.625,37.5689],[-75.6292,37.5883],[-75.6472,37.6042],[-75.6681,37.6119],[-75.665,37.6278],[-75.6492,37.6519],[-75.6342,37.6297],[-75.6053,37.62],[-75.5964,37.6378],[-75.5853,37.6786],[-75.6094,37.7017],[-75.5989,37.7228],[-75.5794,37.7444],[-75.5664,37.7344],[-75.5531,37.7417],[-75.5194,37.7969],[-75.5019,37.8178],[-75.4575,37.8603],[-75.4247,37.8756],[-75.4164,37.8906],[-75.4369,37.9042],[-75.4147,37.9131],[-75.4333,37.9236],[-75.4233,37.9364],[-75.4364,37.9633],[-75.4286,37.9853],[-75.4092,37.9869],[-75.4025,38.0017],[-75.3761,38.0086],[-75.3808,38.0311],[-75.3506,38.0583],[-75.3644,38.0756],[-75.3419,38.0869],[-75.3269,38.1053],[-75.3136,38.1017],[-75.2883,38.135],[-75.2836,38.1528],[-75.2656,38.1636],[-75.2686,38.1739],[-75.2608,38.2045],[-75.2194,38.2464],[-75.1925,38.2447],[-75.19,38.2275],[-75.1642,38.2367],[-75.1522,38.2472],[-75.141,38.2838],[-75.1164,38.3028],[-75.11,38.3189],[-75.0958,38.3289],[-75.0942,38.3469],[-75.1214,38.3619],[-75.1294,38.3917],[-75.1,38.4053],[-75.1178,38.4311],[-75.0992,38.4375],[-75.0792,38.4583],[-75.0639,38.4314],[-75.0775,38.3619],[-75.0561,38.4108],[-75.0497,38.4506],[-75.0583,38.5872],[-75.0906,38.5767],[-75.1167,38.5914],[-75.1344,38.5933],[-75.1597,38.58],[-75.1897,38.5875],[-75.1553,38.6078],[-75.1011,38.6172],[-75.1039,38.635],[-75.1217,38.6322],[-75.15107167381977,38.643104120171664],[-75.1306,38.6417],[-75.1331,38.6878],[-75.12,38.6844],[-75.0794,38.6947],[-75.0722,38.6703],[-75.0819,38.6389],[-75.0722,38.6292],[-75.0903,38.6153],[-75.0628,38.6092],[-75.0669,38.6653],[-75.0812,38.7431],[-75.0836,38.7753],[-75.1008,38.7867],[-75.1303,38.7814],[-75.1598,38.79],[-75.1856,38.8033],[-75.2056,38.8239],[-75.2339,38.8453],[-75.26,38.8747],[-75.3061,38.9158],[-75.3167,38.9325],[-75.3117,38.9675],[-75.3194,38.9897],[-75.3432,39.0218],[-75.3708,39.0433],[-75.3914,39.0525],[-75.4039,39.0722],[-75.3998,39.0989],[-75.4128,39.1508],[-75.4102,39.1734],[-75.3957,39.1896],[-75.3973,39.2159],[-75.4081,39.2642],[-75.4342,39.2911],[-75.4389,39.3133],[-75.4603,39.3283],[-75.4988,39.3413],[-75.4869,39.3569],[-75.4397,39.3928],[-75.4014,39.381],[-75.3866,39.3565],[-75.3664,39.3467],[-75.346,39.3494],[-75.3276,39.3405],[-75.316,39.3125],[-75.288,39.2908],[-75.2769,39.3067],[-75.2511,39.3],[-75.2406,39.2743],[-75.1982,39.2566],[-75.1709,39.2353],[-75.1671,39.203],[-75.1511,39.1893],[-75.1276,39.1904],[-75.1087,39.2187],[-75.0903,39.2106],[-75.0489,39.2151],[-75.0246,39.2372],[-75.0044,39.2325],[-75.0263,39.2132],[-75.0278,39.1943],[-75.0033,39.1908],[-74.9825,39.195],[-74.9598,39.1914],[-74.9006,39.1739],[-74.8865,39.1584],[-74.8912,39.1189],[-74.9019,39.0902],[-74.9412,39.0308],[-74.957,38.9983],[-74.9634,38.9618],[-74.9725,38.9389],[-74.9629,38.9301],[-74.9183,38.93],[-74.8961,38.9358],[-74.877,38.9494],[-74.8752,38.9713],[-74.8339,38.9908],[-74.8525,39.0081],[-74.828,39.0146],[-74.8081,39.0394],[-74.823,39.0589],[-74.8006,39.0706],[-74.7825,39.0428],[-74.7619,39.0603],[-74.785,39.0753],[-74.7892,39.1022],[-74.7712,39.1107],[-74.7497,39.1011],[-74.7403,39.1197],[-74.711,39.1206],[-74.6864,39.1675],[-74.7058,39.1686],[-74.71,39.1844],[-74.692,39.1979],[-74.6653,39.2083],[-74.655,39.2186],[-74.6378,39.2172],[-74.5989,39.2589],[-74.5636,39.2775],[-74.6011,39.2764],[-74.6139,39.2604],[-74.6303,39.2583],[-74.6202,39.2873],[-74.66,39.2956],[-74.6352,39.3067],[-74.6194,39.3036],[-74.5864,39.3131],[-74.5719,39.3033],[-74.5575,39.3241],[-74.5421,39.3345],[-74.5336,39.3558],[-74.5181,39.3633],[-74.5155,39.3846],[-74.4863,39.3765],[-74.4594,39.3636],[-74.5103,39.3419],[-74.4917,39.3306],[-74.4078,39.3642],[-74.4155,39.3767],[-74.4503,39.3969],[-74.4878,39.395],[-74.4848,39.416],[-74.4656,39.4219],[-74.4574,39.4474],[-74.4286,39.4553],[-74.4128,39.4261],[-74.3917,39.4434],[-74.3996,39.4761],[-74.3785,39.4832],[-74.4102,39.507],[-74.4139,39.5506],[-74.3772,39.5447],[-74.3528,39.5451],[-74.3268,39.5261],[-74.3275,39.5083],[-74.3072,39.5094],[-74.2972,39.5219],[-74.2981,39.5381],[-74.3169,39.5464],[-74.3381,39.5686],[-74.307,39.6016],[-74.2664,39.6175],[-74.2535,39.627],[-74.2508,39.6444],[-74.2202,39.6441],[-74.213,39.6695],[-74.1953,39.6773],[-74.1812,39.7037],[-74.16,39.7064],[-74.168,39.7391],[-74.1895,39.7511],[-74.1925,39.7647],[-74.1805,39.7978],[-74.1458,39.8375],[-74.1362,39.8566],[-74.1396,39.8843],[-74.1329,39.9001],[-74.1075,39.9204],[-74.1339,39.9278],[-74.1162,39.9448],[-74.1181,39.9608],[-74.1094,39.9748],[-74.1173,40.0012],[-74.107,40.0107],[-74.0865,40.0124],[-74.0763,40.0301],[-74.0586,40.0088],[-74.0728,40.0006],[-74.0751,39.9692],[-74.0855,39.9645],[-74.0797,39.9356],[-74.0881,39.91],[-74.0923,39.831],[-74.1036,39.8011],[-74.0961,39.7831],[-74.0772,39.9102],[-74.0597,39.9975],[-74.0333,40.1014],[-74.0307,40.1244],[-73.9867,40.2573],[-73.972,40.3283],[-73.9921,40.3388],[-74.0142,40.3244],[-74.0207,40.3417],[-73.9767,40.3636],[-73.9883,40.4072],[-74.0593,40.4229],[-74.0946,40.441],[-74.1349,40.4566],[-74.1484,40.4491],[-74.18,40.4586],[-74.1928,40.4419],[-74.2614,40.4647],[-74.2795,40.5006],[-74.2669,40.4992],[-74.25,40.5208],[-74.2533,40.5517],[-74.215,40.5642],[-74.2011,40.6008],[-74.2067,40.6247],[-74.19,40.6442],[-74.1481,40.6597],[-74.1431,40.6806],[-74.1061,40.7192],[-74.1028,40.7008],[-74.1178,40.6775],[-74.1461,40.6492],[-74.1225,40.645],[-74.0861,40.6533],[-74.0906,40.6681],[-74.0723,40.6751],[-74.0328,40.715],[-74.012,40.7004],[-73.9773,40.7111],[-73.9717,40.7433],[-73.9415,40.7763],[-73.9239,40.7828],[-73.9041,40.8027],[-73.8017,40.8126],[-73.8154,40.8329],[-73.8169,40.8522],[-73.7977,40.8547],[-73.7833,40.8814],[-73.7663,40.897],[-73.7699,40.9109],[-73.7255,40.9273],[-73.7159,40.9446],[-73.6875,40.9483],[-73.6783,40.9622],[-73.6617,40.9658],[-73.6547,40.9889],[-73.64,41.0036],[-73.6253,41.0033],[-73.6003,41.0186],[-73.5835,41.0139],[-73.5578,41.017],[-73.5416,41.033],[-73.4757,41.0431],[-73.4558,41.0608],[-73.4409,41.0559],[-73.4197,41.0764],[-73.399,41.0828],[-73.3579,41.1062],[-73.3087,41.115],[-73.285,41.1278],[-73.262,41.118],[-73.2431,41.1274],[-73.2365,41.1413],[-73.2025,41.1589],[-73.1736,41.1686],[-73.1377,41.1484],[-73.1087,41.157],[-73.1025,41.1736],[-73.0795,41.1944],[-73.0468,41.2122],[-73.014,41.2048],[-73.0028,41.2225],[-72.9756,41.2333],[-72.9611,41.2519],[-72.9356,41.26],[-72.9358,41.2725],[-72.9156,41.2967],[-72.9075,41.2906],[-72.8931,41.2583],[-72.8936,41.2419],[-72.8617,41.2456],[-72.8561,41.2542],[-72.8296,41.2588],[-72.8106,41.2503],[-72.7861,41.265],[-72.7569,41.2692],[-72.75,41.2589],[-72.7058,41.2597],[-72.6856,41.2511],[-72.6772,41.2675],[-72.6592,41.2653],[-72.6228,41.2722],[-72.5808,41.2719],[-72.5447,41.2483],[-72.539,41.2667],[-72.5192,41.2578],[-72.4856,41.2711],[-72.468,41.2695],[-72.4506,41.2794],[-72.4269,41.2736],[-72.3997,41.2786],[-72.3875,41.2608],[-72.3686,41.2633],[-72.3675,41.2811],[-72.3458,41.3092],[-72.3311,41.2806],[-72.3127,41.2774],[-72.2725,41.2853],[-72.2467,41.2981],[-72.2311,41.2967],[-72.1783,41.3231],[-72.1636,41.3083],[-72.1117,41.2992],[-72.0947,41.3094],[-72.0894,41.3253],[-72.1017,41.3969],[-72.0828,41.3667],[-72.0853,41.3569],[-72.0761,41.3233],[-72.0539,41.3233],[-72.0297,41.3119],[-72.0111,41.3106],[-71.9612,41.348],[-71.9504,41.338],[-71.8683,41.3349],[-71.8579,41.3069],[-71.8045,41.3229],[-71.7631,41.3297],[-71.7147,41.3305],[-71.6971,41.341],[-71.6159,41.3638],[-71.5944,41.3648],[-71.5504,41.3749],[-71.5062,41.3749],[-71.487,41.3616],[-71.4687,41.3947],[-71.4529,41.4098],[-71.4571,41.4325],[-71.4306,41.4474],[-71.4217,41.4711],[-71.4241,41.5029],[-71.4173,41.5133],[-71.4271,41.5569],[-71.4479,41.5782],[-71.4074,41.5882],[-71.4031,41.6132],[-71.4092,41.6631],[-71.4258,41.6708],[-71.446,41.6686],[-71.4473,41.6899],[-71.3888,41.6831],[-71.3649,41.6926],[-71.3661,41.7116],[-71.3783,41.733],[-71.3967,41.8025],[-71.377,41.7993],[-71.3635,41.7625],[-71.3377,41.7248],[-71.3119,41.7188],[-71.2947,41.7215],[-71.3051,41.7433],[-71.2854,41.7547],[-71.2824,41.7238],[-71.2954,41.7015],[-71.2875,41.6702],[-71.2587,41.6479],[-71.2549,41.6615],[-71.2389,41.671],[-71.2431,41.6883],[-71.216,41.7074],[-71.1939,41.7046],[-71.152,41.7154],[-71.1983,41.6796],[-71.2126,41.6378],[-71.2121,41.6079],[-71.2048,41.5956],[-71.2141,41.5829],[-71.2092,41.5629],[-71.2185,41.5462],[-71.2015,41.5112],[-71.207,41.498],[-71.1918,41.4753],[-71.1999,41.454],[-71.176,41.4589],[-71.1649,41.4716],[-71.1421,41.482],[-71.1403,41.491],[-71.0942,41.5032],[-71.0984,41.5178],[-71.1179,41.541],[-71.1093,41.545],[-71.0873,41.5241],[-71.0702,41.5217],[-71.0657,41.5571],[-71.0547,41.5512],[-71.0451,41.5139],[-71.0335,41.4989],[-71.0157,41.5093],[-70.9881,41.5083],[-70.9682,41.5386],[-70.9579,41.5245],[-70.9361,41.5406],[-70.9308,41.6089],[-70.9111,41.5939],[-70.902,41.624],[-70.8872,41.6328],[-70.8617,41.6353],[-70.8356,41.6245],[-70.8004,41.6302],[-70.7956,41.6506],[-70.7566,41.6532],[-70.7546,41.6981],[-70.7349,41.6977],[-70.7214,41.7133],[-70.7216,41.7359],[-70.6888,41.7239],[-70.6794,41.7272],[-70.6512,41.7143],[-70.655,41.7333],[-70.5797,41.7533],[-70.5639,41.7711],[-70.5439,41.7772],[-70.5136,41.7736],[-70.5147,41.7886],[-70.5378,41.8103],[-70.5422,41.8311],[-70.5256,41.8578],[-70.5319,41.8897],[-70.5472,41.9094],[-70.5544,41.9294],[-70.5844,41.9515],[-70.6086,41.9418],[-70.6468,41.9503],[-70.6793,41.9791],[-70.6997,41.9867],[-70.7106,42.0014],[-70.6964,42.0144],[-70.678,42.0048],[-70.667,42.0123],[-70.6692,42.0383],[-70.6422,42.0447],[-70.6489,42.0719],[-70.6372,42.0836],[-70.6778,42.1233],[-70.7039,42.1586],[-70.7206,42.2072],[-70.7486,42.2217],[-70.7647,42.2433],[-70.8303,42.2683],[-70.8547,42.2678],[-70.88,42.26],[-70.9153,42.2657],[-70.9394,42.2531],[-71.0144,42.2783],[-71.008,42.3014],[-71.0322,42.3019],[-71.0436,42.3231],[-71.0085,42.347],[-70.9903,42.3531],[-70.9872,42.3681],[-70.96,42.3486],[-70.9897,42.4133],[-70.9814,42.4259],[-70.9192,42.4681],[-70.8947,42.46],[-70.8781,42.4792],[-70.8597,42.4889],[-70.835,42.49],[-70.8407,42.5186],[-70.8636,42.5211],[-70.8789,42.5389],[-70.8229,42.5513],[-70.8047,42.5617],[-70.7781,42.5644],[-70.7373,42.5755],[-70.7128,42.5717],[-70.6843,42.5879],[-70.6831,42.5978],[-70.6603,42.6067],[-70.6529,42.5822],[-70.6336,42.6006],[-70.6328,42.6192],[-70.5904,42.6411],[-70.5963,42.6526],[-70.6228,42.6694],[-70.6183,42.6855],[-70.63,42.693],[-70.664,42.6779],[-70.6833,42.6542],[-70.7158,42.6617],[-70.7272,42.6481],[-70.7556,42.6611],[-70.7436,42.6803],[-70.7861,42.6903],[-70.799,42.7219],[-70.7705,42.7053],[-70.7942,42.75],[-70.805,42.7797],[-70.8097,42.8128],[-70.8352,42.7983],[-70.8645,42.8147],[-70.8382,42.8226],[-70.8117,42.8219],[-70.8165,42.8509],[-70.8145,42.887],[-70.8225,42.901],[-70.7988,42.9228],[-70.75,42.9911],[-70.7428,43.0089],[-70.7108,43.0425],[-70.7178,43.0736],[-70.73,43.0725],[-70.7567,43.0794],[-70.7667,43.0919],[-70.8208,43.1183],[-70.8443,43.1124],[-70.8605,43.0908],[-70.8442,43.0761],[-70.8344,43.0569],[-70.8475,43.0469],[-70.8624,43.059],[-70.9167,43.0558],[-70.8964,43.0816],[-70.8653,43.0944],[-70.8689,43.1244],[-70.8519,43.1361],[-70.8356,43.1258],[-70.7979,43.1177],[-70.7561,43.085],[-70.7367,43.0744],[-70.7005,43.0825],[-70.6878,43.0644],[-70.6644,43.0764],[-70.6547,43.0942],[-70.6231,43.1339],[-70.6185,43.1644],[-70.5886,43.1944],[-70.5892,43.2067],[-70.5753,43.2219],[-70.5883,43.235],[-70.5889,43.2631],[-70.5633,43.3098],[-70.5404,43.3347],[-70.5153,43.3454],[-70.4747,43.3483],[-70.4668,43.3402],[-70.4403,43.3544],[-70.4238,43.3781],[-70.4203,43.3967],[-70.3997,43.4019],[-70.3555,43.4479],[-70.3809,43.4631],[-70.3856,43.4953],[-70.3519,43.5364],[-70.3087,43.544],[-70.2728,43.5625],[-70.2444,43.5522],[-70.23,43.5633],[-70.2156,43.5568],[-70.1972,43.565],[-70.2145,43.5909],[-70.2079,43.6237],[-70.2181,43.628],[-70.2265,43.6503],[-70.2506,43.6883],[-70.1956,43.7392],[-70.1956,43.7675],[-70.1531,43.7747],[-70.1367,43.7981],[-70.0458,43.8325],[-70.02,43.8589],[-69.9914,43.8613],[-69.9537,43.849],[-69.9766,43.8272],[-70.0352,43.7566],[-70.0088,43.7447],[-70.0077,43.763],[-69.9904,43.7752],[-69.9792,43.7997],[-69.9568,43.8127],[-69.9476,43.8281],[-69.9511,43.8364],[-69.9306,43.8408],[-69.9158,43.8606],[-69.8978,43.8731],[-69.8819,43.8569],[-69.8722,43.8347],[-69.8525,43.8336],[-69.8549,43.8164],[-69.876,43.7911],[-69.8609,43.7603],[-69.8697,43.7428],[-69.8564,43.7317],[-69.8517,43.7031],[-69.8314,43.7225],[-69.7961,43.7344],[-69.8031,43.7442],[-69.7909,43.7904],[-69.8071,43.8113],[-69.8112,43.8358],[-69.7976,43.8439],[-69.8011,43.8792],[-69.815,43.8833],[-69.8092,43.9256],[-69.8175,43.9506],[-69.8361,43.9508],[-69.8495,43.9735],[-69.8647,43.9497],[-69.8844,43.9528],[-69.8878,43.9736],[-69.8764,43.9914],[-69.8594,43.9886],[-69.8503,44.0092],[-69.8268,44.0029],[-69.8209,43.9606],[-69.806,43.9437],[-69.8045,43.9104],[-69.7628,43.8911],[-69.7408,43.8988],[-69.7306,43.9319],[-69.7162,43.9325],[-69.6937,43.9485],[-69.6711,43.98],[-69.6765,43.9961],[-69.6532,44.0142],[-69.6315,44.02],[-69.6219,44.043],[-69.6018,44.037],[-69.6119,44.0211],[-69.6257,44.0223],[-69.648,44.0016],[-69.6725,43.9408],[-69.6528,43.9278],[-69.6631,43.9033],[-69.6606,43.8836],[-69.6714,43.8769],[-69.6714,43.8567],[-69.6514,43.8422],[-69.5726,43.8526],[-69.5539,43.8653],[-69.5589,43.8922],[-69.5247,43.8772],[-69.5136,43.8448],[-69.5022,43.8389],[-69.4786,43.8869],[-69.4593,43.903],[-69.4412,43.9654],[-69.3935,44.0037],[-69.3919,44.0179],[-69.3706,44.0347],[-69.375,44.0629],[-69.3607,44.0598],[-69.3409,44.0431],[-69.367,44.0251],[-69.3539,44.0167],[-69.3689,43.9742],[-69.3458,43.9712],[-69.3028,43.978],[-69.3136,43.9625],[-69.2857,43.9583],[-69.2876,43.9748],[-69.2753,43.9858],[-69.2585,43.9844],[-69.2475,44.0053],[-69.2173,44.0174],[-69.1952,44.0497],[-69.1876,44.0386],[-69.2075,44.0253],[-69.2156,44.0046],[-69.2516,43.9838],[-69.2733,43.9361],[-69.2434,43.9248],[-69.2014,43.9433],[-69.1907,43.9791],[-69.1649,44.0027],[-69.1352,44.0026],[-69.1136,44.0328],[-69.0732,44.0462],[-69.0793,44.0558],[-69.0585,44.0695],[-69.0571,44.0953],[-69.0967,44.0839],[-69.1069,44.0907],[-69.0952,44.1198],[-69.0772,44.135],[-69.0808,44.1572],[-69.0706,44.182],[-69.0514,44.196],[-69.0605,44.2071],[-69.0293,44.248],[-69.0046,44.2746],[-69.0031,44.2953],[-68.9828,44.2992],[-68.9581,44.315],[-68.9475,44.3536],[-68.9594,44.3747],[-68.9878,44.3933],[-68.9819,44.4003],[-68.9939,44.4214],[-68.9456,44.4275],[-68.9308,44.4394],[-68.8828,44.4631],[-68.8567,44.4683],[-68.8603,44.4461],[-68.8342,44.4561],[-68.8217,44.4678],[-68.8372,44.4817],[-68.8072,44.5025],[-68.7783,44.4922],[-68.7828,44.4556],[-68.7975,44.4511],[-68.8006,44.4358],[-68.8161,44.4281],[-68.8225,44.4075],[-68.8208,44.3828],[-68.81,44.3808],[-68.7708,44.4108],[-68.7653,44.4278],[-68.7361,44.4342],[-68.7294,44.4153],[-68.7594,44.4247],[-68.7878,44.3703],[-68.8131,44.3528],[-68.8261,44.3336],[-68.8278,44.3119],[-68.7933,44.3081],[-68.7594,44.3317],[-68.7328,44.3264],[-68.6658,44.2931],[-68.6269,44.2861],[-68.5763,44.2541],[-68.5472,44.2436],[-68.5486,44.2344],[-68.5228,44.2283],[-68.5288,44.2497],[-68.5203,44.2664],[-68.535,44.2903],[-68.5486,44.2911],[-68.5636,44.3081],[-68.5628,44.3336],[-68.545,44.3556],[-68.5686,44.3969],[-68.5597,44.4058],[-68.5289,44.3983],[-68.5156,44.415],[-68.4975,44.4167],[-68.4872,44.445],[-68.4731,44.4033],[-68.4567,44.4133],[-68.4711,44.44],[-68.4578,44.4528],[-68.4683,44.4678],[-68.4675,44.4936],[-68.4497,44.4844],[-68.4228,44.4964],[-68.4219,44.4717],[-68.4294,44.4653],[-68.4258,44.4375],[-68.4319,44.4308],[-68.4281,44.3964],[-68.4153,44.3981],[-68.3922,44.4178],[-68.3922,44.4361],[-68.3669,44.4318],[-68.3456,44.4536],[-68.3225,44.4628],[-68.2978,44.4497],[-68.2722,44.4592],[-68.2622,44.49],[-68.23,44.4631],[-68.2267,44.4936],[-68.2125,44.5159],[-68.2606,44.5383],[-68.2914,44.5567],[-68.2689,44.5744],[-68.2547,44.5675],[-68.2511,44.5394],[-68.2008,44.5206],[-68.1983,44.4944],[-68.1803,44.475],[-68.1606,44.5031],[-68.1381,44.4878],[-68.1144,44.4808],[-68.12,44.4575],[-68.1144,44.4075],[-68.1014,44.3936],[-68.0928,44.3711],[-68.0781,44.37],[-68.0764,44.3472],[-68.0591,44.3329],[-68.0456,44.3384],[-68.0456,44.361],[-68.028,44.3686],[-68.0191,44.3984],[-68,44.4069],[-67.9781,44.3897],[-67.9614,44.4069],[-67.9822,44.4419],[-68.0131,44.4461],[-68.0253,44.4628],[-67.9919,44.4636],[-67.9693,44.4985],[-67.9668,44.4668],[-67.9564,44.4297],[-67.9439,44.4117],[-67.9305,44.4217],[-67.9239,44.4517],[-67.9069,44.4611],[-67.9147,44.42],[-67.9022,44.3956],[-67.8862,44.4365],[-67.8828,44.4636],[-67.889,44.4838],[-67.8542,44.4789],[-67.8572,44.5278],[-67.8422,44.5442],[-67.8286,44.5893],[-67.8167,44.5857],[-67.8125,44.5639],[-67.7903,44.5633],[-67.8056,44.5425],[-67.8031,44.524],[-67.7807,44.5222],[-67.7881,44.5478],[-67.7695,44.5602],[-67.7591,44.5819],[-67.7452,44.574],[-67.7436,44.5591],[-67.7554,44.5476],[-67.7394,44.5192],[-67.7428,44.4967],[-67.7056,44.4997],[-67.6979,44.5129],[-67.7002,44.5314],[-67.6648,44.5494],[-67.6686,44.5656],[-67.6434,44.5659],[-67.6278,44.5506],[-67.6425,44.5389],[-67.6355,44.5285],[-67.5715,44.5295],[-67.5604,44.54],[-67.5748,44.5601],[-67.5572,44.5973],[-67.5628,44.6122],[-67.5435,44.6279],[-67.5192,44.6347],[-67.4931,44.6286],[-67.4843,44.611],[-67.459,44.5959],[-67.4329,44.6132],[-67.4482,44.6309],[-67.4386,44.6419],[-67.4187,44.6161],[-67.4196,44.6035],[-67.3683,44.6235],[-67.3753,44.6389],[-67.3666,44.6522],[-67.3995,44.6789],[-67.3932,44.698],[-67.3717,44.6894],[-67.3061,44.7087],[-67.3055,44.6808],[-67.3128,44.6597],[-67.2757,44.6232],[-67.2709,44.6645],[-67.2487,44.6685],[-67.2442,44.6451],[-67.2344,44.6367],[-67.189,44.6442],[-67.1878,44.6629],[-67.1548,44.6676],[-67.1466,44.6851],[-67.1285,44.6939],[-67.1037,44.7177],[-67.1018,44.7361],[-67.0735,44.7409],[-67.0708,44.7531],[-67.0518,44.7629],[-67.0203,44.7692],[-67.0085,44.7873],[-66.979,44.8056],[-66.9886,44.8369],[-67.0144,44.8498],[-67.0183,44.8861],[-67.0425,44.9028],[-67.0528,44.8831],[-67.0394,44.8697],[-67.0528,44.8569],[-67.0772,44.8767],[-67.1236,44.8664],[-67.141,44.8691],[-67.1316,44.8364],[-67.1544,44.8311],[-67.1496,44.8623],[-67.1833,44.8892],[-67.1805,44.9084],[-67.1556,44.9061],[-67.1458,44.8903],[-67.1272,44.8839],[-67.1217,44.9097],[-67.1111,44.9217],[-67.0884,44.918],[-67.05,44.9373],[-67.0158,44.9233],[-67.025,44.9136],[-66.984,44.8982],[-66.9844,44.9128],[-67.0156,44.9264],[-67.0319,44.9389],[-67.0392,44.9581],[-67.058,44.9708],[-67.05,44.98],[-67.0834,45.0312],[-67.1086,45.0592],[-67.1047,45.0739],[-67.1147,45.0975],[-67.1465,45.1228],[-67.1633,45.1583],[-67.2077,45.1678],[-67.2206,45.1627],[-67.2428,45.1692],[-67.2511,45.1808],[-67.2882,45.1885],[-67.3026,45.1605],[-67.3022,45.1451],[-67.3196,45.1381],[-67.354,45.1373],[-67.3816,45.1521],[-67.4182,45.1895],[-67.4297,45.1947],[-67.4338,45.2145],[-67.4539,45.2407],[-67.4663,45.2477],[-67.4776,45.2873],[-67.4607,45.3003],[-67.4571,45.3261],[-67.4321,45.3431],[-67.4215,45.3763],[-67.4333,45.3957],[-67.474,45.4237],[-67.4827,45.4601],[-67.4932,45.4709],[-67.4876,45.4897],[-67.4483,45.5111],[-67.4275,45.5007],[-67.436,45.5384],[-67.4241,45.546],[-67.4257,45.5785],[-67.4566,45.6053],[-67.5009,45.6045],[-67.5302,45.5983],[-67.5785,45.6003],[-67.6443,45.6168],[-67.6736,45.6278],[-67.6914,45.6473],[-67.7027,45.6697],[-67.7593,45.6712],[-67.7887,45.6823],[-67.8029,45.696],[-67.8085,45.7233],[-67.7825,45.7309],[-67.8045,45.7826],[-67.8034,45.7982],[-67.7831,45.8158],[-67.7651,45.8207],[-67.7687,45.8382],[-67.7912,45.8562],[-67.8027,45.8737],[-67.787,45.8941],[-67.7715,45.8972],[-67.7549,45.9149],[-67.7579,45.9264],[-67.781,45.9457],[-67.7839,46.6017],[-67.7836,47.0632],[-67.8893,47.1106],[-67.8909,47.1256],[-67.9099,47.1472],[-67.9272,47.1549],[-67.958,47.2003],[-67.9905,47.2103],[-68.0152,47.2336],[-68.083,47.2711],[-68.1171,47.2858],[-68.1518,47.3078],[-68.1543,47.3225],[-68.2438,47.3526],[-68.2837,47.3599],[-68.3291,47.3598],[-68.3698,47.3517],[-68.3835,47.3246],[-68.3805,47.2874],[-68.4313,47.2826],[-68.4546,47.285],[-68.4752,47.297],[-68.5193,47.2962],[-68.5495,47.2825],[-68.5804,47.2869],[-68.6124,47.246],[-68.6619,47.2369],[-68.6893,47.2428],[-68.7352,47.2346],[-68.7513,47.2251],[-68.8158,47.2119],[-68.8975,47.1766],[-68.9209,47.1958],[-69.0405,47.2439],[-69.0498,47.2586],[-69.0433,47.2855],[-69.0547,47.3146],[-69.054,47.3627],[-69.0443,47.4028],[-69.035,47.4087],[-69.0617,47.4349],[-69.0744,47.4276],[-69.0992,47.4294],[-69.1224,47.4431],[-69.161,47.4472],[-69.1786,47.4569],[-69.203,47.4516],[-69.2218,47.4576],[-69.2623,47.4259],[-69.2738,47.4115],[-69.392,47.2984],[-69.6978,46.9954],[-69.8124,46.8787],[-69.9609,46.7342],[-69.9971,46.6958],[-70.0054,46.6507],[-70.0572,46.4147],[-70.0953,46.4081],[-70.1103,46.3861],[-70.1473,46.3589],[-70.1728,46.3574],[-70.1953,46.3434],[-70.2233,46.2926],[-70.2513,46.2623],[-70.271,46.2107],[-70.292,46.1909],[-70.2786,46.1755],[-70.242,46.1502],[-70.2424,46.1316],[-70.2536,46.114],[-70.2503,46.1016],[-70.283,46.0999],[-70.3085,46.0635],[-70.2925,46.0602],[-70.3142,46.0208],[-70.3088,45.9854],[-70.3144,45.9665],[-70.2602,45.9644],[-70.2405,45.9483],[-70.2445,45.9336],[-70.2612,45.9207],[-70.2564,45.9075],[-70.2663,45.8849],[-70.3126,45.8597],[-70.3455,45.8508],[-70.3713,45.8331],[-70.4162,45.7956],[-70.4097,45.7668],[-70.3895,45.7364],[-70.401,45.7226],[-70.4296,45.7083],[-70.4643,45.709],[-70.5117,45.6769],[-70.5613,45.6627],[-70.6181,45.6127],[-70.6459,45.6041],[-70.6778,45.5704],[-70.6805,45.557],[-70.7184,45.5127],[-70.7158,45.4876],[-70.6967,45.4759],[-70.6785,45.4533],[-70.6523,45.444],[-70.636,45.4118],[-70.626,45.4032],[-70.6367,45.384],[-70.6598,45.3777],[-70.6823,45.3943],[-70.7192,45.3943],[-70.7411,45.4095],[-70.7545,45.4277],[-70.7942,45.4303],[-70.8233,45.403],[-70.8066,45.3211],[-70.8158,45.3019],[-70.8352,45.2946],[-70.8324,45.2822],[-70.8452,45.2663],[-70.8445,45.2447],[-70.8706,45.2314],[-70.8929,45.2439],[-70.9179,45.2868],[-70.9126,45.3003],[-70.9234,45.3181],[-70.9566,45.3426],[-70.9791,45.335],[-71.0096,45.3462],[-71.0086,45.3245],[-71.0246,45.3174],[-71.0598,45.3151],[-71.0997,45.3023],[-71.1109,45.2802],[-71.1623,45.2469],[-71.1954,45.2534],[-71.23,45.2503],[-71.2839,45.3023],[-71.3074,45.2872],[-71.3603,45.2686],[-71.3577,45.2544],[-71.3785,45.2352],[-71.3966,45.2375],[-71.4361,45.233],[-71.4132,45.2202],[-71.4156,45.1884],[-71.4337,45.1395],[-71.4342,45.1202],[-71.4621,45.0905],[-71.4847,45.0809],[-71.5,45.0526],[-71.511,45.0134],[-71.7988,45.0105],[-71.9142,45.0075],[-71.9528,45.0083],[-72.3084,45.0037],[-72.455,45.0087],[-72.5558,45.0081],[-72.6332,45.014],[-72.852,45.0163],[-72.9677,45.0139],[-73.0549,45.0157],[-73.5118,45.0069],[-73.6293,45.0034],[-73.8279,45.0031],[-74.1501,44.9912],[-74.3476,44.9908],[-74.5023,44.9966],[-74.6457,44.9992],[-74.6699,45.006],[-74.7025,45.0026],[-74.7334,44.9905],[-74.7606,44.9949],[-74.7651,45.0056],[-74.7927,45.0043],[-74.8262,45.0158],[-74.8656,45.0105],[-74.9086,44.9867],[-74.9714,44.9835],[-74.9922,44.9777],[-75.0175,44.9549],[-75.0766,44.9303],[-75.0994,44.9289],[-75.1305,44.9165],[-75.1494,44.9004],[-75.1765,44.8942],[-75.2578,44.8605],[-75.2824,44.8548],[-75.3077,44.841],[-75.3094,44.8269],[-75.3334,44.8149],[-75.3505,44.8142],[-75.3744,44.7877],[-75.4249,44.7672],[-75.4355,44.7501],[-75.464,44.7401],[-75.481,44.7197],[-75.4987,44.7165],[-75.5457,44.687],[-75.564,44.6686],[-75.6404,44.6151],[-75.637,44.611],[-75.6805,44.5831],[-75.7674,44.5205],[-75.812,44.4675],[-75.824,44.431],[-75.9106,44.3715],[-75.9474,44.3572],[-75.968,44.3444],[-75.9948,44.3475],[-76.0541,44.3286],[-76.0915,44.3054],[-76.1298,44.2982],[-76.1629,44.2816],[-76.1656,44.241],[-76.2018,44.2185],[-76.2437,44.2051],[-76.2884,44.2052],[-76.3157,44.1987],[-76.3543,44.1344],[-76.4411,44.0944],[-76.7983,43.6314],[-78.6812,43.6336],[-79.2028,43.451],[-79.0711,43.262],[-79.0566,43.2488],[-79.0561,43.2137],[-79.0489,43.202],[-79.0529,43.1746],[-79.044,43.1499],[-79.0505,43.1315],[-79.0701,43.12],[-79.0586,43.1056],[-79.0748,43.0813],[-79.0602,43.0731],[-79.0017,43.0582],[-79.0221,43.018],[-79.0218,42.9994],[-79.0072,42.9834],[-78.9606,42.96],[-78.9321,42.9555],[-78.9175,42.9443],[-78.9059,42.9238],[-78.9062,42.9051],[-78.9369,42.831],[-79.7627,42.5105],[-80.0733,42.3926],[-80.5139,42.3244],[-81.2606,42.2055],[-81.6388,42.0214],[-82.0668,41.831],[-82.4077,41.6769],[-82.6812,41.6773],[-83.0678,41.8626],[-83.1466,42.0332],[-83.1447,42.0558],[-83.1314,42.1039],[-83.1231,42.1205],[-83.1332,42.173],[-83.1183,42.2074],[-83.1228,42.2301],[-83.113,42.2432],[-83.0954,42.2842],[-83.0694,42.3093],[-83.0503,42.3177],[-82.9358,42.3446],[-82.902,42.3426],[-82.8959,42.3337],[-82.8683,42.3276],[-82.8661,42.3649],[-82.828,42.3735],[-82.6692,42.5319],[-82.6412,42.5548],[-82.624,42.5569],[-82.6002,42.5496],[-82.5499,42.5908],[-82.5213,42.6104],[-82.5097,42.6396],[-82.4987,42.6848],[-82.483,42.7089],[-82.4779,42.7365],[-82.4674,42.7552],[-82.4669,42.7739],[-82.4782,42.8031],[-82.4663,42.8631],[-82.4627,42.8955],[-82.4532,42.9257],[-82.4113,42.9707],[-82.4243,42.9983],[-82.3321,43.1766],[-82.1229,43.5884],[-82.1525,43.7092],[-82.2077,43.9512],[-82.4175,44.9067],[-82.4315,44.9642],[-82.4496,45.0264],[-82.5254,45.3409],[-83.1983,45.644],[-83.5921,45.8187],[-83.4356,45.9965],[-83.5711,46.1026],[-83.6544,46.1194],[-83.7567,46.1015],[-83.8258,46.1165],[-83.9036,46.0585],[-83.9548,46.0562],[-83.9736,46.0964],[-84.0005,46.1143],[-84.005,46.1506],[-84.0726,46.1875],[-84.0867,46.2162],[-84.1046,46.2389],[-84.0989,46.2595],[-84.1134,46.2733],[-84.1173,46.3148],[-84.1065,46.3215],[-84.1247,46.3475],[-84.1396,46.3818],[-84.1432,46.4171],[-84.1099,46.5021],[-84.1293,46.5313],[-84.1717,46.5284],[-84.1957,46.5389],[-84.2223,46.5343],[-84.2505,46.5027],[-84.2666,46.4947],[-84.3015,46.4944],[-84.3467,46.5065],[-84.3711,46.5083],[-84.3938,46.4981],[-84.4149,46.4984],[-84.4429,46.4897],[-84.4764,46.4532],[-84.5561,46.4597],[-84.7638,46.6349],[-84.8434,46.8873],[-86.0434,47.3856],[-86.7729,47.6817],[-87.4059,47.9341],[-87.8649,48.1137],[-88.3709,48.3042],[-88.689,48.2415],[-89.3391,47.9699],[-89.4877,48.0109],[-89.5514,48.0078],[-89.6137,48.0165],[-89.7177,48.0167],[-89.7699,48.0229],[-89.8676,47.998],[-89.892,48.003],[-89.9743,48.0441],[-90.0335,48.0963],[-90.069,48.1105],[-90.126,48.1084],[-90.1358,48.1127],[-90.2338,48.1081],[-90.2924,48.1001],[-90.3146,48.1058],[-90.3466,48.0983],[-90.4386,48.1078],[-90.5244,48.1028],[-90.5679,48.1058],[-90.5599,48.1225],[-90.6258,48.1119],[-90.6375,48.1059],[-90.7155,48.1071],[-90.7422,48.1137],[-90.7911,48.1619],[-90.8139,48.1907],[-90.8399,48.2459],[-90.8713,48.2394],[-90.8861,48.2466],[-90.9214,48.2311],[-90.9742,48.2206],[-91.025,48.1924],[-91.0515,48.1887],[-91.1333,48.1569],[-91.1438,48.1465],[-91.2544,48.0815],[-91.2963,48.0723],[-91.3714,48.0704],[-91.3991,48.0571],[-91.4773,48.0801],[-91.5375,48.083],[-91.5562,48.0804],[-91.5686,48.0926],[-91.5598,48.1094],[-91.5954,48.1028],[-91.6295,48.1191],[-91.6911,48.1273],[-91.6964,48.1426],[-91.6909,48.1623],[-91.6962,48.1838],[-91.721,48.2007],[-91.7778,48.2028],[-91.8203,48.2121],[-91.8623,48.2112],[-91.8916,48.2328],[-91.9833,48.261],[-91.9994,48.278],[-92.0067,48.3084],[-91.9998,48.321],[-92.032,48.3488],[-92.0548,48.3591],[-92.1301,48.3572],[-92.1451,48.3655],[-92.1797,48.3585],[-92.2092,48.3464],[-92.2625,48.3548],[-92.2831,48.3465],[-92.2979,48.3232],[-92.3022,48.2992],[-92.2933,48.2733],[-92.2693,48.2511],[-92.3041,48.2424],[-92.3643,48.2338],[-92.4026,48.2918],[-92.4668,48.3596],[-92.4748,48.3733],[-92.4566,48.4003],[-92.4665,48.435],[-92.4986,48.4399],[-92.5068,48.4504],[-92.5612,48.4433],[-92.6527,48.4408],[-92.6882,48.4639],[-92.6962,48.492],[-92.6824,48.4968],[-92.6315,48.4987],[-92.6243,48.5189],[-92.6354,48.5426],[-92.6585,48.5459],[-92.7268,48.5391],[-92.7685,48.5583],[-92.8957,48.6064],[-92.9472,48.6214],[-92.9527,48.6313],[-92.9855,48.6236],[-93.0932,48.6272],[-93.1798,48.6228],[-93.2097,48.64],[-93.2564,48.6425],[-93.3467,48.6266],[-93.3732,48.6067],[-93.4054,48.6089],[-93.4368,48.596],[-93.4636,48.592],[-93.46,48.5646],[-93.4679,48.5466],[-93.515,48.5358],[-93.6129,48.5247],[-93.7007,48.5261],[-93.7518,48.5198],[-93.7955,48.5306],[-93.8082,48.5557],[-93.8026,48.5657],[-93.817,48.6146],[-93.8505,48.6316],[-93.9892,48.6441],[-94.0329,48.6513],[-94.0805,48.6538],[-94.1129,48.6503],[-94.1698,48.6499],[-94.2233,48.6602],[-94.257,48.7035],[-94.3009,48.71],[-94.3324,48.7041],[-94.3795,48.7114],[-94.4165,48.7103],[-94.439,48.6953],[-94.5351,48.7023],[-94.5559,48.7163],[-94.5785,48.7171],[-94.6206,48.7374],[-94.6476,48.7577],[-94.6823,48.8088],[-94.6865,48.8372],[-94.6785,48.8808],[-94.7092,48.9719],[-94.748,49.0975],[-94.7719,49.1224],[-94.7915,49.1786],[-94.803,49.2369],[-94.8247,49.3069],[-94.8154,49.321],[-94.8529,49.3234],[-94.9561,49.3694],[-94.9892,49.3685],[-95.0185,49.3551],[-95.0534,49.3529],[-95.1186,49.3683],[-95.1497,49.3833],[-95.1514,49],[-100.1822,49.0001],[-100.1823,49.0012],[-100.5534,49.0001],[-107.2089,49],[-107.2897,49.0015],[-108.021,49],[-108.6609,49.001],[-115.2603,49],[-116.4211,49.0015],[-117.0268,48.9996],[-117.4335,49.0009],[-121.75,49],[-121.9554,49],[-122.1162,49.0023],[-122.7539,49.0033],[-122.7353,48.9619],[-122.7496,48.9591],[-122.7833,48.9698],[-122.7916,48.9798],[-122.8232,48.9451],[-122.7921,48.9315],[-122.7703,48.9417],[-122.7472,48.9314],[-122.7514,48.9111],[-122.7668,48.9069],[-122.7866,48.8855],[-122.7472,48.8606],[-122.7283,48.8552],[-122.7147,48.84],[-122.7056,48.8003],[-122.6828,48.8022],[-122.6476,48.7743],[-122.6689,48.7456],[-122.6502,48.7156],[-122.6358,48.7369],[-122.6085,48.7628],[-122.5744,48.769],[-122.5614,48.7781],[-122.5356,48.7754],[-122.5031,48.7566],[-122.4936,48.7436],[-122.5191,48.7168],[-122.4922,48.6863],[-122.5038,48.6568],[-122.4633,48.6256],[-122.448,48.6222],[-122.4261,48.6],[-122.4336,48.5806],[-122.4694,48.5575],[-122.4892,48.5575],[-122.4818,48.4876],[-122.4709,48.469],[-122.4942,48.4636],[-122.5372,48.4669],[-122.5572,48.5002],[-122.5814,48.4919],[-122.5858,48.4711],[-122.6147,48.5225],[-122.6708,48.5042],[-122.6872,48.4919],[-122.6658,48.4847],[-122.6547,48.4575],[-122.6758,48.4361],[-122.6575,48.4083],[-122.6153,48.4133],[-122.5814,48.4289],[-122.5772,48.4458],[-122.5486,48.4431],[-122.5592,48.4214],[-122.548,48.3997],[-122.5233,48.3764],[-122.4872,48.3581],[-122.4581,48.3514],[-122.4308,48.3353],[-122.4156,48.3344],[-122.3747,48.3008],[-122.3972,48.25],[-122.4233,48.2598],[-122.4678,48.2686],[-122.4794,48.2522],[-122.5006,48.2573],[-122.5311,48.2497],[-122.539,48.2034],[-122.5372,48.1839],[-122.5136,48.1489],[-122.5114,48.1331],[-122.49,48.1206],[-122.4677,48.1299],[-122.4469,48.1089],[-122.4224,48.1025],[-122.3922,48.0778],[-122.3881,48.0638],[-122.365,48.0675],[-122.3794,48.0884],[-122.4258,48.1236],[-122.4419,48.1307],[-122.4753,48.1669],[-122.4783,48.1878],[-122.4544,48.1967],[-122.4415,48.2097],[-122.4486,48.2325],[-122.4186,48.2264],[-122.3922,48.2303],[-122.3689,48.2147],[-122.3764,48.195],[-122.3564,48.1856],[-122.3708,48.1648],[-122.362,48.1204],[-122.3433,48.0977],[-122.3216,48.0808],[-122.2747,48.0567],[-122.2728,48.0475],[-122.2378,48.0303],[-122.2133,48.0419],[-122.2033,48.0344],[-122.2154,48.006],[-122.2344,47.9817],[-122.2309,47.9706],[-122.2506,47.9593],[-122.3066,47.9498],[-122.3098,47.9255],[-122.3208,47.9139],[-122.3336,47.8806],[-122.3373,47.8499],[-122.3954,47.8066],[-122.3994,47.78],[-122.3802,47.7588],[-122.3736,47.7266],[-122.382,47.7074],[-122.402,47.6981],[-122.4103,47.6716],[-122.4358,47.6619],[-122.4168,47.642],[-122.3839,47.6328],[-122.3369,47.6008],[-122.3461,47.5906],[-122.3726,47.5845],[-122.3849,47.5953],[-122.4209,47.5761],[-122.4,47.5546],[-122.3869,47.5026],[-122.3614,47.4847],[-122.3682,47.4592],[-122.3548,47.4415],[-122.3488,47.417],[-122.3259,47.3934],[-122.324,47.3504],[-122.3363,47.3417],[-122.429,47.3193],[-122.4426,47.2992],[-122.4175,47.2961],[-122.4064,47.2842],[-122.4311,47.2625],[-122.4728,47.2784],[-122.5101,47.307],[-122.5397,47.3089],[-122.5292,47.2928],[-122.5347,47.2747],[-122.5631,47.2443],[-122.5658,47.2245],[-122.5837,47.2029],[-122.5916,47.1767],[-122.6142,47.1683],[-122.6256,47.1427],[-122.6477,47.1346],[-122.677,47.1028],[-122.7036,47.0964],[-122.728,47.1017],[-122.7858,47.127],[-122.7875,47.142],[-122.8051,47.1648],[-122.8274,47.1617],[-122.8284,47.1269],[-122.8472,47.13],[-122.8401,47.1534],[-122.8518,47.1649],[-122.9077,47.1403],[-122.8928,47.1131],[-122.9043,47.076],[-122.8933,47.0503],[-122.9044,47.04],[-122.9271,47.0782],[-122.9358,47.0817],[-122.9254,47.107],[-123,47.0742],[-122.9823,47.1007],[-122.9621,47.104],[-122.9569,47.1358],[-122.9223,47.1605],[-122.9421,47.1718],[-122.9748,47.1449],[-123.0011,47.1455],[-123.0007,47.1338],[-123.0259,47.1095],[-123.0195,47.1524],[-122.9812,47.1708],[-122.9628,47.1695],[-122.9388,47.1988],[-122.963,47.2022],[-123,47.1986],[-123.0054,47.2042],[-123.0612,47.2023],[-123.0894,47.2125],[-123.0537,47.2363],[-123.0448,47.2255],[-123.066,47.2164],[-123.061,47.2052],[-123.0044,47.2093],[-122.9994,47.2016],[-122.9447,47.2072],[-122.9295,47.2461],[-122.9276,47.2804],[-122.846,47.3114],[-122.8326,47.3296],[-122.8255,47.353],[-122.8069,47.3583],[-122.7903,47.3371],[-122.7949,47.3182],[-122.7877,47.2989],[-122.8154,47.2746],[-122.8308,47.244],[-122.8058,47.2211],[-122.8048,47.2086],[-122.7721,47.1685],[-122.7497,47.1771],[-122.7432,47.2066],[-122.7212,47.2214],[-122.7241,47.2444],[-122.7359,47.2481],[-122.7532,47.2894],[-122.7325,47.3191],[-122.731,47.3358],[-122.6931,47.3547],[-122.6805,47.3664],[-122.6412,47.3796],[-122.6247,47.3719],[-122.6696,47.3432],[-122.6567,47.3275],[-122.6882,47.3097],[-122.6963,47.285],[-122.6733,47.2881],[-122.6008,47.2723],[-122.5765,47.2572],[-122.5482,47.2856],[-122.5735,47.3183],[-122.5486,47.3657],[-122.5385,47.376],[-122.5529,47.394],[-122.5497,47.4083],[-122.5314,47.4291],[-122.536,47.4362],[-122.5319,47.4697],[-122.4957,47.5101],[-122.5025,47.5177],[-122.5474,47.5276],[-122.5397,47.544],[-122.5485,47.5874],[-122.5698,47.5842],[-122.6077,47.5469],[-122.6617,47.5398],[-122.6595,47.5519],[-122.6296,47.5571],[-122.6319,47.5789],[-122.6461,47.58],[-122.662,47.5982],[-122.6873,47.6069],[-122.7078,47.605],[-122.6994,47.6411],[-122.6735,47.6371],[-122.6777,47.6238],[-122.6409,47.5826],[-122.6034,47.5737],[-122.5923,47.5947],[-122.5984,47.6024],[-122.5909,47.6347],[-122.6142,47.6533],[-122.6194,47.7044],[-122.6406,47.7064],[-122.6444,47.7278],[-122.6134,47.7117],[-122.6044,47.6972],[-122.5827,47.7022],[-122.549,47.7331],[-122.5464,47.7478],[-122.5125,47.7434],[-122.4728,47.7484],[-122.4724,47.7662],[-122.4832,47.7814],[-122.5016,47.7889],[-122.4836,47.8079],[-122.485,47.8181],[-122.5063,47.8319],[-122.5133,47.8806],[-122.5284,47.9051],[-122.5478,47.9189],[-122.5967,47.9202],[-122.5735,47.8746],[-122.564,47.8224],[-122.5836,47.8231],[-122.5805,47.8579],[-122.608,47.8569],[-122.6238,47.8362],[-122.6487,47.8244],[-122.6846,47.7979],[-122.6904,47.7789],[-122.7147,47.7679],[-122.7281,47.7419],[-122.7487,47.7201],[-122.746,47.6827],[-122.7532,47.6678],[-122.8064,47.6514],[-122.8269,47.655],[-122.8529,47.6483],[-122.86,47.6373],[-122.9155,47.6218],[-122.9229,47.5978],[-122.9454,47.586],[-122.9637,47.5848],[-122.9846,47.5581],[-123.0311,47.5104],[-123.0345,47.4921],[-123.0837,47.4434],[-123.1194,47.39],[-123.112,47.3741],[-123.0834,47.3755],[-123.0242,47.3613],[-123.0136,47.3786],[-122.9773,47.3963],[-122.9438,47.4037],[-122.901,47.4225],[-122.851,47.4328],[-122.8788,47.4095],[-122.9209,47.3894],[-122.9887,47.3738],[-123.0192,47.3547],[-123.0725,47.3483],[-123.1059,47.3564],[-123.1187,47.3391],[-123.1592,47.3537],[-123.158,47.3703],[-123.1204,47.434],[-123.1075,47.4614],[-123.0578,47.5014],[-123.0503,47.5239],[-123.032,47.5513],[-123.0155,47.5645],[-122.982,47.615],[-122.9444,47.6307],[-122.9295,47.6456],[-122.9047,47.6464],[-122.9092,47.6647],[-122.8889,47.6903],[-122.8952,47.7052],[-122.8723,47.7444],[-122.8533,47.7458],[-122.8505,47.7611],[-122.8645,47.7699],[-122.8697,47.81],[-122.8448,47.804],[-122.8512,47.785],[-122.8228,47.7898],[-122.8158,47.8094],[-122.8265,47.8209],[-122.8215,47.839],[-122.7942,47.8211],[-122.7866,47.8038],[-122.8062,47.7325],[-122.8322,47.6918],[-122.8119,47.682],[-122.7715,47.6934],[-122.7841,47.704],[-122.7835,47.7218],[-122.7601,47.7459],[-122.7431,47.8092],[-122.723,47.8114],[-122.6872,47.8336],[-122.6888,47.8689],[-122.6367,47.8661],[-122.6304,47.8846],[-122.6552,47.9059],[-122.6517,47.9209],[-122.6853,47.942],[-122.6764,47.9589],[-122.7181,47.9881],[-122.7347,48.0334],[-122.7525,48.0353],[-122.7705,48.0485],[-122.7661,48.0577],[-122.8008,48.0867],[-122.7831,48.1039],[-122.7487,48.117],[-122.7623,48.1302],[-122.7536,48.1433],[-122.7892,48.1425],[-122.8308,48.1345],[-122.8845,48.1061],[-122.8835,48.0773],[-122.857,48.0651],[-122.827,48.0442],[-122.8399,48.002],[-122.8705,47.993],[-122.8597,48.0155],[-122.8671,48.038],[-122.879,48.0471],[-122.9161,48.0572],[-122.9272,48.0718],[-122.9153,48.0958],[-122.9752,48.097],[-123.0247,48.0831],[-123.0083,48.0692],[-123.0113,48.0538],[-122.9967,48.0278],[-123.0137,48.0273],[-123.0385,48.0547],[-123.0522,48.1066],[-123.1125,48.1497],[-123.1267,48.1542],[-123.1864,48.1475],[-123.2153,48.1281],[-123.2408,48.1172],[-123.2894,48.1211],[-123.3339,48.1128],[-123.425,48.1183],[-123.4747,48.1336],[-123.5183,48.1336],[-123.5553,48.1511],[-123.5833,48.1367],[-123.6275,48.1389],[-123.6436,48.1544],[-123.6725,48.1631],[-123.7061,48.1661],[-123.7211,48.1583],[-123.7539,48.1611],[-123.8122,48.155],[-123.8275,48.1606],[-123.8633,48.1542],[-123.8806,48.1619],[-123.9133,48.1592],[-123.945,48.1662],[-123.9794,48.165],[-124.0495,48.1776],[-124.1091,48.2013],[-124.1019,48.2158],[-124.1292,48.2206],[-124.191,48.2454],[-124.2491,48.2641],[-124.275,48.2545],[-124.2996,48.2682],[-124.3393,48.276],[-124.3597,48.2877],[-124.3844,48.285],[-124.4392,48.3081],[-124.5258,48.3498],[-124.5384,48.3498],[-124.5646,48.3676],[-124.5901,48.3733],[-124.6184,48.3666],[-124.6385,48.3847],[-124.6581,48.391],[-124.7167,48.3909],[-124.7318,48.3817],[-124.7077,48.3537],[-124.6595,48.327],[-124.665,48.3],[-124.6878,48.2872],[-124.6797,48.2742],[-124.6836,48.2569],[-124.7047,48.2369],[-124.6908,48.2186],[-124.7,48.1906],[-124.7342,48.1647],[-124.7197,48.1506],[-124.6872,48.0978],[-124.6969,48.0628],[-124.6875,48.0536],[-124.6711,47.9836],[-124.6775,47.9678],[-124.6433,47.9317],[-124.6386,47.91],[-124.6229,47.8863],[-124.5818,47.8756],[-124.5599,47.8649],[-124.5581,47.8533],[-124.5226,47.8314],[-124.4969,47.8225],[-124.4817,47.7986],[-124.4728,47.7717],[-124.4314,47.7464],[-124.4247,47.7369],[-124.4127,47.6928],[-124.3878,47.6471],[-124.3667,47.5844],[-124.3549,47.5369],[-124.3397,47.454],[-124.3369,47.4055],[-124.3286,47.3994],[-124.3203,47.3558],[-124.2956,47.3425],[-124.2793,47.3099],[-124.2528,47.3022],[-124.2339,47.2847],[-124.2056,47.2107],[-124.1861,47.1333],[-124.1758,47.0594],[-124.1723,46.9931],[-124.1753,46.9311],[-124.1581,46.9292],[-124.1272,46.9489],[-124.1392,46.9761],[-124.1369,47],[-124.1492,47.0283],[-124.139,47.0362],[-124.107,47.0424],[-124.0636,47.0406],[-124.0292,47.0299],[-124.0178,47.0086],[-124.0203,46.9911],[-123.9967,46.9806],[-123.9452,46.9833],[-123.9222,46.9719],[-123.8574,46.9674],[-123.8453,46.9539],[-123.8756,46.941],[-123.9328,46.9299],[-123.958,46.9212],[-123.9826,46.9231],[-124.0108,46.905],[-124.05,46.89],[-124.0556,46.8714],[-124.0447,46.8533],[-124.0861,46.8617],[-124.1006,46.8794],[-124.0944,46.9019],[-124.1114,46.9133],[-124.1311,46.9],[-124.1133,46.8561],[-124.1011,46.8136],[-124.0956,46.7717],[-124.0969,46.7464],[-124.0201,46.7129],[-123.9942,46.7075],[-123.9881,46.7239],[-123.9708,46.7378],[-123.9472,46.7256],[-123.9153,46.7261],[-123.9111,46.7458],[-123.8939,46.75],[-123.8747,46.7297],[-123.8369,46.71],[-123.9222,46.6731],[-123.9206,46.65],[-123.9403,46.6386],[-123.9389,46.6167],[-123.9586,46.6115],[-123.929,46.5894],[-123.9216,46.5685],[-123.8947,46.5486],[-123.8925,46.5139],[-123.9236,46.5114],[-123.9439,46.4756],[-123.91,46.4536],[-123.9054,46.4291],[-123.9383,46.4056],[-123.9525,46.4019],[-123.9511,46.3853],[-123.9664,46.3792],[-124.0147,46.3811],[-124.0194,46.4378],[-124.0267,46.4544],[-124.0311,46.4936],[-124.0233,46.5161],[-124.0236,46.5842],[-124.0503,46.6228],[-124.0356,46.6311],[-124.0617,46.6528],[-124.07,46.6364],[-124.0594,46.5386],[-124.0594,46.3956],[-124.0658,46.3353],[-124.0778,46.2842],[-124.0533,46.2756],[-124.0514,46.2947],[-124.0228,46.3142],[-123.9847,46.3088],[-123.9572,46.2847],[-123.9497,46.2708],[-123.9082,46.2454],[-123.8733,46.2406],[-123.8508,46.2603],[-123.8165,46.2707],[-123.8054,46.2836],[-123.7751,46.2745],[-123.7586,46.2755],[-123.7485,46.2921],[-123.7283,46.2883],[-123.7053,46.3089],[-123.6906,46.3036],[-123.6731,46.2685],[-123.6225,46.2609],[-123.5864,46.2598],[-123.5111,46.2698],[-123.5092,46.235],[-123.5377,46.2363],[-123.5446,46.2262],[-123.5852,46.2035],[-123.5882,46.1887],[-123.6126,46.1874],[-123.6956,46.1706],[-123.7325,46.1736],[-123.7609,46.2064],[-123.8264,46.19],[-123.8576,46.1911],[-123.8442,46.1711],[-123.8119,46.1694],[-123.8133,46.1494],[-123.8005,46.1121],[-123.8136,46.1144],[-123.8208,46.1656],[-123.8613,46.158],[-123.9016,46.1678],[-123.9064,46.1823],[-123.9526,46.2078],[-123.9828,46.2039],[-124.0092,46.2236],[-123.968,46.1575],[-123.9448,46.1093],[-123.9329,46.0674],[-123.9247,46.0081],[-123.9389,45.9766],[-123.9681,45.9702],[-123.9746,45.9562],[-123.9973,45.9454],[-123.9793,45.9303],[-123.9632,45.8976],[-123.9604,45.8427],[-123.9693,45.7808],[-123.965,45.7442],[-123.9428,45.727],[-123.933,45.6917],[-123.917,45.7074],[-123.8815,45.7007],[-123.891,45.6871],[-123.9248,45.6891],[-123.9244,45.672],[-123.9412,45.6535],[-123.9475,45.6044],[-123.9575,45.5709],[-123.9161,45.5537],[-123.8965,45.5343],[-123.8826,45.5019],[-123.8868,45.4883],[-123.9046,45.4834],[-123.9471,45.5105],[-123.9799,45.4866],[-123.9752,45.466],[-123.9602,45.4427],[-123.9401,45.4264],[-123.9314,45.4037],[-123.9385,45.3927],[-123.9655,45.3809],[-123.9731,45.3548],[-123.9645,45.3164],[-123.9639,45.2734],[-123.9728,45.2234],[-123.9686,45.2054],[-123.9705,45.1583],[-123.9895,45.0937],[-124.0122,45.0772],[-124.0175,45.0505],[-124.005,45.0392],[-124.0142,45.0283],[-124.0089,45.0122],[-124.0263,44.9297],[-124.0094,44.9019],[-124.0311,44.9033],[-124.0517,44.8394],[-124.0672,44.8303],[-124.0635,44.8115],[-124.0746,44.7979],[-124.0764,44.7719],[-124.0572,44.7367],[-124.062,44.7029],[-124.0736,44.6721],[-124.0575,44.6596],[-124.0667,44.6271],[-124.0707,44.5652],[-124.0864,44.4856],[-124.0822,44.4785],[-124.0808,44.4256],[-124.0998,44.3342],[-124.1108,44.3131],[-124.1158,44.2736],[-124.1088,44.2657],[-124.1142,44.1972],[-124.1233,44.1303],[-124.1225,44.0927],[-124.137,44.02],[-124.1359,44.0096],[-124.155,43.8819],[-124.1642,43.8289],[-124.1821,43.7461],[-124.2086,43.6617],[-124.214,43.6259],[-124.2286,43.5689],[-124.2634,43.483],[-124.2994,43.4128],[-124.3336,43.3611],[-124.285,43.3997],[-124.2775,43.4192],[-124.2544,43.4253],[-124.2249,43.4498],[-124.2086,43.4312],[-124.1997,43.4063],[-124.1869,43.3939],[-124.1811,43.3742],[-124.21,43.3739],[-124.2197,43.3857],[-124.2185,43.4225],[-124.2406,43.4242],[-124.2793,43.3972],[-124.2968,43.3671],[-124.3211,43.3403],[-124.3503,43.3436],[-124.3858,43.3306],[-124.3978,43.3086],[-124.3814,43.2689],[-124.3978,43.22],[-124.3948,43.2102],[-124.404,43.1768],[-124.4217,43.1311],[-124.4361,43.1147],[-124.4323,43.1013],[-124.4408,43.0537],[-124.4533,43.0153],[-124.4753,42.9622],[-124.4928,42.9286],[-124.5557,42.8322],[-124.5312,42.8092],[-124.5137,42.7465],[-124.4739,42.7333],[-124.4474,42.6865],[-124.4528,42.6761],[-124.4136,42.6592],[-124.4139,42.645],[-124.3986,42.6151],[-124.4046,42.5913],[-124.39,42.57],[-124.4086,42.5173],[-124.4231,42.4964],[-124.4214,42.4589],[-124.4344,42.4322],[-124.4267,42.4103],[-124.4242,42.3731],[-124.4281,42.3356],[-124.411,42.3066],[-124.4089,42.2636],[-124.4144,42.2519],[-124.3778,42.2189],[-124.3793,42.2082],[-124.3614,42.1808],[-124.3678,42.1572],[-124.3518,42.1342],[-124.3575,42.1175],[-124.3258,42.0839],[-124.3003,42.0514],[-124.2636,42.0406],[-124.2151,42.0044],[-124.2047,41.9819],[-124.2106,41.9542],[-124.2044,41.9414],[-124.2106,41.8769],[-124.2239,41.8317],[-124.2397,41.7983],[-124.2572,41.7858],[-124.2233,41.7561],[-124.2008,41.745],[-124.1717,41.7442],[-124.1542,41.7289],[-124.1433,41.7094],[-124.1442,41.6867],[-124.1339,41.6558],[-124.1197,41.6394],[-124.1161,41.6206],[-124.1,41.6025],[-124.1025,41.5697],[-124.0931,41.5531],[-124.0683,41.5456],[-124.0811,41.5328],[-124.0822,41.5108],[-124.0681,41.4778],[-124.0633,41.4333],[-124.0736,41.3644],[-124.0897,41.2917],[-124.105,41.2472],[-124.1078,41.2233],[-124.1389,41.15],[-124.1592,41.1442],[-124.1564,41.0661],[-124.1264,41.0494],[-124.1125,41.0287],[-124.115,41.0014],[-124.139,40.9202],[-124.1693,40.8557],[-124.226,40.7704],[-124.2047,40.7784],[-124.1691,40.8397],[-124.1489,40.8653],[-124.1182,40.8525],[-124.1033,40.8599],[-124.0881,40.8529],[-124.0889,40.8236],[-124.1236,40.8064],[-124.1451,40.8105],[-124.1836,40.8008],[-124.195,40.7789],[-124.1978,40.7528],[-124.2228,40.7406],[-124.2228,40.7222],[-124.2119,40.7067],[-124.2429,40.6943],[-124.2679,40.6985],[-124.2997,40.6668],[-124.3194,40.6348],[-124.3666,40.541],[-124.3832,40.5185],[-124.3837,40.4946],[-124.3948,40.4657],[-124.409,40.4438],[-124.4023,40.421],[-124.3752,40.3947],[-124.3652,40.3723],[-124.3624,40.3414],[-124.3496,40.3124],[-124.3638,40.2771],[-124.3637,40.2618],[-124.2904,40.2035],[-124.2161,40.1619],[-124.1873,40.1303],[-124.1297,40.1133],[-124.1105,40.1043],[-124.0791,40.062],[-124.0808,40.0309],[-124.0368,40.0139],[-123.9798,39.962],[-123.9556,39.923],[-123.9304,39.9094],[-123.913,39.8708],[-123.8991,39.8553],[-123.8528,39.8331],[-123.8403,39.7975],[-123.8377,39.7516],[-123.8327,39.7247],[-123.8067,39.7085],[-123.7946,39.6901],[-123.7864,39.6607],[-123.7831,39.6144],[-123.7889,39.6036],[-123.7678,39.5638],[-123.7736,39.5311],[-123.7917,39.4967],[-123.8026,39.4862],[-123.8197,39.4361],[-123.8131,39.4173],[-123.8271,39.3487],[-123.8008,39.3189],[-123.81,39.304],[-123.8029,39.2781],[-123.7913,39.2729],[-123.7713,39.1949],[-123.7353,39.1583],[-123.7381,39.1447],[-123.72,39.1336],[-123.7078,39.1017],[-123.7025,39.0725],[-123.6936,39.0583],[-123.6897,39.0339],[-123.6956,39.0061],[-123.7086,38.9792],[-123.73,38.9542],[-123.73,38.9222],[-123.7119,38.9156],[-123.6808,38.8819],[-123.6544,38.8658],[-123.6531,38.8553],[-123.6261,38.8308],[-123.6056,38.8225],[-123.59,38.8017],[-123.5775,38.8011],[-123.5631,38.7842],[-123.5328,38.7686],[-123.5164,38.7411],[-123.4947,38.7367],[-123.4844,38.725],[-123.4611,38.7164],[-123.4208,38.6736],[-123.41,38.6531],[-123.3753,38.6148],[-123.3692,38.6025],[-123.3461,38.5919],[-123.3333,38.5644],[-123.2675,38.5272],[-123.2511,38.5095],[-123.2061,38.4958],[-123.1306,38.4523],[-123.1175,38.4283],[-123.0864,38.39],[-123.0647,38.3536],[-123.0711,38.3269],[-123.0786,38.3206],[-123.0603,38.2975],[-123.0411,38.3161],[-123.0039,38.2966],[-122.978,38.2698],[-122.9679,38.2505],[-122.9702,38.2326],[-122.9259,38.2103],[-122.9002,38.1651],[-122.8731,38.1404],[-122.865,38.1194],[-122.8418,38.1071],[-122.8442,38.0908],[-122.9036,38.1459],[-122.93,38.1844],[-122.9467,38.1961],[-122.9831,38.2347],[-122.9801,38.2137],[-122.9546,38.1767],[-122.9497,38.1489],[-122.9613,38.1114],[-123.01,38.0036],[-122.9839,38.0044],[-122.9681,38.0236],[-122.9386,38.0331],[-122.8792,38.0253],[-122.8306,38.0028],[-122.7986,37.9781],[-122.7817,37.9511],[-122.765,37.9367],[-122.7356,37.9244],[-122.725,37.9017],[-122.7019,37.8936],[-122.684,37.9044],[-122.6844,37.9297],[-122.6375,37.895],[-122.6182,37.8767],[-122.6026,37.8752],[-122.5819,37.8568],[-122.5633,37.8519],[-122.5467,37.8339],[-122.4999,37.8198],[-122.4714,37.8353],[-122.4781,37.8592],[-122.51,37.8764],[-122.5019,37.8933],[-122.4881,37.8947],[-122.4719,37.8811],[-122.4658,37.8658],[-122.4378,37.8828],[-122.4486,37.8942],[-122.475,37.9044],[-122.49,37.9361],[-122.4869,37.9478],[-122.4953,37.9689],[-122.4783,37.9714],[-122.4697,37.984],[-122.4467,37.9864],[-122.4617,38.0033],[-122.4969,38.02],[-122.4972,38.0361],[-122.4839,38.0733],[-122.4847,38.1003],[-122.4781,38.1147],[-122.4433,38.1164],[-122.4053,38.1344],[-122.3958,38.1433],[-122.3667,38.1353],[-122.3139,38.1092],[-122.2908,38.0914],[-122.2742,38.0661],[-122.2456,38.0794],[-122.2311,38.0652],[-122.1883,38.07],[-122.1642,38.0528],[-122.1625,38.0436],[-122.1339,38.0419],[-122.1086,38.0719],[-122.0664,38.1086],[-122.0656,38.1197],[-122.0442,38.1369],[-122,38.1372],[-121.9842,38.1142],[-122.0194,38.0962],[-121.9857,38.0856],[-121.9733,38.0736],[-121.9122,38.0835],[-121.9194,38.0588],[-121.9021,38.0495],[-121.8456,38.0737],[-121.7996,38.0628],[-121.749,38.09],[-121.71,38.1166],[-121.6913,38.1559],[-121.683,38.1519],[-121.6927,38.1232],[-121.7125,38.0816],[-121.7429,38.082],[-121.7896,38.0589],[-121.7856,38.0328],[-121.8081,38.0378],[-121.8046,38.055],[-121.8399,38.062],[-121.8278,38.0296],[-121.8159,38.0221],[-121.7884,38.0199],[-121.7654,38.0302],[-121.7448,38.0307],[-121.6764,38.0611],[-121.7075,38.0332],[-121.7292,38.0222],[-121.7779,38.0156],[-121.8124,38.0178],[-121.8291,38.0251],[-121.8672,38.0306],[-121.8903,38.0433],[-121.9055,38.0399],[-121.95,38.05],[-121.9783,38.0478],[-121.9922,38.0547],[-122.0267,38.0586],[-122.0522,38.0506],[-122.0703,38.0533],[-122.0917,38.0425],[-122.1125,38.0392],[-122.1481,38.0217],[-122.1689,38.0294],[-122.1903,38.0531],[-122.2411,38.0586],[-122.2625,38.0506],[-122.2814,38.0239],[-122.3,38.0103],[-122.3158,38.0119],[-122.3331,38.0011],[-122.3681,38.0078],[-122.3599,37.9889],[-122.3819,37.9764],[-122.3964,37.9542],[-122.4125,37.9633],[-122.4111,37.9322],[-122.3878,37.9208],[-122.3892,37.9092],[-122.3244,37.9069],[-122.325,37.8958],[-122.3017,37.8581],[-122.2958,37.8294],[-122.3111,37.8264],[-122.3281,37.8069],[-122.3325,37.7825],[-122.2464,37.7517],[-122.2614,37.7417],[-122.2514,37.7239],[-122.2175,37.6997],[-122.2042,37.7121],[-122.1621,37.6675],[-122.1461,37.6033],[-122.1478,37.5942],[-122.1331,37.5633],[-122.118,37.5442],[-122.1123,37.5106],[-122.0581,37.4964],[-122.0497,37.4658],[-122.0364,37.4656],[-122.0311,37.4408],[-122.0375,37.4275],[-122.0672,37.4339],[-122.0687,37.4509],[-122.0903,37.4516],[-122.1178,37.465],[-122.1259,37.4896],[-122.1383,37.4831],[-122.1714,37.485],[-122.2108,37.4919],[-122.2012,37.5396],[-122.2433,37.5528],[-122.2622,37.5744],[-122.3056,37.5756],[-122.3156,37.5914],[-122.3591,37.5922],[-122.3766,37.6069],[-122.3658,37.6289],[-122.3858,37.6289],[-122.3925,37.6458],[-122.3763,37.6551],[-122.3881,37.68],[-122.3932,37.7074],[-122.3633,37.7156],[-122.3661,37.7331],[-122.3857,37.7643],[-122.3803,37.7739],[-122.3994,37.8069],[-122.4089,37.8117],[-122.4642,37.8053],[-122.4781,37.8121],[-122.4853,37.7906],[-122.5065,37.7893],[-122.5128,37.7764],[-122.5067,37.7231],[-122.4964,37.6833],[-122.4936,37.6275],[-122.5019,37.6058],[-122.5137,37.5975],[-122.5197,37.5744],[-122.5139,37.5642],[-122.5194,37.5378],[-122.5101,37.5112],[-122.4989,37.5008],[-122.4708,37.5008],[-122.4483,37.4758],[-122.4431,37.4332],[-122.4275,37.4092],[-122.4221,37.3906],[-122.4009,37.3586],[-122.4031,37.3214],[-122.4103,37.2769],[-122.4192,37.2478],[-122.4097,37.2258],[-122.4058,37.1972],[-122.3789,37.1808],[-122.3608,37.1631],[-122.3606,37.1497],[-122.3381,37.1358],[-122.3286,37.1122],[-122.3119,37.1178],[-122.2878,37.1047],[-122.2633,37.0772],[-122.2533,37.0597],[-122.2103,37.0203],[-122.1631,36.9875],[-122.1528,36.9753],[-122.1065,36.9556],[-122.0701,36.9481],[-122.0267,36.9494],[-122.0142,36.9639],[-121.9722,36.9536],[-121.9393,36.9779],[-121.9208,36.9753],[-121.8892,36.9581],[-121.8663,36.9366],[-121.8286,36.8819],[-121.8069,36.8447],[-121.7881,36.805],[-121.8036,36.7567],[-121.8064,36.7158],[-121.8201,36.6662],[-121.8436,36.6269],[-121.8672,36.6065],[-121.8859,36.6008],[-121.9037,36.622],[-121.9306,36.6383],[-121.9481,36.6086],[-121.9772,36.5797],[-121.9547,36.5604],[-121.9353,36.5625],[-121.9353,36.5403],[-121.9259,36.525],[-121.9544,36.5243],[-121.9392,36.4981],[-121.9473,36.4903],[-121.9275,36.4611],[-121.9307,36.448],[-121.9167,36.4267],[-121.9167,36.4036],[-121.9019,36.3814],[-121.9078,36.3564],[-121.8928,36.3411],[-121.8989,36.3083],[-121.8814,36.2933],[-121.8542,36.2796],[-121.8267,36.2417],[-121.7717,36.2231],[-121.7081,36.1878],[-121.6989,36.1745],[-121.6772,36.1633],[-121.6458,36.1275],[-121.6331,36.1189],[-121.6061,36.0708],[-121.5933,36.0649],[-121.5925,36.05],[-121.573,36.0226],[-121.5536,36.0194],[-121.5028,36],[-121.4908,35.9811],[-121.4758,35.9397],[-121.4722,35.9114],[-121.4617,35.885],[-121.4425,35.8692],[-121.4161,35.8575],[-121.3917,35.8264],[-121.3569,35.8035],[-121.3333,35.7823],[-121.3177,35.7557],[-121.3146,35.7135],[-121.29,35.6905],[-121.2857,35.6665],[-121.2594,35.6636],[-121.2441,35.652],[-121.2152,35.6494],[-121.2086,35.6411],[-121.1719,35.6382],[-121.1266,35.596],[-121.0977,35.547],[-121.061,35.5101],[-121.049,35.5043],[-121.0059,35.4617],[-120.969,35.4592],[-120.9475,35.4438],[-120.9087,35.4482],[-120.8872,35.434],[-120.8733,35.4122],[-120.8633,35.375],[-120.8378,35.3406],[-120.8536,35.3186],[-120.8669,35.3394],[-120.8804,35.2917],[-120.898,35.2717],[-120.897,35.2445],[-120.861,35.2157],[-120.8592,35.2078],[-120.7877,35.1774],[-120.7564,35.1594],[-120.7555,35.1739],[-120.7376,35.1784],[-120.6992,35.1708],[-120.674,35.1511],[-120.6496,35.1466],[-120.6388,35.1334],[-120.6286,35.0961],[-120.6288,35.0734],[-120.6358,35.0178],[-120.6611,34.9364],[-120.6675,34.9297],[-120.6683,34.9008],[-120.6458,34.8997],[-120.6394,34.88],[-120.6178,34.8675],[-120.6097,34.8436],[-120.6206,34.7958],[-120.6386,34.7564],[-120.6164,34.7331],[-120.6006,34.7059],[-120.6191,34.6475],[-120.6325,34.6236],[-120.6464,34.5789],[-120.6408,34.5631],[-120.6239,34.5533],[-120.5819,34.5569],[-120.5528,34.54],[-120.5147,34.5253],[-120.4967,34.4947],[-120.478,34.4789],[-120.4725,34.4486],[-120.4533,34.4417],[-120.4439,34.4511],[-120.3808,34.457],[-120.3422,34.4569],[-120.2967,34.4706],[-120.2767,34.4668],[-120.2274,34.4708],[-120.1688,34.4693],[-120.1417,34.4733],[-120.0906,34.4602],[-120.0373,34.4631],[-120.007,34.4603],[-119.955,34.435],[-119.9281,34.4353],[-119.8883,34.4172],[-119.8783,34.4064],[-119.8219,34.4178],[-119.7817,34.4156],[-119.7281,34.3956],[-119.7092,34.395],[-119.6875,34.4131],[-119.6634,34.4181],[-119.638,34.4155],[-119.6156,34.4211],[-119.5764,34.4122],[-119.565,34.4153],[-119.5381,34.3967],[-119.5097,34.3853],[-119.4923,34.3842],[-119.4775,34.3728],[-119.4592,34.3739],[-119.4433,34.355],[-119.4297,34.3556],[-119.3903,34.3181],[-119.3708,34.32],[-119.3392,34.2914],[-119.3056,34.2728],[-119.2781,34.2669],[-119.2394,34.18],[-119.2133,34.1453],[-119.1839,34.1378],[-119.1439,34.1083],[-119.1069,34.095],[-119.0961,34.1053],[-119.0619,34.0856],[-119.0392,34.0839],[-119.0086,34.0661],[-118.9767,34.0597],[-118.9375,34.0431],[-118.8525,34.0336],[-118.8247,34.0164],[-118.8075,34.0005],[-118.785,34.0214],[-118.7569,34.0253],[-118.7403,34.0331],[-118.6825,34.0306],[-118.6714,34.0387],[-118.6097,34.0361],[-118.5695,34.0417],[-118.542,34.0387],[-118.5247,34.0297],[-118.4828,33.9967],[-118.4433,33.9464],[-118.4049,33.8703],[-118.3913,33.8379],[-118.3939,33.805],[-118.4259,33.7764],[-118.411,33.7403],[-118.3835,33.7419],[-118.297,33.7089],[-118.2711,33.7214],[-118.2383,33.7269],[-118.2531,33.7414],[-118.2356,33.7547],[-118.1892,33.7472],[-118.1811,33.7649],[-118.1203,33.7503],[-118.0947,33.7369],[-118.0631,33.7106],[-118.025,33.6725],[-118.0056,33.6575],[-117.9406,33.6206],[-117.9281,33.6075],[-117.8828,33.6017],[-117.8642,33.5842],[-117.8017,33.5467],[-117.7822,33.5406],[-117.7397,33.4919],[-117.725,33.4814],[-117.7142,33.4594],[-117.6767,33.4608],[-117.6428,33.4394],[-117.6139,33.4144],[-117.5936,33.3847],[-117.5736,33.3792],[-117.5108,33.3381],[-117.4719,33.2989],[-117.4425,33.265],[-117.3892,33.1981],[-117.3714,33.1797],[-117.3262,33.1189],[-117.2961,33.0372],[-117.2764,33.0145],[-117.2789,33.0005],[-117.2608,32.9353],[-117.2514,32.8744],[-117.2597,32.8539],[-117.2825,32.84],[-117.2811,32.8214],[-117.2504,32.7901],[-117.2326,32.7831],[-117.2111,32.7969],[-117.2094,32.7711],[-117.2339,32.7697],[-117.255,32.7467],[-117.2558,32.6997],[-117.245,32.6667],[-117.2328,32.6861],[-117.2399,32.6959],[-117.2139,32.7242],[-117.1772,32.727],[-117.1744,32.7095],[-117.1211,32.675],[-117.1203,32.6486],[-117.1082,32.6353],[-117.0914,32.5978],[-117.1159,32.5919],[-117.1308,32.6086],[-117.1331,32.6331],[-117.1603,32.6677],[-117.1544,32.6743],[-117.1668,32.6979],[-117.2004,32.7147],[-117.2172,32.7107],[-117.2283,32.6961],[-117.2124,32.6869],[-117.1811,32.6819],[-117.16,32.6634],[-117.1361,32.6145],[-117.1322,32.5569],[-117.1231,32.5344],[-116.5948,32.5791],[-116.0114,32.6259],[-114.7202,32.7186],[-114.7655,32.6435],[-114.807,32.6227],[-114.8123,32.5572],[-114.8032,32.53],[-114.8136,32.4939],[-113.9713,32.2378],[-113.2108,32.0001],[-112.0007,31.6272],[-111.075,31.3324],[-109.5106,31.3343],[-108.957,31.3322],[-108.2085,31.3334],[-108.2084,31.7838],[-106.5285,31.7838],[-106.5067,31.7609],[-106.4876,31.7477],[-106.4507,31.7642],[-106.417,31.7514],[-106.3816,31.7324],[-106.3721,31.7122],[-106.3494,31.6959],[-106.335,31.6643],[-106.3032,31.6218],[-106.2811,31.5626],[-106.2471,31.5425],[-106.2373,31.5134],[-106.2252,31.5016],[-106.2196,31.4815],[-106.2014,31.4629],[-106.1761,31.4559],[-106.1586,31.4385],[-106.1331,31.4255],[-106.1083,31.4226],[-106.0802,31.3985],[-106.0048,31.3927],[-105.9705,31.3659],[-105.9541,31.3645],[-105.948,31.34],[-105.9325,31.3127],[-105.908,31.3124],[-105.8942,31.2905],[-105.8749,31.2912],[-105.8542,31.2726],[-105.8393,31.2509],[-105.797,31.2048],[-105.7823,31.1963],[-105.7726,31.1662],[-105.7431,31.1646],[-105.7204,31.1498],[-105.711,31.137],[-105.6485,31.1155],[-105.6423,31.0985],[-105.627,31.0982],[-105.6041,31.0833],[-105.585,31.0559],[-105.5789,31.0212],[-105.5576,30.99],[-105.533,30.9846],[-105.5163,30.9655],[-105.5027,30.9678],[-105.4993,30.9508],[-105.4519,30.9244],[-105.4416,30.9084],[-105.4162,30.9003],[-105.3946,30.8767],[-105.3951,30.8624],[-105.376,30.8483],[-105.3619,30.8506],[-105.3491,30.8359],[-105.3186,30.8283],[-105.301,30.8183],[-105.2799,30.8162],[-105.2564,30.7944],[-105.2178,30.8058],[-105.2201,30.7892],[-105.1857,30.7835],[-105.1617,30.7524],[-105.1188,30.7497],[-105.0985,30.7165],[-105.0878,30.7154],[-105.0616,30.6946],[-105.0546,30.6821],[-105.0318,30.6808],[-105.0069,30.6858],[-104.9869,30.6628],[-104.9834,30.6324],[-104.9717,30.61],[-104.9442,30.6029],[-104.927,30.6046],[-104.909,30.5843],[-104.89,30.5491],[-104.8892,30.535],[-104.8722,30.5107],[-104.8742,30.4955],[-104.8663,30.4679],[-104.8698,30.4577],[-104.8608,30.4398],[-104.857,30.4097],[-104.8592,30.3904],[-104.8373,30.3739],[-104.8117,30.3667],[-104.8113,30.3327],[-104.7605,30.2959],[-104.7578,30.2714],[-104.7493,30.2607],[-104.7338,30.2612],[-104.7068,30.2342],[-104.711,30.2232],[-104.6873,30.1799],[-104.6902,30.1504],[-104.6973,30.1354],[-104.6943,30.1017],[-104.6862,30.0848],[-104.7066,30.0506],[-104.6967,30.0394],[-104.6945,30.0032],[-104.6808,29.9773],[-104.685,29.9566],[-104.6777,29.9138],[-104.6593,29.9016],[-104.6307,29.8646],[-104.6297,29.8525],[-104.6101,29.8398],[-104.6105,29.8194],[-104.5667,29.7721],[-104.5702,29.7523],[-104.5506,29.7391],[-104.5524,29.7171],[-104.5444,29.7114],[-104.5444,29.6816],[-104.5251,29.6659],[-104.5159,29.641],[-104.4968,29.6394],[-104.4767,29.6277],[-104.4597,29.5982],[-104.4097,29.5697],[-104.3971,29.5697],[-104.3932,29.5535],[-104.3726,29.5439],[-104.3365,29.5199],[-104.3121,29.5238],[-104.2731,29.5163],[-104.2338,29.4935],[-104.2308,29.479],[-104.2091,29.4814],[-104.2175,29.4561],[-104.1955,29.4414],[-104.1679,29.3955],[-104.1439,29.3818],[-104.1229,29.3803],[-104.0911,29.3596],[-104.0831,29.3466],[-104.056,29.3369],[-104.0379,29.3199],[-103.9734,29.2961],[-103.968,29.2999],[-103.9178,29.2843],[-103.9017,29.2872],[-103.8635,29.2796],[-103.8137,29.2743],[-103.7998,29.2586],[-103.7833,29.2655],[-103.7754,29.248],[-103.7824,29.2269],[-103.7763,29.2207],[-103.7435,29.2156],[-103.7186,29.1809],[-103.7041,29.1849],[-103.6568,29.1694],[-103.6501,29.1567],[-103.6116,29.1652],[-103.5935,29.1503],[-103.5575,29.1558],[-103.5502,29.1435],[-103.5251,29.1374],[-103.5249,29.1213],[-103.4943,29.1085],[-103.4707,29.0851],[-103.4723,29.0666],[-103.4506,29.0659],[-103.4156,29.0376],[-103.3909,29.0346],[-103.3835,29.0241],[-103.3534,29.0223],[-103.335,29.0281],[-103.3153,29.009],[-103.2671,28.996],[-103.2382,28.9812],[-103.2279,28.9917],[-103.1706,28.9803],[-103.1538,28.9715],[-103.1341,28.9837],[-103.1161,28.9842],[-103.1164,29.0003],[-103.098,29.0268],[-103.1063,29.0399],[-103.1007,29.0603],[-103.077,29.0756],[-103.0796,29.0878],[-103.054,29.1005],[-103.0338,29.1012],[-103.0302,29.1128],[-103.0088,29.1375],[-102.9958,29.1607],[-102.9943,29.1799],[-102.9786,29.1862],[-102.9504,29.1783],[-102.9323,29.1947],[-102.9172,29.1915],[-102.8991,29.2089],[-102.8786,29.2135],[-102.8678,29.2231],[-102.8715,29.2416],[-102.8877,29.2457],[-102.9059,29.2615],[-102.9028,29.2762],[-102.8894,29.2881],[-102.8927,29.3085],[-102.88,29.3376],[-102.8775,29.3546],[-102.8614,29.3513],[-102.8392,29.3589],[-102.8251,29.3969],[-102.8304,29.444],[-102.8189,29.4508],[-102.8064,29.4942],[-102.8083,29.5226],[-102.7762,29.5472],[-102.7777,29.5607],[-102.7621,29.5795],[-102.7685,29.5947],[-102.7402,29.5979],[-102.7362,29.6417],[-102.6933,29.6767],[-102.6986,29.6971],[-102.6911,29.7216],[-102.674,29.7446],[-102.659,29.7352],[-102.6225,29.7363],[-102.6122,29.7482],[-102.5888,29.749],[-102.5723,29.7592],[-102.548,29.7446],[-102.5133,29.7654],[-102.5103,29.7738],[-102.4872,29.7869],[-102.4808,29.7762],[-102.435,29.7768],[-102.4071,29.7642],[-102.3851,29.7711],[-102.3899,29.7828],[-102.3628,29.8321],[-102.3642,29.8452],[-102.3415,29.8694],[-102.3237,29.864],[-102.3214,29.8787],[-102.3008,29.8777],[-102.264,29.8553],[-102.2318,29.8483],[-102.2232,29.8405],[-102.1785,29.8401],[-102.1435,29.8033],[-102.116,29.7919],[-102.0841,29.7949],[-102.0727,29.7866],[-102.0155,29.7974],[-101.9817,29.815],[-101.967,29.8127],[-101.9544,29.7957],[-101.9359,29.7995],[-101.9224,29.7858],[-101.9127,29.7977],[-101.8748,29.794],[-101.8562,29.807],[-101.8382,29.7937],[-101.814,29.7935],[-101.8044,29.78],[-101.7886,29.7792],[-101.7753,29.7891],[-101.7548,29.7775],[-101.7101,29.7618],[-101.6899,29.771],[-101.6818,29.7611],[-101.6623,29.7712],[-101.6439,29.7541],[-101.6306,29.7681],[-101.604,29.7735],[-101.5749,29.7693],[-101.57,29.796],[-101.5441,29.8115],[-101.5353,29.7982],[-101.5398,29.7646],[-101.5022,29.7642],[-101.4795,29.7835],[-101.4534,29.7847],[-101.451,29.7533],[-101.4149,29.7526],[-101.3972,29.7352],[-101.3977,29.7138],[-101.373,29.6997],[-101.3735,29.6775],[-101.3607,29.6487],[-101.3477,29.662],[-101.3057,29.6542],[-101.3013,29.6353],[-101.3133,29.6038],[-101.305,29.5773],[-101.2915,29.5721],[-101.2789,29.5877],[-101.2798,29.6154],[-101.2685,29.6297],[-101.2479,29.6195],[-101.2523,29.6032],[-101.243,29.5662],[-101.2609,29.5382],[-101.2541,29.5208],[-101.2363,29.5237],[-101.1856,29.518],[-101.1761,29.512],[-101.1476,29.4745],[-101.1298,29.4767],[-101.1156,29.4683],[-101.0886,29.4695],[-101.0601,29.4585],[-101.057,29.4408],[-101.0432,29.4294],[-101.0371,29.4065],[-101.0171,29.3878],[-101.0047,29.3653],[-100.9498,29.3477],[-100.941,29.3335],[-100.8989,29.3093],[-100.8862,29.3074],[-100.8803,29.2827],[-100.8548,29.2755],[-100.8351,29.2616],[-100.8129,29.2612],[-100.7943,29.2421],[-100.767,29.1957],[-100.7761,29.1727],[-100.7387,29.14],[-100.7088,29.1189],[-100.6846,29.1112],[-100.6749,29.1007],[-100.6644,29.0747],[-100.6637,29.0505],[-100.6457,28.9878],[-100.6515,28.9429],[-100.6108,28.9007],[-100.5904,28.8729],[-100.5899,28.8616],[-100.573,28.8488],[-100.5703,28.8258],[-100.5476,28.8262],[-100.5351,28.8047],[-100.5381,28.7813],[-100.5074,28.7402],[-100.512,28.7065],[-100.5082,28.6841],[-100.4973,28.6587],[-100.4796,28.6556],[-100.4615,28.6408],[-100.4472,28.6421],[-100.4472,28.6092],[-100.4299,28.5962],[-100.3985,28.5851],[-100.3974,28.575],[-100.411,28.5498],[-100.3883,28.5147],[-100.3339,28.4993],[-100.3444,28.4862],[-100.3648,28.4815],[-100.3604,28.4665],[-100.3407,28.4488],[-100.3365,28.4285],[-100.3495,28.4034],[-100.3427,28.3864],[-100.3184,28.3592],[-100.3145,28.3461],[-100.2866,28.3122],[-100.2942,28.2836],[-100.2555,28.2384],[-100.2271,28.2358],[-100.2173,28.2263],[-100.2095,28.1913],[-100.1956,28.1896],[-100.1589,28.1676],[-100.1413,28.1681],[-100.1201,28.1558],[-100.0862,28.1462],[-100.0678,28.1143],[-100.0561,28.1039],[-100.0464,28.0791],[-100.0182,28.0657],[-100.0073,28.0202],[-99.9905,27.9936],[-99.9602,27.9831],[-99.9315,27.9803],[-99.9373,27.9409],[-99.9188,27.9189],[-99.9005,27.9124],[-99.8937,27.8998],[-99.9028,27.8819],[-99.9011,27.864],[-99.8768,27.8408],[-99.8708,27.794],[-99.8508,27.7939],[-99.8423,27.7676],[-99.808,27.7653],[-99.7999,27.7396],[-99.7747,27.7334],[-99.7339,27.6876],[-99.7105,27.6574],[-99.696,27.6638],[-99.6704,27.66],[-99.6583,27.6488],[-99.6663,27.6364],[-99.6387,27.6267],[-99.6034,27.6419],[-99.5771,27.6183],[-99.578,27.6021],[-99.5544,27.6141],[-99.5403,27.6044],[-99.529,27.5792],[-99.5115,27.5641],[-99.522,27.5443],[-99.5282,27.4982],[-99.5013,27.5001],[-99.4813,27.4891],[-99.4788,27.4795],[-99.4926,27.4548],[-99.4955,27.438],[-99.4876,27.411],[-99.4923,27.3806],[-99.5079,27.3535],[-99.5045,27.3388],[-99.5216,27.3247],[-99.5368,27.3226],[-99.5279,27.3048],[-99.4946,27.3038],[-99.4878,27.2886],[-99.4966,27.2729],[-99.4826,27.2594],[-99.462,27.2684],[-99.4418,27.2508],[-99.4454,27.2232],[-99.4327,27.2096],[-99.4262,27.1761],[-99.44,27.1511],[-99.4319,27.1382],[-99.4322,27.121],[-99.4425,27.1068],[-99.4287,27.0926],[-99.4495,27.0684],[-99.4453,27.0218],[-99.4321,27.0125],[-99.4183,27.0175],[-99.3813,26.9793],[-99.3933,26.9583],[-99.3747,26.9324],[-99.3285,26.9195],[-99.3227,26.911],[-99.3278,26.8839],[-99.3152,26.8674],[-99.282,26.8588],[-99.2699,26.845],[-99.262,26.8149],[-99.2424,26.7864],[-99.2408,26.7475],[-99.209,26.7247],[-99.21,26.6927],[-99.1982,26.6529],[-99.1729,26.6166],[-99.1737,26.5846],[-99.1642,26.5703],[-99.1712,26.5504],[-99.1669,26.536],[-99.1284,26.5255],[-99.1045,26.4995],[-99.0916,26.4756],[-99.1029,26.4418],[-99.1132,26.4312],[-99.0868,26.4014],[-99.0572,26.4003],[-99.0411,26.4125],[-99.0223,26.4088],[-99.0107,26.3923],[-98.9863,26.3922],[-98.9783,26.4001],[-98.9545,26.3945],[-98.9561,26.3771],[-98.9414,26.3696],[-98.9239,26.3821],[-98.9012,26.3708],[-98.8946,26.3557],[-98.8803,26.3662],[-98.8337,26.3625],[-98.8237,26.3709],[-98.7996,26.3635],[-98.7839,26.3281],[-98.7693,26.3248],[-98.7518,26.3316],[-98.738,26.3253],[-98.7277,26.2987],[-98.7008,26.2864],[-98.7146,26.27],[-98.6844,26.265],[-98.6771,26.2524],[-98.6493,26.252],[-98.6477,26.2613],[-98.6186,26.2486],[-98.6038,26.2579],[-98.5797,26.2539],[-98.5828,26.2412],[-98.5497,26.2359],[-98.5368,26.2274],[-98.5206,26.2295],[-98.4862,26.2128],[-98.4606,26.2261],[-98.4448,26.2243],[-98.4426,26.1989],[-98.4168,26.1836],[-98.387,26.1577],[-98.3691,26.1574],[-98.3356,26.1657],[-98.3348,26.1369],[-98.3216,26.1183],[-98.3064,26.1235],[-98.2806,26.1173],[-98.2705,26.1066],[-98.2643,26.0849],[-98.249,26.0721],[-98.2293,26.0772],[-98.2048,26.0664],[-98.1995,26.0563],[-98.1768,26.0753],[-98.1693,26.0648],[-98.1432,26.0541],[-98.1047,26.0676],[-98.0962,26.0597],[-98.0763,26.0675],[-98.0622,26.0463],[-98.0387,26.042],[-98.0348,26.0604],[-97.9802,26.0672],[-97.9704,26.0536],[-97.9542,26.0625],[-97.9252,26.0569],[-97.891,26.0603],[-97.8337,26.0489],[-97.8083,26.0609],[-97.7928,26.0532],[-97.7911,26.0336],[-97.768,26.0473],[-97.7635,26.0268],[-97.7315,26.0339],[-97.7113,26.0339],[-97.6683,26.0201],[-97.6399,26.024],[-97.6381,26.0021],[-97.6079,25.9768],[-97.6106,25.966],[-97.5679,25.9525],[-97.5677,25.934],[-97.5467,25.9347],[-97.5338,25.9113],[-97.5143,25.8876],[-97.4833,25.8805],[-97.469,25.8889],[-97.4565,25.8853],[-97.4567,25.8686],[-97.4426,25.8484],[-97.4251,25.8405],[-97.4172,25.8553],[-97.3769,25.8431],[-97.3733,25.8615],[-97.3629,25.8675],[-97.3697,25.9165],[-97.3411,25.9315],[-97.2808,25.9353],[-97.2645,25.9527],[-97.2538,25.9485],[-97.2109,25.9637],[-97.1935,25.9563],[-97.1755,25.9658],[-97.1704,25.9614],[-97.1596,25.9646],[-97.1595,25.9516],[-97.1504,25.9546],[-97.1469,25.9633],[-97.1513,25.9976],[-97.1532,26.0474],[-97.1637,26.064],[-97.171,26.0254],[-97.1504,25.9688],[-97.1729,25.9646],[-97.1749,25.969],[-97.1921,25.9676],[-97.2157,25.9701]]],[[[-68.5844,44.2136],[-68.5969,44.2069],[-68.58,44.185],[-68.5656,44.1967],[-68.5844,44.2136]]],[[[-68.8188,44.1808],[-68.8433,44.1853],[-68.8919,44.1583],[-68.9175,44.1481],[-68.9244,44.1272],[-68.8928,44.1314],[-68.86,44.1281],[-68.8189,44.1622],[-68.8188,44.1808]]],[[[-68.4042,44.1747],[-68.4217,44.1783],[-68.4408,44.1644],[-68.4556,44.1831],[-68.4803,44.1594],[-68.4592,44.155],[-68.4508,44.1417],[-68.4139,44.1303],[-68.3914,44.1428],[-68.3888,44.1583],[-68.4042,44.1747]]],[[[-68.5997,44.2153],[-68.6506,44.2153],[-68.6539,44.2083],[-68.6214,44.1992],[-68.5997,44.2153]]],[[[-68.4947,44.3619],[-68.5003,44.3783],[-68.52,44.3781],[-68.5214,44.3564],[-68.5331,44.3306],[-68.48,44.3172],[-68.4947,44.3619]]],[[[-68.4179,44.3605],[-68.4336,44.3714],[-68.4572,44.3439],[-68.4306,44.3447],[-68.4179,44.3605]]],[[[-68.6561,44.265],[-68.6775,44.2669],[-68.6925,44.2542],[-68.7131,44.2119],[-68.7142,44.1708],[-68.6967,44.1553],[-68.6758,44.1492],[-68.6464,44.1558],[-68.6211,44.1789],[-68.6481,44.1825],[-68.6589,44.2111],[-68.6656,44.2147],[-68.6467,44.2161],[-68.6414,44.2183],[-68.6289,44.2189],[-68.6106,44.245],[-68.6253,44.2589],[-68.6561,44.265]]],[[[-68.7098,44.2995],[-68.7444,44.3008],[-68.7111,44.2736],[-68.6861,44.2842],[-68.7098,44.2995]]],[[[-68.865,44.3672],[-68.8761,44.3842],[-68.9006,44.3803],[-68.9114,44.3647],[-68.9056,44.3197],[-68.9289,44.3022],[-68.9192,44.2786],[-68.9061,44.2728],[-68.8869,44.3025],[-68.9017,44.3183],[-68.865,44.3672]]],[[[-68.3036,44.4389],[-68.3192,44.445],[-68.3323,44.4273],[-68.36,44.4264],[-68.3683,44.4169],[-68.3556,44.4003],[-68.3608,44.3872],[-68.3983,44.3758],[-68.3933,44.3672],[-68.4172,44.3456],[-68.4056,44.3378],[-68.4092,44.3224],[-68.4317,44.3097],[-68.4156,44.2858],[-68.4072,44.2581],[-68.3556,44.2436],[-68.3397,44.2222],[-68.3167,44.2244],[-68.2905,44.2495],[-68.2992,44.2672],[-68.3253,44.2711],[-68.3119,44.3211],[-68.3267,44.3636],[-68.3058,44.3589],[-68.3067,44.3169],[-68.2944,44.2867],[-68.2247,44.2903],[-68.1942,44.3074],[-68.1742,44.3367],[-68.1856,44.3706],[-68.2014,44.3914],[-68.215,44.3908],[-68.2506,44.4147],[-68.2494,44.4344],[-68.2697,44.4397],[-68.2928,44.4311],[-68.3036,44.4389]]],[[[-67.2878,44.6129],[-67.2994,44.6214],[-67.3235,44.6096],[-67.3084,44.5965],[-67.2803,44.6024],[-67.2878,44.6129]]],[[[-67.8653,44.4498],[-67.8686,44.4236],[-67.8507,44.4284],[-67.8653,44.4498]]],[[[-67.5841,44.5125],[-67.6068,44.4983],[-67.5921,44.4694],[-67.5878,44.4469],[-67.5668,44.455],[-67.5727,44.4797],[-67.5883,44.5031],[-67.5841,44.5125]]],[[[-123.5694,46.2247],[-123.5997,46.2253],[-123.5858,46.2094],[-123.5694,46.2247]]],[[[-123.9789,46.4931],[-123.9932,46.4876],[-123.9958,46.4553],[-123.9656,46.4333],[-123.9653,46.4128],[-123.9417,46.4108],[-123.9497,46.4675],[-123.9789,46.4931]]],[[[-122.6753,47.2228],[-122.7061,47.2242],[-122.7269,47.2053],[-122.6906,47.1925],[-122.6669,47.1928],[-122.6422,47.2044],[-122.6492,47.2153],[-122.6753,47.2228]]],[[[-122.6874,47.1828],[-122.7079,47.1869],[-122.7414,47.1506],[-122.7127,47.1283],[-122.6969,47.1256],[-122.6746,47.1512],[-122.6736,47.1739],[-122.6874,47.1828]]],[[[-122.8497,47.2967],[-122.9194,47.2761],[-122.9181,47.2544],[-122.9253,47.2328],[-122.8919,47.2047],[-122.8767,47.1725],[-122.8542,47.1797],[-122.8406,47.2078],[-122.8711,47.2469],[-122.8631,47.2708],[-122.8711,47.2797],[-122.8497,47.2967]]],[[[-122.6497,47.2708],[-122.6579,47.2637],[-122.6129,47.2203],[-122.5895,47.2368],[-122.6206,47.2585],[-122.6497,47.2708]]],[[[-122.4558,47.4997],[-122.4768,47.5102],[-122.4806,47.4836],[-122.4984,47.4756],[-122.5132,47.4529],[-122.5143,47.4142],[-122.5277,47.3967],[-122.5152,47.3779],[-122.5268,47.3421],[-122.5186,47.3337],[-122.4916,47.3321],[-122.4844,47.3803],[-122.4425,47.3828],[-122.4732,47.3615],[-122.4538,47.3472],[-122.4442,47.3611],[-122.4002,47.3816],[-122.3955,47.3994],[-122.4266,47.402],[-122.4438,47.4533],[-122.4338,47.4665],[-122.4606,47.4867],[-122.4558,47.4997]]],[[[-122.5306,47.7045],[-122.5518,47.7211],[-122.5654,47.7102],[-122.564,47.6793],[-122.5925,47.6631],[-122.5789,47.6442],[-122.5778,47.5994],[-122.5564,47.6013],[-122.5353,47.5928],[-122.5238,47.5755],[-122.5064,47.5746],[-122.4976,47.5893],[-122.4998,47.6171],[-122.4898,47.6329],[-122.5173,47.653],[-122.4997,47.6614],[-122.5083,47.6799],[-122.5095,47.7051],[-122.5306,47.7045]]],[[[-122.6872,48.1015],[-122.7189,48.0975],[-122.7174,48.0707],[-122.7391,48.0806],[-122.7419,48.0491],[-122.7247,48.0258],[-122.6881,48.0081],[-122.67,48.0172],[-122.6692,48.0328],[-122.6842,48.0486],[-122.6909,48.0817],[-122.6872,48.1015]]],[[[-122.6006,48.4089],[-122.6104,48.4108],[-122.6647,48.4017],[-122.6705,48.3603],[-122.7115,48.312],[-122.7233,48.3042],[-122.7318,48.2799],[-122.7539,48.258],[-122.7701,48.228],[-122.7637,48.2155],[-122.7344,48.1994],[-122.7097,48.1925],[-122.6858,48.1733],[-122.6794,48.1544],[-122.6533,48.1628],[-122.6208,48.1604],[-122.6018,48.1338],[-122.5986,48.1098],[-122.6139,48.0728],[-122.5955,48.0572],[-122.5987,48.0269],[-122.5817,48.01],[-122.5606,48.0066],[-122.5414,47.9936],[-122.552,47.9737],[-122.5222,47.9725],[-122.5127,47.9825],[-122.4811,47.9919],[-122.4545,47.971],[-122.4412,47.9532],[-122.4455,47.9298],[-122.4308,47.9139],[-122.4131,47.9128],[-122.3758,47.9246],[-122.3575,47.9391],[-122.3492,47.959],[-122.3539,47.9845],[-122.3708,47.9976],[-122.3767,48.0345],[-122.4004,48.0368],[-122.4462,48.0528],[-122.4917,48.0972],[-122.5245,48.0941],[-122.5114,48.0745],[-122.5175,48.0631],[-122.5103,48.0383],[-122.5199,48.0213],[-122.5368,48.026],[-122.546,48.0758],[-122.5717,48.1027],[-122.5579,48.1169],[-122.5672,48.1478],[-122.5791,48.1581],[-122.5858,48.1833],[-122.6057,48.2082],[-122.6273,48.222],[-122.6714,48.2244],[-122.7211,48.2142],[-122.7339,48.2292],[-122.7028,48.2389],[-122.6614,48.2428],[-122.6448,48.2813],[-122.6321,48.2678],[-122.6052,48.2976],[-122.5747,48.2946],[-122.5569,48.2806],[-122.529,48.2828],[-122.505,48.2984],[-122.5064,48.3103],[-122.5606,48.3464],[-122.5974,48.3565],[-122.5793,48.3744],[-122.6006,48.4089]]],[[[-123.2033,48.6872],[-123.2291,48.6897],[-123.2307,48.6768],[-123.184,48.6577],[-123.1836,48.6738],[-123.2033,48.6872]]],[[[-123.0336,48.9981],[-123.0354,49.0036],[-123.0919,49.0031],[-123.083,48.9711],[-123.0217,48.9759],[-123.0336,48.9981]]],[[[-122.6937,48.7353],[-122.7155,48.7492],[-122.7196,48.7171],[-122.6916,48.7111],[-122.6734,48.68],[-122.6359,48.6517],[-122.6096,48.651],[-122.618,48.6708],[-122.6444,48.6914],[-122.6637,48.6975],[-122.6937,48.7353]]],[[[-123.01,48.7167],[-123.0409,48.7179],[-123.0547,48.6978],[-123.0186,48.6825],[-123.005,48.6939],[-123.01,48.7167]]],[[[-122.6199,48.7198],[-122.6462,48.7078],[-122.6294,48.6966],[-122.6054,48.7018],[-122.6199,48.7198]]],[[[-122.8813,48.7118],[-122.9122,48.7144],[-122.9419,48.7028],[-122.9606,48.6847],[-122.9858,48.6742],[-123.0113,48.6538],[-123.0302,48.6307],[-123.0277,48.6117],[-123,48.6183],[-122.9808,48.6413],[-122.9567,48.6178],[-122.9482,48.5975],[-122.8883,48.5883],[-122.8625,48.6065],[-122.8827,48.6385],[-122.9108,48.6547],[-122.9189,48.6903],[-122.8928,48.6956],[-122.8823,48.6803],[-122.8842,48.6592],[-122.8493,48.6228],[-122.8203,48.6008],[-122.7978,48.6324],[-122.7547,48.6498],[-122.7513,48.665],[-122.7996,48.6796],[-122.8319,48.6979],[-122.8813,48.7118]]],[[[-122.8839,48.5652],[-122.9222,48.5394],[-122.9122,48.5169],[-122.9425,48.4956],[-122.9457,48.4656],[-122.921,48.4589],[-122.9113,48.4464],[-122.8761,48.4456],[-122.8776,48.432],[-122.8432,48.4303],[-122.8127,48.4212],[-122.8031,48.4268],[-122.8192,48.4622],[-122.8459,48.4463],[-122.8567,48.4581],[-122.8542,48.4861],[-122.8733,48.5019],[-122.8569,48.535],[-122.8767,48.5444],[-122.8839,48.5652]]],[[[-122.7917,48.5252],[-122.8192,48.525],[-122.8392,48.5136],[-122.8161,48.4983],[-122.7942,48.5001],[-122.7917,48.5252]]],[[[-123.1422,48.6222],[-123.1644,48.6076],[-123.1501,48.5993],[-123.1736,48.5779],[-123.1764,48.5619],[-123.1626,48.5483],[-123.1631,48.5291],[-123.133,48.4981],[-123.0657,48.4732],[-123.0368,48.458],[-122.976,48.4539],[-123.0092,48.4739],[-123.0217,48.494],[-123.0051,48.5203],[-122.973,48.5203],[-122.9861,48.5363],[-123.0053,48.5336],[-123.0063,48.5534],[-123.0166,48.5619],[-123.0477,48.569],[-123.0617,48.5836],[-123.1018,48.5984],[-123.1075,48.6223],[-123.1422,48.6222]]],[[[-122.6394,48.586],[-122.6521,48.5836],[-122.6457,48.5587],[-122.6522,48.5306],[-122.6378,48.5256],[-122.5756,48.5421],[-122.6191,48.566],[-122.6394,48.586]]],[[[-122.9642,48.59],[-122.9866,48.5918],[-123.0014,48.58],[-122.9842,48.5692],[-122.9855,48.5564],[-122.9488,48.5467],[-122.9383,48.5639],[-122.9183,48.5646],[-122.9039,48.5819],[-122.9642,48.59]]],[[[-122.8048,48.5861],[-122.8292,48.5797],[-122.8278,48.5547],[-122.8093,48.5312],[-122.7717,48.5525],[-122.7878,48.5782],[-122.8048,48.5861]]],[[[-122.7066,48.6051],[-122.7249,48.6034],[-122.7408,48.585],[-122.7375,48.5702],[-122.7197,48.5622],[-122.7197,48.5396],[-122.6841,48.5439],[-122.689,48.555],[-122.6776,48.5766],[-122.6981,48.5889],[-122.7066,48.6051]]]]},"properties":{"GID_0":"USA","ISO_A2":"US","ISO_A3":"USA","NAME_EN":"United States of America","NAME_IT":"Stati Uniti d'America"}}
]}