{"type":"FeatureCollection", "features": [
{"type":"Feature","geometry":{"type":"MultiPolygon","coordinates":[[[[108.6654,19.3082],[108.6346,19.2915],[108.6324,19.2576],[108.6432,19.2146],[108.6776,19.1826],[108.6618,19.1374],[108.6179,19.0993],[108.6476,18.9971],[108.6565,18.9076],[108.6229,18.8415],[108.664,18.8049],[108.6965,18.7332],[108.7032,18.6549],[108.7012,18.6238],[108.6743,18.5485],[108.6868,18.506],[108.7079,18.4951],[108.7688,18.4885],[108.8388,18.459],[108.8568,18.4329],[108.8818,18.4218],[108.9593,18.4024],[108.9887,18.3574],[109.066,18.3704],[109.106,18.3624],[109.1426,18.3374],[109.1546,18.294],[109.194,18.286],[109.2201,18.3001],[109.3174,18.3065],[109.3432,18.2926],[109.4302,18.2893],[109.4782,18.272],[109.5132,18.2215],[109.5582,18.2101],[109.5813,18.1799],[109.6068,18.1813],[109.6124,18.2151],[109.6315,18.2285],[109.6729,18.2374],[109.6963,18.2229],[109.7118,18.1968],[109.7449,18.2546],[109.7235,18.2615],[109.7196,18.2901],[109.7401,18.3487],[109.7632,18.3904],[109.801,18.4024],[109.8229,18.3768],[109.9082,18.4157],[109.9674,18.4107],[109.9679,18.3882],[110.0163,18.3771],[110.0496,18.3832],[110.0388,18.416],[110.0507,18.4457],[110.0718,18.4318],[110.1004,18.5299],[110.1729,18.584],[110.1885,18.6101],[110.2299,18.6346],[110.2546,18.6582],[110.2829,18.6693],[110.311,18.659],[110.3465,18.6729],[110.4021,18.6712],[110.4285,18.6846],[110.4693,18.7732],[110.4876,18.7701],[110.5324,18.7929],[110.5146,18.866],[110.5107,18.9415],[110.5201,19.0015],[110.5368,19.0388],[110.5676,19.0465],[110.5751,19.1324],[110.5949,19.1904],[110.6157,19.2121],[110.6387,19.2765],[110.6393,19.311],[110.6765,19.3188],[110.6843,19.3379],[110.6696,19.3615],[110.6762,19.391],[110.7004,19.4115],[110.7318,19.4099],[110.7596,19.4251],[110.7718,19.4576],[110.8068,19.4926],[110.8043,19.5199],[110.8226,19.5615],[110.8454,19.5307],[110.8668,19.5254],[110.9179,19.5868],[110.9568,19.6079],[110.9821,19.6429],[111.0296,19.6357],[111.0304,19.6699],[111.0054,19.696],[110.9987,19.7354],[110.9957,19.8229],[110.9546,19.9512],[110.9532,19.9751],[110.9332,20.0126],[110.9088,19.9993],[110.8565,19.9915],[110.7712,20.0226],[110.7113,20.0879],[110.6998,20.1349],[110.6729,20.1321],[110.6368,20.1043],[110.5951,20.1113],[110.574,20.0951],[110.5665,20.0349],[110.594,20.0218],[110.6088,20.0001],[110.624,19.9379],[110.601,19.9365],[110.5796,19.9701],[110.5857,19.9957],[110.5615,20.0104],[110.5049,20.019],[110.4618,20.0354],[110.3718,20.0849],[110.3354,20.0815],[110.309,20.0657],[110.3126,20.041],[110.2749,20.0251],[110.2424,20.0335],[110.1976,20.0638],[110.1593,20.0618],[110.1379,20.0146],[110.0821,19.9724],[110.066,19.9824],[110.0062,19.9304],[109.961,19.9587],[109.9415,19.9932],[109.8974,19.9846],[109.8556,19.9307],[109.8157,19.9643],[109.7582,19.9657],[109.7101,20.0107],[109.6401,19.9932],[109.614,19.9946],[109.5785,19.9793],[109.5185,19.9085],[109.5435,19.8724],[109.5462,19.8535],[109.4818,19.839],[109.4629,19.8715],[109.4315,19.859],[109.406,19.8632],[109.3737,19.8938],[109.3268,19.8857],[109.329,19.9107],[109.3065,19.9185],[109.2865,19.8985],[109.2613,19.901],[109.2557,19.861],[109.2318,19.8618],[109.206,19.8404],[109.2026,19.819],[109.161,19.7877],[109.1776,19.7268],[109.2282,19.7557],[109.2776,19.7654],[109.2901,19.7457],[109.2685,19.7238],[109.2396,19.7265],[109.214,19.7107],[109.2087,19.6796],[109.181,19.6532],[109.1482,19.6424],[109.0788,19.6051],[109.0082,19.5835],[108.9682,19.5354],[108.9435,19.5204],[108.8726,19.4593],[108.8182,19.4393],[108.7779,19.3954],[108.7404,19.3746],[108.6824,19.3713],[108.6624,19.3471],[108.6757,19.3268],[108.6654,19.3082]]],[[[120.6971,37.9926],[120.7235,37.961],[120.7276,37.9185],[120.7524,37.9282],[120.7324,37.9699],[120.6971,37.9926]]],[[[120.7451,38.1982],[120.7351,38.1615],[120.7712,38.1565],[120.7451,38.1982]]],[[[123.176,39.0985],[123.1651,39.0615],[123.1399,39.0454],[123.151,39.0274],[123.1885,39.0462],[123.1979,39.0663],[123.176,39.0985]]],[[[122.4035,39.2171],[122.3538,39.2015],[122.3143,39.1596],[122.3593,39.1543],[122.3804,39.2021],[122.4035,39.2171]]],[[[122.9749,39.5546],[122.9465,39.5329],[122.9718,39.499],[122.9904,39.4943],[123.0301,39.5301],[122.9749,39.5546]]],[[[121.4021,39.4471],[121.3446,39.4043],[121.3368,39.3851],[121.4107,39.3688],[121.4407,39.4146],[121.4337,39.4329],[121.4021,39.4471]]],[[[121.3668,39.4565],[121.3496,39.4926],[121.3193,39.4621],[121.2712,39.4476],[121.2604,39.4015],[121.2763,39.3788],[121.3063,39.4254],[121.3668,39.4565]]],[[[121.6526,39.4276],[121.6185,39.3918],[121.6257,39.3676],[121.6507,39.3596],[121.704,39.3768],[121.6935,39.4124],[121.6526,39.4276]]],[[[120.8057,40.5218],[120.7704,40.4871],[120.8257,40.4876],[120.8057,40.5218]]],[[[122.4507,30.7576],[122.4299,30.696],[122.484,30.7057],[122.4512,30.7337],[122.4507,30.7576]]],[[[121.8096,31.3815],[121.7987,31.336],[121.8171,31.3118],[121.851,31.2949],[121.8774,31.3143],[121.8779,31.3582],[121.8096,31.3815]]],[[[121.5001,31.7662],[121.4962,31.7499],[121.6176,31.6904],[121.6212,31.706],[121.5854,31.7296],[121.5001,31.7662]]],[[[121.5185,31.496],[121.5313,31.4688],[121.5899,31.4335],[121.7199,31.3657],[121.7601,31.3221],[121.786,31.3224],[121.786,31.3624],[121.7301,31.4057],[121.7054,31.4176],[121.5696,31.4571],[121.5499,31.4888],[121.5185,31.496]]],[[[121.3037,31.8674],[121.2871,31.8682],[121.2213,31.8374],[121.1607,31.7882],[121.2126,31.7304],[121.266,31.7138],[121.3132,31.6665],[121.3785,31.6221],[121.4776,31.586],[121.544,31.549],[121.6157,31.519],[121.691,31.5057],[121.8293,31.439],[121.909,31.4488],[121.9662,31.4938],[121.9676,31.5418],[121.8824,31.5968],[121.7996,31.6118],[121.7126,31.6324],[121.6665,31.6496],[121.5471,31.714],[121.4871,31.751],[121.4874,31.7696],[121.3037,31.8674]]],[[[78.71283584905703,33.68341320754764],[78.7096,33.6799],[78.7068,33.6695],[78.7103,33.6806],[78.71283584905703,33.68341320754764]]],[[[78.9411,33.3901],[78.922,33.3984],[78.8757,33.4368],[78.9213,33.3987],[78.9411,33.3901]]],[[[121.4707,29.1226],[121.469,29.109],[121.4837,29.1057],[121.5062,29.1065],[121.5343,29.1115],[121.5329,29.1263],[121.4707,29.1226]]],[[[121.8204,29.1001],[121.7857,29.0807],[121.829,29.0537],[121.8357,29.079],[121.8204,29.1001]]],[[[121.8135,29.1485],[121.7821,29.146],[121.7826,29.114],[121.8182,29.1135],[121.8543,29.0893],[121.8829,29.1232],[121.8679,29.1435],[121.8135,29.1485]]],[[[121.9435,29.1835],[121.876,29.1465],[121.8896,29.1107],[121.9118,29.1082],[121.9204,29.0782],[121.9538,29.0687],[121.9799,29.0893],[121.9796,29.1496],[121.9435,29.1835]]],[[[122.1257,29.7915],[122.0743,29.781],[122.0524,29.7274],[122.1062,29.721],[122.134,29.6826],[122.1612,29.6643],[122.194,29.6726],[122.1949,29.7138],[122.1743,29.7201],[122.1285,29.7557],[122.1257,29.7915]]],[[[122.0274,29.8218],[121.9804,29.8076],[121.946,29.7765],[121.9979,29.7674],[122.031,29.8079],[122.0274,29.8218]]],[[[121.9462,30.1137],[121.9107,30.1004],[121.9424,30.069],[121.9563,30.104],[121.9462,30.1137]]],[[[122.0421,30.2013],[122.0132,30.1824],[122.0274,30.1638],[122.0624,30.1904],[122.0421,30.2013]]],[[[122.1712,30.1985],[122.1454,30.1849],[122.1482,30.1479],[122.1685,30.146],[122.1832,30.1732],[122.1712,30.1985]]],[[[121.9654,29.9524],[121.926,29.9218],[121.9313,29.9074],[121.9437,29.8932],[121.9571,29.8979],[121.9924,29.9026],[121.9979,29.9188],[121.9654,29.9524]]],[[[121.8763,30.0846],[121.8368,30.0521],[121.8449,30.0187],[121.8354,29.9926],[121.8724,29.9696],[121.9193,29.9938],[121.9274,30.0099],[121.9146,30.0568],[121.8763,30.0846]]],[[[122.254,30.0665],[122.2304,30.0949],[122.2021,30.0938],[122.1835,30.1135],[122.1485,30.1135],[122.0904,30.1585],[122.0449,30.1479],[122.0118,30.156],[121.9807,30.1502],[121.9732,30.1746],[121.9415,30.1613],[121.9638,30.1413],[121.986,30.0932],[121.9726,30.0785],[121.9821,30.0485],[122.0074,30.0279],[122.024,29.9935],[122.0632,30.011],[122.1046,30.0071],[122.1185,29.9899],[122.1649,29.994],[122.2501,29.9585],[122.2999,29.9282],[122.3124,29.9746],[122.334,30.0187],[122.3065,30.0385],[122.2874,30.0668],[122.254,30.0665]]],[[[122.3701,30.4771],[122.3474,30.459],[122.3121,30.4715],[122.2782,30.4665],[122.2813,30.4243],[122.3604,30.4287],[122.4021,30.4221],[122.4124,30.4526],[122.3738,30.4565],[122.3701,30.4771]]],[[[120.9068,30.2324],[120.8557,30.2251],[120.8421,30.1974],[120.8712,30.1888],[120.9163,30.2001],[120.9068,30.2324]]],[[[122.4,30.2743],[122.3307,30.2735],[122.3132,30.2507],[122.3249,30.2332],[122.4099,30.256],[122.4,30.2743]]],[[[122.1721,30.3532],[122.1457,30.3201],[122.1182,30.3199],[122.0893,30.3021],[122.1018,30.2774],[122.1504,30.2482],[122.2265,30.2354],[122.2324,30.2982],[122.2085,30.3363],[122.1865,30.3304],[122.1721,30.3532]]],[[[122.3043,29.8838],[122.3015,29.8526],[122.3365,29.8654],[122.3043,29.8838]]],[[[122.2615,29.846],[122.219,29.839],[122.2726,29.7882],[122.3029,29.796],[122.3046,29.8288],[122.2615,29.846]]],[[[122.3476,29.9579],[122.3271,29.9387],[122.3388,29.9182],[122.3657,29.9082],[122.3765,29.8835],[122.4296,29.8863],[122.4174,29.9488],[122.3735,29.9393],[122.3476,29.9579]]],[[[121.191,27.8671],[121.1579,27.8607],[121.1304,27.8271],[121.1651,27.819],[121.1935,27.8529],[121.191,27.8671]]],[[[120.9096,27.9774],[120.861,27.9785],[120.8582,27.9668],[120.9001,27.9363],[120.9332,27.944],[120.9401,27.9632],[120.9096,27.9774]]],[[[121.1204,27.984],[121.0918,27.9854],[121.0379,27.9671],[121.0926,27.9415],[121.134,27.9554],[121.1204,27.984]]],[[[121.2393,28.2162],[121.2132,28.2082],[121.2063,28.1757],[121.156,28.1421],[121.1287,28.1335],[121.1743,28.0474],[121.2451,28.0579],[121.2424,28.0832],[121.2907,28.0896],[121.2576,28.1365],[121.2771,28.1796],[121.2671,28.2021],[121.2393,28.2162]]],[[[79.2584,32.5234],[79.203,32.5108],[79.1489,32.4838],[79.1181,32.45],[79.1212,32.4161],[79.1045,32.3717],[79.0675,32.385],[79.025,32.367],[78.9938,32.3643],[78.9772,32.3428],[78.9147,32.3671],[78.8746,32.4146],[78.836,32.4253],[78.7812,32.4753],[78.7652,32.5749],[78.7803,32.5983],[78.7603,32.6842],[78.7365,32.6959],[78.6544,32.6492],[78.6323,32.6111],[78.6033,32.6044],[78.5593,32.6123],[78.5264,32.6065],[78.4856,32.5732],[78.4527,32.5795],[78.4122,32.5561],[78.4052,32.5252],[78.4487,32.4901],[78.4381,32.4564],[78.4781,32.4259],[78.5188,32.4185],[78.4607,32.3372],[78.4643,32.2778],[78.4409,32.2516],[78.4828,32.2431],[78.5394,32.25],[78.5929,32.2187],[78.5942,32.1885],[78.5743,32.1586],[78.5973,32.122],[78.6479,32.1071],[78.6574,32.0813],[78.7371,32.0041],[78.771,31.9998],[78.7454,31.925],[78.7294,31.9066],[78.7205,31.8353],[78.6908,31.8067],[78.6963,31.7788],[78.7247,31.7639],[78.7113,31.7413],[78.7344,31.692],[78.7796,31.6898],[78.7953,31.6492],[78.8269,31.628],[78.8228,31.6006],[78.7973,31.5762],[78.75,31.5488],[78.7213,31.541],[78.7066,31.5184],[78.7166,31.4849],[78.7489,31.4906],[78.7955,31.4528],[78.7925,31.4179],[78.7764,31.4012],[78.8272,31.3813],[78.8401,31.3277],[78.8675,31.3014],[78.8795,31.2707],[78.9169,31.268],[78.9302,31.3379],[78.9806,31.357],[79.0068,31.4006],[79.0342,31.428],[79.037,31.4574],[79.0568,31.4723],[79.1289,31.4387],[79.1948,31.3536],[79.2216,31.3373],[79.2215,31.3194],[79.2481,31.2966],[79.2339,31.254],[79.2628,31.2453],[79.2884,31.1956],[79.2849,31.1701],[79.3261,31.1294],[79.3819,31.1184],[79.3924,31.0798],[79.4084,31.073],[79.4131,31.0376],[79.4971,31.0414],[79.5377,30.9913],[79.5311,30.9741],[79.5848,30.944],[79.6539,30.9858],[79.6932,30.9817],[79.7456,31.0062],[79.7603,30.9931],[79.8107,30.9776],[79.852,30.9802],[79.88,30.9253],[79.8975,30.9217],[79.915,30.8922],[79.9416,30.892],[79.9965,30.8663],[80.0181,30.8465],[80.0441,30.844],[80.0741,30.7997],[80.1031,30.7797],[80.1675,30.8072],[80.1905,30.7638],[80.2228,30.7652],[80.2373,30.7407],[80.2198,30.6973],[80.1828,30.6796],[80.209,30.6451],[80.211,30.5823],[80.2402,30.5654],[80.278,30.5745],[80.3683,30.5269],[80.4006,30.5312],[80.4235,30.5057],[80.4897,30.4891],[80.5265,30.4543],[80.5842,30.4872],[80.649,30.4453],[80.6659,30.4434],[80.7375,30.3981],[80.776,30.3432],[80.8113,30.32],[80.9167,30.288],[80.9941,30.2705],[81.0471,30.2089],[81.0443,30.1935],[81.08,30.1247],[81.11,30.0874],[81.092,30.0542],[81.1344,30.0165],[81.1634,30.0108],[81.1972,30.0227],[81.2209,30.0075],[81.2429,30.0332],[81.2758,30.0445],[81.2895,30.0701],[81.2885,30.1143],[81.259,30.1499],[81.3112,30.1603],[81.3331,30.154],[81.3538,30.1787],[81.3954,30.2061],[81.3972,30.2504],[81.4247,30.3045],[81.4005,30.3712],[81.4089,30.42],[81.4282,30.4212],[81.4703,30.4026],[81.4905,30.3816],[81.5493,30.3721],[81.5647,30.4292],[81.6096,30.4126],[81.6358,30.4451],[81.7295,30.4107],[81.7744,30.3849],[81.8102,30.3872],[81.8282,30.3751],[81.8689,30.3774],[81.8857,30.3604],[81.9374,30.3477],[81.952,30.3578],[81.9921,30.3211],[82.0231,30.3445],[82.0571,30.334],[82.0853,30.3593],[82.1119,30.3456],[82.1292,30.3032],[82.1128,30.2775],[82.1196,30.2584],[82.101,30.2385],[82.1284,30.2263],[82.1435,30.1976],[82.1891,30.1851],[82.1881,30.1112],[82.1725,30.0676],[82.2317,30.0653],[82.243,30.0741],[82.2835,30.0609],[82.3111,30.0375],[82.3363,30.0465],[82.3679,30.0121],[82.3848,30.0257],[82.434,29.9891],[82.4756,29.9751],[82.5019,29.9459],[82.5323,29.9712],[82.565,29.9551],[82.5686,29.9324],[82.6105,29.8843],[82.6424,29.8628],[82.6417,29.8337],[82.6987,29.8552],[82.7289,29.8345],[82.7391,29.8135],[82.696,29.7911],[82.6956,29.761],[82.7468,29.7694],[82.7648,29.7311],[82.7995,29.719],[82.8291,29.6897],[82.8626,29.6846],[82.8899,29.6996],[82.9504,29.6915],[82.9581,29.6623],[82.987,29.6684],[83.0405,29.648],[83.0714,29.6099],[83.144,29.6248],[83.1988,29.6111],[83.234,29.5779],[83.2631,29.5776],[83.2562,29.5445],[83.2842,29.4987],[83.3177,29.5089],[83.3465,29.4947],[83.3444,29.4658],[83.3735,29.4285],[83.4155,29.4214],[83.4252,29.3859],[83.4172,29.359],[83.44,29.3499],[83.4404,29.3087],[83.5,29.25],[83.5245,29.2384],[83.5412,29.2027],[83.5741,29.2025],[83.5781,29.1802],[83.6123,29.1807],[83.6355,29.1584],[83.6657,29.184],[83.658,29.2039],[83.6863,29.2131],[83.7133,29.2445],[83.7695,29.2407],[83.8044,29.2564],[83.796,29.2734],[83.8145,29.3016],[83.9069,29.3257],[83.9502,29.3168],[83.9648,29.3313],[84,29.3158],[84.0253,29.2891],[84.0445,29.3007],[84.0712,29.2852],[84.0879,29.2945],[84.124,29.2735],[84.1144,29.248],[84.2032,29.2401],[84.2018,29.2139],[84.166,29.194],[84.1769,29.1308],[84.203,29.1239],[84.19,29.0778],[84.1917,29.0468],[84.2237,29.0534],[84.25,29.0371],[84.2226,28.9156],[84.228,28.8938],[84.2677,28.8977],[84.2895,28.8771],[84.3591,28.8593],[84.4111,28.8534],[84.4374,28.8208],[84.4475,28.793],[84.4387,28.7692],[84.494,28.7347],[84.5595,28.7468],[84.5739,28.735],[84.6286,28.7364],[84.6783,28.679],[84.7071,28.671],[84.6969,28.6364],[84.7274,28.6205],[84.7829,28.6094],[84.8593,28.5703],[84.871,28.5823],[84.9219,28.5951],[84.9511,28.58],[84.9846,28.5909],[84.9911,28.6127],[85.0608,28.6823],[85.0827,28.6714],[85.1171,28.6865],[85.1593,28.6429],[85.1999,28.627],[85.1838,28.5788],[85.1885,28.5336],[85.1684,28.532],[85.1595,28.4982],[85.128,28.4877],[85.1014,28.4568],[85.1168,28.443],[85.1289,28.3915],[85.1104,28.3468],[85.1429,28.3303],[85.1841,28.324],[85.2049,28.3404],[85.243,28.3183],[85.2574,28.2942],[85.2948,28.2873],[85.3426,28.3038],[85.3797,28.2784],[85.4144,28.3081],[85.4171,28.3265],[85.4603,28.3369],[85.5092,28.333],[85.5626,28.3093],[85.5908,28.3088],[85.6102,28.2571],[85.6389,28.275],[85.6643,28.3047],[85.6677,28.3475],[85.688,28.3475],[85.6849,28.3836],[85.7123,28.3865],[85.7333,28.3393],[85.7514,28.2394],[85.779,28.2101],[85.8308,28.1846],[85.8737,28.1444],[85.8722,28.123],[85.9001,28.1083],[85.902,28.0536],[85.9557,28.0141],[85.9807,27.9876],[85.9506,27.9418],[86.0029,27.9111],[86.0674,27.8995],[86.1261,27.9414],[86.0817,28.0201],[86.0929,28.033],[86.0858,28.0905],[86.1202,28.0911],[86.1348,28.1164],[86.1626,28.1378],[86.1995,28.138],[86.2249,28.0955],[86.2066,28.0838],[86.2276,28.0284],[86.2224,28.0108],[86.2398,27.9728],[86.2911,27.9782],[86.3212,27.9476],[86.3837,27.9375],[86.4131,27.9064],[86.4448,27.9055],[86.4723,27.9297],[86.4718,27.9459],[86.518,27.9563],[86.5153,27.9845],[86.538,28.0499],[86.5677,28.0688],[86.5661,28.1084],[86.6049,28.1017],[86.6107,28.0757],[86.6379,28.0704],[86.665,28.0969],[86.6915,28.1084],[86.7407,28.1036],[86.7576,28.0679],[86.7497,28.0454],[86.7925,28.0187],[86.8306,28.015],[86.8544,28.0274],[86.8923,27.9967],[86.9278,27.9876],[86.9519,27.9566],[87.0416,27.9501],[87.0559,27.9264],[87.081,27.9144],[87.0913,27.8824],[87.1288,27.8339],[87.1593,27.8242],[87.2281,27.8195],[87.2629,27.8507],[87.3062,27.8432],[87.3203,27.8255],[87.3632,27.8287],[87.3764,27.8451],[87.4217,27.8603],[87.4252,27.8313],[87.4609,27.8252],[87.4926,27.8462],[87.5386,27.8429],[87.5547,27.865],[87.5889,27.8525],[87.5929,27.8196],[87.6195,27.8186],[87.6608,27.8363],[87.668,27.8066],[87.7266,27.8051],[87.756,27.8357],[87.7872,27.8991],[87.8067,27.9087],[87.8343,27.9526],[87.8595,27.9477],[87.8685,27.9106],[87.9347,27.9177],[87.9874,27.8857],[88.0304,27.9055],[88.0984,27.867],[88.1302,27.8819],[88.1136,27.9176],[88.1347,27.963],[88.1736,27.9447],[88.2035,27.9666],[88.2328,27.9659],[88.2439,27.9485],[88.3378,27.988],[88.3898,27.9781],[88.4265,28.0081],[88.4616,28.0198],[88.4831,28.0456],[88.5333,28.0366],[88.5748,28.0856],[88.6377,28.1044],[88.6668,28.0741],[88.6858,28.079],[88.7511,28.0733],[88.8056,28.0261],[88.8291,28.0152],[88.8409,27.991],[88.8363,27.932],[88.8612,27.9235],[88.8814,27.8925],[88.881,27.839],[88.8543,27.8165],[88.8523,27.7783],[88.8624,27.739],[88.8455,27.7003],[88.8466,27.6689],[88.8064,27.6322],[88.8055,27.6033],[88.7673,27.5668],[88.7889,27.5261],[88.7834,27.4556],[88.8101,27.4043],[88.8398,27.3782],[88.8565,27.3868],[88.881,27.3632],[88.8899,27.3364],[88.9364,27.3376],[88.9713,27.3053],[89.0036,27.3281],[88.9794,27.3632],[88.9681,27.4049],[88.9922,27.4617],[88.9778,27.4876],[89.0025,27.5298],[89.0264,27.5415],[89.034,27.5796],[89.077,27.6105],[89.1052,27.6038],[89.1267,27.6204],[89.1381,27.6509],[89.1695,27.6694],[89.1765,27.6975],[89.197,27.7221],[89.2218,27.7304],[89.2253,27.784],[89.2661,27.8149],[89.2993,27.8536],[89.3385,27.8635],[89.3892,27.8918],[89.3986,27.9179],[89.4495,27.9728],[89.4605,28.0372],[89.5048,28.0815],[89.5339,28.0891],[89.6139,28.1704],[89.6561,28.1697],[89.6805,28.1855],[89.7255,28.1744],[89.7351,28.193],[89.7734,28.2018],[89.7686,28.2247],[89.8283,28.2373],[89.8603,28.2302],[89.8965,28.1849],[89.9754,28.1936],[90.0232,28.1643],[90.04,28.1404],[90.0614,28.159],[90.1163,28.1653],[90.1173,28.196],[90.161,28.1919],[90.186,28.1638],[90.2374,28.1442],[90.295,28.1586],[90.3062,28.1303],[90.335,28.1233],[90.3619,28.0979],[90.3819,28.0614],[90.4248,28.0684],[90.4639,28.0487],[90.5066,28.0684],[90.5586,28.0491],[90.5916,28.0253],[90.6679,28.0607],[90.6843,28.0753],[90.7251,28.0696],[90.7512,28.0511],[90.7882,28.0446],[90.8042,28.0699],[90.8317,28.0519],[90.8635,28.0513],[90.9131,28.0266],[90.931,28.0431],[90.9805,28.0021],[91.0183,28.0227],[91.0547,27.9965],[91.0749,28.004],[91.1136,27.992],[91.2064,27.9875],[91.2833,28.0286],[91.3113,28.0643],[91.3351,28.0663],[91.4084,28.0203],[91.466,28.0072],[91.4919,27.9652],[91.4868,27.9452],[91.5471,27.92],[91.5538,27.8969],[91.5881,27.9075],[91.6258,27.892],[91.6216,27.8577],[91.6693,27.8567],[91.7096,27.8133],[91.7711,27.8012],[91.8279,27.8076],[91.8605,27.7369],[91.8786,27.7218],[91.9451,27.7287],[91.9556,27.7507],[91.9839,27.77],[92.0554,27.7591],[92.1561,27.837],[92.2003,27.8571],[92.2463,27.8635],[92.2674,27.8539],[92.2847,27.8076],[92.3074,27.7792],[92.3798,27.795],[92.383,27.8156],[92.4139,27.823],[92.4438,27.8008],[92.4925,27.8368],[92.5151,27.8402],[92.5439,27.8175],[92.5607,27.821],[92.6051,27.8775],[92.6692,27.9001],[92.7013,27.9338],[92.7395,27.9894],[92.6954,28.0484],[92.6629,28.0628],[92.6802,28.118],[92.783,28.1837],[92.8193,28.1974],[92.8265,28.172],[92.8953,28.2046],[92.9129,28.235],[92.9645,28.2618],[93.0004,28.2308],[93.0338,28.2631],[93.0219,28.2999],[93.0954,28.3071],[93.1248,28.3268],[93.1938,28.318],[93.2227,28.3411],[93.2315,28.4007],[93.1904,28.426],[93.2291,28.478],[93.2759,28.5048],[93.3053,28.5663],[93.2999,28.5996],[93.3276,28.6083],[93.3323,28.6337],[93.4118,28.6529],[93.4457,28.676],[93.4742,28.6537],[93.4955,28.684],[93.5245,28.6613],[93.607,28.6559],[93.7316,28.6893],[93.7752,28.6685],[93.844,28.7074],[93.8653,28.7037],[93.9041,28.6767],[93.9346,28.6771],[93.9656,28.7232],[93.9685,28.7514],[94.0014,28.7755],[93.9853,28.7983],[94,28.8198],[93.9949,28.8414],[94.0301,28.8535],[94.0788,28.9058],[94.1551,28.9548],[94.1729,28.9918],[94.1752,29.0205],[94.2147,29.0841],[94.2976,29.1506],[94.3502,29.1502],[94.3723,29.1902],[94.4312,29.2268],[94.4945,29.2167],[94.5579,29.2289],[94.5739,29.2752],[94.6107,29.3012],[94.6282,29.3486],[94.6772,29.3278],[94.7111,29.3043],[94.7665,29.2528],[94.7979,29.21],[94.798,29.1646],[94.8466,29.183],[94.8812,29.1818],[94.9188,29.1623],[94.9677,29.1598],[94.9975,29.173],[95.0397,29.1524],[95.0984,29.1438],[95.1135,29.1212],[95.1775,29.1086],[95.2508,29.1099],[95.2501,29.0686],[95.2666,29.0576],[95.3027,29.0629],[95.3455,29.0461],[95.4101,29.0341],[95.4543,29.037],[95.4859,29.0763],[95.4963,29.1403],[95.5468,29.1287],[95.5377,29.214],[95.5858,29.218],[95.5987,29.2619],[95.6312,29.249],[95.6832,29.2773],[95.7019,29.3004],[95.7271,29.3025],[95.7776,29.3564],[95.7965,29.3363],[95.8403,29.3537],[95.8809,29.3915],[95.9571,29.3827],[96.0145,29.4214],[96.0556,29.4584],[96.0928,29.4564],[96.1132,29.4275],[96.15,29.3993],[96.1858,29.3445],[96.1831,29.3093],[96.2032,29.2936],[96.2342,29.2435],[96.2508,29.2332],[96.293,29.2358],[96.3126,29.2591],[96.375,29.2837],[96.3928,29.2565],[96.3585,29.1816],[96.3464,29.171],[96.2602,29.1602],[96.2175,29.1381],[96.2003,29.1059],[96.1695,29.0876],[96.1242,29.0807],[96.1504,29.0531],[96.1849,28.9881],[96.1804,28.9685],[96.1452,28.9375],[96.1665,28.9059],[96.2281,28.9293],[96.2937,28.9987],[96.3467,29.0323],[96.4358,29.0376],[96.5252,29.0793],[96.4774,28.994],[96.4875,28.9653],[96.5212,28.9652],[96.5387,28.921],[96.5375,28.8841],[96.5843,28.8215],[96.6084,28.7981],[96.6136,28.7598],[96.5859,28.7216],[96.5322,28.7115],[96.4705,28.6846],[96.4952,28.6438],[96.4444,28.606],[96.4066,28.564],[96.3546,28.5606],[96.3243,28.5303],[96.3666,28.5047],[96.373,28.487],[96.2745,28.424],[96.3199,28.3862],[96.3709,28.3943],[96.38,28.3641],[96.3994,28.3445],[96.4229,28.351],[96.432,28.3917],[96.4583,28.4192],[96.5103,28.4183],[96.5796,28.4631],[96.6646,28.4658],[96.7169,28.4329],[96.7511,28.4217],[96.7744,28.3741],[96.8265,28.3672],[96.8987,28.3859],[96.9259,28.345],[96.9528,28.34],[96.9965,28.3162],[97.0227,28.3263],[97.0453,28.3541],[97.0926,28.3697],[97.1259,28.3562],[97.1588,28.3269],[97.1694,28.3023],[97.2242,28.2999],[97.2412,28.2751],[97.2821,28.2763],[97.3514,28.2343],[97.4048,28.2474],[97.4121,28.2814],[97.4337,28.2937],[97.4609,28.2681],[97.4876,28.3239],[97.4771,28.3695],[97.5201,28.4381],[97.5267,28.4662],[97.5485,28.4958],[97.5524,28.5346],[97.5893,28.535],[97.6209,28.4801],[97.6506,28.4809],[97.6885,28.5107],[97.718,28.5039],[97.7416,28.4152],[97.7906,28.3441],[97.8368,28.3341],[97.8461,28.3605],[97.9051,28.3721],[97.9545,28.3301],[97.964,28.3069],[98.0214,28.2647],[98.0033,28.2155],[98.0335,28.2017],[98.0771,28.2037],[98.0971,28.1687],[98.1299,28.1567],[98.1509,28.1139],[98.1384,27.9688],[98.1842,27.942],[98.2074,27.9051],[98.1662,27.8854],[98.1802,27.8474],[98.229,27.8278],[98.211,27.7888],[98.2337,27.7643],[98.2214,27.7322],[98.2954,27.6396],[98.3026,27.585],[98.3188,27.5428],[98.3399,27.5252],[98.3644,27.526],[98.4247,27.5887],[98.43,27.6329],[98.4283,27.689],[98.4676,27.6902],[98.5287,27.6351],[98.5615,27.6528],[98.5809,27.6098],[98.5974,27.6006],[98.6415,27.6026],[98.656,27.6169],[98.6929,27.5897],[98.7041,27.5569],[98.6858,27.5111],[98.6946,27.4904],[98.6871,27.4605],[98.6984,27.4326],[98.6964,27.3911],[98.7298,27.3653],[98.7322,27.3172],[98.706,27.2465],[98.6869,27.2137],[98.706,27.1753],[98.7004,27.1182],[98.712,27.0981],[98.7424,27.0853],[98.7609,27.0646],[98.76,27.0391],[98.7336,27.0052],[98.75,26.9463],[98.7544,26.8961],[98.7391,26.8621],[98.7674,26.81],[98.7618,26.7314],[98.7788,26.6776],[98.7811,26.6199],[98.7563,26.5641],[98.7372,26.3845],[98.7119,26.3414],[98.6766,26.3158],[98.6728,26.25],[98.7039,26.2433],[98.7328,26.1879],[98.7102,26.1616],[98.7179,26.1343],[98.6907,26.1192],[98.6609,26.1263],[98.6403,26.148],[98.6156,26.1344],[98.5886,26.1414],[98.5729,26.1191],[98.5796,26.0769],[98.5994,26.0474],[98.6107,25.9899],[98.6752,25.9449],[98.6853,25.9085],[98.7127,25.8981],[98.6943,25.8437],[98.6561,25.8258],[98.6376,25.8042],[98.5964,25.8153],[98.552,25.8484],[98.519,25.8376],[98.4758,25.7977],[98.4729,25.7642],[98.4427,25.726],[98.4394,25.6931],[98.4058,25.674],[98.3925,25.647],[98.3932,25.6185],[98.3692,25.573],[98.3202,25.5463],[98.2543,25.593],[98.2145,25.6052],[98.1827,25.6253],[98.1644,25.6145],[98.1805,25.5533],[98.1267,25.505],[98.1423,25.4874],[98.1419,25.4041],[98.1135,25.3944],[98.0967,25.3552],[98.0626,25.3094],[98.0146,25.3032],[98.001,25.2764],[97.949,25.2237],[97.9104,25.2148],[97.8907,25.2483],[97.845,25.2679],[97.8238,25.2291],[97.7821,25.1233],[97.7561,25.0833],[97.7299,25.0652],[97.7284,25.0256],[97.7174,24.9808],[97.7356,24.9153],[97.7508,24.8879],[97.7835,24.8692],[97.7832,24.8387],[97.7677,24.8235],[97.7315,24.8229],[97.7157,24.8372],[97.6868,24.8252],[97.6422,24.7768],[97.602,24.7614],[97.5759,24.7633],[97.5545,24.7413],[97.574,24.7065],[97.5725,24.626],[97.5576,24.496],[97.5366,24.4359],[97.5964,24.4335],[97.6736,24.4532],[97.6883,24.4237],[97.6821,24.4064],[97.7138,24.3713],[97.7021,24.3429],[97.6627,24.3417],[97.6694,24.3072],[97.6843,24.2947],[97.7154,24.2963],[97.7615,24.2788],[97.7587,24.2502],[97.7415,24.2345],[97.7282,24.1935],[97.7551,24.1803],[97.7343,24.117],[97.6856,24.0718],[97.6619,24.0604],[97.6326,24.0183],[97.6326,24],[97.5822,23.9903],[97.5735,23.9716],[97.5341,23.9426],[97.567,23.9187],[97.628,23.8914],[97.6731,23.8621],[97.6943,23.8793],[97.7159,23.8743],[97.7369,23.9094],[97.7655,23.9149],[97.7951,23.9476],[97.8578,23.9591],[97.8833,23.9813],[97.8853,24.0102],[97.9468,24.0251],[98.0298,24.0712],[98.138,24.1018],[98.1892,24.0999],[98.2309,24.1169],[98.3459,24.1022],[98.4271,24.1262],[98.5359,24.1296],[98.5839,24.1012],[98.6082,24.0947],[98.6367,24.1109],[98.6754,24.1093],[98.7117,24.1243],[98.7879,24.1331],[98.8465,24.1343],[98.885,24.1489],[98.8897,24.113],[98.8757,24.0859],[98.8397,24.0506],[98.8038,24.0443],[98.7689,24.0236],[98.7669,24.003],[98.7449,23.9789],[98.6988,23.9769],[98.6785,23.96],[98.7096,23.9391],[98.6928,23.9204],[98.7062,23.8315],[98.6822,23.8123],[98.7045,23.7898],[98.7478,23.7889],[98.8036,23.7752],[98.8342,23.7468],[98.824,23.7057],[98.8487,23.6781],[98.8549,23.6381],[98.8916,23.618],[98.8829,23.5909],[98.8111,23.5512],[98.8095,23.5228],[98.829,23.4736],[98.879,23.4871],[98.8968,23.4701],[98.923,23.4231],[98.9254,23.3646],[98.8851,23.3314],[98.9315,23.3266],[98.9416,23.3122],[98.9307,23.2742],[98.8974,23.2197],[98.8898,23.1831],[98.9242,23.1919],[98.968,23.1717],[99.0406,23.1657],[99.0574,23.1239],[99.1098,23.0937],[99.1513,23.112],[99.2122,23.0931],[99.2555,23.1151],[99.3006,23.1117],[99.3609,23.1338],[99.3859,23.1097],[99.4866,23.0904],[99.5201,23.0783],[99.5186,23.004],[99.5587,22.9548],[99.5642,22.9258],[99.538,22.9073],[99.5091,22.9083],[99.4689,22.9269],[99.4458,22.9469],[99.4381,22.911],[99.451,22.858],[99.3925,22.8063],[99.3857,22.7706],[99.3255,22.7511],[99.3228,22.7303],[99.3421,22.7101],[99.3597,22.6675],[99.3679,22.6261],[99.3883,22.5761],[99.3642,22.527],[99.3895,22.4994],[99.3702,22.475],[99.3075,22.4165],[99.2535,22.3844],[99.2766,22.3484],[99.2573,22.3313],[99.2375,22.2851],[99.2368,22.2534],[99.1809,22.1847],[99.1988,22.1421],[99.2189,22.1187],[99.2917,22.1128],[99.338,22.0998],[99.4021,22.1031],[99.4235,22.1192],[99.4764,22.1375],[99.5195,22.105],[99.5607,22.1163],[99.5978,22.1131],[99.6162,22.0971],[99.6526,22.1049],[99.6925,22.0735],[99.6916,22.054],[99.7215,22.0468],[99.7295,22.0659],[99.7579,22.0779],[99.7743,22.0622],[99.8135,22.0534],[99.8566,22.0237],[99.8785,22.0339],[99.8718,22.0618],[99.8914,22.0671],[99.9706,22.052],[99.9665,22.0207],[100,21.9756],[99.9853,21.9231],[99.9619,21.9009],[99.9497,21.866],[99.9478,21.8217],[99.9727,21.77],[99.9862,21.7187],[100.0268,21.6929],[100.0957,21.6888],[100.14,21.694],[100.1725,21.6599],[100.145,21.6337],[100.1413,21.614],[100.1148,21.5866],[100.1279,21.5553],[100.1356,21.5021],[100.1703,21.4806],[100.169,21.4677],[100.2026,21.4394],[100.2219,21.437],[100.2499,21.4651],[100.308,21.4805],[100.3616,21.5366],[100.4374,21.5291],[100.4714,21.4731],[100.4921,21.4579],[100.5137,21.4673],[100.5778,21.4503],[100.6402,21.4795],[100.6786,21.4831],[100.6906,21.5041],[100.7187,21.5084],[100.7807,21.5721],[100.8008,21.5851],[100.8281,21.6434],[100.8599,21.6563],[100.8918,21.6849],[100.9143,21.6822],[100.947,21.6969],[101.018,21.7122],[101.0994,21.7721],[101.1265,21.7754],[101.1294,21.7057],[101.1212,21.6546],[101.1681,21.6442],[101.1761,21.5964],[101.1506,21.5836],[101.1547,21.5639],[101.2136,21.5613],[101.2206,21.4914],[101.2099,21.4782],[101.1971,21.4168],[101.2368,21.3945],[101.2598,21.3642],[101.2525,21.3359],[101.2309,21.3124],[101.2543,21.2922],[101.238,21.2507],[101.26,21.2058],[101.2904,21.1781],[101.3378,21.1884],[101.3862,21.2217],[101.4555,21.2276],[101.4874,21.2416],[101.544,21.2493],[101.5799,21.2449],[101.6122,21.2214],[101.5988,21.1842],[101.6796,21.1961],[101.7056,21.1493],[101.7347,21.1394],[101.7879,21.14],[101.7918,21.1824],[101.8108,21.2046],[101.8417,21.2128],[101.8471,21.2521],[101.8188,21.2634],[101.802,21.2864],[101.77,21.2886],[101.7403,21.3148],[101.7388,21.3537],[101.7607,21.4449],[101.7484,21.4832],[101.7782,21.5133],[101.7615,21.5674],[101.7989,21.5823],[101.8267,21.603],[101.8234,21.6334],[101.7809,21.6539],[101.7659,21.6746],[101.7703,21.7008],[101.7508,21.7385],[101.7616,21.7562],[101.7815,21.8325],[101.7469,21.8483],[101.7433,21.871],[101.7066,21.8976],[101.7108,21.9382],[101.675,21.9338],[101.6365,21.9564],[101.6217,21.9762],[101.6351,22.0134],[101.582,22.1023],[101.604,22.1595],[101.5704,22.2198],[101.547,22.2481],[101.566,22.2776],[101.6187,22.2744],[101.651,22.3273],[101.6566,22.3549],[101.6798,22.373],[101.6633,22.4165],[101.6953,22.4743],[101.7194,22.4774],[101.7399,22.4972],[101.7699,22.5004],[101.8069,22.4859],[101.8359,22.4287],[101.8636,22.3902],[101.9053,22.3879],[101.9193,22.4343],[101.9813,22.432],[102.0244,22.4569],[102.159,22.43],[102.1892,22.4349],[102.2224,22.4255],[102.2677,22.4246],[102.2481,22.46],[102.2939,22.5118],[102.2998,22.5296],[102.3546,22.5666],[102.4035,22.6335],[102.3825,22.6806],[102.4361,22.7018],[102.4564,22.7326],[102.454,22.7567],[102.4958,22.7806],[102.5341,22.7586],[102.5717,22.7059],[102.6068,22.733],[102.6556,22.6903],[102.6885,22.7045],[102.7104,22.6813],[102.7511,22.6676],[102.7877,22.6264],[102.8249,22.6271],[102.8779,22.5879],[102.8776,22.5588],[102.8964,22.5441],[102.9286,22.4843],[102.9838,22.4809],[102.9916,22.4632],[103.0308,22.4425],[103.08,22.4511],[103.0713,22.4777],[103.0796,22.5057],[103.1156,22.5145],[103.1479,22.5445],[103.1828,22.5609],[103.158,22.5939],[103.1936,22.6494],[103.2269,22.6469],[103.2497,22.669],[103.2794,22.6784],[103.2854,22.7371],[103.3098,22.7632],[103.3194,22.8076],[103.372,22.7987],[103.4399,22.7533],[103.4277,22.7333],[103.4319,22.7028],[103.4605,22.6782],[103.4565,22.6583],[103.4882,22.6194],[103.5316,22.5949],[103.5528,22.6373],[103.5798,22.6644],[103.5664,22.7049],[103.6043,22.7491],[103.6184,22.7855],[103.6595,22.7889],[103.6684,22.7672],[103.7026,22.7449],[103.766,22.6897],[103.8122,22.639],[103.8241,22.6174],[103.8893,22.57],[103.9614,22.5065],[103.9787,22.5065],[104.0054,22.5383],[104.0144,22.5909],[104.0295,22.6258],[104.0288,22.6895],[104.0393,22.7237],[104.115,22.8117],[104.134,22.8046],[104.1833,22.8261],[104.2205,22.8289],[104.2437,22.8439],[104.2707,22.8301],[104.2566,22.7795],[104.2778,22.7401],[104.3396,22.7224],[104.3524,22.6924],[104.3992,22.702],[104.4228,22.7374],[104.4709,22.7575],[104.5137,22.7898],[104.5466,22.8405],[104.5962,22.8465],[104.6564,22.8331],[104.6717,22.8172],[104.7029,22.8266],[104.7333,22.8231],[104.7777,22.9052],[104.8106,22.9199],[104.8391,22.9214],[104.8632,22.9435],[104.8609,22.9785],[104.8353,22.9888],[104.82,23.0378],[104.8174,23.0751],[104.8016,23.1162],[104.8757,23.1256],[104.8815,23.1653],[104.9085,23.1808],[104.9473,23.1508],[104.9593,23.1937],[105.0245,23.2189],[105.077,23.2651],[105.1075,23.2456],[105.1558,23.2667],[105.1673,23.283],[105.211,23.2662],[105.2387,23.2724],[105.2581,23.3427],[105.2839,23.3423],[105.3232,23.3927],[105.3468,23.3709],[105.37,23.32],[105.412,23.2873],[105.4414,23.2998],[105.4813,23.2457],[105.4985,23.2027],[105.5533,23.1871],[105.5721,23.1487],[105.5596,23.1285],[105.5636,23.0941],[105.5822,23.0679],[105.6175,23.0674],[105.6463,23.081],[105.6748,23.0623],[105.7213,23.0642],[105.7316,23.0387],[105.7789,23.0231],[105.8042,22.9932],[105.8282,22.9953],[105.8519,22.9728],[105.846,22.9572],[105.8728,22.9327],[105.9091,22.9397],[105.9921,22.9392],[106.0048,22.9535],[106.0065,22.9927],[106.1001,22.9868],[106.1549,22.9916],[106.2003,22.9869],[106.2358,22.9546],[106.266,22.9068],[106.2495,22.8942],[106.3458,22.8557],[106.3748,22.8841],[106.4038,22.8809],[106.4474,22.9035],[106.4595,22.8965],[106.5038,22.9145],[106.5126,22.9467],[106.5669,22.9189],[106.6015,22.9291],[106.6157,22.9012],[106.638,22.8862],[106.7065,22.8885],[106.7072,22.8643],[106.7853,22.8141],[106.8182,22.8202],[106.8377,22.8032],[106.8182,22.7719],[106.796,22.77],[106.7611,22.7299],[106.78,22.7082],[106.7529,22.6923],[106.7222,22.6379],[106.7294,22.5998],[106.6934,22.5849],[106.6487,22.5772],[106.6299,22.6055],[106.6101,22.6046],[106.6003,22.553],[106.5818,22.52],[106.5819,22.483],[106.5604,22.4565],[106.5712,22.4039],[106.5855,22.3779],[106.5596,22.3489],[106.5815,22.3391],[106.6486,22.3397],[106.6602,22.3341],[106.6669,22.2863],[106.6828,22.2793],[106.6949,22.2402],[106.6958,22.2069],[106.6751,22.1878],[106.6955,22.1542],[106.692,22.1218],[106.713,22.0957],[106.6967,22.0515],[106.7087,22.0256],[106.688,22.0094],[106.6834,21.9852],[106.7156,21.9719],[106.7374,22.0075],[106.765,22.0132],[106.8119,21.9735],[106.8395,21.9841],[106.8801,21.9819],[106.9228,21.966],[106.9339,21.9295],[106.961,21.9192],[106.9937,21.9486],[107.0479,21.9301],[107.0624,21.8933],[107.018,21.8638],[107.0045,21.8326],[107.0255,21.8193],[107.0832,21.8094],[107.1103,21.7935],[107.1389,21.7632],[107.1846,21.7463],[107.1967,21.7212],[107.2479,21.7037],[107.2644,21.7288],[107.3022,21.7413],[107.3607,21.6639],[107.3541,21.6306],[107.3633,21.599],[107.3828,21.5957],[107.4166,21.6391],[107.4771,21.6627],[107.4896,21.5987],[107.5436,21.5891],[107.5602,21.6133],[107.59,21.6066],[107.678,21.6096],[107.7158,21.6214],[107.7412,21.639],[107.8155,21.6584],[107.8334,21.6439],[107.8714,21.6474],[107.8902,21.5988],[107.9423,21.5701],[107.9524,21.5389],[108.0505,21.5557],[108.0584,21.541],[108.1318,21.5238],[108.1835,21.5821],[108.2407,21.6107],[108.2551,21.5721],[108.2176,21.4985],[108.2907,21.5388],[108.3179,21.5754],[108.3035,21.5996],[108.3249,21.6321],[108.3549,21.6585],[108.3593,21.6101],[108.3918,21.6621],[108.4124,21.6671],[108.4176,21.6363],[108.411,21.6029],[108.3899,21.5918],[108.3938,21.5529],[108.4751,21.5563],[108.4763,21.581],[108.5226,21.5982],[108.5346,21.6285],[108.5549,21.6474],[108.5735,21.6871],[108.5068,21.7913],[108.5062,21.8424],[108.5224,21.8671],[108.5601,21.876],[108.5796,21.8401],[108.5751,21.8063],[108.5593,21.7976],[108.5729,21.7424],[108.599,21.7079],[108.6438,21.7446],[108.656,21.7218],[108.7093,21.6999],[108.7138,21.6682],[108.7535,21.6177],[108.7976,21.6343],[108.8304,21.6168],[108.8688,21.639],[108.8415,21.6549],[108.8487,21.686],[108.904,21.6396],[108.9121,21.6096],[108.9587,21.5976],[109.0318,21.6015],[109.0979,21.574],[109.1343,21.5738],[109.1588,21.5563],[109.1676,21.5287],[109.1432,21.501],[109.1093,21.4863],[109.0568,21.4746],[109.0493,21.4379],[109.1571,21.4029],[109.196,21.4015],[109.2432,21.4251],[109.3162,21.436],[109.3349,21.4507],[109.3887,21.4601],[109.4218,21.4538],[109.4971,21.4782],[109.5429,21.5054],[109.5674,21.5354],[109.5643,21.561],[109.5846,21.5821],[109.5685,21.6118],[109.5374,21.6426],[109.5249,21.6935],[109.554,21.6976],[109.5793,21.6346],[109.5943,21.6179],[109.6087,21.5776],[109.6596,21.5965],[109.6651,21.5357],[109.6507,21.5193],[109.6696,21.5015],[109.7393,21.4676],[109.7643,21.5029],[109.7946,21.5018],[109.7937,21.4693],[109.8296,21.4518],[109.8985,21.4563],[109.9104,21.4171],[109.8971,21.3743],[109.8318,21.3501],[109.8026,21.3526],[109.7712,21.326],[109.7729,21.2232],[109.7551,21.1924],[109.739,21.1946],[109.6926,21.151],[109.6749,21.1193],[109.7113,21.0607],[109.6679,20.9599],[109.6654,20.8993],[109.6746,20.8668],[109.7551,20.7571],[109.7468,20.7415],[109.7796,20.6963],[109.736,20.6651],[109.7424,20.6329],[109.7951,20.6279],[109.8271,20.5804],[109.8371,20.5543],[109.8162,20.5388],[109.8368,20.499],[109.8668,20.5007],[109.9071,20.4854],[109.9207,20.4421],[109.9468,20.4382],[109.9732,20.4579],[110.0013,20.4529],[110.0076,20.4035],[109.9832,20.3832],[109.9707,20.4049],[109.9435,20.4049],[109.906,20.4324],[109.8768,20.3757],[109.9257,20.3374],[109.9346,20.2813],[109.9496,20.256],[109.9871,20.2943],[110.0165,20.2865],[110.0574,20.2932],[110.071,20.2707],[110.1149,20.2632],[110.124,20.2401],[110.1765,20.2404],[110.1943,20.2735],[110.3049,20.2582],[110.3307,20.2665],[110.3754,20.3093],[110.4065,20.3054],[110.4407,20.3318],[110.4846,20.4037],[110.5188,20.4357],[110.531,20.4813],[110.4912,20.5565],[110.4646,20.5801],[110.4465,20.5649],[110.396,20.606],[110.409,20.6349],[110.4396,20.6165],[110.4426,20.5735],[110.4868,20.5901],[110.4863,20.624],[110.4624,20.6757],[110.4057,20.6557],[110.346,20.6846],[110.341,20.6665],[110.2985,20.6849],[110.3632,20.7082],[110.3868,20.7093],[110.3946,20.764],[110.3868,20.8199],[110.3513,20.8285],[110.3282,20.8515],[110.261,20.841],[110.2304,20.8576],[110.1993,20.8465],[110.1665,20.9215],[110.1707,20.989],[110.2007,21.0143],[110.1999,21.0365],[110.2415,21.0482],[110.2626,21.0724],[110.284,21.0582],[110.2801,21.0382],[110.2076,20.9829],[110.1996,20.9513],[110.3085,20.9713],[110.3479,20.9954],[110.3846,20.9921],[110.4143,21.0026],[110.4593,20.9977],[110.4993,20.951],[110.529,20.9376],[110.5274,20.9826],[110.5465,21.0354],[110.5474,21.0671],[110.5137,21.0782],[110.4771,21.0563],[110.4318,21.0518],[110.3982,21.0949],[110.3654,21.0774],[110.3282,21.0732],[110.3296,21.1046],[110.4063,21.1629],[110.4154,21.1929],[110.4546,21.194],[110.494,21.221],[110.5313,21.2074],[110.5496,21.219],[110.6315,21.2279],[110.6565,21.2579],[110.6776,21.3082],[110.7432,21.3824],[110.7988,21.4032],[110.8865,21.3846],[110.9174,21.4135],[110.9912,21.4237],[111.0315,21.4521],[111.0813,21.4646],[111.056,21.4879],[111.0346,21.481],[111.0026,21.4926],[111.0315,21.5274],[111.071,21.5154],[111.0721,21.4901],[111.1004,21.4604],[111.161,21.4679],[111.1951,21.4804],[111.2599,21.4912],[111.2921,21.4857],[111.2804,21.4615],[111.2971,21.4432],[111.3518,21.4799],[111.3721,21.5026],[111.4465,21.5329],[111.4893,21.5054],[111.526,21.5254],[111.574,21.5254],[111.6321,21.5396],[111.6654,21.5307],[111.6704,21.5688],[111.7049,21.6049],[111.7665,21.6282],[111.7857,21.6671],[111.7882,21.711],[111.724,21.7396],[111.7188,21.7613],[111.7951,21.7763],[111.8068,21.7535],[111.8407,21.7524],[111.8154,21.7204],[111.8321,21.6888],[111.8679,21.6685],[111.9021,21.6801],[111.9179,21.6646],[111.8918,21.646],[111.8388,21.6518],[111.8551,21.6226],[111.8087,21.5724],[111.8518,21.5729],[111.8613,21.5621],[111.9118,21.6046],[111.9388,21.6135],[111.9596,21.6049],[112.0176,21.6446],[111.9896,21.6574],[111.9396,21.644],[111.9126,21.691],[111.9602,21.7418],[112.0329,21.7693],[112.1451,21.8054],[112.1835,21.8049],[112.2004,21.7907],[112.1968,21.7488],[112.2382,21.7351],[112.2449,21.714],[112.286,21.7021],[112.3254,21.7176],[112.4046,21.7365],[112.4171,21.7749],[112.4068,21.8126],[112.4246,21.8274],[112.5274,21.7746],[112.5935,21.7604],[112.621,21.7896],[112.6476,21.7918],[112.649,21.8229],[112.6888,21.8607],[112.7015,21.8818],[112.7443,21.9004],[112.7615,21.9329],[112.7843,21.9457],[112.8274,21.9476],[112.854,21.9379],[112.8535,21.9132],[112.8899,21.8832],[112.9063,21.8515],[112.9568,21.8726],[112.9776,21.8899],[113.0058,21.9368],[113.0318,21.9963],[113.0129,22.031],[113.0275,22.0603],[113.0185,22.1221],[113.0301,22.1385],[113.0606,22.1229],[113.082,22.1453],[113.0788,22.1932],[113.1057,22.2032],[113.1186,22.1727],[113.1162,22.129],[113.1035,22.0915],[113.1224,22.039],[113.176,21.9629],[113.1938,21.9549],[113.2207,21.9054],[113.256,21.8957],[113.2843,21.9029],[113.2641,21.9504],[113.2421,22.0246],[113.2476,22.0479],[113.2793,22.0576],[113.2782,22.0258],[113.3065,22.0035],[113.3499,22.0057],[113.3574,21.9901],[113.4032,22.0157],[113.3918,22.0265],[113.4151,22.0685],[113.3951,22.0943],[113.3782,22.0902],[113.3785,22.1332],[113.4293,22.1799],[113.4668,22.0965],[113.5021,22.0632],[113.5443,22.1024],[113.5987,22.1343],[113.5876,22.1657],[113.5454,22.1806],[113.5697,22.2109],[113.5646,22.2349],[113.591,22.249],[113.569,22.2993],[113.5904,22.3374],[113.599,22.3735],[113.5546,22.3851],[113.5446,22.3996],[113.5485,22.4329],[113.5832,22.486],[113.6137,22.5043],[113.6049,22.5482],[113.6563,22.5807],[113.6585,22.6018],[113.644,22.6401],[113.604,22.6865],[113.5849,22.6963],[113.5604,22.7343],[113.6188,22.7579],[113.5915,22.7932],[113.6135,22.806],[113.666,22.7762],[113.6685,22.744],[113.7185,22.7504],[113.7551,22.7401],[113.7646,22.6835],[113.7935,22.6588],[113.8485,22.5621],[113.8857,22.5435],[113.9012,22.5229],[113.8629,22.4982],[113.869,22.4793],[113.8962,22.4607],[113.9299,22.4943],[113.9371,22.5238],[114.0049,22.5279],[114.0329,22.5038],[114.0204,22.474],[113.9996,22.4901],[113.9768,22.4576],[113.9454,22.4312],[113.9143,22.4218],[113.9176,22.3715],[113.9518,22.356],[114.0099,22.3654],[114.0307,22.3549],[114.1049,22.3712],[114.1282,22.3168],[114.156,22.2993],[114.2176,22.3093],[114.2643,22.2754],[114.2996,22.2801],[114.3121,22.3007],[114.2665,22.341],[114.2779,22.3935],[114.3324,22.376],[114.3435,22.3465],[114.3921,22.3682],[114.3746,22.4093],[114.3951,22.4385],[114.3521,22.4418],[114.3154,22.4765],[114.2685,22.4349],[114.2121,22.4237],[114.1937,22.4507],[114.2096,22.4674],[114.2626,22.4615],[114.3076,22.4832],[114.3254,22.4999],[114.2787,22.5132],[114.2435,22.5629],[114.2799,22.5868],[114.3279,22.6046],[114.4093,22.6115],[114.4379,22.5701],[114.4857,22.536],[114.476,22.5082],[114.4849,22.4682],[114.516,22.4516],[114.5418,22.4843],[114.5649,22.4843],[114.6154,22.5029],[114.6235,22.5135],[114.5974,22.5426],[114.566,22.5485],[114.5354,22.5699],[114.504,22.5479],[114.4996,22.5807],[114.5418,22.5918],[114.5726,22.6171],[114.5929,22.6571],[114.501,22.6479],[114.5182,22.6849],[114.5662,22.6926],[114.5768,22.7376],[114.6182,22.7604],[114.6879,22.7807],[114.7218,22.7957],[114.7354,22.7765],[114.7688,22.7879],[114.7968,22.8204],[114.824,22.7946],[114.7426,22.7421],[114.7368,22.714],[114.7502,22.6849],[114.7288,22.6563],[114.7426,22.646],[114.7479,22.6029],[114.8026,22.5912],[114.8432,22.604],[114.8924,22.5924],[114.9379,22.6576],[114.9696,22.6787],[114.9665,22.6943],[114.9543,22.6954],[114.9515,22.7029],[114.9249,22.7138],[114.8688,22.7237],[114.8976,22.7532],[114.9532,22.7463],[114.9499,22.7196],[114.9579,22.6965],[114.9721,22.6974],[114.9779,22.6879],[115.0037,22.7051],[115.0151,22.7293],[115.0413,22.7515],[115.0449,22.7854],[115.2129,22.8342],[115.249,22.8157],[115.2385,22.7871],[115.3026,22.7946],[115.3685,22.7799],[115.4104,22.7918],[115.4243,22.7576],[115.3965,22.7474],[115.3476,22.7585],[115.3393,22.7318],[115.381,22.689],[115.4213,22.689],[115.4682,22.7038],[115.5204,22.6751],[115.5701,22.6699],[115.526,22.7474],[115.5251,22.7721],[115.559,22.8046],[115.5585,22.8179],[115.6162,22.864],[115.6654,22.8776],[115.6915,22.8765],[115.7001,22.8513],[115.7562,22.846],[115.794,22.8218],[115.8021,22.7968],[115.7999,22.7499],[115.8157,22.7407],[115.8463,22.7743],[115.8824,22.7987],[115.9049,22.7943],[115.9396,22.8107],[115.9556,22.8035],[115.9812,22.8288],[116.0471,22.8507],[116.0749,22.8482],[116.0868,22.8243],[116.141,22.8465],[116.1854,22.8801],[116.2193,22.9199],[116.2624,22.9488],[116.3124,22.9618],[116.3718,22.9301],[116.4224,22.9365],[116.4557,22.9493],[116.4988,22.9387],[116.526,23.0032],[116.5607,23.0132],[116.5468,23.0546],[116.5526,23.0863],[116.5315,23.1226],[116.5521,23.1588],[116.5826,23.1863],[116.631,23.1813],[116.6421,23.1635],[116.679,23.221],[116.7138,23.2443],[116.7457,23.2449],[116.7779,23.2271],[116.7727,23.2926],[116.7468,23.3299],[116.8562,23.4329],[116.8746,23.4687],[116.8637,23.4913],[116.8962,23.544],[116.9196,23.5535],[116.9585,23.5446],[116.9593,23.5718],[116.9868,23.6299],[117.016,23.6185],[117.0415,23.6218],[117.0638,23.6485],[117.0785,23.5765],[117.1189,23.5643],[117.1626,23.6099],[117.2257,23.6246],[117.2135,23.6524],[117.2438,23.679],[117.2807,23.6801],[117.2682,23.7143],[117.2704,23.7379],[117.3124,23.7571],[117.3546,23.764],[117.3965,23.7888],[117.4393,23.7582],[117.4424,23.7854],[117.4638,23.7904],[117.4685,23.8201],[117.5001,23.8637],[117.4815,23.9082],[117.436,23.9071],[117.409,23.9476],[117.4374,23.9574],[117.4607,23.9229],[117.506,23.9235],[117.6054,23.8974],[117.5968,23.8793],[117.6154,23.8146],[117.5863,23.7707],[117.6121,23.7596],[117.6385,23.7901],[117.6268,23.8104],[117.6296,23.8788],[117.6549,23.9215],[117.7057,23.9579],[117.686,23.9857],[117.6912,24.014],[117.7143,24.0357],[117.7454,24.0271],[117.7754,24.0479],[117.7951,24.0485],[117.7935,24.0004],[117.7593,23.9521],[117.7307,23.9351],[117.7421,23.9049],[117.764,23.9174],[117.7768,23.9607],[117.799,23.9874],[117.8502,24.0318],[117.8988,24.0407],[117.8962,24.0882],[117.9126,24.1199],[117.9543,24.1635],[117.9179,24.1857],[117.9476,24.224],[117.9829,24.1951],[118.0135,24.2265],[118.041,24.2226],[118.0696,24.2524],[118.0971,24.2513],[118.1207,24.2704],[118.1312,24.309],[118.0987,24.3565],[118.0835,24.349],[118.0462,24.3612],[118.0568,24.4121],[117.9471,24.3949],[117.9049,24.3938],[117.9029,24.4151],[117.924,24.4738],[118.0282,24.4426],[118.0357,24.4782],[118.0671,24.5046],[118.0443,24.5582],[118.0846,24.5679],[118.1049,24.5451],[118.069,24.4901],[118.0665,24.459],[118.0846,24.4351],[118.1424,24.4307],[118.1832,24.4687],[118.1935,24.5276],[118.1615,24.541],[118.111,24.5499],[118.104,24.5818],[118.1399,24.6171],[118.1479,24.6582],[118.1751,24.6649],[118.2074,24.6476],[118.1907,24.6215],[118.1896,24.5685],[118.2382,24.539],[118.2913,24.6001],[118.3213,24.5885],[118.3626,24.5904],[118.4215,24.6074],[118.4329,24.6296],[118.4157,24.6768],[118.4424,24.6913],[118.4624,24.631],[118.5704,24.5918],[118.5929,24.5674],[118.5713,24.5499],[118.6021,24.5249],[118.6835,24.6079],[118.6596,24.6179],[118.6426,24.6579],[118.6571,24.6885],[118.6976,24.6676],[118.7371,24.6993],[118.7346,24.7246],[118.7615,24.731],[118.7751,24.7668],[118.7296,24.7746],[118.6971,24.7985],[118.6635,24.8007],[118.6393,24.8532],[118.714,24.8488],[118.771,24.8563],[118.8054,24.8754],[118.8276,24.8729],[118.8715,24.8968],[118.8951,24.881],[118.9515,24.8854],[118.9093,24.914],[118.9029,24.9393],[118.9135,24.961],[118.9901,24.9662],[118.9768,25.0057],[118.9407,25.0066],[118.9021,25.0246],[118.8732,25.0493],[118.8685,25.0768],[118.844,25.091],[118.881,25.1185],[118.9385,25.1063],[118.9626,25.1201],[118.9357,25.1426],[118.9793,25.1962],[118.9385,25.2085],[118.8896,25.2621],[118.9196,25.2618],[118.9824,25.2885],[119.0226,25.2876],[119.0465,25.2621],[119.0026,25.2568],[118.9763,25.2254],[118.9912,25.2104],[119.0165,25.2307],[119.074,25.2368],[119.081,25.2238],[119.0557,25.1643],[119.0351,25.1701],[119.0268,25.1379],[119.0504,25.1204],[119.0965,25.1251],[119.1307,25.1382],[119.1401,25.1679],[119.1099,25.1799],[119.104,25.2001],[119.1232,25.2254],[119.1754,25.1824],[119.2376,25.1926],[119.2701,25.174],[119.3004,25.1954],[119.2882,25.2213],[119.3101,25.2424],[119.3282,25.2393],[119.3688,25.2704],[119.2571,25.3235],[119.2354,25.2896],[119.2174,25.3574],[119.1712,25.3638],[119.1501,25.3993],[119.1579,25.4282],[119.1835,25.4499],[119.2213,25.461],[119.2468,25.4815],[119.2843,25.451],[119.2857,25.4249],[119.3376,25.4363],[119.3293,25.4638],[119.3363,25.4907],[119.3626,25.5276],[119.4007,25.5201],[119.4565,25.499],[119.4629,25.4585],[119.5126,25.3951],[119.5443,25.3715],[119.5726,25.4062],[119.549,25.4107],[119.5346,25.4321],[119.5779,25.4585],[119.5874,25.401],[119.6018,25.3688],[119.6235,25.3601],[119.6515,25.3785],[119.6543,25.4124],[119.639,25.461],[119.6104,25.4688],[119.5813,25.5137],[119.609,25.5565],[119.5868,25.5871],[119.5587,25.5701],[119.534,25.5874],[119.5182,25.566],[119.4876,25.5818],[119.5004,25.6099],[119.4704,25.651],[119.474,25.664],[119.524,25.6893],[119.5954,25.6899],[119.6043,25.7337],[119.6307,25.7624],[119.6146,25.7749],[119.6015,25.8265],[119.6162,25.8874],[119.6304,25.9032],[119.6782,25.9082],[119.6893,25.9499],[119.704,25.9638],[119.7138,26.0054],[119.6965,26.0224],[119.6554,26.0204],[119.6043,26.0457],[119.5579,26.0518],[119.5235,26.0879],[119.5488,26.1238],[119.5912,26.1357],[119.6024,26.1782],[119.6229,26.1846],[119.6346,26.209],[119.6599,26.214],[119.6676,26.2365],[119.644,26.2721],[119.7185,26.2771],[119.8121,26.3246],[119.8399,26.3343],[119.8618,26.3118],[119.9246,26.3426],[119.9449,26.3654],[119.8549,26.3549],[119.8715,26.376],[119.8335,26.4218],[119.7907,26.3976],[119.7751,26.3682],[119.7513,26.3693],[119.6746,26.3501],[119.6651,26.3718],[119.6679,26.4324],[119.5951,26.4513],[119.6532,26.4896],[119.7229,26.4449],[119.7693,26.4399],[119.7929,26.4185],[119.8285,26.4454],[119.8126,26.4607],[119.8021,26.5096],[119.766,26.549],[119.7835,26.581],[119.7324,26.6126],[119.6685,26.6204],[119.6101,26.5921],[119.5843,26.6204],[119.6121,26.6404],[119.6285,26.6838],[119.6529,26.706],[119.664,26.7396],[119.6963,26.7071],[119.7307,26.7063],[119.7721,26.7649],[119.791,26.7432],[119.8074,26.691],[119.8213,26.6988],[119.8871,26.6782],[119.8976,26.7079],[119.9335,26.7476],[119.9401,26.7829],[119.9696,26.7782],[120.0107,26.7893],[120.0726,26.7818],[120.0265,26.7552],[119.9893,26.7199],[119.9696,26.691],[119.976,26.6726],[119.9582,26.6338],[119.9001,26.626],[119.8474,26.5915],[119.8376,26.5201],[119.8826,26.5165],[119.9549,26.6099],[120.0104,26.6046],[120.0626,26.6382],[120.0993,26.6268],[120.1096,26.6607],[120.1001,26.6932],[120.1371,26.7113],[120.1376,26.7346],[120.1065,26.734],[120.0924,26.7585],[120.1137,26.7726],[120.0829,26.8132],[120.0418,26.8299],[120.0324,26.8518],[120.0518,26.8954],[120.096,26.876],[120.1285,26.9179],[120.1607,26.9299],[120.1851,26.9193],[120.2382,26.9251],[120.239,26.9599],[120.2196,26.976],[120.2626,26.9899],[120.2671,27.0599],[120.2771,27.0921],[120.3526,27.0929],[120.4018,27.1274],[120.4052,27.151],[120.379,27.184],[120.3785,27.2232],[120.3651,27.2349],[120.3304,27.2304],[120.3138,27.2107],[120.2799,27.2343],[120.2546,27.2776],[120.2849,27.2926],[120.306,27.2749],[120.2943,27.2404],[120.3085,27.2274],[120.3649,27.2488],[120.4224,27.1899],[120.4315,27.214],[120.4565,27.2204],[120.459,27.189],[120.4763,27.1665],[120.5057,27.1893],[120.5163,27.2263],[120.5185,27.2732],[120.5507,27.2843],[120.5596,27.3157],[120.5324,27.3587],[120.5568,27.3715],[120.5582,27.4043],[120.5904,27.3813],[120.6076,27.386],[120.6421,27.3646],[120.6507,27.3932],[120.6385,27.4274],[120.6668,27.4496],[120.681,27.479],[120.6524,27.5026],[120.6354,27.4963],[120.6049,27.5399],[120.6001,27.5882],[120.6335,27.5968],[120.6604,27.6168],[120.6771,27.646],[120.6618,27.6546],[120.6765,27.6921],[120.739,27.7293],[120.7682,27.7854],[120.789,27.7951],[120.8301,27.8499],[120.8596,27.8721],[120.8724,27.9293],[120.8124,27.9696],[120.7724,27.9732],[120.7426,27.9854],[120.7124,28.0221],[120.7143,28.039],[120.7635,28.0274],[120.7951,27.9968],[120.824,27.9874],[120.8796,27.9988],[120.9579,27.9807],[120.9926,28.0413],[120.9876,28.0749],[121.0188,28.1376],[121.0457,28.1413],[121.071,28.1682],[121.0971,28.1704],[121.0949,28.1971],[121.1226,28.2168],[121.1332,28.2463],[121.1129,28.2793],[121.1371,28.3021],[121.1474,28.3418],[121.1776,28.3538],[121.1851,28.3901],[121.2074,28.3785],[121.2126,28.3301],[121.2435,28.2918],[121.2382,28.2743],[121.2826,28.1938],[121.3171,28.1696],[121.3407,28.1413],[121.3879,28.1729],[121.3632,28.2129],[121.3893,28.2429],[121.4268,28.2493],[121.409,28.2868],[121.4432,28.2946],[121.4632,28.3304],[121.5143,28.331],[121.584,28.3107],[121.616,28.2568],[121.6604,28.3443],[121.6176,28.3479],[121.5926,28.3685],[121.6029,28.3951],[121.5801,28.4251],[121.5757,28.4546],[121.5896,28.471],[121.5721,28.4982],[121.5932,28.5179],[121.5537,28.5374],[121.5249,28.5957],[121.5104,28.6646],[121.4693,28.6782],[121.4582,28.6932],[121.5474,28.6921],[121.5929,28.716],[121.6165,28.7051],[121.6382,28.741],[121.6582,28.8113],[121.6835,28.8321],[121.6393,28.8504],[121.621,28.9007],[121.5496,28.9057],[121.5238,28.941],[121.5457,28.9551],[121.5679,28.931],[121.6404,28.9068],[121.6643,28.934],[121.6924,28.9243],[121.6968,28.9524],[121.6687,28.9774],[121.6782,29.0154],[121.6379,29.0424],[121.619,29.106],[121.5676,29.1201],[121.5085,29.1035],[121.4812,29.1018],[121.4576,29.104],[121.4674,29.1101],[121.4593,29.1293],[121.4629,29.1557],[121.4835,29.166],[121.506,29.1487],[121.5676,29.134],[121.604,29.1396],[121.5721,29.1715],[121.5362,29.1685],[121.5257,29.1982],[121.5368,29.2215],[121.5821,29.2324],[121.6107,29.2213],[121.6254,29.1887],[121.6624,29.1715],[121.7154,29.1768],[121.7337,29.1913],[121.7588,29.1849],[121.7843,29.2671],[121.7785,29.3351],[121.7671,29.3571],[121.7979,29.3762],[121.8021,29.3285],[121.821,29.3124],[121.7932,29.2674],[121.7974,29.2485],[121.7821,29.176],[121.809,29.1571],[121.8768,29.1682],[121.9435,29.2026],[121.9587,29.2732],[121.9365,29.2743],[121.9065,29.2974],[121.9365,29.324],[121.9196,29.3404],[121.9371,29.4043],[121.9201,29.421],[121.9715,29.4374],[121.9504,29.5124],[121.9585,29.5688],[121.9901,29.5838],[121.9754,29.6149],[121.9226,29.644],[121.9051,29.6266],[121.8321,29.616],[121.7937,29.6051],[121.7751,29.5757],[121.7735,29.5488],[121.8285,29.5474],[121.8299,29.5346],[121.8046,29.481],[121.776,29.4701],[121.7649,29.5146],[121.7296,29.5415],[121.6965,29.5293],[121.6471,29.4996],[121.5621,29.4701],[121.5432,29.4538],[121.5418,29.424],[121.5115,29.3996],[121.5149,29.4451],[121.5326,29.4662],[121.5018,29.4865],[121.4785,29.4724],[121.4679,29.4207],[121.4521,29.4146],[121.4257,29.4735],[121.4626,29.491],[121.4901,29.5449],[121.5151,29.5515],[121.5374,29.5213],[121.5649,29.5454],[121.5985,29.5371],[121.701,29.5607],[121.7149,29.5863],[121.7457,29.6074],[121.7774,29.6532],[121.8543,29.6968],[121.8601,29.7346],[121.8821,29.766],[121.9013,29.7482],[121.9329,29.7804],[121.9935,29.8213],[122.1385,29.8807],[122.111,29.9074],[122.0496,29.886],[122.0226,29.8929],[121.9532,29.8885],[121.9346,29.8915],[121.9329,29.8988],[121.9132,29.9232],[121.8818,29.9268],[121.8124,29.9471],[121.7479,29.9815],[121.7188,29.9676],[121.6871,29.986],[121.6496,30.0329],[121.6335,30.026],[121.6113,30.0563],[121.6196,30.0701],[121.5929,30.1085],[121.5782,30.1046],[121.5396,30.1382],[121.5299,30.1796],[121.4932,30.2254],[121.4207,30.2799],[121.4251,30.2882],[121.3607,30.3199],[121.2926,30.3385],[121.2515,30.3438],[121.1751,30.3282],[121.0987,30.2865],[121.0137,30.2274],[120.9179,30.1821],[120.9018,30.166],[120.8535,30.1571],[120.8371,30.1671],[120.8093,30.2271],[120.7299,30.226],[120.6896,30.2618],[120.6657,30.3224],[120.6596,30.3576],[120.6365,30.3729],[120.6454,30.4046],[120.6951,30.3946],[120.7423,30.3662],[120.7487,30.3271],[120.7887,30.3201],[120.7971,30.3432],[120.8935,30.3796],[120.9187,30.4176],[120.9396,30.4149],[120.9618,30.4365],[120.9385,30.451],[120.9376,30.489],[120.9662,30.5363],[121.0082,30.5713],[121.0529,30.5912],[121.1299,30.6043],[121.1715,30.6504],[121.2237,30.6701],[121.246,30.6865],[121.3304,30.6971],[121.4179,30.7732],[121.4757,30.7876],[121.4843,30.8029],[121.5362,30.8224],[121.5835,30.8326],[121.7099,30.8499],[121.7651,30.8501],[121.816,30.859],[121.8868,30.8476],[121.9246,30.901],[121.9249,30.9649],[121.859,31.1054],[121.8624,31.1135],[121.7376,31.2582],[121.6668,31.3282],[121.5757,31.3768],[121.516,31.3888],[121.4893,31.4171],[121.4507,31.4368],[121.4196,31.4651],[121.331,31.5004],[121.2774,31.559],[121.2543,31.6018],[121.1837,31.6635],[121.1504,31.6768],[121.0834,31.7234],[121.0974,31.7871],[121.1449,31.8079],[121.1907,31.8435],[121.2849,31.8846],[121.3346,31.876],[121.3915,31.8393],[121.459,31.8207],[121.5113,31.7904],[121.6607,31.7276],[121.7607,31.709],[121.8096,31.689],[121.8707,31.6851],[121.9071,31.7001],[121.9293,31.729],[121.9176,31.7687],[121.8729,31.829],[121.8701,31.861],[121.8412,31.9299],[121.7885,31.9846],[121.7282,32.0315],[121.6579,32.0626],[121.5315,32.1096],[121.434,32.1243],[121.4349,32.1626],[121.3843,32.1879],[121.3754,32.2218],[121.4174,32.2368],[121.3901,32.2721],[121.3935,32.3776],[121.3729,32.4001],[121.3146,32.4313],[121.2804,32.4374],[121.1871,32.4704],[121.1712,32.4879],[121.0582,32.5293],[121.0432,32.5279],[120.9851,32.5537],[121.0043,32.5782],[120.9701,32.599],[120.9354,32.5999],[120.9048,32.6176],[120.8882,32.7204],[120.856,32.7582],[120.8749,32.8238],[120.8971,32.8376],[120.9149,32.8782],[120.9046,32.9065],[120.8918,33.019],[120.8396,33.0474],[120.8485,33.0696],[120.8268,33.1001],[120.8243,33.1496],[120.7829,33.2238],[120.7524,33.2279],[120.7593,33.2815],[120.7149,33.2776],[120.7043,33.319],[120.729,33.3346],[120.7157,33.361],[120.6868,33.3635],[120.6618,33.3899],[120.6257,33.4057],[120.6229,33.4701],[120.6621,33.4832],[120.6635,33.5107],[120.6335,33.5429],[120.6371,33.559],[120.5943,33.6351],[120.5768,33.6379],[120.5743,33.6721],[120.5532,33.7074],[120.5279,33.7771],[120.4815,33.8154],[120.4774,33.8443],[120.4262,33.9232],[120.4182,33.9524],[120.396,33.9826],[120.3865,34.0171],[120.3407,34.0949],[120.32074955752213,34.10871061946903],[120.3274,34.129],[120.2871,34.2393],[120.2782,34.2974],[120.2487,34.3168],[120.2065,34.3296],[120.1007,34.3735],[120.0399,34.4138],[119.9421,34.4468],[119.7899,34.4671],[119.7782,34.5001],[119.7154,34.5274],[119.649,34.5235],[119.6407,34.5615],[119.5579,34.5949],[119.4515,34.6768],[119.4751,34.7243],[119.4493,34.7418],[119.3779,34.7496],[119.3474,34.7671],[119.3065,34.7443],[119.2699,34.7585],[119.1792,34.8363],[119.181,34.8888],[119.2001,34.9199],[119.2032,35.0024],[119.2213,35.054],[119.2551,35.0768],[119.3193,35.0971],[119.3468,35.0871],[119.376,35.1243],[119.3838,35.1899],[119.4046,35.2665],[119.4693,35.3299],[119.5179,35.3457],[119.5321,35.3793],[119.559,35.404],[119.5774,35.4529],[119.6043,35.4729],[119.619,35.5321],[119.6546,35.5901],[119.7412,35.6343],[119.7632,35.6129],[119.8129,35.6418],[119.8749,35.6138],[119.8921,35.6357],[119.9157,35.6376],[119.8988,35.6763],[119.9254,35.7226],[119.9093,35.7368],[119.9251,35.7671],[119.9551,35.7632],[119.9807,35.731],[120.0079,35.7196],[120.0365,35.7932],[120.0243,35.8115],[120.054,35.8804],[120.0857,35.8874],[120.1096,35.9113],[120.1507,35.9099],[120.1796,35.9479],[120.211,35.9457],[120.2507,35.966],[120.2893,35.9701],[120.3057,36.0126],[120.2751,36.0049],[120.2829,35.9824],[120.2032,35.9918],[120.1815,35.9746],[120.1699,36.0307],[120.1829,36.056],[120.1471,36.0885],[120.116,36.0993],[120.1018,36.1382],[120.1896,36.2146],[120.2462,36.2032],[120.2632,36.1807],[120.2982,36.1865],[120.2818,36.216],[120.2943,36.2365],[120.3221,36.2382],[120.336,36.2143],[120.3604,36.2051],[120.3651,36.1712],[120.301,36.0721],[120.3401,36.0507],[120.4351,36.0638],[120.4657,36.0929],[120.4907,36.0885],[120.5615,36.1087],[120.6351,36.1196],[120.6687,36.1382],[120.7132,36.134],[120.6901,36.166],[120.6746,36.2765],[120.6407,36.3282],[120.664,36.3407],[120.7249,36.3315],[120.719,36.3593],[120.681,36.3715],[120.6843,36.3893],[120.7468,36.4624],[120.8385,36.4629],[120.8562,36.4274],[120.8496,36.3843],[120.9115,36.4176],[120.9001,36.4432],[120.9379,36.4513],[120.9618,36.4774],[120.9426,36.4901],[120.9463,36.5168],[120.9743,36.5399],[120.9507,36.5607],[120.9168,36.5713],[120.8938,36.5621],[120.8754,36.6029],[120.8426,36.6148],[120.8979,36.6421],[120.9557,36.5854],[120.9971,36.6035],[121.0174,36.5829],[121.0437,36.6071],[121.0826,36.6224],[121.1204,36.654],[121.2082,36.6932],[121.2443,36.6929],[121.284,36.7118],[121.3737,36.7243],[121.4018,36.7599],[121.454,36.7582],[121.4662,36.7849],[121.571,36.8407],[121.5515,36.8124],[121.479,36.7815],[121.5393,36.7671],[121.5696,36.7793],[121.6251,36.7346],[121.634,36.8112],[121.7012,36.8268],[121.7518,36.8457],[121.7593,36.8807],[121.8632,36.9185],[121.9688,36.949],[122.0115,36.9671],[122.0285,36.9429],[122.0301,36.9004],[122.0904,36.9243],[122.0976,36.9521],[122.1435,36.9488],[122.1574,36.9179],[122.1829,36.9071],[122.1779,36.8801],[122.1932,36.8615],[122.2526,36.8421],[122.3176,36.8329],[122.3701,36.8449],[122.3724,36.8649],[122.4176,36.8643],[122.4326,36.876],[122.4118,36.9171],[122.4849,36.9332],[122.5313,36.9204],[122.5204,36.9554],[122.5399,36.9785],[122.5357,37.0249],[122.4799,37.0229],[122.4721,37.0343],[122.4079,37.0139],[122.4632,37.0701],[122.4501,37.126],[122.4904,37.1557],[122.5271,37.1596],[122.5751,37.1465],[122.5612,37.1835],[122.6171,37.2054],[122.589,37.224],[122.5815,37.2529],[122.5479,37.2829],[122.569,37.304],[122.5471,37.3201],[122.5713,37.3618],[122.6468,37.3929],[122.6654,37.4096],[122.6079,37.4204],[122.5807,37.4012],[122.5235,37.4024],[122.516,37.3729],[122.4621,37.386],[122.4854,37.4099],[122.4799,37.4263],[122.4207,37.4068],[122.3804,37.4154],[122.326,37.4087],[122.2693,37.4304],[122.2682,37.4568],[122.2335,37.4607],[122.2038,37.451],[122.1865,37.4293],[122.1574,37.4354],[122.1346,37.4754],[122.1399,37.5121],[122.1576,37.5363],[122.1338,37.5557],[122.069,37.5337],[122.0496,37.5407],[121.9985,37.4982],[121.9657,37.4818],[121.9899,37.4304],[121.9496,37.4235],[121.9276,37.4418],[121.9396,37.4712],[121.8421,37.4593],[121.7613,37.4538],[121.6671,37.4568],[121.6465,37.4413],[121.5935,37.4279],[121.5085,37.4521],[121.4568,37.4799],[121.4451,37.5196],[121.4165,37.5346],[121.3696,37.5754],[121.3365,37.5835],[121.271,37.5726],[121.1751,37.5824],[121.1421,37.5976],[121.1271,37.6613],[121.1385,37.7124],[121.0349,37.7065],[121.0115,37.7363],[120.9352,37.7751],[120.9387,37.8149],[120.8968,37.8193],[120.8765,37.8324],[120.8146,37.8101],[120.7832,37.8238],[120.7199,37.8229],[120.6451,37.7776],[120.6154,37.7804],[120.5857,37.7593],[120.5271,37.7496],[120.4451,37.7446],[120.4193,37.7221],[120.3712,37.6968],[120.3132,37.6871],[120.3026,37.6735],[120.3193,37.6338],[120.3121,37.6051],[120.2843,37.5732],[120.2332,37.5424],[120.1685,37.4857],[120.0893,37.4579],[120.0849,37.444],[120.0143,37.431],[120.0007,37.4196],[119.9407,37.4107],[119.9371,37.389],[119.9085,37.3796],[119.8451,37.376],[119.846,37.3485],[119.8746,37.3449],[119.9065,37.2946],[119.8879,37.2385],[119.8371,37.2049],[119.7874,37.1801],[119.7537,37.1446],[119.749,37.1229],[119.6176,37.1126],[119.5943,37.1007],[119.5515,37.1176],[119.5013,37.1246],[119.4676,37.1143],[119.4301,37.1157],[119.4238,37.0943],[119.3801,37.091],[119.3065,37.0557],[119.2426,37.059],[119.2393,37.0824],[119.2579,37.1107],[119.2446,37.1351],[119.2165,37.1349],[119.1896,37.166],[119.1471,37.1613],[119.1379,37.1849],[119.0165,37.2663],[118.9668,37.2762],[118.9587,37.3063],[118.9329,37.3413],[118.9435,37.3713],[118.931,37.3907],[118.9413,37.421],[118.9304,37.5288],[118.9746,37.6263],[119.0001,37.6424],[119.0365,37.6857],[119.1168,37.7032],[119.1237,37.6804],[119.1826,37.684],[119.2279,37.671],[119.2838,37.6376],[119.3074,37.6465],[119.2893,37.6865],[119.2282,37.7329],[119.2065,37.7676],[119.2321,37.7879],[119.1849,37.7962],[119.1168,37.836],[119.1007,37.8335],[119.0899,37.9129],[119.0315,37.9532],[118.999,37.9588],[118.9696,38.0062],[118.9693,38.0246],[118.944,38.1007],[118.8876,38.1315],[118.8463,38.1446],[118.7726,38.1415],[118.7407,38.1249],[118.7107,38.1401],[118.6671,38.1326],[118.6126,38.1385],[118.5896,38.1235],[118.5693,38.0904],[118.5254,38.0779],[118.4743,38.1121],[118.3826,38.1162],[118.3432,38.1257],[118.2868,38.126],[118.1704,38.1415],[118.1113,38.144],[118.051,38.1321],[118.0488,38.1685],[117.9287,38.2396],[117.8682,38.2654],[117.8396,38.2654],[117.6943,38.3821],[117.7026,38.3899],[117.6521,38.471],[117.6224,38.4943],[117.6168,38.5288],[117.5679,38.6246],[117.5657,38.7129],[117.5801,38.7721],[117.6315,38.864],[117.7054,38.9421],[117.7246,38.9701],[117.7818,38.9621],[117.7868,38.9729],[117.7588,39.0276],[117.761,39.0699],[117.7487,39.0985],[117.789,39.1432],[117.8235,39.1701],[117.916,39.2076],[117.9924,39.2188],[118.0676,39.2096],[118.1449,39.1715],[118.209,39.0699],[118.2438,39.0449],[118.3046,39.0404],[118.336,39.0246],[118.3918,39.0474],[118.4943,39.1063],[118.5418,39.149],[118.6046,39.1696],[118.6821,39.1568],[118.7118,39.1382],[118.8104,39.1435],[118.8388,39.1638],[118.8701,39.1571],[118.944,39.1779],[119.0176,39.2054],[119.0837,39.249],[119.1815,39.349],[119.2168,39.366],[119.236,39.3571],[119.2815,39.3818],[119.3046,39.4218],[119.2965,39.4643],[119.264,39.4963],[119.2582,39.5215],[119.3046,39.6221],[119.3449,39.7215],[119.3607,39.7443],[119.4665,39.8135],[119.5307,39.811],[119.511,39.8379],[119.5296,39.886],[119.5846,39.9137],[119.6176,39.9101],[119.6735,39.9385],[119.7004,39.9357],[119.7363,39.9493],[119.7807,39.9521],[119.8068,39.9796],[119.8868,39.9976],[119.9404,40.0537],[120.031,40.0824],[120.0971,40.0968],[120.2785,40.1557],[120.301,40.1829],[120.3721,40.1974],[120.4449,40.1968],[120.5013,40.254],[120.4896,40.3071],[120.4979,40.3249],[120.5665,40.359],[120.5699,40.3929],[120.6004,40.4296],[120.584,40.454],[120.6254,40.4849],[120.6454,40.4787],[120.6715,40.5138],[120.6624,40.5321],[120.7487,40.5685],[120.794,40.6004],[120.7993,40.6221],[120.8257,40.6426],[120.8204,40.6679],[120.9371,40.6915],[120.9632,40.7143],[120.924,40.7374],[120.9538,40.7718],[120.9779,40.8571],[121.0024,40.834],[121.0607,40.8229],[121.081,40.869],[121.1604,40.8996],[121.1793,40.9251],[121.2374,40.9104],[121.3218,40.9104],[121.3835,40.8915],[121.4543,40.8857],[121.4785,40.8957],[121.4954,40.8676],[121.5571,40.8401],[121.6307,40.8493],[121.6843,40.8454],[121.7132,40.8574],[121.734,40.8451],[121.7949,40.9079],[121.7815,40.9301],[121.8174,40.954],[121.8313,40.9232],[121.8201,40.8918],[121.8507,40.8293],[121.8957,40.8063],[121.9388,40.8054],[121.9474,40.7801],[121.9907,40.7665],[122.1032,40.701],[122.1215,40.6835],[122.1574,40.6807],[122.1604,40.6424],[122.1424,40.6215],[122.1568,40.5962],[122.2218,40.559],[122.2599,40.5246],[122.3274,40.5176],[122.3321,40.4754],[122.3012,40.474],[122.2443,40.4379],[122.1996,40.4185],[122.2057,40.3776],[122.1571,40.329],[122.1104,40.309],[122.1121,40.2568],[122.0987,40.2346],[122.0504,40.2007],[122.0004,40.1807],[122.0018,40.1296],[121.9346,40.0971],[121.9276,40.0724],[121.8835,40.0382],[121.8957,40.0113],[121.8382,39.9685],[121.7935,39.9563],[121.7699,39.9132],[121.7301,39.9132],[121.696,39.929],[121.629,39.8799],[121.5893,39.8599],[121.5571,39.8574],[121.4726,39.8085],[121.4929,39.7768],[121.4546,39.7424],[121.5335,39.6846],[121.5313,39.621],[121.4585,39.6488],[121.4468,39.6182],[121.3857,39.6001],[121.3196,39.5935],[121.2685,39.5693],[121.2235,39.5315],[121.2232,39.5154],[121.2829,39.5154],[121.3043,39.4996],[121.3426,39.5274],[121.3812,39.529],[121.399,39.5126],[121.4407,39.5115],[121.4485,39.4849],[121.4824,39.4629],[121.4907,39.4179],[121.5212,39.4026],[121.5929,39.4326],[121.6457,39.4349],[121.6904,39.4171],[121.7179,39.441],[121.7265,39.4029],[121.759,39.3879],[121.8343,39.386],[121.9004,39.4132],[121.8874,39.436],[121.9351,39.4363],[121.9493,39.3996],[121.9221,39.3813],[121.8851,39.3807],[121.8643,39.3565],[121.8337,39.3624],[121.7621,39.3599],[121.7407,39.3471],[121.7579,39.3249],[121.7532,39.2999],[121.724,39.284],[121.6885,39.2885],[121.6862,39.2635],[121.6115,39.271],[121.6243,39.2135],[121.5835,39.1918],[121.6082,39.1726],[121.6801,39.1404],[121.6882,39.1024],[121.6612,39.0799],[121.5929,39.0693],[121.5657,39.0529],[121.5279,39.0479],[121.4974,39.0271],[121.4399,39.0143],[121.3718,39.0607],[121.3429,39.0435],[121.3168,39.0021],[121.3404,38.9754],[121.3118,38.9657],[121.2751,38.9696],[121.2351,38.9518],[121.2213,38.9318],[121.1779,38.9515],[121.1424,38.9557],[121.0968,38.9315],[121.0851,38.9093],[121.1212,38.8901],[121.1551,38.9015],[121.1726,38.8871],[121.1118,38.8646],[121.1099,38.8201],[121.1424,38.7985],[121.1307,38.7596],[121.1324,38.726],[121.1935,38.7212],[121.2146,38.7529],[121.2615,38.7904],[121.3207,38.804],[121.3599,38.8243],[121.4251,38.8107],[121.4968,38.8254],[121.5607,38.8757],[121.6135,38.8635],[121.6715,38.8621],[121.7029,38.8724],[121.7168,38.9046],[121.6501,38.9382],[121.6101,38.9476],[121.6654,38.9801],[121.6424,38.9965],[121.6568,39.0207],[121.741,39.0163],[121.739,39.0376],[121.7901,39.0235],[121.8118,38.9751],[121.8388,38.9496],[121.8812,38.9562],[121.8932,38.9968],[121.8463,38.999],[121.819,39.0299],[121.8585,39.0474],[121.8615,39.0651],[121.911,39.0726],[121.9293,39.0476],[121.9549,39.0374],[121.9788,39.0663],[122.004,39.0771],[122.031,39.069],[122.0587,39.111],[122.1124,39.1451],[122.0796,39.1932],[122.1799,39.2588],[122.2407,39.2815],[122.2649,39.3204],[122.2482,39.3424],[122.2874,39.3535],[122.294,39.3713],[122.3337,39.3796],[122.3712,39.4143],[122.3876,39.4485],[122.4318,39.4679],[122.4624,39.4454],[122.5096,39.471],[122.5932,39.4846],[122.6343,39.5221],[122.6885,39.5335],[122.7671,39.5696],[122.7515,39.6071],[122.7826,39.6071],[122.806,39.5907],[122.8551,39.6101],[122.9215,39.6215],[122.9979,39.6515],[123.0399,39.6821],[123.0785,39.6704],[123.0993,39.6865],[123.1343,39.6671],[123.1843,39.6799],[123.2179,39.7007],[123.2487,39.6932],[123.2613,39.7118],[123.2354,39.7493],[123.2704,39.7743],[123.2757,39.8096],[123.3032,39.7963],[123.4107,39.8085],[123.4115,39.731],[123.4412,39.7363],[123.4676,39.7654],[123.4701,39.7899],[123.5354,39.7996],[123.6151,39.8451],[123.6804,39.8501],[123.7138,39.8279],[123.7912,39.8321],[123.8132,39.8521],[123.8696,39.8565],[123.8688,39.834],[123.921,39.8276],[123.9721,39.8351],[123.9999,39.7999],[124.0901,39.8285],[124.1549,39.8254],[124.1621,39.8515],[124.1979,39.8582],[124.2201,39.9149],[124.2824,39.9325],[124.2803,39.9504],[124.3404,39.9812],[124.3582,40],[124.3605,40.0305],[124.3287,40.0631],[124.376,40.0982],[124.3858,40.1231],[124.4589,40.1596],[124.4968,40.1859],[124.5351,40.2327],[124.5732,40.2466],[124.6241,40.2841],[124.673,40.2957],[124.7331,40.3206],[124.734,40.3557],[124.7591,40.3801],[124.8357,40.4108],[124.8875,40.4709],[124.9221,40.4496],[124.9739,40.4631],[125.0346,40.4568],[125.0463,40.4824],[124.9982,40.5009],[125.0141,40.5326],[125.0779,40.5568],[125.1899,40.6082],[125.2535,40.614],[125.2736,40.6511],[125.3293,40.6339],[125.3634,40.648],[125.4025,40.6233],[125.4223,40.6276],[125.4156,40.6654],[125.4545,40.6682],[125.467,40.7108],[125.5402,40.721],[125.5596,40.7644],[125.6069,40.7566],[125.6881,40.7634],[125.6807,40.7796],[125.6401,40.7997],[125.6462,40.8166],[125.7107,40.8584],[125.7746,40.8868],[125.8028,40.8628],[125.8469,40.8735],[125.8758,40.8978],[125.9371,40.8738],[125.9712,40.8961],[126.0063,40.8915],[126.0447,40.9522],[126.0713,40.9657],[126.0656,40.9927],[126.1009,41.0099],[126.1324,41.05],[126.1155,41.0812],[126.16,41.0841],[126.2346,41.1374],[126.2872,41.1595],[126.3049,41.1887],[126.3082,41.2237],[126.3544,41.2418],[126.3609,41.2822],[126.4011,41.307],[126.447,41.3544],[126.4941,41.3699],[126.5043,41.4313],[126.5409,41.4791],[126.5555,41.5263],[126.5848,41.5642],[126.5716,41.585],[126.5817,41.612],[126.6107,41.6429],[126.684,41.6633],[126.7235,41.6983],[126.6772,41.747],[126.6977,41.7529],[126.757,41.7265],[126.7854,41.693],[126.8006,41.7283],[126.8396,41.7269],[126.8714,41.7827],[126.9262,41.8085],[126.9439,41.7882],[126.994,41.762],[127.0067,41.7407],[127.0441,41.7428],[127.0524,41.7047],[127.0406,41.6661],[127.102,41.6383],[127.1443,41.5845],[127.1136,41.5387],[127.1594,41.5391],[127.2441,41.5022],[127.279,41.5065],[127.2836,41.4822],[127.3418,41.4644],[127.3895,41.4816],[127.4087,41.4554],[127.4536,41.4571],[127.5056,41.4704],[127.5444,41.4671],[127.5511,41.4408],[127.617,41.425],[127.6373,41.4078],[127.6622,41.4214],[127.7988,41.4201],[127.859,41.4047],[127.8718,41.436],[127.9262,41.4392],[128.0003,41.429],[128.1025,41.363],[128.1608,41.3964],[128.202,41.4096],[128.2389,41.4728],[128.2345,41.4897],[128.2684,41.5093],[128.2942,41.566],[128.3138,41.583],[128.2973,41.6339],[128.244,41.6703],[128.2139,41.675],[128.1441,41.7239],[128.1301,41.7636],[128.0864,41.8145],[128.0972,41.8401],[128.0961,41.8792],[128.064,41.9654],[128.081,41.9858],[128.1112,41.9812],[128.1395,42.0059],[128.2103,42.0156],[128.2906,42.0346],[128.4212,42.0282],[128.4639,42.0163],[128.4712,41.9997],[128.5726,41.9979],[128.6179,42.031],[128.6437,42.0309],[128.6677,42.0098],[128.6959,42.0125],[128.7435,42.0429],[128.7707,42.0335],[128.8134,42.0364],[128.8312,42.0228],[128.9053,42.0131],[128.9451,42.0175],[128.9604,42.0395],[128.9552,42.0756],[129.0184,42.095],[129.0644,42.1359],[129.1409,42.1433],[129.1688,42.1824],[129.2139,42.2119],[129.1783,42.2383],[129.2141,42.2667],[129.2018,42.311],[129.2436,42.3147],[129.2285,42.3428],[129.235,42.3742],[129.2958,42.3855],[129.3129,42.4229],[129.3514,42.4212],[129.3991,42.4482],[129.4458,42.4412],[129.5259,42.3863],[129.545,42.3618],[129.5703,42.3794],[129.5715,42.4028],[129.6378,42.4314],[129.7144,42.4268],[129.7406,42.4643],[129.7467,42.5194],[129.7437,42.5718],[129.7759,42.6036],[129.7514,42.6173],[129.7473,42.6461],[129.7759,42.6742],[129.7618,42.7109],[129.8072,42.8095],[129.8066,42.8273],[129.8332,42.8643],[129.8365,42.9057],[129.8633,42.9194],[129.8513,42.9634],[129.8965,43.002],[129.9497,43.0045],[129.9581,42.9762],[130.0122,42.9658],[130.0707,42.9693],[130.0971,42.9856],[130.1158,42.955],[130.1162,42.9028],[130.1545,42.9069],[130.2524,42.8988],[130.2658,42.8861],[130.2331,42.7859],[130.2482,42.7114],[130.2882,42.691],[130.3179,42.6519],[130.3563,42.6291],[130.3869,42.5983],[130.4331,42.6011],[130.4156,42.5702],[130.4366,42.5459],[130.4702,42.5496],[130.4645,42.5863],[130.4747,42.6136],[130.5165,42.609],[130.5145,42.5745],[130.5509,42.49],[130.5698,42.4769],[130.5667,42.4332],[130.6146,42.424],[130.5612,42.5354],[130.5635,42.5533],[130.6105,42.5582],[130.6281,42.5929],[130.623,42.6227],[130.5761,42.6716],[130.5306,42.6976],[130.4597,42.6795],[130.4051,42.7223],[130.4875,42.7789],[130.5443,42.8077],[130.5936,42.8109],[130.6843,42.8439],[130.7131,42.8255],[130.7396,42.8417],[130.7713,42.8297],[130.7892,42.8643],[130.8212,42.8719],[130.8548,42.8565],[130.8988,42.8534],[130.9137,42.8654],[131,42.8529],[131.0296,42.8633],[131.0085,42.8941],[131.0102,42.9167],[131.0961,42.9109],[131.1266,42.9305],[131.1348,42.9579],[131.1089,42.9664],[131.0966,43.0204],[131.1155,43.0639],[131.1896,43.1221],[131.2043,43.1432],[131.1899,43.2009],[131.2061,43.2322],[131.2355,43.2529],[131.259,43.2884],[131.2659,43.3638],[131.3058,43.3927],[131.288,43.4406],[131.3009,43.4559],[131.2437,43.5018],[131.2006,43.5185],[131.1841,43.5571],[131.2285,43.5986],[131.2239,43.6719],[131.2072,43.7241],[131.2181,43.7451],[131.2035,43.8236],[131.228,43.8773],[131.2486,43.8961],[131.2589,43.9334],[131.236,43.9572],[131.2505,44.0187],[131.294,44.0445],[131.2931,44.0797],[131.1913,44.4115],[131.1027,44.6916],[131.0668,44.7416],[131,44.7903],[131,44.8163],[130.963,44.8176],[130.9542,44.8542],[131.0238,44.8762],[131.0416,44.8697],[131.084,44.8898],[131.0836,44.9193],[131.138,44.937],[131.2048,44.9131],[131.271,44.9224],[131.3443,44.9819],[131.3838,44.9821],[131.4698,44.9595],[131.4957,44.9715],[131.4772,44.9935],[131.5292,45.0095],[131.6867,45.1142],[131.684,45.1442],[131.6465,45.156],[131.6782,45.2169],[131.7086,45.2266],[131.7645,45.2096],[131.8268,45.3087],[131.8728,45.3334],[131.9091,45.3301],[131.9325,45.2799],[131.9776,45.2676],[131.9998,45.2489],[132.0586,45.2356],[132.1836,44.9569],[132.1116,44.7407],[132.3162,44.6152],[132.5606,44.555],[132.6969,44.6901],[132.852,45.0557],[132.8951,45.0334],[132.9727,45.0199],[133.0286,45.0528],[133.0352,45.0686],[133.0801,45.0953],[133.1048,45.1206],[133.1356,45.1271],[133.1255,45.1761],[133.1036,45.2267],[133.0852,45.2362],[133.0939,45.2876],[133.1249,45.325],[133.1383,45.3642],[133.133,45.4199],[133.1594,45.4377],[133.1559,45.4652],[133.1823,45.4707],[133.2152,45.5091],[133.2723,45.5181],[133.3178,45.4932],[133.3421,45.5479],[133.3721,45.5724],[133.4135,45.572],[133.4054,45.6072],[133.4435,45.6226],[133.4445,45.6488],[133.4761,45.6544],[133.4769,45.6835],[133.4437,45.696],[133.4627,45.7548],[133.4639,45.829],[133.5042,45.8829],[133.545,45.8925],[133.5709,45.8681],[133.6139,45.9025],[133.6075,45.937],[133.6569,45.9377],[133.6762,45.9602],[133.6801,45.9922],[133.7345,46.0473],[133.7331,46.0767],[133.6965,46.1098],[133.7001,46.1578],[133.7706,46.1739],[133.8046,46.2211],[133.8494,46.2011],[133.9085,46.2716],[133.8785,46.3555],[133.929,46.369],[133.9421,46.3934],[133.9156,46.4345],[133.8699,46.4439],[133.8509,46.4607],[133.8589,46.4908],[133.8939,46.5238],[133.913,46.5815],[134.0147,46.6544],[134.0248,46.6838],[134.024,46.7324],[134.0492,46.774],[134.0207,46.8223],[134.0401,46.8477],[134.0441,46.8807],[134.0739,46.942],[134.0661,46.9721],[134.0955,47.0004],[134.1142,47.0624],[134.1346,47.0878],[134.187,47.0947],[134.2214,47.1186],[134.2226,47.1807],[134.2045,47.2107],[134.1606,47.2361],[134.1491,47.2595],[134.187,47.3309],[134.2334,47.3465],[134.2682,47.4013],[134.334,47.4364],[134.3962,47.4347],[134.4609,47.4477],[134.4935,47.4438],[134.5284,47.4748],[134.5744,47.4999],[134.5759,47.5177],[134.6203,47.5415],[134.6698,47.5838],[134.678,47.6307],[134.7533,47.6786],[134.7739,47.7291],[134.7716,47.7535],[134.6755,47.8226],[134.664,47.8793],[134.6406,47.9],[134.6016,47.9019],[134.5811,47.9179],[134.5809,47.9613],[134.5539,47.9813],[134.5506,48.0244],[134.5788,48.0611],[134.6214,48.0962],[134.6711,48.1642],[134.6686,48.2289],[134.7118,48.2758],[134.6301,48.2997],[134.5896,48.3321],[134.5754,48.3632],[134.529,48.3487],[134.4714,48.3552],[134.4277,48.3776],[134.3893,48.3857],[134.3443,48.3736],[134.2617,48.3707],[134.1233,48.335],[134.0577,48.3354],[134.0107,48.3107],[134.0047,48.2766],[133.896,48.2614],[133.8707,48.2271],[133.8701,48.1865],[133.84,48.1838],[133.8004,48.1998],[133.7554,48.1815],[133.6563,48.1549],[133.6395,48.1347],[133.5547,48.1171],[133.5345,48.0876],[133.4682,48.0676],[133.4315,48.0715],[133.355,48.1037],[133.2888,48.0884],[133.1603,48.1057],[133.1049,48.0767],[133.0313,48.0564],[133.0079,48.0182],[132.9342,48],[132.8766,48],[132.8203,47.9382],[132.786,47.9272],[132.6915,47.9536],[132.6552,47.9239],[132.6662,47.8851],[132.6,47.803],[132.5957,47.7431],[132.562,47.7152],[132.5048,47.7113],[132.4133,47.7355],[132.3756,47.7539],[132.318,47.7516],[132.2804,47.7353],[132.2451,47.7052],[132.2149,47.7138],[132.0883,47.6969],[131.9995,47.7054],[131.9818,47.6727],[131.9484,47.6652],[131.8954,47.6793],[131.8037,47.6697],[131.7119,47.7044],[131.6824,47.7062],[131.6441,47.6676],[131.5796,47.6606],[131.5218,47.7038],[131.501,47.7278],[131.4454,47.7416],[131.3736,47.7259],[131.2532,47.7338],[131.1759,47.6955],[131.0956,47.6813],[131.0028,47.6902],[130.9542,47.7203],[130.9522,47.8185],[130.864,47.9321],[130.7832,47.9809],[130.7374,48],[130.7118,48.031],[130.6846,48.0392],[130.651,48.1018],[130.6605,48.12],[130.7503,48.1892],[130.751,48.2237],[130.8255,48.3001],[130.8002,48.3446],[130.7659,48.355],[130.7289,48.4315],[130.7565,48.4759],[130.7224,48.5059],[130.6501,48.4842],[130.6198,48.4861],[130.6011,48.515],[130.6054,48.5572],[130.5895,48.5919],[130.5316,48.6078],[130.5254,48.6385],[130.5748,48.7126],[130.606,48.7723],[130.6367,48.8142],[130.6759,48.8497],[130.6387,48.8792],[130.516,48.8526],[130.4432,48.9003],[130.3965,48.8988],[130.2575,48.8618],[130.2226,48.867],[130.177,48.9048],[130.0817,48.9589],[130.0521,48.9641],[129.9661,49.0244],[129.9341,49.0282],[129.9064,49.054],[129.9126,49.0971],[129.8584,49.1065],[129.842,49.1198],[129.8447,49.1677],[129.7796,49.1764],[129.7377,49.2071],[129.7438,49.2491],[129.7144,49.2778],[129.6678,49.2902],[129.5962,49.2758],[129.5454,49.2997],[129.521,49.4119],[129.4353,49.438],[129.3841,49.4315],[129.3687,49.4126],[129.3688,49.3671],[129.3405,49.3514],[129.3012,49.3625],[129.2552,49.3938],[129.2058,49.3989],[129.1654,49.3819],[129.1181,49.3487],[129.0482,49.3722],[129.0298,49.4155],[128.9952,49.4505],[128.9188,49.463],[128.8805,49.4805],[128.8263,49.483],[128.773,49.4706],[128.7385,49.5003],[128.7972,49.563],[128.776,49.5858],[128.7288,49.5912],[128.7083,49.5637],[128.5354,49.6018],[128.4817,49.5865],[128.392,49.5889],[128.354,49.5783],[128.3491,49.5506],[128.2961,49.5279],[128.2609,49.5],[128.223,49.5246],[128.1521,49.527],[128.1249,49.5426],[128.077,49.5406],[128.0004,49.5784],[127.9615,49.6118],[127.8914,49.5779],[127.8605,49.5917],[127.8024,49.5912],[127.7752,49.6262],[127.6849,49.6733],[127.6672,49.7071],[127.6686,49.75],[127.6497,49.7778],[127.578,49.7839],[127.5437,49.8],[127.5151,49.8346],[127.5376,49.9259],[127.5244,49.9524],[127.4927,49.9756],[127.4866,50.018],[127.5013,50.061],[127.5581,50.117],[127.5943,50.1729],[127.5981,50.2168],[127.5715,50.2428],[127.4892,50.2554],[127.3688,50.2932],[127.3287,50.3373],[127.3354,50.3688],[127.3611,50.4039],[127.3356,50.4447],[127.2876,50.4681],[127.3183,50.5248],[127.3507,50.546],[127.3594,50.5833],[127.3361,50.6191],[127.3014,50.6479],[127.2799,50.687],[127.2946,50.7471],[127.2328,50.7769],[127.1411,50.9048],[127.1118,50.9339],[127.0317,50.9717],[126.9849,51.0214],[126.9229,51.058],[126.8979,51.1884],[126.9232,51.2392],[126.9562,51.2665],[126.9799,51.3078],[126.9563,51.3263],[126.8921,51.3195],[126.8765,51.2957],[126.9149,51.2527],[126.8687,51.2426],[126.8194,51.2821],[126.8186,51.3222],[126.8455,51.3375],[126.896,51.335],[126.924,51.3566],[126.9158,51.3858],[126.8868,51.4034],[126.8045,51.4169],[126.7838,51.4404],[126.8328,51.5265],[126.7984,51.545],[126.7426,51.5584],[126.6798,51.5853],[126.6805,51.6027],[126.7346,51.6328],[126.7134,51.7207],[126.6569,51.7266],[126.6539,51.7566],[126.6212,51.7715],[126.574,51.8227],[126.5609,51.8564],[126.4917,51.9255],[126.4692,51.9353],[126.4448,52.0219],[126.5063,52.029],[126.5347,52.0647],[126.55,52.1302],[126.4947,52.1578],[126.4355,52.1758],[126.3331,52.1884],[126.2983,52.2068],[126.3115,52.2318],[126.3485,52.2549],[126.4257,52.2744],[126.4203,52.292],[126.3392,52.2994],[126.3536,52.3637],[126.3437,52.396],[126.2585,52.4689],[126.202,52.4624],[126.1849,52.4817],[126.2054,52.5183],[126.1939,52.5352],[126.0698,52.6002],[126.0057,52.581],[125.9741,52.6079],[125.9704,52.6568],[126.0045,52.6709],[126.0498,52.6683],[126.0653,52.6903],[126.0474,52.7424],[126.0869,52.7452],[126.102,52.7727],[126.0589,52.7947],[126.0016,52.7669],[125.9677,52.7608],[125.8491,52.8602],[125.8325,52.8952],[125.7745,52.8949],[125.6722,52.8568],[125.6516,52.8926],[125.6627,52.916],[125.7224,52.9341],[125.7364,52.9845],[125.6692,53.0075],[125.6127,53.0694],[125.5797,53.0807],[125.5084,53.0464],[125.4821,53.0903],[125.4111,53.1205],[125.2968,53.1484],[125.2008,53.1894],[125.123,53.1974],[124.982,53.1929],[124.9173,53.1738],[124.8837,53.1548],[124.9013,53.1164],[124.8572,53.1046],[124.833,53.1327],[124.7483,53.1386],[124.7153,53.1564],[124.7153,53.1815],[124.663,53.1992],[124.5303,53.1949],[124.4321,53.2167],[124.3755,53.2462],[124.3196,53.3184],[124.2458,53.3655],[124.2087,53.368],[124.115,53.3437],[124.0625,53.3917],[124.0185,53.3964],[123.9653,53.434],[123.8444,53.4887],[123.7838,53.4861],[123.7185,53.4974],[123.6778,53.4893],[123.6495,53.5262],[123.5856,53.5472],[123.5622,53.5092],[123.5218,53.5532],[123.4423,53.5303],[123.3793,53.5327],[123.2744,53.5597],[123.204,53.5514],[123.1503,53.5081],[123.1098,53.5003],[123.0497,53.5113],[123.0006,53.5006],[122.8991,53.4665],[122.8335,53.4529],[122.7277,53.4619],[122.6425,53.4626],[122.5218,53.453],[122.4827,53.4562],[122.4421,53.4418],[122.3826,53.4545],[122.3296,53.4973],[122.2147,53.4612],[122.132,53.4654],[122.0761,53.4211],[122.0332,53.4191],[121.9687,53.4296],[121.8153,53.4149],[121.7378,53.3865],[121.6898,53.389],[121.5824,53.3553],[121.4388,53.3231],[121.3183,53.322],[121.2926,53.2996],[121.2185,53.2813],[121.1219,53.2732],[121.0701,53.3019],[121.0404,53.2866],[120.9693,53.2907],[120.9023,53.2815],[120.8767,53.287],[120.8118,53.2584],[120.8274,53.2428],[120.7265,53.202],[120.6809,53.1737],[120.6752,53.1446],[120.639,53.1316],[120.6272,53.1044],[120.5293,53.0714],[120.4902,53.0297],[120.4258,52.9962],[120.382,52.9457],[120.3396,52.9347],[120.3276,52.8991],[120.2963,52.8974],[120.2804,52.8663],[120.1942,52.8352],[120.1715,52.8088],[120.1153,52.8069],[120.0246,52.7597],[120.0556,52.7048],[120.0247,52.6442],[120.028,52.6145],[120.0612,52.5841],[120.1394,52.5848],[120.1824,52.5767],[120.2704,52.6197],[120.3715,52.6151],[120.4525,52.6413],[120.5408,52.5972],[120.5837,52.5941],[120.7197,52.5288],[120.6806,52.5118],[120.6796,52.4297],[120.6413,52.3827],[120.6443,52.3648],[120.61,52.3477],[120.6206,52.313],[120.6875,52.2838],[120.7011,52.2628],[120.7563,52.2445],[120.7383,52.2237],[120.7469,52.1876],[120.7743,52.1652],[120.7517,52.1398],[120.7612,52.1124],[120.6797,52.0431],[120.7078,51.9979],[120.6559,51.9574],[120.652,51.9341],[120.5476,51.904],[120.5446,51.882],[120.474,51.8829],[120.454,51.8435],[120.4004,51.8298],[120.3513,51.7894],[120.3187,51.7849],[120.2954,51.7571],[120.2684,51.75],[120.1745,51.6816],[120.0864,51.6691],[120.0974,51.6481],[120.0612,51.6357],[120.0368,51.5965],[120.0465,51.5705],[120.0347,51.5401],[119.9709,51.4908],[119.9874,51.4527],[119.9539,51.4057],[119.9056,51.3915],[119.9277,51.3547],[119.8796,51.3414],[119.8677,51.2974],[119.8205,51.2926],[119.7877,51.2494],[119.8027,51.2167],[119.7569,51.2108],[119.7727,51.1714],[119.7494,51.1006],[119.6936,51.0388],[119.6866,51.0191],[119.632,51.0118],[119.5808,50.9756],[119.5498,50.929],[119.5109,50.901],[119.5212,50.8827],[119.489,50.8394],[119.5059,50.7888],[119.4803,50.7395],[119.4283,50.6934],[119.3796,50.6848],[119.3441,50.6315],[119.2735,50.6018],[119.2823,50.5783],[119.2473,50.4931],[119.2521,50.481],[119.2039,50.4097],[119.1496,50.4149],[119.1198,50.3896],[119.1611,50.3739],[119.1837,50.3459],[119.2921,50.3405],[119.3429,50.3478],[119.3676,50.3119],[119.3327,50.2967],[119.3229,50.2606],[119.3599,50.229],[119.3638,50.1749],[119.3146,50.1207],[119.3219,50.1046],[119.293,50.0793],[119.2231,50.0403],[119.1975,50.0121],[119.1173,50.0132],[119.0736,49.9838],[118.9711,49.9719],[118.9332,49.9817],[118.8857,49.9677],[118.7989,49.9652],[118.7376,49.9456],[118.6708,49.9484],[118.5866,49.9234],[118.488,49.8722],[118.4693,49.836],[118.4167,49.8151],[118.3947,49.8228],[118.3544,49.7763],[118.3051,49.7655],[118.2863,49.7467],[118.2277,49.7272],[118.2076,49.6939],[118.159,49.661],[118.1117,49.6613],[118.0979,49.6339],[118.0668,49.6124],[118.0183,49.6135],[117.9867,49.5837],[117.9064,49.5426],[117.8734,49.5384],[117.8711,49.5156],[117.842,49.5069],[117.7229,49.541],[117.4785,49.6284],[117.4235,49.6329],[117.3257,49.6281],[117.2743,49.6315],[117.069,49.6861],[117.003,49.7094],[116.9334,49.7252],[116.8568,49.7576],[116.8042,49.7919],[116.7003,49.8399],[116.5455,49.6105],[116.4599,49.4795],[116.4183,49.4331],[116.1835,49.0759],[116.0707,48.9089],[116.0531,48.8771],[116.1183,48.8107],[116.111,48.7928],[115.8215,48.5317],[115.8109,48.4985],[115.8341,48.3368],[115.8315,48.2807],[115.8125,48.2615],[115.5149,48.1839],[115.5076,48.1472],[115.5277,48.1029],[115.5302,48.0581],[115.5498,48.0001],[115.4627,48.0001],[115.4767,47.9687],[115.5538,47.9483],[115.6215,47.9053],[115.6617,47.8675],[115.817,47.7657],[115.8365,47.7419],[115.9157,47.6855],[115.9494,47.6791],[116.0039,47.7197],[116.0511,47.7695],[116.1377,47.8355],[116.2123,47.8659],[116.2563,47.8767],[116.3149,47.8688],[116.3872,47.8506],[116.4499,47.8428],[116.5379,47.8489],[116.6422,47.8904],[116.7219,47.8972],[116.8268,47.8984],[116.9496,47.8686],[117.1083,47.8099],[117.1927,47.7501],[117.2927,47.6967],[117.3745,47.6381],[117.4087,47.6647],[117.4144,47.6898],[117.4699,47.7504],[117.5566,47.7889],[117.6256,47.8626],[117.6755,47.9009],[117.7597,47.9902],[117.8352,48.0131],[117.8419,48.0254],[117.915,48.0345],[118.0263,48.0283],[118.0672,48.0394],[118.2146,48.0257],[118.2529,48.0019],[118.4787,48.0001],[118.6695,47.8817],[118.7758,47.8065],[118.8604,47.7748],[119.0532,47.7189],[119.1241,47.7033],[119.1274,47.6549],[119.1576,47.5729],[119.1517,47.5395],[119.1879,47.5185],[119.2526,47.5288],[119.2963,47.5467],[119.3363,47.5313],[119.3301,47.4993],[119.3403,47.4679],[119.3219,47.4368],[119.3713,47.3995],[119.4599,47.3509],[119.4997,47.3355],[119.5596,47.3477],[119.599,47.3403],[119.6442,47.3158],[119.7161,47.321],[119.7813,47.2987],[119.8319,47.2561],[119.8565,47.2167],[119.8675,47.1657],[119.8132,47.1545],[119.763,47.2182],[119.7187,47.2115],[119.7015,47.1931],[119.7925,47.1249],[119.8184,47.1339],[119.8507,47.1017],[119.8255,47.0815],[119.8435,47.0503],[119.7905,47.0197],[119.8165,46.9873],[119.8039,46.9233],[119.8437,46.8605],[119.8729,46.8447],[119.8745,46.8171],[119.9236,46.7643],[119.9207,46.7435],[119.8383,46.7054],[119.7745,46.6221],[119.7327,46.6125],[119.6805,46.5779],[119.6055,46.5565],[119.5691,46.4931],[119.5109,46.4609],[119.5133,46.4195],[119.4028,46.4549],[119.3895,46.4753],[119.4079,46.5036],[119.4057,46.5367],[119.455,46.5521],[119.4403,46.5946],[119.4037,46.6336],[119.2768,46.6976],[119.2553,46.7191],[119.212,46.7344],[119.1262,46.7206],[119.0885,46.7429],[119.0939,46.7804],[119.0295,46.7783],[118.97,46.793],[118.9783,46.8182],[118.9359,46.8195],[118.8015,46.7814],[118.6705,46.8045],[118.6409,46.7683],[118.5626,46.7691],[118.5003,46.8075],[118.4513,46.7797],[118.2701,46.7876],[118.2581,46.7371],[118.2073,46.7333],[118.0729,46.6667],[118.0411,46.6303],[117.9674,46.6124],[117.9073,46.5814],[117.8799,46.5773],[117.8521,46.5321],[117.8171,46.5188],[117.7011,46.5079],[117.6349,46.5329],[117.6155,46.5804],[117.515,46.5846],[117.433,46.575],[117.4385,46.518],[117.3754,46.433],[117.3715,46.3548],[117.3532,46.3466],[117.2333,46.3585],[117.1131,46.3497],[116.9817,46.3475],[116.9389,46.3513],[116.8615,46.3811],[116.7644,46.3157],[116.6363,46.3047],[116.5735,46.2777],[116.5548,46.2355],[116.4943,46.1896],[116.4277,46.1242],[116.3759,46.0979],[116.3644,46.0677],[116.3079,46.0087],[116.2621,45.9503],[116.2551,45.8821],[116.2847,45.8279],[116.2735,45.7611],[116.2382,45.7385],[116.2234,45.7038],[116.1983,45.6863],[116.1467,45.6773],[116.0894,45.6828],[116.0651,45.6755],[115.9343,45.6118],[115.8894,45.5841],[115.842,45.5429],[115.7653,45.5029],[115.7509,45.4681],[115.7212,45.4384],[115.6209,45.4365],[115.5325,45.4235],[115.3393,45.3831],[115.2701,45.3829],[115.2171,45.3897],[115.1443,45.3863],[115.0001,45.3652],[115,45.4017],[114.9139,45.4077],[114.8257,45.4291],[114.7519,45.4531],[114.6435,45.4309],[114.5487,45.3985],[114.5066,45.3637],[114.4977,45.3019],[114.4389,45.2261],[114.3793,45.1653],[114.1683,45.0375],[114.0921,44.9802],[114.0075,44.9327],[113.9699,44.9247],[113.9381,44.9003],[113.8552,44.8634],[113.7915,44.8478],[113.7047,44.7865],[113.6238,44.744],[113.5331,44.7579],[113.4617,44.7918],[113.3627,44.7896],[113.1983,44.7911],[113.1209,44.7997],[113.0143,44.8347],[112.9669,44.8377],[112.9003,44.8651],[112.8379,44.8609],[112.812,44.8713],[112.7581,44.8705],[112.6465,44.9133],[112.5549,44.9661],[112.5125,45.0148],[112.4613,45.0481],[112.4155,45.0615],[112.1987,45.0683],[111.9761,45.0901],[111.8883,45.0749],[111.8331,45.0485],[111.7923,45.0163],[111.7405,44.9621],[111.6667,44.8541],[111.5599,44.7231],[111.5169,44.5889],[111.4655,44.4987],[111.4142,44.4475],[111.3878,44.3929],[111.394,44.3216],[111.4183,44.2955],[111.4513,44.2839],[111.4813,44.2455],[111.5065,44.1887],[111.5833,44.1031],[111.6704,44.0345],[111.8055,44.0157],[111.8522,43.9928],[111.9108,43.9305],[111.9955,43.8293],[112.0157,43.7913],[111.9891,43.753],[111.9545,43.7309],[111.9157,43.7201],[111.7539,43.6907],[111.7115,43.6184],[111.6649,43.5797],[111.6249,43.5247],[111.5745,43.4895],[111.5281,43.478],[111.4383,43.4734],[111.3713,43.4409],[111.3105,43.4205],[111.2019,43.3981],[111.0807,43.3583],[111.0471,43.3435],[110.9771,43.2889],[110.8869,43.1963],[110.8143,43.1301],[110.7035,43.0571],[110.6979,43.0231],[110.622,42.93],[110.4524,42.8586],[110.4491,42.7975],[110.4165,42.7689],[110.3339,42.7261],[110.1436,42.6368],[109.9695,42.6395],[109.8347,42.625],[109.7643,42.5909],[109.5475,42.4717],[109.3488,42.4382],[109.2386,42.4296],[109.1065,42.4398],[109.0108,42.4426],[108.9683,42.4565],[108.8115,42.3873],[108.7823,42.4097],[108.5254,42.4553],[108.2922,42.4394],[108.2385,42.462],[108.0335,42.4413],[107.9124,42.412],[107.5542,42.427],[107.5199,42.466],[107.4528,42.4619],[107.2949,42.4073],[107.2665,42.3567],[106.9769,42.3113],[106.6836,42.2594],[106.2806,42.118],[106.0092,42.0183],[105.8019,41.9576],[105.7351,41.9321],[105.5637,41.8581],[105.4301,41.7966],[105.3059,41.7346],[105.2655,41.7387],[105.0345,41.5677],[104.9449,41.6453],[104.7077,41.6451],[104.534,41.6626],[104.5411,41.7751],[104.5437,41.8838],[104.2189,41.8429],[104.0249,41.811],[103.9835,41.8071],[103.8624,41.8079],[103.6465,41.8489],[103.3221,41.9075],[103.2001,41.9479],[102.976,42.026],[102.739,42.1342],[102.5375,42.1464],[102.4146,42.1405],[102.0633,42.2187],[101.8227,42.4703],[101.6709,42.5025],[101.4612,42.5411],[100.9161,42.6445],[100.8255,42.657],[100.3265,42.6833],[100.2827,42.6308],[100.0413,42.6432],[99.995,42.6476],[99.6945,42.6031],[99.4963,42.5701],[99.0164,42.6041],[98.3399,42.6399],[98.2479,42.6379],[98.1209,42.6582],[98.0198,42.6833],[97.5856,42.7245],[97.5191,42.7284],[97.3473,42.7529],[97.1515,42.7739],[97.0069,42.7413],[96.9328,42.7122],[96.8599,42.7289],[96.7464,42.7339],[96.6919,42.7423],[96.5527,42.7237],[96.478,42.7239],[96.4332,42.716],[96.3614,42.7212],[96.3421,42.8337],[96.3244,42.8824],[96.187,42.9826],[96.1223,43.0453],[96.074,43.1254],[96.0057,43.1827],[95.9588,43.2022],[95.9165,43.2335],[95.8885,43.2877],[95.8811,43.4021],[95.7892,43.5419],[95.7575,43.5791],[95.6897,43.6798],[95.6765,43.7064],[95.6622,43.784],[95.6231,43.8682],[95.5875,43.9113],[95.5508,43.9887],[95.5354,43.9993],[95.4683,44.0023],[95.3748,44.0211],[95.3437,44.0615],[95.3638,44.1458],[95.3706,44.2097],[95.4277,44.2613],[95.4237,44.2893],[95.3565,44.2866],[95.1895,44.2652],[95.0355,44.2647],[94.9905,44.2546],[94.9309,44.2889],[94.7628,44.3382],[94.6955,44.3477],[94.6721,44.3835],[94.5992,44.4259],[94.576,44.4483],[94.5339,44.4567],[94.4462,44.5032],[94.334,44.5231],[94.3162,44.5433],[94.3057,44.5898],[94.2411,44.6228],[94.1974,44.6625],[94.1162,44.6855],[94.061,44.7238],[93.9357,44.7803],[93.8158,44.8222],[93.7607,44.8469],[93.7255,44.8866],[93.6484,44.9204],[93.56,44.9391],[93.5083,44.9653],[93.461,44.9595],[93.3577,44.9899],[93.2511,44.9919],[93.1955,45.0103],[93.1054,45.0022],[93.0698,45.0184],[92.8975,45.0105],[92.7919,45.0103],[92.61,45.0154],[92.5146,45.01],[92.4358,45.0212],[92.413,45.0394],[92.3411,45.0507],[92.2629,45.0493],[92.1722,45.0305],[92.0773,45.063],[92.0165,45.0693],[91.7669,45.0687],[91.652,45.0567],[91.5926,45.0616],[91.5446,45.0735],[91.5182,45.0921],[91.4821,45.1357],[91.4608,45.1443],[91.4129,45.1337],[91.3743,45.1047],[91.2907,45.118],[91.2326,45.1405],[91.1581,45.1941],[91.1115,45.2047],[91.0222,45.2052],[90.9383,45.1824],[90.8725,45.1982],[90.8963,45.2477],[90.8756,45.2842],[90.8132,45.2864],[90.8077,45.3509],[90.7679,45.4215],[90.7335,45.4539],[90.6853,45.4837],[90.6637,45.5169],[90.6739,45.5805],[90.7031,45.6375],[90.6999,45.6907],[90.7257,45.7369],[90.7693,45.7709],[90.8033,45.8117],[90.8481,45.8833],[90.8943,45.9251],[91.0115,46.0005],[91.0221,46.0228],[91.0041,46.0745],[91.0215,46.1131],[90.9348,46.2056],[90.9512,46.2297],[90.9131,46.2975],[90.9559,46.3365],[91.0436,46.4883],[91.0776,46.564],[91.0276,46.5925],[91.0395,46.6623],[91.0624,46.7018],[91.0517,46.726],[90.9742,46.7982],[90.9535,46.827],[90.9661,46.8619],[90.9334,46.9015],[90.9136,46.9533],[90.8812,46.9764],[90.8211,46.9879],[90.7707,46.9869],[90.7343,47.0015],[90.695,47.0691],[90.6491,47.0948],[90.6146,47.1388],[90.5521,47.1999],[90.5178,47.2442],[90.5119,47.2691],[90.4758,47.3241],[90.4912,47.3805],[90.4583,47.4209],[90.4569,47.4871],[90.4239,47.5078],[90.383,47.5493],[90.362,47.586],[90.3268,47.6223],[90.3396,47.6463],[90.3235,47.667],[90.1435,47.7226],[90.0795,47.7662],[90.0651,47.8173],[90.0689,47.8621],[90.0245,47.8703],[89.9991,47.8873],[89.9639,47.8843],[89.9427,47.8525],[89.9585,47.8305],[89.9303,47.8165],[89.8921,47.8299],[89.7964,47.8181],[89.7667,47.8297],[89.7252,47.8918],[89.6731,47.9047],[89.6173,47.9458],[89.5782,48],[89.6002,48.0253],[89.5659,48.0487],[89.44,48.0378],[89.3939,48.0476],[89.3662,48.0249],[89.3184,48.0284],[89.2832,48.0001],[89.2469,47.9861],[89.2327,47.9645],[89.193,47.9502],[89.1257,47.9525],[89.0411,47.9473],[89.0221,47.9629],[89.0427,48.0001],[89.0285,48.0398],[88.9857,48.0803],[88.9176,48.1008],[88.8991,48.1199],[88.8313,48.1155],[88.8064,48.1315],[88.7537,48.1417],[88.739,48.166],[88.6742,48.1746],[88.6196,48.2282],[88.5843,48.2345],[88.5753,48.2759],[88.6056,48.3222],[88.6011,48.3441],[88.5173,48.3883],[88.4938,48.416],[88.4174,48.3905],[88.3528,48.441],[88.3496,48.4706],[88.2892,48.4842],[88.2408,48.5088],[88.1653,48.5194],[88.0798,48.5505],[88.0377,48.5493],[88.0043,48.566],[87.9687,48.5484],[88.0143,48.655],[88.0733,48.6917],[88.0522,48.7212],[88,48.762],[87.9574,48.7711],[87.9247,48.7623],[87.8655,48.7983],[87.8365,48.7961],[87.8034,48.813],[87.8253,48.8439],[87.7951,48.8755],[87.75,48.8905],[87.7751,48.9373],[87.8747,48.9547],[87.9145,48.9859],[87.9034,49.0075],[87.8332,49.0599],[87.8661,49.1183],[87.8347,49.1459],[87.8323,49.175],[87.7023,49.1697],[87.5864,49.1305],[87.528,49.1407],[87.5113,49.1132],[87.4381,49.0847],[87.3621,49.0862],[87.2691,49.1153],[87.2217,49.1144],[87.1915,49.1343],[87.1347,49.1508],[86.986,49.1031],[86.9232,49.0998],[86.886,49.1146],[86.8552,49.1075],[86.8293,49.0505],[86.7534,49.0187],[86.7232,48.9907],[86.7205,48.9621],[86.7389,48.9062],[86.8104,48.8503],[86.8112,48.8284],[86.752,48.7944],[86.7654,48.7521],[86.7631,48.7148],[86.7014,48.6685],[86.6715,48.6315],[86.6341,48.6247],[86.6023,48.5798],[86.5885,48.543],[86.5415,48.5366],[86.4482,48.4991],[86.3897,48.5098],[86.3181,48.501],[86.2686,48.4602],[86.2144,48.4355],[86.1648,48.4357],[86.0148,48.4493],[85.9657,48.4308],[85.9159,48.4391],[85.8394,48.4255],[85.7355,48.371],[85.702,48.3294],[85.6974,48.2911],[85.6439,48.2003],[85.6104,48.1567],[85.6121,48.0833],[85.5882,48.0266],[85.5477,47.9736],[85.5416,47.9394],[85.5655,47.836],[85.5927,47.7496],[85.6013,47.6864],[85.6212,47.6076],[85.6035,47.5197],[85.6399,47.4542],[85.6983,47.3978],[85.7072,47.3755],[85.6909,47.3247],[85.7028,47.2945],[85.6907,47.2182],[85.6674,47.2087],[85.5978,47.2063],[85.5765,47.1907],[85.5624,47.1358],[85.536,47.1007],[85.5297,47.0594],[85.4458,47.0649],[85.383,47.0535],[85.3488,47.0599],[85.3227,47.0467],[85.2917,47.062],[85.2194,47.0514],[85.1902,47.0069],[85.0905,46.9599],[85.0699,46.9332],[84.9822,46.9189],[84.9626,46.8716],[84.9174,46.8542],[84.8831,46.8563],[84.8267,46.8323],[84.7855,46.8394],[84.7033,46.8341],[84.7413,46.8646],[84.7564,46.8908],[84.7859,46.9084],[84.7697,46.9337],[84.7047,46.9962],[84.6639,47.0048],[84.6334,46.9961],[84.5695,46.9961],[84.507,46.9778],[84.4617,46.9873],[84.4204,47.0109],[84.3728,46.9973],[84.2148,46.9996],[84.1292,46.9771],[84.0382,46.9654],[83.9768,46.9955],[83.9295,46.9938],[83.8514,47.0146],[83.761,47.0298],[83.7016,47.0301],[83.5553,47.0683],[83.4581,47.132],[83.4169,47.1213],[83.3435,47.1761],[83.2443,47.1782],[83.1747,47.2237],[83.0925,47.2265],[83.0309,47.2121],[83.0054,47.097],[82.9799,47.0307],[82.9364,47.0124],[82.8902,46.8764],[82.8073,46.7496],[82.7901,46.7062],[82.772,46.6142],[82.739,46.5177],[82.6806,46.4209],[82.5784,46.2817],[82.529,46.184],[82.5132,46.1074],[82.5044,45.9834],[82.473,45.9333],[82.4188,45.8664],[82.3725,45.7699],[82.3549,45.7499],[82.2891,45.6325],[82.272,45.5706],[82.2757,45.5454],[82.3338,45.5108],[82.417,45.4715],[82.5901,45.4456],[82.6037,45.4317],[82.6309,45.3597],[82.5973,45.2608],[82.5925,45.2315],[82.5709,45.2046],[82.4862,45.1207],[82.4331,45.1468],[82.3268,45.2158],[82.2862,45.2319],[82.2408,45.2354],[82.1719,45.2242],[82.1144,45.2079],[82.0082,45.1585],[81.9545,45.1568],[81.9251,45.1689],[81.9074,45.2057],[81.8278,45.2],[81.8137,45.2153],[81.7881,45.3069],[81.7511,45.3267],[81.7316,45.3503],[81.6896,45.3666],[81.6592,45.3484],[81.6263,45.3539],[81.5781,45.327],[81.5554,45.3035],[81.4528,45.2687],[81.4198,45.2886],[81.3656,45.2557],[81.3133,45.2643],[81.282,45.2448],[81.1786,45.2301],[81.1536,45.2089],[81.1126,45.2197],[81.0752,45.1744],[81.0153,45.1657],[80.9516,45.1671],[80.8906,45.1305],[80.8541,45.128],[80.8169,45.1447],[80.7514,45.1577],[80.716,45.1503],[80.6641,45.1248],[80.606,45.1103],[80.5131,45.1099],[80.4931,45.1213],[80.4451,45.1027],[80.4339,45.075],[80.4028,45.0528],[80.363,45.042],[80.2989,45.0658],[80.2319,45.0327],[80.1748,45.0293],[80.15,45.0455],[80.0818,45.0496],[80.0861,45.0194],[80.053,45.0139],[79.9953,44.9691],[79.9256,44.9345],[79.852,44.9049],[79.9604,44.8789],[79.9894,44.817],[80.0402,44.8004],[80.1059,44.8088],[80.1435,44.8304],[80.2185,44.8227],[80.2467,44.8396],[80.2907,44.8347],[80.2977,44.8114],[80.3406,44.8203],[80.3644,44.7869],[80.447,44.7574],[80.4824,44.7329],[80.4897,44.7114],[80.4019,44.6857],[80.3602,44.6539],[80.4041,44.6092],[80.3428,44.4813],[80.3632,44.433],[80.383,44.32],[80.4001,44.2894],[80.4028,44.198],[80.4281,44.105],[80.4474,44.0757],[80.4424,44.0449],[80.4542,44.0034],[80.5066,43.9197],[80.5035,43.8891],[80.5197,43.8342],[80.5385,43.8244],[80.5901,43.7414],[80.6572,43.6221],[80.7167,43.5091],[80.7326,43.4941],[80.746,43.4485],[80.7353,43.4089],[80.7155,43.3954],[80.6607,43.3128],[80.6748,43.2947],[80.7588,43.2933],[80.7633,43.2588],[80.7994,43.1754],[80.7772,43.1488],[80.7165,43.1323],[80.6687,43.1475],[80.5931,43.1318],[80.5021,43.0768],[80.4097,43.0573],[80.3853,43.025],[80.3949,42.9954],[80.4373,42.9625],[80.4827,42.9405],[80.5683,42.924],[80.5908,42.8957],[80.5158,42.8762],[80.4995,42.8817],[80.4537,42.8569],[80.4196,42.8484],[80.3981,42.8274],[80.3218,42.8352],[80.2583,42.8284],[80.2551,42.7981],[80.214,42.6971],[80.183,42.6792],[80.1673,42.6366],[80.1913,42.57],[80.2213,42.5363],[80.2775,42.5158],[80.2166,42.4837],[80.2085,42.4277],[80.2296,42.4061],[80.2282,42.3517],[80.2715,42.3306],[80.2631,42.2969],[80.289,42.2601],[80.2786,42.235],[80.2456,42.2209],[80.1992,42.229],[80.1792,42.2199],[80.1329,42.1626],[80.1655,42.1009],[80.2265,42.0636],[80.1974,42.0411],[80.1265,42.0347],[80.0317,42.0516],[79.9941,42.0411],[79.8815,42.038],[79.8446,42.0174],[79.8362,41.9724],[79.7969,41.9353],[79.7857,41.9092],[79.6378,41.8935],[79.6141,41.8606],[79.5061,41.8372],[79.452,41.8492],[79.3893,41.8302],[79.3626,41.8024],[79.3079,41.8047],[79.2688,41.7863],[79.2255,41.7377],[79.1365,41.7241],[79.1051,41.7005],[79.0403,41.6861],[79.0101,41.6576],[78.937,41.6455],[78.8809,41.6003],[78.8364,41.5755],[78.7436,41.5523],[78.7084,41.5507],[78.6398,41.4696],[78.5769,41.4693],[78.532,41.4561],[78.4762,41.4207],[78.405,41.4135],[78.3838,41.3929],[78.3209,41.3809],[78.2241,41.3991],[78.1556,41.381],[78.1223,41.2247],[78.0337,41.1878],[77.9049,41.1886],[77.8406,41.1549],[77.8058,41.1256],[77.8018,41.0971],[77.8269,41.0556],[77.7512,41.0224],[77.7068,41.0243],[77.6698,41.0011],[77.6253,41.0128],[77.5702,40.9959],[77.5227,40.9935],[77.4698,41.0011],[77.4485,41.021],[77.3596,41.0327],[77.332,41.0301],[77.2612,41.0065],[77.2296,41.0277],[77.1528,41.0164],[77.0949,41.0526],[77.0473,41.0597],[76.9473,41.0388],[76.9115,41.0231],[76.864,41.0209],[76.8244,40.9747],[76.7861,40.9607],[76.7753,40.9178],[76.7888,40.86],[76.6757,40.7906],[76.634,40.7573],[76.6448,40.7067],[76.6404,40.6228],[76.5993,40.5999],[76.5382,40.5349],[76.5213,40.4626],[76.4399,40.4024],[76.3248,40.3706],[76.3125,40.4473],[76.2891,40.4608],[76.2204,40.3966],[76.1876,40.3828],[76.1067,40.4048],[76.069,40.4038],[76.0236,40.3827],[75.9748,40.3801],[75.9223,40.3272],[75.9254,40.2986],[75.8378,40.311],[75.8177,40.3361],[75.7792,40.299],[75.7224,40.2888],[75.6873,40.3164],[75.6899,40.3359],[75.6629,40.3565],[75.6783,40.4128],[75.7153,40.4374],[75.7195,40.4851],[75.6411,40.5068],[75.6215,40.5628],[75.6137,40.6252],[75.5931,40.6587],[75.5605,40.6525],[75.4556,40.6033],[75.4489,40.5843],[75.4101,40.5533],[75.39,40.5557],[75.3482,40.5192],[75.3012,40.501],[75.2894,40.4814],[75.2595,40.4778],[75.2289,40.4451],[75.1939,40.4388],[75.1386,40.4555],[75.1087,40.4415],[75.0109,40.4579],[74.9879,40.4506],[74.9343,40.4752],[74.9243,40.4907],[74.8281,40.5247],[74.812,40.4539],[74.7893,40.4465],[74.8499,40.3952],[74.8995,40.3371],[74.8631,40.3176],[74.8021,40.3506],[74.6832,40.3451],[74.6888,40.3174],[74.6706,40.2881],[74.6436,40.27],[74.5859,40.2745],[74.5237,40.2043],[74.4981,40.1984],[74.4403,40.1426],[74.4119,40.131],[74.3404,40.0839],[74.2921,40.1132],[74.2746,40.1054],[74.2479,40.133],[74.1499,40.1117],[74.1136,40.1113],[74.062,40.0818],[74.0239,40.0983],[73.9845,40.0535],[73.9219,40.0313],[73.9658,39.9988],[73.8947,39.9226],[73.9093,39.8966],[73.8976,39.8678],[73.8423,39.8388],[73.8327,39.8104],[73.8351,39.7595],[73.8914,39.7382],[73.9151,39.7146],[73.9414,39.6029],[73.8803,39.5298],[73.8638,39.4789],[73.8214,39.4589],[73.7208,39.4579],[73.6582,39.4651],[73.6515,39.454],[73.67,39.3908],[73.6553,39.3441],[73.6136,39.3236],[73.5911,39.2773],[73.5577,39.2591],[73.5651,39.2404],[73.6162,39.2378],[73.6482,39.1926],[73.6915,39.1568],[73.7107,39.108],[73.7115,39.0733],[73.7448,39.0304],[73.8198,39.033],[73.8455,38.977],[73.8456,38.9478],[73.8212,38.9386],[73.7473,38.9331],[73.7068,38.8856],[73.7055,38.8548],[73.733,38.8402],[73.7562,38.7776],[73.7536,38.7335],[73.7689,38.6902],[73.8067,38.6335],[73.7897,38.6052],[73.8426,38.5822],[73.8826,38.5777],[73.9243,38.5361],[73.9793,38.5278],[74.0192,38.5385],[74.0698,38.5311],[74.0707,38.5687],[74.1124,38.6173],[74.1119,38.651],[74.1341,38.6684],[74.193,38.6671],[74.2185,38.6528],[74.2451,38.6592],[74.2872,38.6487],[74.3822,38.653],[74.4402,38.6297],[74.5066,38.6298],[74.5384,38.6013],[74.5807,38.598],[74.631,38.583],[74.6918,38.5487],[74.7187,38.5223],[74.7803,38.5258],[74.8096,38.4896],[74.8382,38.4851],[74.8673,38.4984],[74.8605,38.4488],[74.8694,38.4035],[74.8356,38.3614],[74.7878,38.3545],[74.7785,38.3273],[74.7953,38.2906],[74.8022,38.2255],[74.7858,38.1855],[74.8229,38.0831],[74.8496,38.063],[74.8649,38.0253],[74.9038,38.0255],[74.9146,38.009],[74.909,37.9121],[74.929,37.8759],[74.9054,37.8429],[74.9478,37.8051],[74.9741,37.8019],[74.9951,37.7628],[74.9161,37.699],[74.8966,37.6577],[74.9233,37.6086],[74.928,37.5562],[75,37.5182],[75.02,37.5478],[75.0555,37.5272],[75.0827,37.4845],[75.1338,37.4374],[75.132,37.399],[75.1014,37.3754],[75.1162,37.3203],[75.0575,37.3135],[75.0043,37.2909],[74.9483,37.2911],[74.9127,37.2706],[74.9096,37.2397],[74.8916,37.2217],[74.8054,37.2149],[74.7868,37.2415],[74.7422,37.2757],[74.6853,37.2541],[74.6697,37.2353],[74.6141,37.2481],[74.5803,37.2356],[74.5322,37.245],[74.5078,37.2392],[74.4698,37.1957],[74.4884,37.1714],[74.4331,37.1158],[74.4865,37.0934],[74.5068,37.0668],[74.5305,37.0748],[74.5692,37.034],[74.6037,37.0441],[74.6198,37.089],[74.6767,37.097],[74.7051,37.0478],[74.7295,37.0249],[74.7828,37.032],[74.8216,37.0603],[74.8513,36.988],[74.8881,36.9509],[74.9224,36.9346],[75.0398,37.0155],[75.0664,37.0055],[75.1469,37.0199],[75.1662,36.9888],[75.2303,36.9597],[75.2988,36.9655],[75.3724,36.9436],[75.4019,36.9428],[75.3889,36.9101],[75.4173,36.8776],[75.4278,36.8355],[75.423,36.7717],[75.4545,36.7216],[75.4992,36.7313],[75.5462,36.7666],[75.6525,36.7688],[75.7297,36.7465],[75.8524,36.6753],[75.9189,36.6205],[75.9342,36.583],[75.9288,36.5582],[75.9605,36.5286],[75.9897,36.4853],[76.0692,36.4776],[76.122,36.4402],[76.1731,36.3903],[76.1986,36.3875],[76.2548,36.3478],[76.3524,36.3599],[76.4042,36.3195],[76.432,36.3082],[76.456,36.2414],[76.4817,36.2114],[76.5449,36.1928],[76.563,36.1731],[76.6012,36.1655],[76.6373,36.1849],[76.6973,36.1359],[76.726,36.0785],[76.8019,36.0479],[76.8086,36.0205],[76.7697,36.0094],[76.7228,35.9534],[76.7857,35.8899],[76.7941,35.8628],[76.8068,35.8495],[76.8579,35.8312],[76.8949,35.7997],[76.9352,35.7841],[77.0207,35.7746],[77.0801,35.7976],[77.1195,35.7964],[77.1631,35.7405],[77.221,35.7282],[77.2246,35.715],[77.2855,35.7111],[77.3152,35.6991],[77.3276,35.7191],[77.3584,35.7177],[77.4016,35.6625],[77.4379,35.6411],[77.4271,35.6105],[77.4569,35.5936],[77.4606,35.5477],[77.4837,35.5364],[77.4724,35.5211],[77.4402,35.5181],[77.3784,35.5504],[77.3222,35.5368],[77.3208,35.5326],[77.3837,35.4729],[77.4273,35.469],[77.5361,35.4959],[77.5807,35.4806],[77.6232,35.4766],[77.7115,35.4849],[77.7476,35.5034],[77.8158,35.5179],[77.8468,35.5008],[77.8627,35.4586],[77.8886,35.4289],[77.928,35.4405],[77.966,35.4811],[77.9321,35.5148],[77.9666,35.5713],[77.9903,35.5819],[78.045,35.5858],[78.0779,35.5492],[78.1567,35.5523],[78.1515,35.577],[78.1663,35.613],[78.1862,35.6242],[78.2047,35.6682],[78.2553,35.6458],[78.2701,35.6643],[78.2691,35.7175],[78.2891,35.7258],[78.3389,35.7206],[78.3861,35.7358],[78.4178,35.7809],[78.5095,35.7724],[78.5214,35.7637],[78.5811,35.8084],[78.6312,35.8248],[78.6592,35.8549],[78.7182,35.8674],[78.7696,35.8693],[78.8044,35.8559],[78.8338,35.8571],[78.9405,35.8802],[78.9617,35.8926],[79.0093,35.8536],[79.1313,35.8359],[79.1799,35.8701],[79.1979,35.8984],[79.1898,35.9475],[79.2144,35.9779],[79.242,35.9868],[79.3871,35.9902],[79.4032,35.9186],[79.4242,35.8956],[79.5174,35.8837],[79.5608,35.8616],[79.6654,35.8353],[79.7238,35.807],[79.8707,35.783],[79.8819,35.7897],[79.9105,35.8173],[79.9299,35.8274],[79.9542,35.837],[79.9993,35.8378],[80.038,35.8002],[80.0578,35.7516],[80.0862,35.7272],[80.1065,35.6824],[80.2402,35.6405],[80.2912,35.6074],[80.3114,35.5541],[80.3271,35.4681],[80.3014,35.4625],[80.2811,35.4409],[80.2836,35.3879],[80.2709,35.3442],[80.2397,35.2876],[80.226,35.2206],[80.1835,35.1667],[80.1779,35.1369],[80.1839,35.0403],[80.1705,34.9882],[80.1232,34.8929],[80.084,34.8488],[80.067,34.7906],[80.0728,34.7461],[80.0657,34.7121],[79.9454,34.6815],[79.8947,34.692],[79.8607,34.6888],[79.8031,34.6425],[79.772,34.6225],[79.7926,34.5912],[79.771,34.5821],[79.7585,34.5547],[79.8098,34.5317],[79.8044,34.4959],[79.7757,34.4811],[79.7435,34.4813],[79.734,34.4789],[79.7051,34.4808],[79.6524,34.4884],[79.608,34.4923],[79.5085,34.4743],[79.5264,34.4472],[79.5281,34.418],[79.5604,34.4106],[79.554,34.388],[79.5596,34.3324],[79.5916,34.2802],[79.5792,34.2292],[79.5407,34.2058],[79.5111,34.2105],[79.4948,34.18],[79.4935,34.1342],[79.4712,34.1103],[79.4326,34.0927],[79.4144,34.0632],[79.4203,34.048],[79.3988,34.0271],[79.306,34.043],[79.2729,34.0399],[79.2477,34.0513],[79.1999,34.0511],[79.1788,34.0721],[79.1516,34.0681],[79.1438,34.0352],[79.1123,34.0197],[79.0829,34.0224],[79.0148,34.0503],[78.9406,34.024],[78.9237,33.994],[78.9051,33.9719],[78.9201,33.9581],[78.9617,33.871],[79.0202,33.7757],[79.0538,33.7775],[79.0205,33.7057],[79.054,33.6781],[79.092,33.6806],[79.106,33.6203],[79.0654,33.6268],[79.0201,33.6235],[78.9892,33.6114],[78.9167,33.6323],[78.9152,33.5744],[78.9405,33.5269],[78.9308,33.4655],[78.9411,33.3901],[78.9887,33.3473],[79.0666,33.2959],[79.075,33.2286],[79.1414,33.2001],[79.1855,33.1912],[79.2124,33.1948],[79.3991,33.1872],[79.4168,33.1667],[79.4108,33.1357],[79.3662,33.0598],[79.35,32.9962],[79.365,32.9569],[79.3871,32.9331],[79.4321,32.9051],[79.457,32.8714],[79.4645,32.8167],[79.4844,32.7897],[79.5152,32.7753],[79.5405,32.7487],[79.5643,32.6708],[79.5454,32.6074],[79.5088,32.5915],[79.4641,32.5927],[79.4303,32.5767],[79.347,32.5266],[79.3203,32.4913],[79.2973,32.4885],[79.2584,32.5234]]],[[[109.1312,21.0696],[109.0893,21.0579],[109.0829,21.0449],[109.1229,21.0185],[109.1382,21.0415],[109.1312,21.0696]]],[[[110.6046,20.949],[110.5863,20.949],[110.5749,20.9229],[110.5535,20.9124],[110.5593,20.871],[110.6093,20.8699],[110.6351,20.9379],[110.6046,20.949]]],[[[110.4912,21.1882],[110.4715,21.186],[110.4507,21.1626],[110.4896,21.1446],[110.5285,21.1688],[110.5257,21.184],[110.4912,21.1882]]],[[[110.6221,21.204],[110.5726,21.1824],[110.5543,21.2024],[110.5154,21.1274],[110.534,21.091],[110.5676,21.0937],[110.6221,21.204]]],[[[113.0399,21.8821],[113.0024,21.8701],[113.0165,21.8524],[113.0407,21.859],[113.0399,21.8821]]],[[[112.6488,21.7121],[112.6029,21.7038],[112.5849,21.6915],[112.579,21.6546],[112.564,21.6246],[112.6121,21.611],[112.6279,21.6357],[112.6332,21.6763],[112.6646,21.7007],[112.6488,21.7121]]],[[[112.8432,21.7768],[112.7979,21.7663],[112.7699,21.7276],[112.721,21.7213],[112.7043,21.6807],[112.7415,21.6726],[112.7729,21.6851],[112.7771,21.6501],[112.7485,21.6518],[112.7282,21.619],[112.7621,21.5935],[112.7735,21.569],[112.811,21.5901],[112.7913,21.6285],[112.816,21.6579],[112.7996,21.6807],[112.8054,21.7085],[112.8268,21.7432],[112.8593,21.7438],[112.8737,21.7607],[112.8432,21.7768]]],[[[113.4157,22.1549],[113.379,22.131],[113.4271,22.0801],[113.4479,22.0838],[113.4157,22.1549]]],[[[114.1065,22.3624],[114.0793,22.3587],[114.0885,22.3304],[114.1146,22.3374],[114.1065,22.3624]]],[[[114.1218,22.2385],[114.1201,22.1904],[114.1432,22.1949],[114.1218,22.2385]]],[[[114.2485,22.2463],[114.2574,22.2621],[114.2354,22.2843],[114.204,22.2951],[114.1879,22.2862],[114.1335,22.2899],[114.119,22.2821],[114.1357,22.2482],[114.1954,22.2376],[114.2018,22.2126],[114.2485,22.2463]]],[[[113.9362,22.3213],[113.8985,22.3012],[113.9332,22.2899],[113.9443,22.3165],[113.9362,22.3213]]],[[[114.0365,22.3107],[114.0437,22.3407],[113.9987,22.321],[113.9732,22.3015],[113.9385,22.2932],[113.9326,22.2826],[113.9157,22.2935],[113.8715,22.269],[113.839,22.2279],[113.8468,22.1982],[113.8854,22.221],[113.9115,22.206],[113.9362,22.2285],[113.9987,22.2407],[114.0215,22.266],[114.0365,22.3107]]],[[[113.6529,22.4376],[113.6126,22.4257],[113.614,22.3924],[113.6443,22.3996],[113.6529,22.4376]]],[[[117.0129,23.5657],[116.9807,23.5565],[116.9426,23.5196],[116.9885,23.5079],[116.9957,23.5415],[117.0129,23.5657]]],[[[117.126,23.4843],[117.101,23.461],[117.0543,23.4746],[117.0351,23.4454],[117.0124,23.4399],[116.9779,23.4635],[116.9404,23.4332],[116.9676,23.4179],[117.0251,23.4174],[117.0529,23.4029],[117.0871,23.4124],[117.1246,23.3974],[117.1407,23.4157],[117.126,23.4843]]],[[[113.6299,22.7254],[113.5893,22.7054],[113.6276,22.6793],[113.6551,22.6499],[113.6635,22.6801],[113.6299,22.7254]]],[[[119.1521,25.1029],[119.1274,25.0949],[119.1093,25.0713],[119.1299,25.0501],[119.1521,25.1029]]],[[[119.4729,25.2593],[119.4454,25.2326],[119.4418,25.2068],[119.4699,25.2026],[119.5396,25.1649],[119.5296,25.2035],[119.4915,25.224],[119.4729,25.2593]]],[[[119.5982,26.129],[119.564,26.1179],[119.5399,26.0826],[119.571,26.0579],[119.6357,26.061],[119.649,26.0724],[119.624,26.1193],[119.5982,26.129]]],[[[119.629,26.174],[119.6035,26.1732],[119.614,26.1432],[119.6482,26.1429],[119.629,26.174]]],[[[120.1549,26.6063],[120.1149,26.5671],[120.131,26.5554],[120.1632,26.584],[120.1549,26.6063]]],[[[119.6682,26.6793],[119.6493,26.6621],[119.6596,26.6374],[119.7104,26.6401],[119.7307,26.6585],[119.6682,26.6793]]],[[[120.3418,26.971],[120.316,26.9479],[120.3532,26.9221],[120.3746,26.9385],[120.3637,26.9649],[120.3418,26.971]]],[[[119.7818,25.6651],[119.7424,25.6385],[119.7024,25.6226],[119.6837,25.5979],[119.7271,25.5574],[119.7235,25.5246],[119.6798,25.4999],[119.6976,25.4665],[119.7015,25.434],[119.7415,25.4146],[119.7588,25.441],[119.8229,25.4718],[119.8065,25.4954],[119.8037,25.5274],[119.8451,25.5665],[119.826,25.5854],[119.8363,25.6026],[119.8099,25.6196],[119.7843,25.6096],[119.7696,25.6426],[119.7818,25.6651]]],[[[117.3965,23.7818],[117.3782,23.7638],[117.3804,23.7362],[117.3399,23.6868],[117.3754,23.689],[117.421,23.6724],[117.3671,23.6215],[117.3429,23.6076],[117.3585,23.5824],[117.3785,23.5765],[117.4279,23.589],[117.4157,23.6087],[117.4196,23.6457],[117.4337,23.6629],[117.4729,23.6715],[117.4854,23.721],[117.5168,23.714],[117.5263,23.7401],[117.4879,23.7565],[117.4701,23.7446],[117.4351,23.7429],[117.3965,23.7818]]]]},"properties":{"GID_0":"CHN","ISO_A2":"CN","ISO_A3":"CHN","NAME_EN":"China","NAME_IT":"Cina"}},
{"type":"Feature","geometry":{"type":"Polygon","coordinates":[[[76.0083,36.4534],[76.0254,36.4092],[76.0252,36.3894],[75.9831,36.3375],[75.9883,36.2934],[76.0098,36.289],[76.053,36.2373],[76.0009,36.2161],[76.0017,36.1856],[75.9331,36.1253],[75.9463,36.0693],[76.0016,36.0182],[76.0533,36.0213],[76.0919,36.0145],[76.1141,35.9758],[76.1552,35.9385],[76.166,35.9166],[76.169,35.8382],[76.1851,35.8326],[76.2218,35.8509],[76.3584,35.837],[76.4021,35.8732],[76.4488,35.8707],[76.4755,35.8929],[76.506,35.8873],[76.5554,35.9177],[76.5905,35.8931],[76.5788,35.8514],[76.5785,35.8131],[76.6162,35.7702],[76.6754,35.7506],[76.7357,35.6857],[76.7638,35.6696],[76.8303,35.6773],[76.8705,35.6627],[76.933,35.6159],[76.9972,35.5999],[77.0567,35.5994],[77.0941,35.5665],[77.1867,35.5283],[77.2669,35.5354],[77.3208,35.5326],[77.3222,35.5368],[77.3784,35.5504],[77.4402,35.5181],[77.4724,35.5211],[77.4837,35.5364],[77.4606,35.5477],[77.4569,35.5936],[77.4271,35.6105],[77.4379,35.6411],[77.4016,35.6625],[77.3584,35.7177],[77.3276,35.7191],[77.3152,35.6991],[77.2855,35.7111],[77.2246,35.715],[77.221,35.7282],[77.1631,35.7405],[77.1195,35.7964],[77.0801,35.7976],[77.0207,35.7746],[76.9352,35.7841],[76.8949,35.7997],[76.8579,35.8312],[76.8068,35.8495],[76.7941,35.8628],[76.7857,35.8899],[76.7228,35.9534],[76.7697,36.0094],[76.8086,36.0205],[76.8019,36.0479],[76.726,36.0785],[76.6973,36.1359],[76.6373,36.1849],[76.6012,36.1655],[76.563,36.1731],[76.5449,36.1928],[76.4817,36.2114],[76.456,36.2414],[76.432,36.3082],[76.4042,36.3195],[76.3524,36.3599],[76.2548,36.3478],[76.1986,36.3875],[76.1731,36.3903],[76.122,36.4402],[76.0692,36.4776],[75.9897,36.4853],[76.0083,36.4534]]]},"properties":{"GID_0":"CHN","ISO_A2":"CN","ISO_A3":"CHN","NAME_EN":"China","NAME_IT":"Cina"}},
{"type":"Feature","geometry":{"type":"Polygon","coordinates":[[[79.4144,34.0632],[79.4326,34.0927],[79.4712,34.1103],[79.4935,34.1342],[79.4948,34.18],[79.5111,34.2105],[79.5407,34.2058],[79.5792,34.2292],[79.5916,34.2802],[79.5596,34.3324],[79.554,34.388],[79.5604,34.4106],[79.5281,34.418],[79.5264,34.4472],[79.5085,34.4743],[79.608,34.4923],[79.6524,34.4884],[79.7051,34.4808],[79.734,34.4789],[79.7435,34.4813],[79.8044,34.4959],[79.8098,34.5317],[79.7585,34.5547],[79.771,34.5821],[79.7926,34.5912],[79.772,34.6225],[79.8031,34.6425],[79.8607,34.6888],[79.8947,34.692],[79.9454,34.6815],[80.0657,34.7121],[80.0728,34.7461],[80.067,34.7906],[80.084,34.8488],[80.1232,34.8929],[80.1705,34.9882],[80.1839,35.0403],[80.1779,35.1369],[80.1835,35.1667],[80.226,35.2206],[80.2397,35.2876],[80.2709,35.3442],[80.2836,35.3879],[80.2811,35.4409],[80.3014,35.4625],[80.3271,35.4681],[80.3114,35.5541],[80.2912,35.6074],[80.2402,35.6405],[80.1065,35.6824],[80.0862,35.7272],[80.0578,35.7516],[80.038,35.8002],[79.9993,35.8378],[79.9542,35.837],[79.9182,35.8223],[79.9057,35.813],[79.8819,35.7897],[79.8707,35.783],[79.7238,35.807],[79.6654,35.8353],[79.5608,35.8616],[79.5174,35.8837],[79.4242,35.8956],[79.4032,35.9186],[79.3871,35.9902],[79.242,35.9868],[79.2144,35.9779],[79.1898,35.9475],[79.1979,35.8984],[79.1799,35.8701],[79.1313,35.8359],[79.0093,35.8536],[78.9617,35.8926],[78.9405,35.8802],[78.8338,35.8571],[78.8044,35.8559],[78.7696,35.8693],[78.7182,35.8674],[78.6592,35.8549],[78.6312,35.8248],[78.5811,35.8084],[78.5214,35.7637],[78.5095,35.7724],[78.4178,35.7809],[78.3861,35.7358],[78.3389,35.7206],[78.2891,35.7258],[78.2691,35.7175],[78.2701,35.6643],[78.2553,35.6458],[78.2047,35.6682],[78.1862,35.6242],[78.1663,35.613],[78.1515,35.577],[78.1567,35.5523],[78.0779,35.5492],[78.045,35.5858],[77.9903,35.5819],[77.9666,35.5713],[77.9321,35.5148],[77.966,35.4811],[77.9906,35.4871],[78.0794,35.4922],[78.1077,35.4646],[78.0973,35.4556],[78.0737,35.4471],[78.0317,35.4231],[77.9971,35.3941],[77.99,35.3636],[78.002,35.2946],[78.0064,35.2904],[78.0177,35.2498],[78.0587,35.1839],[78.1161,35.1454],[78.1171,35.1116],[78.0829,35.0825],[78.1335,34.9709],[78.1846,34.8815],[78.2073,34.7661],[78.248,34.6951],[78.2844,34.6674],[78.3242,34.6563],[78.3872,34.6516],[78.407,34.6366],[78.4181,34.6054],[78.4822,34.6033],[78.5371,34.6142],[78.5693,34.6119],[78.6111,34.5831],[78.6601,34.5297],[78.7301,34.4967],[78.763,34.4605],[78.8377,34.4068],[78.9225,34.3754],[78.9607,34.3461],[78.9815,34.3329],[78.9901,34.3178],[78.9942,34.3025],[78.975,34.2429],[78.9562,34.2178],[78.8712,34.1572],[78.7742,34.1145],[78.7595,34.1111],[78.7064,34.0722],[78.7121,34.0505],[78.7606,34.0361],[78.7636,34.0015],[78.7284,33.9773],[78.7162,33.9489],[78.7172,33.949],[78.7167,33.9391],[78.7172,33.8905],[78.7418,33.8402],[78.7805,33.7892],[78.7752,33.7462],[78.7624,33.7307],[78.7318,33.704],[78.7103,33.6806],[78.7068,33.6695],[78.7298,33.6179],[78.764,33.5618],[78.8232,33.4835],[78.922,33.3984],[78.9411,33.3901],[78.9308,33.4655],[78.9405,33.5269],[78.9152,33.5744],[78.9167,33.6323],[78.9892,33.6114],[79.0201,33.6235],[79.0654,33.6268],[79.106,33.6203],[79.092,33.6806],[79.054,33.6781],[79.0205,33.7057],[79.0538,33.7775],[79.0202,33.7757],[78.9617,33.871],[78.9201,33.9581],[78.9051,33.9719],[78.9237,33.994],[78.9406,34.024],[79.0148,34.0503],[79.0829,34.0224],[79.1123,34.0197],[79.1438,34.0352],[79.1516,34.0681],[79.1788,34.0721],[79.1999,34.0511],[79.2477,34.0513],[79.2729,34.0399],[79.306,34.043],[79.3988,34.0271],[79.4203,34.048],[79.4144,34.0632]]]},"properties":{"GID_0":"CHN","ISO_A2":"CN","ISO_A3":"CHN","NAME_EN":"China","NAME_IT":"Cina"}},
{"type":"Feature","geometry":{"type":"Polygon","coordinates":[[[79.5405,32.7487],[79.5152,32.7753],[79.4844,32.7897],[79.4645,32.8167],[79.457,32.8714],[79.4321,32.9051],[79.3871,32.9331],[79.365,32.9569],[79.35,32.9962],[79.3662,33.0598],[79.4108,33.1357],[79.4168,33.1667],[79.3991,33.1872],[79.2124,33.1948],[79.1855,33.1912],[79.1956,33.157],[79.1884,33.1294],[79.1554,33.0902],[79.1487,33.0526],[79.1622,33.0147],[79.2301,33.0002],[79.26,32.9847],[79.2823,32.9354],[79.2788,32.8829],[79.2498,32.8321],[79.2889,32.7932],[79.2871,32.7526],[79.2646,32.6742],[79.292,32.6534],[79.2641,32.5899],[79.2584,32.5234],[79.2973,32.4885],[79.3203,32.4913],[79.347,32.5266],[79.4303,32.5767],[79.4641,32.5927],[79.5088,32.5915],[79.5454,32.6074],[79.5643,32.6708],[79.5405,32.7487]]]},"properties":{"GID_0":"CHN","ISO_A2":"CN","ISO_A3":"CHN","NAME_EN":"China","NAME_IT":"Cina"}}
]}