{"type":"FeatureCollection", "features": [
{"type":"Feature","geometry":{"type":"MultiPolygon","coordinates":[[[[138.84763482587064,-8.00988407960199],[138.8823,-8.0166],[138.902,-7.9929],[138.9024,-7.9696],[138.8921,-7.9126],[138.9299,-7.8763],[138.9818,-7.8609],[138.9997,-7.8294],[138.9905,-7.7608],[139.0046,-7.7251],[139.0333,-7.6863],[139.0332,-7.6525],[139.0494,-7.6148],[139.0808,-7.5879],[139.0769,-7.5672],[139.0226,-7.5576],[139.0031,-7.5596],[138.939,-7.546],[138.893,-7.4964],[138.8747,-7.4527],[138.844,-7.4159],[138.8111,-7.3921],[138.7595,-7.3732],[138.673,-7.3662],[138.6243,-7.3705],[138.5639,-7.3857],[138.4253,-7.4029],[138.363,-7.4159],[138.2881,-7.4398],[138.2268,-7.4665],[138.171,-7.4992],[138.1196,-7.5361],[138.0216,-7.6326],[137.976,-7.7017],[137.9712,-7.729],[137.9328,-7.7555],[137.9069,-7.7868],[137.8704,-7.8502],[137.8587,-7.8812],[137.8174,-7.9536],[137.7984,-8.012],[137.8157,-8.0383],[137.7885,-8.0498],[137.7666,-8.0704],[137.721,-8.1446],[137.6835,-8.2379],[137.6638,-8.3166],[137.6604,-8.3522],[137.649,-8.3832],[137.6427,-8.4309],[137.6551,-8.4461],[137.6966,-8.4214],[137.7364,-8.4057],[137.8571,-8.3849],[137.8705,-8.3726],[137.8914,-8.3828],[138.0766,-8.3874],[138.2,-8.384],[138.2639,-8.3919],[138.2653,-8.4194],[138.3033,-8.4249],[138.341,-8.4197],[138.4039,-8.4008],[138.446,-8.3818],[138.4914,-8.3465],[138.5009,-8.316],[138.5351,-8.3047],[138.5648,-8.2792],[138.6151,-8.2495],[138.653,-8.2047],[138.6598,-8.1745],[138.6816,-8.1465],[138.736,-8.1537],[138.8037,-8.1328],[138.8102,-8.1021],[138.8257,-8.0801],[138.8598,-8.0687],[138.9029,-8.0766],[138.883,-8.0172],[138.84763482587064,-8.00988407960199]]],[[[117.84031768397034,1.95608516828294],[117.8625,1.9668],[117.84,2.0042],[117.8258,2.0075],[117.8206,1.9965],[117.8209,1.9867],[117.8112,1.9877],[117.8137,1.9815],[117.8158,1.9706],[117.8209,1.9657],[117.8244,1.9577],[117.84031768397034,1.95608516828294]]],[[[116.12739740932642,-3.34150984455959],[116.1039,-3.3428],[116.0899,-3.3917],[116.0699,-3.4392],[116.0462,-3.4689],[116.0402,-3.5196],[116.0474,-3.533],[116.0368,-3.5823],[116.0101,-3.613],[116.0025,-3.6388],[116.0123,-3.6545],[116.0058,-3.6824],[116.0217,-3.7083],[116.0243,-3.7298],[116.063,-3.7785],[116.0821,-3.8343],[116.0656,-3.8562],[116.0644,-3.9036],[116.0794,-3.9245],[116.0509,-3.9903],[116.0557,-4.0087],[116.0395,-4.0229],[116.0559,-4.0436],[116.0701,-4.0386],[116.095,-4.0714],[116.1079,-4.0365],[116.1448,-4.0358],[116.1723,-3.9984],[116.2044,-3.983],[116.2079,-3.9535],[116.256,-3.933],[116.2659,-3.9128],[116.3107,-3.917],[116.3059,-3.869],[116.2723,-3.8166],[116.2775,-3.7975],[116.3069,-3.7813],[116.3368,-3.7256],[116.3149,-3.7285],[116.2999,-3.7079],[116.3054,-3.6825],[116.2958,-3.6696],[116.3012,-3.6413],[116.2887,-3.6129],[116.3062,-3.5902],[116.2781,-3.561],[116.2736,-3.524],[116.314,-3.5026],[116.3084,-3.451],[116.2589,-3.3969],[116.2511,-3.3604],[116.2648,-3.3249],[116.2699,-3.251],[116.2803,-3.2212],[116.2582,-3.209],[116.1843,-3.2688],[116.115,-3.3066],[116.1058,-3.3408],[116.12739740932642,-3.34150984455959]]],[[[107.63542483574246,-3.12288830486203],[107.627,-3.1517],[107.5869,-3.1995],[107.6113,-3.238],[107.6362,-3.2397],[107.6689,-3.2106],[107.7087,-3.1926],[107.7665,-3.1918],[107.7864,-3.1753],[107.8374,-3.1571],[107.8321,-3.1395],[107.8489,-3.122],[107.8161,-3.0846],[107.8444,-3.061],[107.8599,-3.0585],[107.8991,-3.0973],[107.9049,-3.1155],[107.9261,-3.1315],[107.9328,-3.1509],[107.9575,-3.16],[107.9734,-3.1916],[107.9657,-3.2441],[107.9905,-3.2607],[108.0144,-3.2435],[108.0629,-3.2396],[108.0766,-3.2465],[108.0869,-3.2084],[108.0692,-3.1879],[108.0963,-3.1658],[108.1378,-3.1743],[108.1709,-3.1604],[108.1854,-3.1428],[108.1842,-3.1086],[108.2173,-3.0541],[108.2089,-3.011],[108.2211,-2.9855],[108.2472,-2.9559],[108.2474,-2.9252],[108.2639,-2.8966],[108.2935,-2.8755],[108.2965,-2.8468],[108.2722,-2.7786],[108.2708,-2.7518],[108.2083,-2.7015],[108.1918,-2.6796],[108.1711,-2.6688],[108.1392,-2.6394],[108.0936,-2.6077],[108.0685,-2.6015],[108.0378,-2.6102],[108.0211,-2.6308],[108.0064,-2.6129],[108.0133,-2.5968],[107.9893,-2.5722],[107.9591,-2.5787],[107.9492,-2.5678],[107.9029,-2.5747],[107.8687,-2.5598],[107.8281,-2.55],[107.8214,-2.5301],[107.7639,-2.5572],[107.7301,-2.5565],[107.7184,-2.5467],[107.6879,-2.5641],[107.658,-2.559],[107.6437,-2.5881],[107.6436,-2.6155],[107.6313,-2.6732],[107.615,-2.7017],[107.6284,-2.7145],[107.6225,-2.7475],[107.5894,-2.7998],[107.5988,-2.8147],[107.5977,-2.8583],[107.5759,-2.8838],[107.5497,-2.8972],[107.5286,-2.921],[107.5327,-2.9343],[107.5667,-2.9263],[107.5874,-2.912],[107.6002,-2.932],[107.598,-2.9556],[107.5807,-2.984],[107.5607,-2.9966],[107.5803,-3.0481],[107.5825,-3.0857],[107.5939,-3.1053],[107.6276,-3.1279],[107.63542483574246,-3.12288830486203]]],[[[110.74469901960784,-8.19530147058823],[110.74470327868852,-8.19530327868852],[110.7816,-8.1962],[110.9093,-8.211],[110.9505,-8.2249],[110.9966,-8.2528],[111.0325,-8.254],[111.0749,-8.2456],[111.0747,-8.2251],[111.0987,-8.2245],[111.1003,-8.2493],[111.1201,-8.2532],[111.1443,-8.2786],[111.1949,-8.2781],[111.2575,-8.249],[111.3018,-8.2572],[111.3255,-8.2734],[111.3672,-8.2608],[111.3904,-8.2771],[111.41572333333335,-8.2741],[111.415721875,-8.27405625],[111.4247,-8.2584],[111.4476,-8.2692],[111.4446,-8.2951],[111.4638,-8.3227],[111.4784,-8.306],[111.5118,-8.333],[111.5552,-8.3067],[111.6328,-8.3433],[111.6673,-8.356],[111.6746,-8.3716],[111.7008,-8.3772],[111.7135,-8.3517],[111.69,-8.3291],[111.7131,-8.3225],[111.7128,-8.2913],[111.7298,-8.2879],[111.7486,-8.3128],[111.754,-8.3401],[111.7767,-8.3256],[111.7683,-8.2965],[111.795,-8.2558],[111.8426,-8.2822],[111.8626,-8.2696],[111.875,-8.2912],[111.9292,-8.3066],[111.9429,-8.279],[111.9715,-8.2813],[111.9953,-8.2983],[112.02,-8.3038],[112.0342,-8.3197],[112.0901,-8.3151],[112.1429,-8.3157],[112.1671,-8.3235],[112.2192,-8.327],[112.2412,-8.3472],[112.2964,-8.3315],[112.3163,-8.3425],[112.3347,-8.3337],[112.3646,-8.3523],[112.3726,-8.3757],[112.3939,-8.3749],[112.435,-8.389],[112.4944,-8.4011],[112.511,-8.3946],[112.5528,-8.402],[112.6103,-8.4215],[112.6517,-8.4488],[112.6717,-8.4453],[112.7089,-8.4178],[112.7435,-8.4179],[112.7668,-8.407],[112.8101,-8.4016],[112.8205,-8.373],[112.8387,-8.3724],[112.8478,-8.3941],[112.872,-8.4088],[112.9292,-8.3904],[112.9794,-8.3252],[113.0858,-8.2857],[113.1224,-8.2913],[113.1519,-8.2837],[113.2048,-8.2802],[113.2824,-8.2962],[113.3378,-8.3292],[113.3646,-8.3577],[113.3883,-8.4004],[113.4266,-8.3806],[113.4752,-8.3855],[113.4794,-8.4105],[113.5263,-8.4304],[113.57,-8.4255],[113.589,-8.4419],[113.6237,-8.4463],[113.642,-8.4653],[113.6461,-8.495],[113.6949,-8.4957],[113.7207,-8.502],[113.7104,-8.5232],[113.7538,-8.5198],[113.7891,-8.4899],[113.8076,-8.4956],[113.8121,-8.5458],[113.8757,-8.5575],[113.9089,-8.5802],[113.9252,-8.561],[113.946,-8.5592],[113.9682,-8.5819],[113.9613,-8.6173],[114.0107,-8.5895],[114.0282,-8.5983],[114.0327,-8.6334],[114.0948,-8.6156],[114.1429,-8.6228],[114.1842,-8.6405],[114.2206,-8.6454],[114.2279,-8.6046],[114.2569,-8.6019],[114.3083,-8.6195],[114.3506,-8.6463],[114.3732,-8.678],[114.3711,-8.7188],[114.3429,-8.7349],[114.3697,-8.7507],[114.4187,-8.7492],[114.478,-8.7605],[114.5051,-8.7755],[114.539,-8.7802],[114.5868,-8.7633],[114.6048,-8.7158],[114.5617,-8.6558],[114.5146,-8.6502],[114.5055,-8.6359],[114.4727,-8.6177],[114.4579,-8.6385],[114.4392,-8.6306],[114.4079,-8.5691],[114.4015,-8.5409],[114.4094,-8.5098],[114.3853,-8.5062],[114.3726,-8.5355],[114.3511,-8.5196],[114.3635,-8.4841],[114.34,-8.4233],[114.3608,-8.3359],[114.3661,-8.2802],[114.3905,-8.235],[114.3824,-8.2],[114.4018,-8.1502],[114.4007,-8.117],[114.4311,-8.0596],[114.4346,-8.032],[114.4227,-7.9611],[114.4215,-7.9217],[114.4644,-7.8867],[114.4596,-7.8624],[114.468,-7.8348],[114.4481,-7.7959],[114.3668,-7.7537],[114.3287,-7.7583],[114.2938,-7.7478],[114.2353,-7.699],[114.2078,-7.7181],[114.1949,-7.7076],[114.1657,-7.7152],[114.1349,-7.7137],[114.1009,-7.7015],[114.0694,-7.6373],[114.0458,-7.6086],[114.0305,-7.6101],[114.0045,-7.6348],[113.9723,-7.6515],[113.9543,-7.6791],[113.9305,-7.7007],[113.9047,-7.6995],[113.8691,-7.6826],[113.8412,-7.6845],[113.8187,-7.6979],[113.7929,-7.7296],[113.75,-7.7352],[113.7075,-7.7101],[113.6657,-7.737],[113.6353,-7.7222],[113.6088,-7.7205],[113.5793,-7.7081],[113.5626,-7.7142],[113.488,-7.6977],[113.4388,-7.7342],[113.382,-7.7362],[113.3456,-7.771],[113.305,-7.768],[113.2736,-7.7795],[113.255,-7.7496],[113.2242,-7.7378],[113.2177,-7.7247],[113.2173,-7.7275],[113.1862,-7.7483],[113.1741,-7.736],[113.1509,-7.7413],[113.1397,-7.7258],[113.1145,-7.7252],[113.0773,-7.691],[113.0503,-7.6575],[113.0275,-7.6491],[112.9925,-7.6575],[112.9691,-7.6469],[112.9522,-7.6244],[112.9075,-7.6284],[112.8876,-7.6158],[112.8708,-7.5852],[112.8721,-7.5371],[112.865,-7.5184],[112.8374,-7.5118],[112.8129,-7.4795],[112.8375,-7.4716],[112.8326,-7.405],[112.8458,-7.3098],[112.8363,-7.2673],[112.8041,-7.2519],[112.78,-7.2087],[112.7648,-7.1963],[112.7315,-7.1985],[112.7149,-7.2156],[112.6711,-7.2225],[112.6611,-7.2004],[112.6674,-7.1801],[112.6579,-7.151],[112.6282,-7.1353],[112.6241,-7.1141],[112.6313,-7.0805],[112.6541,-7.0443],[112.6409,-6.9925],[112.6221,-6.983],[112.5937,-6.9392],[112.5971,-6.9047],[112.5732,-6.8947],[112.5529,-6.8527],[112.5362,-6.876],[112.5536,-6.8835],[112.5454,-6.909],[112.4818,-6.9026],[112.4504,-6.8766],[112.4141,-6.8642],[112.3869,-6.8765],[112.3583,-6.8636],[112.3291,-6.8631],[112.2686,-6.8799],[112.2442,-6.8724],[112.1834,-6.8889],[112.1706,-6.8973],[112.1254,-6.9024],[112.0674,-6.8893],[112.0471,-6.8819],[112.0133,-6.8395],[111.9873,-6.7954],[111.9804,-6.7737],[111.9472,-6.7639],[111.9242,-6.7781],[111.874,-6.7966],[111.8331,-6.8004],[111.751,-6.7704],[111.7179,-6.7693],[111.6975,-6.758],[111.6387,-6.7098],[111.5626,-6.6394],[111.4923,-6.6206],[111.4649,-6.6412],[111.4674,-6.6576],[111.3806,-6.7028],[111.307,-6.6972],[111.2899,-6.6872],[111.243,-6.6923],[111.1829,-6.6628],[111.1527,-6.6581],[111.1286,-6.64],[111.0986,-6.5941],[111.0541,-6.4919],[111.0445,-6.434],[110.9967,-6.4065],[110.9872,-6.4124],[110.9012,-6.4042],[110.8363,-6.4075],[110.819,-6.4233],[110.7853,-6.4255],[110.7587,-6.4413],[110.724,-6.4472],[110.6873,-6.4997],[110.6819,-6.5277],[110.6531,-6.5541],[110.662,-6.574],[110.6536,-6.6087],[110.6383,-6.6186],[110.6464,-6.6502],[110.6146,-6.7029],[110.5796,-6.7332],[110.5573,-6.7385],[110.5742,-6.7644],[110.5601,-6.8037],[110.5309,-6.8318],[110.5088,-6.88],[110.4756,-6.9209],[110.4567,-6.9354],[110.4038,-6.9514],[110.3573,-6.9539],[110.3102,-6.9368],[110.2849,-6.9197],[110.2508,-6.9097],[110.2188,-6.8605],[110.1716,-6.8446],[110.1651,-6.8599],[110.1317,-6.8808],[110.0721,-6.9008],[110.0412,-6.9043],[109.9826,-6.9242],[109.9341,-6.9156],[109.8677,-6.9147],[109.8238,-6.9046],[109.7993,-6.8912],[109.7404,-6.8776],[109.6594,-6.8482],[109.5716,-6.8361],[109.5193,-6.7907],[109.5032,-6.7925],[109.482,-6.815],[109.4387,-6.8412],[109.3924,-6.8586],[109.3441,-6.8619],[109.2903,-6.8743],[109.2277,-6.8626],[109.1899,-6.861],[109.1616,-6.8424],[109.1212,-6.8472],[109.0819,-6.8214],[109.074,-6.7893],[109.0607,-6.7787],[109.0265,-6.7841],[108.9553,-6.8303],[108.9114,-6.8141],[108.8872,-6.8117],[108.8531,-6.7946],[108.8482,-6.7728],[108.829,-6.7529],[108.8098,-6.7589],[108.8061,-6.7856],[108.7499,-6.8158],[108.7306,-6.8072],[108.6997,-6.8083],[108.6812,-6.7947],[108.6728,-6.7602],[108.6372,-6.7695],[108.6117,-6.7685],[108.5952,-6.7536],[108.5646,-6.6976],[108.5588,-6.6514],[108.5433,-6.5908],[108.5476,-6.5589],[108.5357,-6.4963],[108.5403,-6.4847],[108.4818,-6.4555],[108.4528,-6.4343],[108.4205,-6.4017],[108.3774,-6.3418],[108.3666,-6.3058],[108.3749,-6.2956],[108.36,-6.2455],[108.3407,-6.2463],[108.3389,-6.2727],[108.2998,-6.2488],[108.2094,-6.2396],[108.2016,-6.2771],[108.1689,-6.3064],[108.1366,-6.3188],[108.1299,-6.3344],[108.0459,-6.3106],[107.956,-6.2602],[107.8911,-6.2385],[107.8947,-6.2243],[107.8749,-6.199],[107.8218,-6.1873],[107.8157,-6.1966],[107.7652,-6.2144],[107.7537,-6.2289],[107.7276,-6.2378],[107.6977,-6.2229],[107.6759,-6.2456],[107.6553,-6.2403],[107.6244,-6.1892],[107.5859,-6.1901],[107.5414,-6.1784],[107.4799,-6.1528],[107.455,-6.1262],[107.3998,-6.032],[107.3716,-5.997],[107.3406,-5.9695],[107.2859,-5.9588],[107.1811,-5.9887],[107.1329,-5.9768],[107.0998,-5.9349],[107.07,-5.9327],[107.0314,-5.9138],[107.0164,-5.9177],[107.0094,-5.9428],[107.0167,-5.9709],[107.0078,-5.9982],[106.9894,-6.0032],[107.0009,-6.0679],[106.9904,-6.0876],[106.91970492610838,-6.10337783251233],[106.8845,-6.0961],[106.8538,-6.1184],[106.8301,-6.1209],[106.7903,-6.108],[106.7381,-6.1012],[106.7143,-6.0732],[106.7141,-6.0397],[106.6794,-6.0127],[106.6634,-6.023],[106.633,-6.005],[106.6129,-6.0231],[106.5686,-6.0304],[106.5355,-6.0104],[106.5195,-6.0299],[106.4823,-6.0457],[106.4305,-6.0321],[106.4016,-6.0151],[106.3891,-5.9772],[106.3513,-5.9627],[106.3269,-5.9838],[106.3066,-5.9693],[106.2638,-5.9536],[106.2429,-5.9669],[106.2414,-5.9888],[106.2247,-6.0139],[106.1751,-6.0272],[106.1219,-6.0093],[106.0971,-5.9799],[106.1047,-5.9415],[106.1141,-5.9311],[106.0692,-5.8812],[106.0233,-5.8892],[105.9923,-5.9225],[106.0026,-5.9478],[105.9961,-5.9745],[105.9573,-6.0168],[105.9421,-6.0212],[105.9147,-6.0535],[105.8831,-6.071],[105.8806,-6.1089],[105.8552,-6.1451],[105.825,-6.2378],[105.8259,-6.2776],[105.8393,-6.3142],[105.8281,-6.3188],[105.8191,-6.3696],[105.8268,-6.4051],[105.8242,-6.4301],[105.8081,-6.4725],[105.7695,-6.5173],[105.7282,-6.5302],[105.687,-6.522],[105.6738,-6.5089],[105.6785,-6.4767],[105.6499,-6.4813],[105.6286,-6.5199],[105.6158,-6.5592],[105.6259,-6.5855],[105.6173,-6.6185],[105.5967,-6.6487],[105.5799,-6.658],[105.5725,-6.6795],[105.5224,-6.723],[105.5069,-6.7301],[105.5122,-6.7569],[105.4973,-6.7973],[105.4691,-6.8277],[105.4476,-6.8257],[105.4352,-6.807],[105.4309,-6.7764],[105.3867,-6.7345],[105.4007,-6.7178],[105.3752,-6.655],[105.3408,-6.6608],[105.3196,-6.7093],[105.2791,-6.7351],[105.263,-6.7615],[105.2349,-6.7581],[105.2387,-6.8178],[105.2627,-6.8469],[105.2901,-6.8203],[105.2948,-6.8054],[105.3266,-6.8028],[105.3586,-6.8084],[105.4067,-6.8296],[105.4199,-6.8422],[105.4517,-6.8418],[105.4763,-6.8644],[105.4958,-6.8611],[105.5382,-6.8749],[105.5633,-6.857],[105.6048,-6.8457],[105.6607,-6.8443],[105.6712,-6.8361],[105.7319,-6.8389],[105.7713,-6.8483],[105.8433,-6.8343],[105.883,-6.8392],[105.9002,-6.8222],[105.9292,-6.8142],[105.993,-6.814],[106.0598,-6.8332],[106.0944,-6.8758],[106.1484,-6.9031],[106.1997,-6.9136],[106.2421,-6.9348],[106.246,-6.9606],[106.2648,-6.9731],[106.3016,-6.9789],[106.31,-6.9958],[106.3807,-6.9952],[106.4179,-6.9615],[106.4404,-6.9526],[106.4771,-6.9631],[106.5103,-6.9644],[106.54,-6.9824],[106.5437,-7.0304],[106.536,-7.0735],[106.518,-7.0925],[106.4843,-7.1039],[106.4575,-7.1339],[106.4491,-7.1531],[106.4637,-7.1803],[106.4397,-7.1906],[106.4006,-7.1867],[106.3905,-7.2291],[106.3782,-7.2424],[106.3848,-7.2635],[106.3706,-7.2794],[106.3727,-7.3079],[106.3987,-7.3319],[106.4037,-7.3575],[106.427,-7.3595],[106.4908,-7.3765],[106.5238,-7.4079],[106.5759,-7.4182],[106.6294,-7.4099],[106.6338,-7.4186],[106.7309,-7.4297],[106.776,-7.441],[106.8636,-7.4331],[107.0058,-7.4479],[107.086,-7.4533],[107.248,-7.4892],[107.3848,-7.4999],[107.4423,-7.5073],[107.4739,-7.5189],[107.4921,-7.5352],[107.5323,-7.5514],[107.6056,-7.5734],[107.6106,-7.5815],[107.6689,-7.6215],[107.6945,-7.6692],[107.7209,-7.6668],[107.8101,-7.6876],[107.8349,-7.7062],[107.8433,-7.7352],[107.8997,-7.7396],[107.9442,-7.734],[108.0378,-7.7541],[108.0731,-7.7673],[108.1413,-7.7851],[108.3219,-7.8157],[108.3758,-7.8133],[108.445,-7.8234],[108.4951,-7.7944],[108.508,-7.7622],[108.4975,-7.7206],[108.5135,-7.7017],[108.5624,-7.6865],[108.622,-7.6847],[108.6507,-7.6934],[108.6942,-7.6766],[108.7331,-7.6815],[108.7547,-7.6943],[108.7726,-7.6895],[108.814,-7.7345],[108.8782,-7.7445],[109.0068,-7.7778],[109.0194,-7.7607],[109.0308,-7.7168],[109.0594,-7.696],[109.0885,-7.6877],[109.243,-7.6962],[109.3262,-7.706],[109.3904,-7.7243],[109.3863,-7.751],[109.4128,-7.7703],[109.4344,-7.7741],[109.4672,-7.7586],[109.5259,-7.7656],[109.6875,-7.797],[109.9238,-7.8581],[109.992,-7.8834],[110.0951,-7.9267],[110.1623,-7.9584],[110.2033,-7.984],[110.2726,-8.0089],[110.3445,-8.0302],[110.3752,-8.0716],[110.4164,-8.0826],[110.4503,-8.1005],[110.5463,-8.1355],[110.603,-8.1453],[110.644,-8.1685],[110.7151,-8.1972],[110.74469901960784,-8.19530147058823]]],[[[138.9634,-8.2545],[138.9889,-8.2327],[138.9765,-8.202],[139.0681,-8.153],[139.0916,-8.1352],[139.1346,-8.1193],[139.2236,-8.0949],[139.2514,-8.1508],[139.2782,-8.1768],[139.3013,-8.1796],[139.316,-8.1967],[139.3398,-8.2059],[139.4566,-8.1935],[139.496,-8.1743],[139.5084,-8.1785],[139.5802,-8.1442],[139.5844,-8.1299],[139.7187,-8.0998],[139.8402,-8.1008],[139.8827,-8.1088],[139.9268,-8.1072],[139.9551,-8.1132],[139.9597,-8.1475],[139.9938,-8.2001],[140.0556,-8.2554],[140.1309,-8.3057],[140.1699,-8.3371],[140.2273,-8.3562],[140.2291,-8.374],[140.2608,-8.4097],[140.3313,-8.4675],[140.3555,-8.4748],[140.3749,-8.508],[140.4612,-8.588],[140.5029,-8.6152],[140.5293,-8.6876],[140.5799,-8.7542],[140.6159,-8.8133],[140.6871,-8.8797],[140.7066,-8.891],[140.7896,-8.9736],[140.8197,-9.0158],[140.8715,-9.0598],[140.8998,-9.0897],[140.9196,-9.0915],[141.0059,-9.1164],[141.0092,-8.5267],[141.0191,-8.5285],[141.0191,-8.2988],[141.0103,-8.2986],[141.0118,-7.9999],[141.0059,-7.7681],[141.0192,-7.7654],[141.0193,-7.5735],[141.0008,-7.5751],[140.9939,-7.3297],[141.0193,-7.329],[141.0194,-6.8899],[140.9977,-6.9026],[140.9586,-6.9085],[140.9145,-6.8731],[140.8842,-6.836],[140.8851,-6.8027],[140.8581,-6.7806],[140.8858,-6.7442],[140.8521,-6.726],[140.8484,-6.68],[140.8593,-6.6625],[140.8547,-6.6332],[140.869,-6.6044],[140.901,-6.5815],[140.8894,-6.5606],[140.9155,-6.5558],[140.9246,-6.5246],[140.9191,-6.5048],[140.9446,-6.4681],[140.9151,-6.4308],[140.9265,-6.4162],[140.9553,-6.4267],[140.9405,-6.3781],[140.9576,-6.3717],[140.9582,-6.3258],[141,-6.3133],[141,-5.2944],[141,-2.6043],[140.9616,-2.6067],[140.9225,-2.6219],[140.8087,-2.6059],[140.789,-2.5955],[140.7802,-2.6265],[140.7354,-2.618],[140.7101752293578,-2.59838256880735],[140.71013225806453,-2.59852580645155],[140.7328,-2.6188],[140.7253,-2.6333],[140.6863,-2.6134],[140.6914,-2.5923],[140.7106,-2.5824],[140.72,-2.5569],[140.7116,-2.5391],[140.7422,-2.5221],[140.73,-2.5007],[140.694,-2.4782],[140.6775,-2.4816],[140.6342,-2.4683],[140.609,-2.4403],[140.597,-2.4551],[140.5437,-2.4486],[140.5286,-2.43],[140.5022,-2.4429],[140.4793,-2.4288],[140.4613,-2.4319],[140.4419,-2.4178],[140.4135,-2.4142],[140.386,-2.3997],[140.3564,-2.403],[140.3757,-2.4325],[140.3643,-2.4553],[140.3051,-2.4454],[140.2961,-2.4324],[140.2661,-2.4236],[140.2491,-2.3991],[140.2277,-2.4146],[140.2079,-2.4078],[140.1893,-2.3803],[140.1525,-2.37],[140.1575,-2.3578],[140.1151,-2.3365],[140.1112,-2.3192],[140.0831,-2.33],[140.0791,-2.3502],[140.0583,-2.3597],[139.9818,-2.3619],[139.8837,-2.3749],[139.8035,-2.3765],[139.7128,-2.3374],[139.6421,-2.2892],[139.581,-2.2717],[139.5358,-2.2485],[139.4475,-2.1896],[139.3627,-2.1466],[139.2768,-2.1218],[139.2493,-2.1097],[139.1904,-2.0709],[139.1461,-2.0499],[139.125,-2.0305],[139.0309,-1.9974],[139.0007,-1.9761],[138.9054,-1.9542],[138.8768,-1.9693],[138.8015,-1.9301],[138.7381,-1.8535],[138.7163,-1.8388],[138.6818,-1.803],[138.6227,-1.7789],[138.4923,-1.7535],[138.373,-1.7202],[138.2807,-1.6847],[138.1779,-1.6321],[138.1334,-1.6256],[138.06,-1.5967],[138.0119,-1.5606],[137.9905,-1.5319],[137.9691,-1.5307],[137.9319,-1.458],[137.9091,-1.4693],[137.8368,-1.462],[137.7986,-1.4695],[137.743,-1.4935],[137.6857,-1.5034],[137.6576,-1.515],[137.6104,-1.5454],[137.4767,-1.5976],[137.4743,-1.6053],[137.3636,-1.6756],[137.3102,-1.698],[137.2467,-1.7358],[137.2416,-1.7514],[137.2036,-1.7468],[137.1511,-1.7759],[137.1245,-1.7757],[137.0948,-1.8072],[137.0892,-1.8516],[137.1436,-1.8983],[137.1561,-1.9318],[137.1915,-1.9447],[137.2137,-1.9867],[137.1897,-2.0005],[137.2116,-2.0248],[137.2214,-2.06],[137.1957,-2.0665],[137.1589,-2.0951],[137.1234,-2.1001],[137.1023,-2.111],[137.058,-2.0984],[137.039,-2.1135],[137.0001,-2.1291],[136.9514,-2.127],[136.9249,-2.1506],[136.9081,-2.1798],[136.8745,-2.1756],[136.8361,-2.1948],[136.8367,-2.1728],[136.808,-2.1746],[136.8138,-2.2154],[136.7933,-2.2109],[136.7766,-2.2318],[136.7413,-2.2471],[136.7117,-2.2279],[136.6741,-2.2581],[136.6372,-2.2465],[136.6001,-2.2529],[136.5759,-2.2189],[136.5261,-2.2119],[136.5183,-2.191],[136.4611,-2.2092],[136.4253,-2.2044],[136.3936,-2.219],[136.3442,-2.2597],[136.3336,-2.2777],[136.3415,-2.3413],[136.3373,-2.3635],[136.2957,-2.4252],[136.2782,-2.4687],[136.2809,-2.5077],[136.2669,-2.5463],[136.2247,-2.6106],[136.1122,-2.6675],[136.0672,-2.6722],[136.0378,-2.6953],[136.0179,-2.6928],[136.0135,-2.717],[135.9461,-2.7858],[135.9552,-2.8087],[135.9348,-2.8506],[135.9058,-2.8682],[135.9106,-2.8945],[135.9315,-2.8892],[135.9317,-2.9379],[135.9109,-2.9751],[135.8925,-2.9898],[135.8268,-3.0136],[135.8174,-3.0389],[135.774,-3.0614],[135.7575,-3.05],[135.7297,-3.0749],[135.7598,-3.0835],[135.7654,-3.097],[135.7461,-3.1198],[135.7184,-3.1274],[135.684,-3.1573],[135.6407,-3.1628],[135.5963,-3.1944],[135.5542,-3.2626],[135.566,-3.2673],[135.558,-3.3005],[135.5053,-3.355],[135.4512,-3.3762],[135.4207,-3.3658],[135.3865,-3.3807],[135.3287,-3.3954],[135.3115,-3.3866],[135.2396,-3.3758],[135.2042,-3.3813],[135.1511,-3.3708],[135.1145,-3.3821],[135.0981,-3.3731],[135.09,-3.348],[135.0484,-3.3294],[135.0224,-3.3402],[134.9852,-3.3283],[134.9452,-3.2843],[134.9524,-3.248],[134.9261,-3.2374],[134.9077,-3.2588],[134.8638,-3.252],[134.8487,-3.1925],[134.8657,-3.1672],[134.8539,-3.1501],[134.8238,-3.1347],[134.8,-3.1314],[134.8138,-3.103],[134.8111,-3.0384],[134.8191,-3.012],[134.8529,-3.0016],[134.8315,-2.9683],[134.8497,-2.9539],[134.8462,-2.8988],[134.8065,-2.9419],[134.7754,-2.9508],[134.7768,-2.986],[134.7397,-2.9904],[134.6887,-2.9637],[134.6915,-2.9341],[134.6769,-2.9205],[134.6912,-2.8962],[134.6696,-2.8684],[134.6614,-2.8248],[134.6701,-2.8068],[134.657,-2.7711],[134.6618,-2.757],[134.6557,-2.6766],[134.6628,-2.6132],[134.6539,-2.5742],[134.6516,-2.531],[134.6425,-2.5049],[134.6209,-2.4878],[134.5988,-2.4891],[134.5705,-2.4764],[134.5666,-2.4591],[134.5307,-2.452],[134.5354,-2.4811],[134.5119,-2.4861],[134.4731,-2.5271],[134.459,-2.5716],[134.4702,-2.6022],[134.4741,-2.6462],[134.4935,-2.6626],[134.4946,-2.7154],[134.5083,-2.736],[134.5023,-2.7538],[134.521,-2.7974],[134.5175,-2.8203],[134.4818,-2.8659],[134.4556,-2.8671],[134.4439,-2.8496],[134.4493,-2.8231],[134.4229,-2.779],[134.3797,-2.6764],[134.3508,-2.627],[134.3498,-2.6087],[134.3334,-2.5841],[134.3332,-2.55],[134.3007,-2.5083],[134.2766,-2.469],[134.2307,-2.426],[134.2156,-2.4238],[134.1931,-2.3688],[134.1764,-2.3554],[134.1742,-2.3233],[134.1572,-2.2966],[134.1525,-2.259],[134.1377,-2.2292],[134.1494,-2.2036],[134.1454,-2.1587],[134.1294,-2.1562],[134.1146,-2.1287],[134.1147,-2.0988],[134.1042,-2.0529],[134.1214,-2.0398],[134.1418,-2.0047],[134.133,-1.9276],[134.121,-1.8853],[134.1074,-1.8678],[134.1027,-1.8156],[134.0929,-1.7682],[134.0891,-1.7067],[134.0754,-1.6492],[134.121,-1.6363],[134.1446,-1.5975],[134.1881,-1.5597],[134.2099,-1.4915],[134.1982,-1.4642],[134.2141,-1.4094],[134.2409,-1.3584],[134.2758,-1.3317],[134.2493,-1.3111],[134.2462,-1.2899],[134.2245,-1.2637],[134.1926,-1.1972],[134.1598,-1.1788],[134.1057,-1.1264],[134.0991,-1.0977],[134.0735,-1.0692],[134.0734,-1.0271],[134.0459,-1.0027],[134.0103,-0.9572],[134.0208,-0.9291],[134.0549,-0.8911],[134.0547,-0.8675],[134.0893,-0.8788],[134.1357,-0.8694],[134.076,-0.8135],[134.0413,-0.8032],[133.9879,-0.7529],[133.9857,-0.732],[133.9502,-0.7138],[133.936,-0.7293],[133.9041,-0.7274],[133.8767,-0.7138],[133.8628,-0.7292],[133.8326,-0.7351],[133.818,-0.747],[133.7974,-0.7272],[133.7366,-0.7261],[133.7196,-0.7507],[133.6608,-0.7378],[133.6055,-0.7346],[133.5285,-0.7478],[133.4969,-0.7413],[133.4183,-0.7364],[133.3927,-0.7408],[133.3737,-0.725],[133.3215,-0.6986],[133.29,-0.6606],[133.2722,-0.6506],[133.2259,-0.6003],[133.1792,-0.5848],[133.1447,-0.5436],[133.1228,-0.5532],[133.0961,-0.5455],[133.0815,-0.5172],[133.047,-0.5155],[133.0162,-0.5295],[133.0024,-0.4816],[132.9619,-0.4745],[132.9697,-0.4523],[132.9562,-0.4393],[132.9255,-0.4522],[132.8801,-0.4478],[132.7486,-0.3877],[132.6914,-0.3664],[132.6473,-0.3571],[132.526,-0.3537],[132.5033,-0.3584],[132.4305,-0.3437],[132.4092,-0.3447],[132.3822,-0.3636],[132.3625,-0.3598],[132.3441,-0.3776],[132.3209,-0.3819],[132.2575,-0.3795],[132.2442,-0.4005],[132.1931,-0.4092],[132.1622,-0.425],[132.1453,-0.446],[132.1043,-0.4639],[132.0711,-0.4921],[132.0728,-0.5151],[132.0591,-0.5364],[131.9835,-0.5649],[131.9491,-0.6018],[131.9136,-0.6249],[131.9117,-0.6476],[131.8847,-0.6779],[131.8623,-0.6858],[131.8176,-0.7154],[131.7467,-0.723],[131.6867,-0.7415],[131.6245,-0.7398],[131.5794,-0.751],[131.5469,-0.7709],[131.533,-0.7355],[131.4987,-0.7394],[131.4518,-0.7557],[131.4095,-0.7776],[131.3297,-0.7889],[131.2941,-0.8057],[131.2325,-0.8165],[131.2453,-0.8465],[131.242,-0.8765],[131.2882,-0.9003],[131.2669,-0.9302],[131.267,-0.9686],[131.2749,-0.9987],[131.2582,-1.0029],[131.2299,-1.0752],[131.2327,-1.1027],[131.2133,-1.1327],[131.2045,-1.161],[131.1737,-1.2295],[131.121,-1.2488],[131.0835,-1.2401],[131.0457,-1.2655],[131.0273,-1.2996],[131.0296,-1.3146],[131.0102,-1.3328],[130.9955,-1.3862],[130.9641,-1.4013],[130.9337,-1.44],[130.9484,-1.4525],[130.9933,-1.4646],[131.0931,-1.4489],[131.1329,-1.4687],[131.1629,-1.4681],[131.1878,-1.4909],[131.2114,-1.5365],[131.2489,-1.5146],[131.3158,-1.4919],[131.3368,-1.4626],[131.3346,-1.4432],[131.3128,-1.4119],[131.3643,-1.3689],[131.3692,-1.4024],[131.3917,-1.4126],[131.4001,-1.4453],[131.3795,-1.4593],[131.4008,-1.4809],[131.4266,-1.4946],[131.4437,-1.5151],[131.473,-1.5056],[131.4869,-1.4862],[131.5807,-1.5336],[131.6609,-1.5609],[131.6795,-1.5476],[131.6975,-1.5551],[131.728,-1.5851],[131.7601,-1.5753],[131.7793,-1.5843],[131.7914,-1.6074],[131.82,-1.6099],[131.8371,-1.5885],[131.8629,-1.5799],[131.9241,-1.5791],[131.9047,-1.5951],[131.8844,-1.637],[131.9102,-1.7191],[131.9489,-1.7143],[131.9833,-1.7025],[131.9915,-1.6806],[132.024,-1.7209],[131.9951,-1.7441],[131.96,-1.7899],[131.9243,-1.8139],[131.9522,-1.8482],[131.9259,-1.8681],[131.9596,-1.9222],[131.9839,-1.9222],[131.9854,-1.9504],[131.971,-1.9684],[132.0108,-1.9882],[132.0417,-2.0233],[132.0771,-2.0123],[132.096,-2.0198],[132.0385,-2.0677],[132.0661,-2.0923],[132.1443,-2.1472],[132.1815,-2.1468],[132.2529,-2.204],[132.3038,-2.2729],[132.3674,-2.2691],[132.4282,-2.2357],[132.4869,-2.208],[132.5416,-2.1899],[132.5947,-2.1912],[132.6248,-2.2382],[132.6237,-2.2597],[132.6507,-2.286],[132.7157,-2.2991],[132.7403,-2.2701],[132.8093,-2.2422],[132.8383,-2.2402],[132.8729,-2.2501],[132.9079,-2.28],[132.9414,-2.2777],[132.9678,-2.2924],[133.0034,-2.2701],[133.0224,-2.2461],[133.0682,-2.2303],[133.0979,-2.2331],[133.1205,-2.225],[133.1577,-2.1979],[133.1947,-2.1942],[133.2501,-2.2034],[133.2909,-2.2019],[133.3145,-2.2144],[133.4136,-2.2072],[133.4318,-2.2263],[133.5168,-2.228],[133.5316,-2.2374],[133.56,-2.2289],[133.5868,-2.2112],[133.6127,-2.2165],[133.6356,-2.2325],[133.6574,-2.2217],[133.6801,-2.1981],[133.7067,-2.1993],[133.7328,-2.1649],[133.7644,-2.17],[133.7917,-2.1515],[133.8275,-2.1405],[133.8514,-2.1014],[133.8635,-2.0955],[133.8883,-2.1092],[133.9198,-2.1035],[133.94,-2.1115],[133.9156,-2.136],[133.8889,-2.1484],[133.8645,-2.2023],[133.785,-2.2336],[133.7841,-2.2557],[133.8141,-2.2832],[133.8371,-2.2928],[133.8712,-2.2783],[133.8875,-2.2964],[133.9292,-2.3024],[133.9388,-2.2945],[133.9535,-2.2177],[133.9646,-2.2379],[133.9473,-2.3004],[133.9372,-2.3071],[133.8785,-2.3112],[133.8607,-2.3331],[133.8765,-2.3643],[133.8775,-2.3861],[133.8372,-2.4119],[133.797,-2.4207],[133.7568,-2.422],[133.7408,-2.4414],[133.756,-2.4709],[133.7999,-2.486],[133.7971,-2.5169],[133.7097,-2.5017],[133.7025,-2.5672],[133.6843,-2.5659],[133.6566,-2.5381],[133.63,-2.5378],[133.5949,-2.566],[133.5465,-2.5496],[133.5201,-2.5785],[133.4896,-2.5125],[133.4705,-2.5177],[133.4498,-2.5039],[133.431,-2.5067],[133.4096,-2.5393],[133.3875,-2.5476],[133.3848,-2.5141],[133.3468,-2.4844],[133.3203,-2.4516],[133.2905,-2.4355],[133.2206,-2.413],[133.1955,-2.432],[133.1291,-2.4383],[133.0557,-2.4896],[132.9761,-2.5987],[132.9417,-2.6335],[132.9075,-2.676],[132.8281,-2.7518],[132.7723,-2.7836],[132.7482,-2.8049],[132.7307,-2.8069],[132.6935,-2.789],[132.6671,-2.7673],[132.6418,-2.7284],[132.5991,-2.7087],[132.5926,-2.697],[132.5011,-2.6806],[132.4454,-2.7038],[132.4193,-2.6851],[132.3951,-2.6896],[132.3566,-2.6682],[132.2302,-2.6554],[132.198,-2.6559],[132.1383,-2.6718],[132.1352,-2.6883],[132.1618,-2.6964],[132.1501,-2.7175],[132.1062,-2.7113],[132.1008,-2.7398],[132.0845,-2.7429],[132.0514,-2.7317],[132.0251,-2.7392],[131.9996,-2.7584],[132.0038,-2.7814],[132.0399,-2.7722],[132.0576,-2.7865],[132.0515,-2.8058],[132.0075,-2.8192],[132.0022,-2.8291],[132.0317,-2.8758],[132.0042,-2.8778],[132.0203,-2.9068],[132.0448,-2.9182],[132.0646,-2.9104],[132.0866,-2.9631],[132.1543,-2.9419],[132.1555,-2.9307],[132.2024,-2.9335],[132.2202,-2.9265],[132.3112,-2.9347],[132.393,-2.9891],[132.4225,-2.9969],[132.5618,-3.113],[132.5571,-3.1552],[132.5963,-3.1711],[132.6142,-3.185],[132.6361,-3.1832],[132.6483,-3.2008],[132.6397,-3.225],[132.5977,-3.225],[132.6489,-3.2897],[132.6544,-3.3063],[132.6791,-3.3288],[132.7142,-3.3446],[132.7332,-3.3416],[132.7379,-3.3172],[132.7314,-3.2879],[132.7544,-3.2839],[132.773,-3.2687],[132.791,-3.2751],[132.8347,-3.3141],[132.8038,-3.3653],[132.8246,-3.44],[132.8201,-3.4539],[132.8585,-3.4831],[132.8817,-3.4695],[132.9249,-3.5819],[132.9099,-3.5848],[132.8961,-3.6507],[132.8539,-3.6505],[132.832,-3.6436],[132.7689,-3.6429],[132.7538,-3.6327],[132.731,-3.6425],[132.7381,-3.688],[132.7539,-3.7193],[132.763,-3.7538],[132.7877,-3.7964],[132.7882,-3.826],[132.8121,-3.8766],[132.8249,-3.8897],[132.8512,-3.9505],[132.8116,-3.9433],[132.823,-3.9648],[132.8447,-3.9752],[132.8493,-4.0198],[132.8668,-4.0326],[132.8764,-4.0636],[132.8655,-4.0895],[132.895,-4.1116],[132.9505,-4.1119],[132.9501,-4.0978],[132.9757,-4.0708],[133.017,-4.0614],[133.0647,-4.0761],[133.083,-4.0723],[133.1418,-4.0785],[133.1568,-4.0687],[133.1728,-4.0393],[133.2028,-4.0279],[133.2314,-3.9984],[133.2616,-3.996],[133.2758,-4.0055],[133.3208,-4.0102],[133.41,-3.9082],[133.411,-3.8759],[133.4268,-3.8794],[133.466,-3.8584],[133.4594,-3.8276],[133.4193,-3.8015],[133.415,-3.7706],[133.4008,-3.7557],[133.4017,-3.733],[133.4164,-3.6975],[133.4598,-3.6744],[133.4955,-3.6279],[133.4799,-3.6067],[133.5005,-3.5889],[133.491,-3.5638],[133.4717,-3.5631],[133.4221,-3.5297],[133.4351,-3.5116],[133.4589,-3.5466],[133.4916,-3.5577],[133.5086,-3.5913],[133.5334,-3.5971],[133.5873,-3.5744],[133.6018,-3.5352],[133.5979,-3.5221],[133.5638,-3.4789],[133.5463,-3.4427],[133.5645,-3.4309],[133.6427,-3.4151],[133.667,-3.379],[133.6712,-3.3437],[133.656,-3.236],[133.6748,-3.219],[133.6578,-3.1228],[133.6772,-3.1203],[133.7429,-3.0338],[133.8007,-3.0142],[133.8618,-2.9818],[133.8682,-3.0285],[133.8422,-3.0249],[133.8339,-3.0393],[133.8392,-3.0827],[133.8107,-3.1207],[133.7843,-3.1146],[133.7785,-3.1749],[133.7457,-3.1731],[133.7096,-3.1904],[133.709,-3.2128],[133.6754,-3.2313],[133.6734,-3.2707],[133.6777,-3.3266],[133.7033,-3.4056],[133.6839,-3.4389],[133.646,-3.4513],[133.6312,-3.4895],[133.6516,-3.5083],[133.712,-3.6083],[133.6992,-3.6397],[133.7065,-3.676],[133.7552,-3.6496],[133.776,-3.6853],[133.8179,-3.7307],[133.8232,-3.7185],[133.7897,-3.6434],[133.7921,-3.6062],[133.8224,-3.5688],[133.8399,-3.5595],[133.8468,-3.6009],[133.8468,-3.6384],[133.8871,-3.6721],[133.9044,-3.6938],[133.9213,-3.7557],[133.9165,-3.7846],[133.9396,-3.8385],[133.9588,-3.856],[133.9784,-3.8487],[134.0073,-3.8099],[134.0432,-3.7852],[134.0651,-3.8235],[134.1208,-3.7916],[134.1033,-3.7699],[134.1125,-3.754],[134.1401,-3.7461],[134.1723,-3.7903],[134.177,-3.8123],[134.1946,-3.8311],[134.1498,-3.8707],[134.1067,-3.8936],[134.1659,-3.8992],[134.1688,-3.9168],[134.1984,-3.9609],[134.2475,-3.9786],[134.2802,-4.0031],[134.2908,-4.0415],[134.3176,-4.0428],[134.3352,-4.0184],[134.2941,-3.9581],[134.3481,-3.9625],[134.3605,-3.9445],[134.3507,-3.9182],[134.3518,-3.8932],[134.4034,-3.9183],[134.4405,-3.9167],[134.4561,-3.9459],[134.4772,-3.9657],[134.474,-4.0021],[134.5039,-4.0136],[134.5111,-4.0414],[134.5322,-4.0363],[134.5736,-3.9971],[134.6055,-3.9962],[134.6266,-3.948],[134.6454,-3.9444],[134.6727,-3.9172],[134.705,-3.9169],[134.7361,-3.9361],[134.7623,-3.913],[134.801,-3.9315],[134.8573,-3.9373],[134.885,-3.9294],[134.9048,-3.9364],[134.9099,-3.9597],[134.9505,-3.9505],[134.9459,-3.9788],[134.9206,-3.9826],[134.8671,-3.9727],[134.8565,-3.9481],[134.8323,-3.9506],[134.7614,-3.9304],[134.7242,-3.9565],[134.6827,-3.9657],[134.6576,-3.9799],[134.6684,-4.01],[134.6633,-4.0338],[134.7014,-4.0678],[134.6484,-4.082],[134.6352,-4.0922],[134.6305,-4.1206],[134.6485,-4.1347],[134.6976,-4.1408],[134.7156,-4.1579],[134.7194,-4.1983],[134.7594,-4.2065],[134.7731,-4.2281],[134.8309,-4.2554],[134.8804,-4.2509],[134.9117,-4.2666],[134.9326,-4.2912],[134.9302,-4.3032],[134.9625,-4.327],[134.9818,-4.333],[135.0331,-4.3626],[135.0405,-4.3755],[135.07,-4.3769],[135.097,-4.4087],[135.112,-4.4084],[135.2075,-4.4657],[135.2902,-4.4447],[135.3386,-4.445],[135.383,-4.4361],[135.4424,-4.4369],[135.506,-4.4452],[135.5804,-4.4636],[135.5955,-4.4725],[135.7005,-4.4893],[135.7185,-4.4973],[135.7542,-4.4897],[135.8432,-4.4837],[135.9048,-4.4869],[135.948,-4.5059],[135.9588,-4.5271],[136.0131,-4.5571],[136.0373,-4.5781],[136.0936,-4.5995],[136.1119,-4.6215],[136.1332,-4.6227],[136.2315,-4.6624],[136.2854,-4.6676],[136.3111,-4.6588],[136.3544,-4.6744],[136.4111,-4.7058],[136.444,-4.7392],[136.482,-4.7427],[136.5286,-4.7705],[136.546,-4.7904],[136.5981,-4.8095],[136.678,-4.8466],[136.6961,-4.8408],[136.7348,-4.8694],[136.7782,-4.8692],[136.7977,-4.8938],[136.8342,-4.9121],[136.9301,-4.8679],[136.924,-4.892],[136.964,-4.9234],[137.0046,-4.9369],[137.0249,-4.9231],[137.0585,-4.9185],[137.0578,-4.9392],[137.0919,-4.9737],[137.1157,-4.9608],[137.1509,-4.9745],[137.1706,-4.9967],[137.1997,-4.9969],[137.2289,-4.9844],[137.2551,-5.009],[137.2815,-5.0238],[137.3065,-5.0128],[137.3286,-5.0298],[137.3403,-5.0579],[137.3954,-5.1081],[137.4326,-5.1176],[137.4485,-5.0985],[137.474,-5.1157],[137.4971,-5.1458],[137.5331,-5.1343],[137.5532,-5.1428],[137.5504,-5.169],[137.5653,-5.1816],[137.6146,-5.1981],[137.6391,-5.2144],[137.653,-5.2078],[137.683,-5.2199],[137.6814,-5.2383],[137.7434,-5.2974],[137.7274,-5.3261],[137.7215,-5.3544],[137.7444,-5.3744],[137.762,-5.361],[137.8098,-5.3796],[137.8739,-5.3571],[137.9258,-5.4111],[137.9507,-5.4438],[138.0122,-5.5017],[138.0472,-5.503],[138.0842,-5.5253],[138.0737,-5.5529],[138.0514,-5.5767],[138.0431,-5.6161],[138.0498,-5.6739],[138.073,-5.7348],[138.1408,-5.7187],[138.1669,-5.7214],[138.1755,-5.7426],[138.1594,-5.7536],[138.1629,-5.8036],[138.1913,-5.8246],[138.2308,-5.8241],[138.269,-5.8356],[138.2766,-5.8619],[138.2521,-5.8756],[138.2556,-5.9242],[138.2795,-5.9427],[138.3076,-5.9905],[138.3426,-6.0646],[138.3521,-6.0955],[138.3951,-6.1706],[138.3833,-6.1989],[138.4107,-6.2937],[138.4314,-6.3226],[138.4212,-6.3378],[138.4319,-6.3623],[138.4925,-6.4196],[138.5311,-6.4494],[138.6063,-6.5219],[138.6292,-6.555],[138.6961,-6.6231],[138.6727,-6.643],[138.6673,-6.6669],[138.6735,-6.7243],[138.6507,-6.7352],[138.6254,-6.7319],[138.6106,-6.7554],[138.6235,-6.7857],[138.6728,-6.8326],[138.6766,-6.8672],[138.6519,-6.8869],[138.6266,-6.8765],[138.5806,-6.9005],[138.5619,-6.9322],[138.5964,-6.9956],[138.6162,-7.0128],[138.6616,-7.0377],[138.6919,-7.0653],[138.7747,-7.1247],[138.8538,-7.1583],[138.8554,-7.1805],[138.8325,-7.2065],[138.7635,-7.2083],[138.6774,-7.1956],[138.6736,-7.2228],[138.7363,-7.2519],[138.7713,-7.2639],[138.813,-7.2978],[138.8553,-7.3105],[138.89,-7.3412],[138.9206,-7.3965],[138.9455,-7.4821],[138.9582,-7.5115],[138.978,-7.5222],[139.0093,-7.5158],[139.0511,-7.5158],[139.086,-7.5287],[139.1062,-7.5497],[139.1098,-7.5685],[139.1329,-7.5553],[139.1349,-7.5352],[139.1478,-7.5111],[139.1731,-7.5043],[139.1756,-7.4831],[139.1845,-7.4782],[139.1959,-7.4764],[139.20517960526314,-7.47969276315789],[139.1785,-7.4818],[139.1738,-7.5052],[139.1593,-7.5109],[139.1358,-7.5511],[139.1324,-7.5586],[139.1246,-7.5654],[139.1103,-7.5719],[139.1084,-7.6],[139.0727,-7.6262],[139.0584,-7.6563],[139.048,-7.7102],[139.019,-7.7493],[139.0154,-7.7871],[139.0251,-7.8296],[139.0101,-7.8626],[138.9171,-7.9136],[138.909,-7.9317],[138.9225,-7.9765],[138.9032,-8.0304],[138.9244,-8.0519],[138.9278,-8.0687],[138.9054,-8.0882],[138.8765,-8.0866],[138.8432,-8.1016],[138.8336,-8.1262],[138.8555,-8.1847],[138.9,-8.2364],[138.9073,-8.2611],[138.9217,-8.2768],[138.9339,-8.2766],[138.9457,-8.2634],[138.9634,-8.2545],[138.9455,-8.2644],[138.9346,-8.2777],[138.9244,-8.2809],[138.9338,-8.3028],[138.9513,-8.296],[138.9734,-8.2917],[138.9782,-8.2758],[138.9927,-8.2602],[138.9634,-8.2545]]],[[[123.486585,-1.63401],[123.4726,-1.6536],[123.485,-1.6817],[123.4885,-1.7134],[123.5366,-1.7255],[123.5811,-1.7114],[123.598,-1.7146],[123.6134,-1.6967],[123.609,-1.6709],[123.6229,-1.6244],[123.5916,-1.594],[123.5772,-1.6105],[123.5597,-1.5988],[123.5545,-1.5652],[123.5638,-1.5483],[123.5351,-1.484],[123.5283,-1.5084],[123.4994,-1.5076],[123.4839,-1.5358],[123.4778,-1.5713],[123.4995,-1.5917],[123.4791,-1.6242],[123.486585,-1.63401]]],[[[117.41358,-0.866372],[117.4365,-0.8641],[117.4343,-0.8446],[117.4109,-0.8398],[117.3908,-0.7792],[117.3723,-0.7592],[117.3863,-0.7306],[117.3642,-0.7206],[117.3396,-0.6716],[117.3309,-0.6714],[117.3243,-0.6545],[117.3221,-0.6325],[117.3,-0.6296],[117.32,-0.6878],[117.3242,-0.7177],[117.3402,-0.7361],[117.332,-0.75],[117.349,-0.769],[117.3616,-0.8035],[117.3868,-0.8433],[117.41358,-0.866372]]],[[[117.47904384384384,-0.67302042042042],[117.4989,-0.6938],[117.5261,-0.6869],[117.5193,-0.6565],[117.47904384384384,-0.67302042042042]]],[[[117.43708976377953,-0.64337165354332],[117.4616,-0.6808],[117.4757,-0.6668],[117.4573,-0.6343],[117.42505833333334,-0.63645416666665],[117.4109,-0.6128],[117.3988,-0.6109],[117.3956,-0.6121],[117.3881,-0.6088],[117.3795,-0.5941],[117.3712,-0.5904],[117.377,-0.5852],[117.3443,-0.5896],[117.3063,-0.5771],[117.2847,-0.583],[117.3218,-0.6272],[117.3528,-0.6329],[117.3949,-0.6291],[117.43708976377953,-0.64337165354332]]],[[[117.46858213256483,-0.51376167146974],[117.462,-0.5],[117.4148,-0.5399],[117.4372,-0.5427],[117.536,-0.5],[117.53095479452055,-0.48828630136986],[117.5383,-0.4999],[117.5827,-0.4904],[117.5719,-0.4644],[117.5573,-0.4706],[117.5472,-0.4682],[117.5658,-0.4514],[117.548,-0.4441],[117.5245,-0.4626],[117.4981,-0.4715],[117.4671,-0.5006],[117.46858213256483,-0.51376167146974]]],[[[117.46849914529913,-0.46868717948717],[117.4859,-0.442],[117.5068,-0.4363],[117.5135,-0.4144],[117.5076,-0.3968],[117.5308,-0.3952],[117.561,-0.3688],[117.5287,-0.3477],[117.5068,-0.3794],[117.4678,-0.4218],[117.4583,-0.4622],[117.46849914529913,-0.46868717948717]]],[[[117.36815016722409,2.84257190635452],[117.3599,2.8004],[117.3214,2.7848],[117.3254,2.8229],[117.3605,2.8177],[117.3564,2.8382],[117.3363,2.8687],[117.3326,2.9016],[117.346,2.9448],[117.3715,2.9866],[117.3771,3.0057],[117.385,3.013],[117.3865,3.037],[117.3715,3.0463],[117.3565,3.0461],[117.351,3.0507],[117.3451,3.0714],[117.3684,3.0825],[117.3595,3.1054],[117.3671,3.1166],[117.379,3.1096],[117.3846,3.0955],[117.406,3.1149],[117.4243,3.1126],[117.4609,3.1418],[117.4261,3.1727],[117.3952,3.1637],[117.3689,3.1812],[117.3186,3.1734],[117.3077,3.2068],[117.2776,3.1952],[117.2626,3.2318],[117.306,3.241],[117.3159,3.2137],[117.3731,3.2272],[117.3701,3.254],[117.3527,3.2672],[117.382,3.3191],[117.4153,3.3362],[117.4131,3.3913],[117.3933,3.4064],[117.3742,3.4101],[117.3648,3.4208],[117.3556,3.4486],[117.3059,3.4487],[117.289,3.4633],[117.2534,3.4713],[117.2176,3.4926],[117.1958,3.5277],[117.2086,3.5716],[117.227,3.5917],[117.2204,3.6091],[117.1725,3.6195],[117.1278,3.6207],[117.1013,3.6096],[117.0716,3.6111],[117.0212,3.5859],[116.9651,3.5918],[116.9498,3.6174],[116.9565,3.6511],[116.9537,3.6835],[116.9399,3.6892],[116.916,3.6616],[116.9211,3.6137],[116.8901,3.6103],[116.9083,3.6723],[116.9368,3.6976],[116.9731,3.6901],[116.9769,3.6495],[116.9661,3.6031],[117.0179,3.5953],[117.0479,3.6196],[117.0818,3.6371],[117.1203,3.6358],[117.1765,3.6427],[117.2591,3.6177],[117.3209,3.6236],[117.3802,3.6403],[117.4273,3.6251],[117.4344,3.6423],[117.4558,3.6346],[117.4734,3.6477],[117.4709,3.6681],[117.4463,3.6704],[117.4286,3.6716],[117.4243,3.678],[117.4425,3.7011],[117.4714,3.712],[117.4835,3.745],[117.4773,3.7489],[117.4761,3.7551],[117.4808,3.7646],[117.4947,3.7753],[117.5219,3.7767],[117.5313,3.768],[117.5561,3.7852],[117.5994,3.7757],[117.6565,3.784],[117.6797,3.7938],[117.695,3.8141],[117.726,3.8188],[117.7336,3.8367],[117.6742,3.8775],[117.6199,3.8736],[117.5826,3.8849],[117.5647,3.9105],[117.5332,3.9245],[117.4894,3.9143],[117.4574,3.9299],[117.4637,3.9623],[117.4393,4.0039],[117.4492,4.0347],[117.4669,4.0517],[117.4667,4.0835],[117.4203,4.0995],[117.4235,4.1206],[117.4433,4.1283],[117.4812,4.1113],[117.5218,4.1014],[117.5499,4.1443],[117.5887,4.1623],[117.5784,4.179],[117.5411,4.159],[117.5093,4.1699],[117.466,4.1742],[117.4288,4.2123],[117.4297,4.2297],[117.4123,4.25],[117.3888,4.2572],[117.3726,4.2844],[117.3436,4.289],[117.2959,4.3095],[117.2855,4.3326],[117.248,4.3725],[117.2174,4.3585],[117.2031,4.3359],[117.1704,4.3366],[117.1583,4.3529],[117.1068,4.3331],[117.0446,4.3437],[117.0248,4.3203],[117,4.3396],[116.9615,4.3379],[116.9451,4.3533],[116.9005,4.3612],[116.8683,4.3355],[116.8291,4.3264],[116.8082,4.3438],[116.7863,4.3396],[116.7677,4.3667],[116.7436,4.3804],[116.7324,4.352],[116.7055,4.3332],[116.6642,4.3459],[116.6496,4.3354],[116.616,4.3377],[116.6101,4.366],[116.5636,4.3905],[116.5412,4.3761],[116.5302,4.349],[116.5391,4.3265],[116.5046,4.3217],[116.4794,4.3034],[116.4406,4.2881],[116.4283,4.3275],[116.3789,4.3758],[116.3435,4.384],[116.2798,4.3597],[116.254,4.3755],[116.218,4.3815],[116.2046,4.3739],[116.1702,4.3843],[116.1561,4.3402],[116.116,4.3328],[116.0844,4.2766],[116.0704,4.2721],[116.0342,4.295],[116.0276,4.3319],[115.9999,4.3478],[115.9301,4.3536],[115.9099,4.3882],[115.8789,4.3802],[115.8698,4.3197],[115.8785,4.2951],[115.8388,4.2668],[115.8325,4.2355],[115.818,4.2219],[115.7738,4.243],[115.7323,4.1924],[115.7062,4.1908],[115.6881,4.1532],[115.6901,4.1245],[115.6819,4.0707],[115.6685,4.0677],[115.6584,4.038],[115.6713,4.0321],[115.6562,3.9876],[115.6177,3.9373],[115.5798,3.9402],[115.5714,3.9267],[115.5875,3.906],[115.6259,3.8799],[115.6227,3.8402],[115.5882,3.7758],[115.5916,3.7608],[115.5823,3.6961],[115.5715,3.6814],[115.5809,3.663],[115.5933,3.5945],[115.6117,3.5757],[115.6193,3.5102],[115.6425,3.4776],[115.6497,3.4288],[115.6237,3.4087],[115.6097,3.447],[115.5873,3.4493],[115.5787,3.4193],[115.5639,3.4047],[115.5433,3.3582],[115.5477,3.3281],[115.5365,3.3163],[115.5393,3.2519],[115.5198,3.2259],[115.5214,3.1893],[115.5595,3.1716],[115.562,3.1515],[115.5296,3.1294],[115.5207,3.1102],[115.5217,3.0651],[115.486,3.0182],[115.4532,3.0279],[115.4265,3.0157],[115.3936,2.9796],[115.3651,2.983],[115.3317,2.9752],[115.3168,3.0173],[115.2884,3.0354],[115.2793,3.0055],[115.2352,2.9597],[115.2127,2.9586],[115.1895,2.9337],[115.1751,2.9312],[115.1668,2.8773],[115.1473,2.854],[115.126,2.8424],[115.103,2.8175],[115.12,2.805],[115.1419,2.8057],[115.1552,2.7888],[115.1409,2.7758],[115.1405,2.7475],[115.1075,2.7229],[115.1199,2.6567],[115.0977,2.6127],[115.1143,2.5895],[115.1333,2.5899],[115.1704,2.6133],[115.1958,2.5816],[115.2122,2.5736],[115.2236,2.5426],[115.2578,2.5404],[115.2421,2.4986],[115.2017,2.473],[115.1893,2.4828],[115.1445,2.4759],[115.0987,2.4246],[115.0982,2.4029],[115.0601,2.4074],[114.9972,2.349],[114.9746,2.3668],[114.9536,2.3489],[114.9502,2.3101],[114.9664,2.2957],[114.9381,2.2801],[114.9172,2.2553],[114.8816,2.2603],[114.8275,2.2451],[114.7998,2.2504],[114.7845,2.2006],[114.7392,2.1911],[114.7319,2.1483],[114.7582,2.1427],[114.7933,2.146],[114.8186,2.1277],[114.8104,2.0981],[114.7973,2.0878],[114.8098,2.064],[114.7945,2.0562],[114.8078,2.0241],[114.8564,2.0437],[114.8769,2.0327],[114.8737,1.9954],[114.8552,1.9741],[114.8541,1.9479],[114.8776,1.9265],[114.8556,1.8948],[114.8194,1.8923],[114.7921,1.8465],[114.7711,1.85],[114.7463,1.8684],[114.7223,1.8568],[114.7279,1.8338],[114.7005,1.8043],[114.7151,1.7841],[114.7086,1.7637],[114.7189,1.7173],[114.7087,1.638],[114.6525,1.5896],[114.6115,1.575],[114.6019,1.536],[114.6164,1.5159],[114.6072,1.4879],[114.5946,1.4818],[114.5859,1.4455],[114.5696,1.4296],[114.5372,1.4356],[114.5044,1.4628],[114.4712,1.472],[114.4108,1.512],[114.3797,1.4931],[114.336,1.4859],[114.3073,1.4715],[114.2864,1.4517],[114.2466,1.449],[114.2099,1.4107],[114.1652,1.4385],[114.1373,1.464],[114.1112,1.455],[114.0795,1.4628],[114.0251,1.4468],[113.9788,1.4529],[113.9533,1.4424],[113.9363,1.4198],[113.8864,1.4028],[113.8719,1.3873],[113.8214,1.3709],[113.8273,1.3327],[113.8172,1.3113],[113.7916,1.2928],[113.7438,1.2719],[113.7032,1.2609],[113.6624,1.2214],[113.6235,1.2204],[113.6212,1.2478],[113.5979,1.2593],[113.5808,1.3019],[113.5277,1.3206],[113.4626,1.3016],[113.424,1.2834],[113.3932,1.315],[113.3668,1.3262],[113.3554,1.3548],[113.3214,1.3771],[113.3005,1.3763],[113.2639,1.3918],[113.2302,1.391],[113.1722,1.3793],[113.1324,1.3942],[113.1002,1.4393],[113.0817,1.4282],[113.0121,1.4072],[112.9735,1.4081],[112.967,1.4257],[112.9763,1.4483],[113.0326,1.4738],[113.0304,1.4931],[113.0618,1.5308],[113.0565,1.5542],[113.0003,1.5721],[112.9706,1.5639],[112.9476,1.5728],[112.9259,1.5683],[112.9047,1.5843],[112.8752,1.5812],[112.8399,1.5376],[112.8014,1.5397],[112.777,1.5618],[112.7493,1.5579],[112.7251,1.5654],[112.6815,1.5524],[112.6501,1.5693],[112.6299,1.5634],[112.5954,1.5694],[112.4861,1.5761],[112.4485,1.5544],[112.4291,1.5249],[112.3939,1.5196],[112.3484,1.5018],[112.3163,1.5011],[112.2731,1.4691],[112.2087,1.4493],[112.1991,1.4102],[112.2229,1.3831],[112.2101,1.3446],[112.1745,1.3019],[112.1702,1.2623],[112.1598,1.2459],[112.1626,1.2185],[112.1436,1.1809],[112.1531,1.156],[112.1339,1.143],[112.09,1.143],[112.0429,1.1341],[112.0067,1.1332],[111.9455,1.1217],[111.9305,1.0938],[111.892,1.0658],[111.8778,1.0464],[111.8746,1.0155],[111.8547,1.002],[111.8053,1.0171],[111.785,1.0018],[111.7658,1.0222],[111.7279,1.0109],[111.7158,1.0257],[111.6686,1.0467],[111.6423,1.0356],[111.6018,1.0001],[111.5485,0.9852],[111.5263,0.9655],[111.5123,1.0105],[111.4807,1.0355],[111.4658,1.0356],[111.4426,1.0135],[111.4112,1.0091],[111.378,1.0203],[111.353,1.0368],[111.2857,1.0563],[111.2258,1.0839],[111.1854,1.0599],[111.1459,1.0508],[111.0624,1.0491],[111.0418,1.0388],[110.9939,1.0285],[110.8983,1.0194],[110.8863,0.9838],[110.8512,0.9496],[110.8012,0.944],[110.8104,0.9007],[110.7789,0.8942],[110.7177,0.906],[110.699,0.8841],[110.6603,0.871],[110.6477,0.8882],[110.6224,0.8659],[110.599,0.8587],[110.5549,0.8594],[110.4823,0.881],[110.4376,0.9169],[110.4363,0.9452],[110.4061,0.9521],[110.4014,0.9857],[110.38,0.9957],[110.3544,0.9864],[110.3206,1.0007],[110.2785,0.9958],[110.2734,1.0332],[110.2599,1.0687],[110.244,1.083],[110.24,1.1119],[110.2078,1.1185],[110.206,1.1521],[110.1892,1.1785],[110.1564,1.1967],[110.0963,1.1975],[110.0817,1.2157],[110.0423,1.2152],[110.0652,1.2393],[110.0464,1.2644],[110.0039,1.2947],[109.9743,1.308],[109.9599,1.3623],[109.9641,1.3865],[109.9376,1.4158],[109.9093,1.4221],[109.8934,1.4156],[109.8304,1.4244],[109.8289,1.4828],[109.8121,1.4664],[109.7949,1.4776],[109.7811,1.503],[109.6928,1.5921],[109.6857,1.6081],[109.6611,1.6187],[109.6568,1.6704],[109.668,1.7015],[109.6667,1.7338],[109.6836,1.7676],[109.6829,1.785],[109.6354,1.8051],[109.5846,1.791],[109.5759,1.8001],[109.5763,1.8456],[109.5531,1.8578],[109.5397,1.9049],[109.5535,1.9281],[109.5618,1.9734],[109.5897,1.9708],[109.6153,1.9844],[109.636,2.028],[109.6166,2.0435],[109.5926,1.9958],[109.5789,1.9889],[109.5392,1.9899],[109.4824,1.9845],[109.4551,1.976],[109.4342,1.9514],[109.3931,1.945],[109.3463,1.944],[109.3238,1.9266],[109.3444,1.8762],[109.3371,1.8323],[109.2952,1.7829],[109.2858,1.7249],[109.2702,1.7157],[109.2586,1.6697],[109.2417,1.6495],[109.2073,1.6242],[109.1257,1.5843],[109.0627,1.5283],[109.043,1.4877],[109.0369,1.4488],[109.0458,1.3752],[109.0386,1.3348],[109.0088,1.2928],[108.9896,1.2758],[108.9869,1.2558],[108.9626,1.2154],[108.9712,1.176],[108.95,1.1655],[108.9268,1.1761],[108.906,1.1592],[108.9234,1.1195],[108.9652,1.0482],[108.9781,1.0083],[108.9774,0.9698],[108.9686,0.9365],[108.9463,0.8951],[108.9113,0.8627],[108.8994,0.8659],[108.8425,0.8166],[108.8812,0.771],[108.8836,0.709],[108.9166,0.6629],[108.9305,0.5959],[108.9264,0.5612],[108.9076,0.5049],[108.9082,0.4785],[108.9312,0.459],[108.9452,0.4324],[108.9449,0.3844],[108.9194,0.3231],[108.9672,0.3134],[109.031,0.2884],[109.0779,0.2567],[109.1099,0.2238],[109.1272,0.1901],[109.1325,0.1408],[109.1795,0.0724],[109.2641,0.0105],[109.2218,0.0173],[109.1707,0.0334],[109.1592,-0.0403],[109.1775,-0.064],[109.1899,-0.136],[109.1818,-0.1963],[109.1985,-0.2206],[109.1771,-0.2254],[109.1727,-0.2316],[109.162,-0.2304],[109.1532,-0.2344],[109.1328,-0.2382],[109.1204,-0.2591],[109.0919,-0.2728],[109.1151,-0.3436],[109.098,-0.3611],[109.1163,-0.4355],[109.1121,-0.4689],[109.1153,-0.5102],[109.1425,-0.5627],[109.1695,-0.5738],[109.2019,-0.5521],[109.2269,-0.5717],[109.2246,-0.5834],[109.2514,-0.605],[109.2943,-0.5919],[109.3179,-0.5933],[109.3742,-0.5846],[109.3897,-0.61],[109.4147,-0.6311],[109.4612,-0.6256],[109.4754,-0.6161],[109.495,-0.6244],[109.5032,-0.6361],[109.5232,-0.6377],[109.5465,-0.6519],[109.5862,-0.6527],[109.5834,-0.6778],[109.596,-0.6936],[109.6672,-0.6826],[109.6849,-0.7054],[109.6881,-0.7142],[109.6968,-0.7161],[109.6962,-0.7202],[109.6918,-0.7273],[109.685,-0.7278],[109.677,-0.7374],[109.6722,-0.7395],[109.6709,-0.7543],[109.6595,-0.75],[109.6319,-0.7515],[109.6356,-0.796],[109.6618,-0.8058],[109.6792,-0.8292],[109.7136,-0.828],[109.7211,-0.8489],[109.7445,-0.8607],[109.7392,-0.8835],[109.758,-0.9033],[109.7271,-0.9225],[109.734,-0.9489],[109.7324,-0.9874],[109.7547,-0.9891],[109.769,-1.0034],[109.768,-1.0332],[109.7996,-1.0452],[109.8201,-1.0837],[109.8858,-1.1002],[109.9371,-1.1225],[109.9393,-1.1365],[109.9124,-1.2171],[109.9353,-1.2195],[109.9642,-1.2784],[110.0001,-1.2763],[110.0203,-1.2891],[110.0633,-1.3499],[110.074,-1.3873],[110.0706,-1.4217],[110.0576,-1.4338],[110.0639,-1.4595],[110.0442,-1.4954],[110.0355,-1.533],[110.042,-1.5712],[110.0363,-1.6451],[110.0169,-1.7006],[109.9843,-1.7397],[109.943,-1.7774],[109.9121,-1.7736],[109.9008,-1.8277],[109.9232,-1.8567],[109.9615,-1.8735],[110.0113,-1.9077],[110.0478,-1.9189],[110.0762,-1.9394],[110.0964,-1.9696],[110.1182,-2.059],[110.1197,-2.0911],[110.1088,-2.1552],[110.0839,-2.1873],[110.0944,-2.209],[110.086,-2.2356],[110.1104,-2.2575],[110.1405,-2.3084],[110.1435,-2.3536],[110.1532,-2.4107],[110.1491,-2.4288],[110.182,-2.4568],[110.1847,-2.4983],[110.1962,-2.5177],[110.1842,-2.5898],[110.1491,-2.6211],[110.1992,-2.6375],[110.2146,-2.6482],[110.2223,-2.6828],[110.2337,-2.6971],[110.2187,-2.7392],[110.2573,-2.7583],[110.2652,-2.7954],[110.252,-2.8497],[110.2242,-2.886],[110.2483,-2.9196],[110.2564,-2.9531],[110.3076,-2.9907],[110.3515,-2.9473],[110.415,-2.899],[110.5113,-2.8503],[110.5542,-2.838],[110.5977,-2.8544],[110.6234,-2.8903],[110.6336,-2.9284],[110.6374,-2.9923],[110.6111,-2.9909],[110.653,-3.0419],[110.7271,-3.0022],[110.7406,-2.9887],[110.7879,-2.9751],[110.837,-2.989],[110.9125,-3.0429],[110.951,-3.0634],[110.9717,-3.0666],[111.0417,-3.0538],[111.1263,-3.0217],[111.1916,-2.99],[111.2779,-2.936],[111.349,-2.907],[111.3879,-2.9204],[111.4032,-2.9113],[111.4502,-2.9233],[111.4879,-2.9441],[111.559,-3.0078],[111.5989,-2.9886],[111.6319,-2.9603],[111.6912,-2.9418],[111.6696,-2.8942],[111.6822,-2.8739],[111.7179,-2.8474],[111.7267,-2.8677],[111.7542,-2.8947],[111.7687,-2.934],[111.8059,-2.9837],[111.8223,-3.0312],[111.8187,-3.0977],[111.8099,-3.1195],[111.7974,-3.2008],[111.814,-3.2757],[111.8196,-3.3425],[111.819,-3.3853],[111.8104,-3.4324],[111.7968,-3.4703],[111.7746,-3.5066],[111.8129,-3.5329],[111.8903,-3.5436],[111.9193,-3.5291],[111.9918,-3.4658],[112.0892,-3.3994],[112.1865,-3.34],[112.2593,-3.3128],[112.3055,-3.3106],[112.3374,-3.3159],[112.4283,-3.3577],[112.456,-3.396],[112.5351,-3.4419],[112.5616,-3.447],[112.5755,-3.432],[112.6363,-3.4076],[112.6801,-3.3651],[112.8147,-3.2998],[112.9219,-3.2387],[112.9657,-3.202],[112.9933,-3.1563],[112.9524,-3.1368],[112.9451,-3.1033],[112.9841,-3.0473],[113.0031,-3.041],[113.0195,-3.0172],[113.0324,-2.9725],[113.0451,-2.9707],[113.0569,-3.0056],[113.0952,-3.0396],[113.1633,-3.067],[113.186,-3.0852],[113.1984,-3.1182],[113.2422,-3.1585],[113.2845,-3.2038],[113.3137,-3.2447],[113.3322,-3.249],[113.3654,-3.2712],[113.3938,-3.2464],[113.4298,-3.2345],[113.4492,-3.189],[113.4852,-3.1746],[113.5375,-3.1624],[113.6014,-3.1654],[113.6282,-3.2515],[113.6325,-3.2982],[113.6266,-3.3518],[113.5972,-3.4212],[113.5815,-3.4423],[113.627,-3.4642],[113.6854,-3.4693],[113.7902,-3.4599],[113.8637,-3.4311],[113.8737,-3.4194],[113.9568,-3.3679],[113.9945,-3.3555],[114.0447,-3.3467],[114.0529,-3.3108],[114.0778,-3.3459],[114.1323,-3.3802],[114.1806,-3.3928],[114.2454,-3.3649],[114.263,-3.3737],[114.2505,-3.3961],[114.3141,-3.4523],[114.3389,-3.4563],[114.4306,-3.5015],[114.4852,-3.5002],[114.509,-3.5447],[114.552,-3.5578],[114.572,-3.5757],[114.607,-3.6295],[114.6208,-3.674],[114.6224,-3.7126],[114.6102,-3.7452],[114.6036,-3.8216],[114.6102,-3.8894],[114.6361,-4.0156],[114.6387,-4.0513],[114.6251,-4.0671],[114.6289,-4.0868],[114.6319,-4.1726],[114.683,-4.1792],[114.7281,-4.1627],[114.8036,-4.1195],[114.9245,-4.061],[115.0079,-4.0144],[115.0906,-3.9784],[115.1251,-3.9675],[115.2078,-3.9285],[115.4065,-3.8504],[115.4574,-3.8231],[115.4861,-3.8174],[115.5792,-3.7763],[115.6084,-3.7702],[115.6546,-3.7453],[115.7166,-3.7328],[115.7325,-3.7125],[115.7878,-3.68],[115.8167,-3.6423],[115.8517,-3.6258],[115.9099,-3.6154],[115.9624,-3.6122],[115.9942,-3.5728],[115.9927,-3.5222],[116.0152,-3.4843],[116.0065,-3.4477],[116.032,-3.3653],[116.0517,-3.3507],[116.0863,-3.2828],[116.1462,-3.2656],[116.1768,-3.2513],[116.1833,-3.2278],[116.168,-3.1656],[116.1372,-3.1517],[116.106,-3.1472],[116.07569342105263,-3.1794802631579],[116.0678,-3.152],[116.1067,-3.1378],[116.1322,-3.1374],[116.1805,-3.1608],[116.2101,-3.1273],[116.2617,-3.1268],[116.2654,-3.111],[116.2195,-3.0909],[116.2104,-3.0771],[116.1702,-3.0591],[116.1529,-3.0286],[116.1563,-3.0146],[116.1026,-3.0074],[116.0907,-2.9952],[116.1145,-2.9722],[116.1196,-2.9553],[116.1012,-2.9343],[116.1064,-2.9188],[116.0999,-2.9162],[116.0966,-2.9051],[116.0828,-2.9155],[116.0703,-2.9193],[116.0929,-2.9039],[116.0977,-2.9039],[116.1004,-2.9142],[116.105,-2.917],[116.1284,-2.891],[116.1342,-2.8517],[116.1271,-2.8195],[116.1464,-2.79533846153846],[116.1344,-2.8249],[116.1438,-2.8376],[116.1545,-2.8977],[116.2035,-2.9355],[116.2128,-3.0016],[116.2208,-3.0068],[116.2691,-3.0028],[116.3018,-2.9639],[116.3507,-2.8879],[116.3705,-2.8163],[116.3586,-2.7645],[116.3651,-2.6727],[116.3805,-2.6305],[116.4123,-2.5864],[116.3912,-2.5843],[116.3731,-2.5649],[116.3395,-2.5662],[116.314,-2.6084],[116.2878,-2.6252],[116.2889,-2.5864],[116.3048,-2.5612],[116.3043,-2.5372],[116.3612,-2.5246],[116.398,-2.527],[116.4167,-2.4989],[116.4581,-2.502],[116.4773,-2.5118],[116.4821,-2.5725],[116.5144,-2.5622],[116.5328,-2.5362],[116.5276,-2.5021],[116.5458,-2.4589],[116.5461,-2.4428],[116.5805,-2.3193],[116.5934,-2.1953],[116.5883,-2.1745],[116.5582,-2.2011],[116.5499,-2.1718],[116.5249,-2.1518],[116.518,-2.1213],[116.4977,-2.1064],[116.455,-2.1334],[116.3971,-2.1291],[116.3893,-2.1135],[116.3611,-2.1107],[116.3928,-2.081],[116.4288,-2.0802],[116.4597,-2.0524],[116.4631,-2.0184],[116.4525,-1.9503],[116.4578,-1.9045],[116.4449,-1.8748],[116.4269,-1.8576],[116.4521,-1.8153],[116.4525,-1.7672],[116.3962,-1.7672],[116.3692,-1.7602],[116.2623,-1.8102],[116.2263,-1.7973],[116.2256,-1.7774],[116.2526,-1.7801],[116.3189,-1.7015],[116.3572,-1.6815],[116.5421,-1.622],[116.5607,-1.5967],[116.5533,-1.553],[116.53,-1.5095],[116.5364,-1.4714],[116.5487,-1.4538],[116.5871,-1.4262],[116.6277,-1.4081],[116.6507,-1.4043],[116.7109,-1.3798],[116.7501,-1.3693],[116.7653,-1.3561],[116.7633,-1.3138],[116.7811,-1.2951],[116.7963,-1.2398],[116.8123,-1.2394],[116.8109,-1.2828],[116.856,-1.2755],[116.8834,-1.277],[116.9336,-1.2546],[116.9936,-1.2101],[117.0073,-1.1949],[117.0219,-1.1403],[117.0497,-1.1206],[117.098,-1.0586],[117.1196,-1.0161],[117.1409,-0.995],[117.1774,-0.9446],[117.2052,-0.9267],[117.2475,-0.9095],[117.2533,-0.8113],[117.2822,-0.7869],[117.2685,-0.7671],[117.2246,-0.7382],[117.25,-0.7102],[117.277,-0.7016],[117.3043,-0.6684],[117.2938,-0.612],[117.281,-0.5775],[117.3071,-0.5714],[117.3325,-0.5795],[117.3691,-0.5683],[117.411,-0.5398],[117.4094515151515,-0.52128181818182],[117.4072,-0.506],[117.4385,-0.4966],[117.4366,-0.4565],[117.4503,-0.4457],[117.4247,-0.4349],[117.4348,-0.4275],[117.4283,-0.3988],[117.4453,-0.3792],[117.4626,-0.3812],[117.4526,-0.3549],[117.4466,-0.3223],[117.4517,-0.3033],[117.4254,-0.2733],[117.4157,-0.2364],[117.4213,-0.2113],[117.4438,-0.2022],[117.4455,-0.1793],[117.474,-0.1033],[117.4811,-0.0701],[117.438,-0.0399],[117.4405,-0.0319],[117.4211,-0.0147],[117.3968,-0.0095],[117.37379658344284,0.01077818659658],[117.3971,-0.0095],[117.4212,-0.0142],[117.4341,-0.0207],[117.4606,-0.0536],[117.4937,-0.0421],[117.5183,-0.0254],[117.5038,0.0048],[117.5071,0.0617],[117.4846,0.0569],[117.4805,0.1115],[117.5067,0.1093],[117.5229,0.1255],[117.5111,0.1512],[117.477,0.1613],[117.5166,0.2015],[117.5285,0.2222],[117.5298,0.2554],[117.519,0.2787],[117.5323,0.2898],[117.53,0.3226],[117.5531,0.3367],[117.5533,0.3631],[117.5671,0.393],[117.6029,0.4175],[117.6135,0.4364],[117.6011,0.4755],[117.6052,0.4895],[117.6348,0.5161],[117.6688,0.6077],[117.6844,0.6232],[117.7088,0.6262],[117.713,0.7004],[117.7511,0.7563],[117.8179,0.7998],[117.8731,0.8133],[117.8738,0.8252],[117.9162,0.8355],[117.9267,0.805],[117.9574,0.7949],[117.9719,0.774],[118.0263,0.7788],[118.027,0.8287],[118.0117,0.8836],[117.9783,0.9292],[117.9687,0.9592],[117.9715,0.9804],[117.9511,1.0096],[117.9407,1.0364],[117.9194,1.0639],[117.8885,1.0895],[117.9019,1.1124],[117.9249,1.1046],[117.9507,1.0796],[117.9843,1.0592],[117.9959,1.02],[117.9907,1],[118.0075,0.9876],[118.0131,0.9536],[118.0451,0.9472],[118.0511,0.9132],[118.0638,0.903],[118.2047,0.8675],[118.3174,0.8487],[118.342,0.837],[118.3513,0.808],[118.382,0.8044],[118.4127,0.832],[118.4813,0.8311],[118.5248,0.8135],[118.5687,0.8175],[118.589,0.8104],[118.6227,0.8448],[118.6527,0.8462],[118.6703,0.8596],[118.7088,0.8303],[118.7631,0.8059],[118.7947,0.812],[118.8139,0.825],[118.8638,0.8791],[118.8925,0.8745],[118.907,0.9034],[118.9293,0.9131],[118.9647,0.9443],[118.9895,0.9895],[118.9888,1.0225],[118.9454,1.059],[118.8694,1.0666],[118.8532,1.0478],[118.8363,1.0522],[118.8305,1.0984],[118.7771,1.1336],[118.7683,1.1923],[118.7514,1.2148],[118.7115,1.2519],[118.6584,1.2823],[118.6446,1.2996],[118.6061,1.3238],[118.5876,1.3458],[118.5605,1.3635],[118.5171,1.3601],[118.4743,1.3827],[118.4417,1.3759],[118.4144,1.4724],[118.3866,1.4809],[118.3571,1.5053],[118.2858,1.5453],[118.2463,1.5616],[118.1799,1.6061],[118.1652,1.625],[118.1319,1.6356],[118.1073,1.66],[118.0727,1.709],[118.0529,1.7296],[118.0647,1.7495],[118.062,1.7692],[118.0381,1.7872],[118.0252,1.7806],[117.9376,1.8005],[117.8979,1.8372],[117.8898,1.8728],[117.8593,1.8822],[117.8331,1.91],[117.8261,1.9486],[117.8166,1.9551],[117.8203,1.9656],[117.815,1.9705],[117.8136,1.9803],[117.8064,1.9847],[117.809,1.9885],[117.8202,1.9871],[117.8192,1.9959],[117.8242,2.0099],[117.7669,2.013],[117.744,2.0301],[117.7084,2.0274],[117.6956,2.0504],[117.7189,2.0598],[117.7111,2.0736],[117.713,2.0822],[117.7261,2.0827],[117.7194,2.1045],[117.7187,2.1497],[117.6874,2.1803],[117.7413,2.1918],[117.7904,2.189],[117.8163,2.2013],[117.8934,2.1947],[117.9083,2.2088],[117.9339,2.18],[117.9909,2.1948],[118.0172,2.1955],[118.0547,2.2282],[118.0977,2.2851],[118.0852,2.3242],[118.0662,2.3544],[118.0221,2.3586],[118.0198,2.3895],[117.9962,2.4142],[117.9993,2.4318],[117.9745,2.4393],[117.9297,2.4795],[117.902,2.5196],[117.8333,2.5926],[117.8035,2.6181],[117.7886,2.6674],[117.7909,2.7178],[117.7823,2.7485],[117.7503,2.7523],[117.7323,2.7695],[117.682,2.7833],[117.65737603305784,2.75472231404959],[117.677,2.7838],[117.6165,2.7952],[117.5601,2.8588],[117.5381,2.851],[117.5163,2.8569],[117.5016,2.8437],[117.456,2.8499],[117.4495,2.8642],[117.4305,2.8565],[117.407,2.8537],[117.3966,2.8566],[117.3882,2.8524],[117.3911,2.8684],[117.3786,2.8724],[117.3651,2.8642],[117.36810867888138,2.84256412729026],[117.36815016722409,2.84257190635452]]],[[[122.8826,-10.9816],[122.8655,-10.9643],[122.8408,-10.9685],[122.8537,-10.9933],[122.8732,-11.0075],[122.8826,-10.9816]]],[[[121.5899,-10.6335],[121.6098,-10.6294],[121.6344,-10.6104],[121.5571,-10.6005],[121.5257,-10.6304],[121.5544,-10.6404],[121.5899,-10.6335]]],[[[122.834,-10.9293],[122.8558,-10.9398],[122.8624,-10.9174],[122.888,-10.9147],[122.9114,-10.9249],[122.9493,-10.904],[122.9531,-10.8816],[122.9884,-10.8606],[123.0697,-10.8545],[123.0897,-10.8567],[123.1026,-10.8316],[123.1505,-10.8137],[123.1883,-10.8346],[123.2281,-10.8187],[123.2449,-10.7769],[123.2368,-10.7535],[123.2532,-10.7344],[123.2942,-10.7236],[123.3041,-10.7054],[123.34,-10.6849],[123.3801,-10.6907],[123.4043,-10.6843],[123.4257,-10.6558],[123.4258,-10.625],[123.4164,-10.6088],[123.3894,-10.5969],[123.3511,-10.5971],[123.3835,-10.5685],[123.3792,-10.5525],[123.3585,-10.5513],[123.3657,-10.5331],[123.3811,-10.5334],[123.3913,-10.5188],[123.3909,-10.4804],[123.4048,-10.455],[123.3741,-10.4314],[123.3698,-10.4763],[123.3393,-10.4861],[123.3264,-10.5004],[123.2645,-10.5205],[123.2334,-10.5649],[123.2207,-10.5926],[123.2069,-10.5914],[123.1911,-10.6199],[123.1618,-10.6493],[123.1292,-10.6435],[123.1088,-10.6702],[123.0766,-10.693],[123.0479,-10.7253],[122.9868,-10.7332],[122.9475,-10.7462],[122.9379,-10.7374],[122.8889,-10.7574],[122.866,-10.756],[122.81,-10.782],[122.8037,-10.8025],[122.8242,-10.8305],[122.8312,-10.867],[122.821,-10.8935],[122.834,-10.9293]]],[[[123.4319,-10.4922],[123.4081,-10.4941],[123.3805,-10.5465],[123.4244,-10.5199],[123.4319,-10.4922]]],[[[121.8378,-10.6253],[121.8754,-10.6181],[121.9122,-10.5905],[121.9379,-10.5632],[121.994,-10.5348],[121.9935,-10.4891],[122.0059,-10.453],[121.9914,-10.4409],[121.9648,-10.4415],[121.9431,-10.4281],[121.8983,-10.4198],[121.857,-10.4379],[121.8447,-10.45],[121.8408,-10.489],[121.7636,-10.5357],[121.7275,-10.5498],[121.6842,-10.5778],[121.7387,-10.6031],[121.7493,-10.6151],[121.7957,-10.6069],[121.8378,-10.6253]]],[[[123.3463,-10.3054],[123.3793,-10.3115],[123.383,-10.3355],[123.4087,-10.335],[123.4202,-10.2905],[123.4185,-10.2597],[123.3937,-10.2311],[123.3939,-10.2092],[123.421,-10.2082],[123.4281,-10.2304],[123.4613,-10.1956],[123.506,-10.1638],[123.4892,-10.1537],[123.4689,-10.1618],[123.4634,-10.1311],[123.4486,-10.1143],[123.3963,-10.1342],[123.3863,-10.1704],[123.349,-10.2269],[123.3204,-10.2399],[123.3009,-10.2712],[123.3054,-10.3118],[123.3291,-10.3378],[123.3463,-10.3054]]],[[[120.7557,-10.1569],[120.7739,-10.1417],[120.8054,-10.1311],[120.8385,-10.097],[120.8454,-10.0272],[120.8161,-9.9774],[120.7847,-9.9487],[120.747,-9.9241],[120.709,-9.9188],[120.6766,-9.8975],[120.6302,-9.8191],[120.6256,-9.7902],[120.6056,-9.769],[120.5993,-9.7366],[120.578,-9.7253],[120.5579,-9.6958],[120.5388,-9.6865],[120.5041,-9.6857],[120.4783,-9.6265],[120.4646,-9.6148],[120.4387,-9.6264],[120.3523,-9.6497],[120.3205,-9.6738],[120.2989,-9.6419],[120.2435,-9.6407],[120.2279,-9.5834],[120.2241,-9.5289],[120.2107,-9.4908],[120.1849,-9.4682],[120.1239,-9.4852],[120.0845,-9.4697],[120.0492,-9.4296],[120.0236,-9.3887],[119.9991,-9.3726],[119.9919,-9.3554],[119.9633,-9.3282],[119.9428,-9.2848],[119.928,-9.2787],[119.8906,-9.3271],[119.8449,-9.3559],[119.807,-9.3939],[119.7731,-9.3968],[119.7615,-9.3857],[119.7307,-9.3892],[119.6864,-9.3824],[119.6566,-9.3679],[119.6324,-9.3461],[119.6004,-9.3466],[119.5498,-9.3729],[119.5144,-9.3756],[119.4769,-9.3588],[119.4433,-9.3643],[119.4262,-9.3779],[119.3866,-9.3835],[119.3255,-9.3714],[119.2985,-9.3571],[119.2368,-9.3786],[119.2197,-9.391],[119.1942,-9.3749],[119.1536,-9.3839],[119.1016,-9.4213],[119.0842,-9.4188],[119.0309,-9.432],[118.9898,-9.4563],[118.9408,-9.5158],[118.9291,-9.5598],[118.9861,-9.6077],[119.0262,-9.6751],[119.0491,-9.6925],[119.1346,-9.7309],[119.1741,-9.7412],[119.1853,-9.7589],[119.2187,-9.7377],[119.2868,-9.749],[119.329,-9.768],[119.3502,-9.7599],[119.3952,-9.7972],[119.4103,-9.7881],[119.4183,-9.7604],[119.4476,-9.755],[119.4577,-9.7416],[119.482,-9.7446],[119.5269,-9.7666],[119.5682,-9.7689],[119.5949,-9.7791],[119.6151,-9.764],[119.6711,-9.7809],[119.6895,-9.8192],[119.6804,-9.8332],[119.7078,-9.863],[119.7367,-9.8737],[119.7675,-9.896],[119.7868,-9.9218],[119.8114,-9.9154],[119.8347,-9.9286],[119.8629,-9.9223],[119.8821,-9.9579],[119.9051,-9.9735],[119.9543,-9.9824],[119.9472,-9.9997],[119.9955,-10.0385],[120.0211,-10.0865],[120.0139,-10.1236],[120.0457,-10.1255],[120.0844,-10.168],[120.1267,-10.1922],[120.1491,-10.2238],[120.1796,-10.2292],[120.2121,-10.2532],[120.2431,-10.2441],[120.2886,-10.2558],[120.3462,-10.2486],[120.3908,-10.2696],[120.4384,-10.3077],[120.473,-10.3019],[120.4869,-10.262],[120.5319,-10.24],[120.5709,-10.2394],[120.5924,-10.2517],[120.6246,-10.2474],[120.6401,-10.229],[120.6705,-10.2298],[120.7425,-10.1865],[120.7557,-10.1569]]],[[[123.8687,-10.327],[123.9154,-10.2976],[123.9408,-10.2973],[123.9758,-10.274],[124.0184,-10.2734],[124.0327,-10.2476],[124.0734,-10.2265],[124.0804,-10.2045],[124.1015,-10.1794],[124.1441,-10.1598],[124.1813,-10.156],[124.2513,-10.166],[124.3479,-10.1727],[124.409,-10.1645],[124.4777,-10.1216],[124.5083,-10.092],[124.526,-10.0607],[124.533,-10.0289],[124.5556,-10.0057],[124.5826,-10.0034],[124.6039,-9.9789],[124.6556,-9.9481],[124.6726,-9.9202],[124.6986,-9.9144],[124.7508,-9.8816],[124.7633,-9.8486],[124.824,-9.7753],[124.8447,-9.7411],[124.8955,-9.6955],[124.9376,-9.6825],[124.9818,-9.6406],[124.9954,-9.5559],[125.0089,-9.5298],[125.0321,-9.5044],[125.0879,-9.463],[125.0787,-9.4347],[125.08,-9.3921],[125.0488,-9.3535],[125.0356,-9.3235],[124.9945,-9.2902],[124.9821,-9.2354],[124.9827,-9.1914],[124.9943,-9.1724],[125.0144,-9.1691],[125.0748,-9.1755],[125.097,-9.2018],[125.1482,-9.1708],[125.1794,-9.1664],[125.1706,-9.1228],[125.1781,-9.1125],[125.1893,-9.0465],[125.1847,-9.0259],[125.112,-8.9675],[125.099,-8.9998],[125.0671,-9.0281],[125.0427,-9.0319],[124.9839,-9.0662],[124.9423,-9.0489],[124.9318,-9.028],[124.934,-8.9954],[124.9503,-8.9688],[124.9267,-8.9665],[124.878,-8.9803],[124.8511,-9.0068],[124.8162,-9.0024],[124.7298,-9.0588],[124.6978,-9.0534],[124.6816,-9.1034],[124.6587,-9.1253],[124.6393,-9.1283],[124.6143,-9.1542],[124.5512,-9.1725],[124.5303,-9.1864],[124.4857,-9.172],[124.4685,-9.2083],[124.4661,-9.2498],[124.4547,-9.2669],[124.4626,-9.2995],[124.4265,-9.3318],[124.38,-9.3568],[124.3819,-9.3895],[124.3726,-9.4147],[124.3496,-9.4286],[124.3621,-9.4461],[124.3566,-9.4818],[124.3322,-9.4856],[124.2968,-9.5027],[124.2788,-9.5033],[124.287,-9.4512],[124.2614,-9.3963],[124.2167,-9.3656],[124.1737,-9.3905],[124.15,-9.4273],[124.1249,-9.4109],[124.0968,-9.4081],[124.0702,-9.3697],[124.0455,-9.3475],[123.9948,-9.3421],[123.9681,-9.3786],[123.9466,-9.3932],[123.9327,-9.4227],[123.8963,-9.4358],[123.894,-9.4547],[123.8716,-9.4747],[123.848,-9.4756],[123.8275,-9.496],[123.7949,-9.491],[123.7876,-9.5419],[123.7343,-9.567],[123.7213,-9.5923],[123.673,-9.6307],[123.6712,-9.6466],[123.6843,-9.7015],[123.6757,-9.7573],[123.6435,-9.7715],[123.6656,-9.8014],[123.6679,-9.8537],[123.6417,-9.8946],[123.5946,-9.9025],[123.5785,-9.9423],[123.5887,-9.9927],[123.5863,-10.0346],[123.6081,-10.0451],[123.6223,-10.0193],[123.6541,-10.0095],[123.6805,-10.0209],[123.6963,-10.0101],[123.7225,-10.027],[123.7525,-10.0286],[123.7711,-10.0434],[123.7414,-10.0986],[123.7108,-10.1036],[123.677,-10.1216],[123.6494,-10.1454],[123.6247,-10.14],[123.5817,-10.1568],[123.5587,-10.1724],[123.5327,-10.1756],[123.5262,-10.2172],[123.4886,-10.2244],[123.4891,-10.2489],[123.501,-10.2738],[123.4554,-10.3504],[123.4871,-10.3553],[123.5298,-10.3302],[123.5692,-10.3332],[123.5997,-10.3536],[123.6583,-10.3495],[123.7036,-10.3663],[123.7658,-10.3478],[123.7983,-10.3553],[123.8687,-10.327]]],[[[120.3029,-8.8773],[120.2738,-8.8763],[120.2566,-8.9023],[120.2733,-8.9157],[120.3061,-8.9002],[120.3029,-8.8773]]],[[[129.5152,-7.9259],[129.5432,-7.9512],[129.5717,-7.9075],[129.5492,-7.8828],[129.5239,-7.8701],[129.5152,-7.9259]]],[[[125.7568,-7.9965],[125.7258,-7.9652],[125.7226,-8.0057],[125.731,-8.0549],[125.7579,-8.0126],[125.7568,-7.9965]]],[[[129.751,-8.0489],[129.7924,-8.0415],[129.8041,-8.0052],[129.827,-7.96],[129.8645,-7.9172],[129.865,-7.8945],[129.8465,-7.8857],[129.8412,-7.8535],[129.855,-7.8453],[129.8182,-7.814],[129.7746,-7.8105],[129.7341,-7.7942],[129.6806,-7.7837],[129.6243,-7.7988],[129.596,-7.8198],[129.5863,-7.843],[129.5941,-7.8624],[129.5809,-7.894],[129.6022,-7.9109],[129.6369,-7.9639],[129.6511,-7.968],[129.6737,-8.0083],[129.7061,-8.0364],[129.751,-8.0489]]],[[[130.0688,-7.7941],[130.0878,-7.7714],[130.0464,-7.7655],[130.0688,-7.7941]]],[[[125.8019,-8.002],[125.8123,-7.9916],[125.8645,-7.9745],[125.882,-7.9504],[125.9214,-7.941],[125.9415,-7.9162],[125.9853,-7.9106],[126.0624,-7.8885],[126.1041,-7.8948],[126.1329,-7.8925],[126.1641,-7.9105],[126.1738,-7.926],[126.2253,-7.9292],[126.252,-7.9211],[126.2979,-7.9229],[126.3337,-7.915],[126.3711,-7.935],[126.4254,-7.9308],[126.4633,-7.9703],[126.4778,-7.9701],[126.5071,-7.9161],[126.5249,-7.8581],[126.5406,-7.8516],[126.5526,-7.824],[126.597,-7.8074],[126.6079,-7.793],[126.6547,-7.7755],[126.7241,-7.7419],[126.7674,-7.7495],[126.804,-7.7452],[126.8282,-7.7527],[126.8438,-7.7347],[126.8237,-7.6883],[126.8189,-7.662],[126.7535,-7.657],[126.7266,-7.6663],[126.716,-7.6438],[126.693,-7.6243],[126.6439,-7.6057],[126.638,-7.5595],[126.617,-7.5593],[126.5834,-7.5756],[126.5431,-7.5729],[126.5066,-7.5905],[126.4799,-7.5885],[126.465,-7.6145],[126.4405,-7.6306],[126.3816,-7.6367],[126.3812,-7.655],[126.3623,-7.6748],[126.3285,-7.6954],[126.2402,-7.6875],[126.1944,-7.7248],[126.1473,-7.7251],[126.1179,-7.7111],[126.0685,-7.7058],[126.0236,-7.6818],[125.9968,-7.6764],[125.9847,-7.6567],[125.9478,-7.6631],[125.9115,-7.7339],[125.9146,-7.7442],[125.8624,-7.7658],[125.8742,-7.7952],[125.8628,-7.8141],[125.8041,-7.8598],[125.8229,-7.9026],[125.8148,-7.9552],[125.7882,-7.9868],[125.8019,-8.002]]],[[[130.0187,-7.7446],[130.0156,-7.7168],[129.9966,-7.7041],[129.9831,-7.7307],[130.0187,-7.7446]]],[[[127.5974,-7.5704],[127.5993,-7.6287],[127.6191,-7.6125],[127.5974,-7.5704]]],[[[131.0395,-7.7133],[131.0368,-7.6847],[131.0523,-7.6783],[131.0737,-7.7026],[131.091,-7.6986],[131.1161,-7.6721],[131.1177,-7.6439],[131.1046,-7.6331],[131.0627,-7.6431],[131.0153,-7.6701],[130.9729,-7.6766],[130.9677,-7.7246],[130.974,-7.7379],[131.0029,-7.7339],[131.0395,-7.7133]]],[[[127.4747,-7.59],[127.4892,-7.5535],[127.4829,-7.525],[127.4634,-7.5331],[127.4341,-7.5162],[127.4018,-7.5157],[127.3913,-7.4969],[127.37,-7.5033],[127.3617,-7.5308],[127.3672,-7.5737],[127.3779,-7.59],[127.3501,-7.6006],[127.333,-7.6375],[127.3496,-7.6593],[127.372,-7.6641],[127.4017,-7.6504],[127.4112,-7.6103],[127.447,-7.6045],[127.4747,-7.59]]],[[[129.6595,-7.5529],[129.7164,-7.5734],[129.7155,-7.549],[129.693,-7.5525],[129.6661,-7.5284],[129.6595,-7.5529]]],[[[130.8695,-7.5041],[130.8384,-7.5009],[130.843,-7.5612],[130.9111,-7.5735],[130.95,-7.553],[130.9374,-7.5235],[130.8695,-7.5041]]],[[[131.1527,-7.4264],[131.1521,-7.3978],[131.1025,-7.4098],[130.9819,-7.425],[130.9645,-7.4557],[130.9641,-7.4868],[130.9998,-7.5],[131.0244,-7.4966],[131.0566,-7.5187],[131.0732,-7.4913],[131.0994,-7.4689],[131.1273,-7.4615],[131.131,-7.4405],[131.1527,-7.4264]]],[[[121.7813,-7.4231],[121.8225,-7.3978],[121.8382,-7.3702],[121.8396,-7.3494],[121.8165,-7.3302],[121.7723,-7.3395],[121.7542,-7.3521],[121.745,-7.3845],[121.7456,-7.4134],[121.7813,-7.4231]]],[[[131.273,-7.3257],[131.2533,-7.2988],[131.2389,-7.3108],[131.2384,-7.3364],[131.2044,-7.3541],[131.2333,-7.3696],[131.2653,-7.3519],[131.273,-7.3257]]],[[[121.1022,-7.3118],[121.0827,-7.3037],[121.0822,-7.3628],[121.0711,-7.3762],[121.0998,-7.3973],[121.1567,-7.3718],[121.1651,-7.3455],[121.1367,-7.3396],[121.1293,-7.3243],[121.1022,-7.3118]]],[[[120.9283,-7.2837],[120.9014,-7.2731],[120.8632,-7.2711],[120.8143,-7.2588],[120.7957,-7.2704],[120.806,-7.2879],[120.8304,-7.2985],[120.8506,-7.2931],[120.901,-7.3103],[120.9288,-7.3065],[120.956,-7.3244],[121.0039,-7.3327],[121.0523,-7.3185],[121.0639,-7.301],[121.0044,-7.2818],[120.9283,-7.2837]]],[[[121.7664,-7.2625],[121.7296,-7.2802],[121.7274,-7.2946],[121.7734,-7.2864],[121.7664,-7.2625]]],[[[131.3387,-7.964],[131.3444,-7.9033],[131.3662,-7.9041],[131.3599,-7.8763],[131.3934,-7.8386],[131.4166,-7.8354],[131.433,-7.8107],[131.4619,-7.8067],[131.4754,-7.7807],[131.486,-7.7255],[131.5079,-7.729],[131.553,-7.7182],[131.5862,-7.6566],[131.6191,-7.6449],[131.656,-7.5458],[131.664,-7.4806],[131.6741,-7.4562],[131.6551,-7.4118],[131.676,-7.3624],[131.6545,-7.3618],[131.6549,-7.3298],[131.6365,-7.3032],[131.6316,-7.2484],[131.6526,-7.2251],[131.6983,-7.2296],[131.7414,-7.2152],[131.7454,-7.2048],[131.7159,-7.1841],[131.7169,-7.1618],[131.7078,-7.1571],[131.706,-7.1362],[131.6919,-7.135],[131.6725,-7.1557],[131.64,-7.1745],[131.6563,-7.1318],[131.6546,-7.1169],[131.6206,-7.1232],[131.5825,-7.1215],[131.5645,-7.143],[131.5308,-7.1397],[131.5175,-7.1621],[131.5278,-7.188],[131.53,-7.2294],[131.4875,-7.228],[131.4719,-7.2371],[131.4299,-7.3111],[131.4413,-7.334],[131.3974,-7.3338],[131.3656,-7.3668],[131.3811,-7.3849],[131.355,-7.3996],[131.3428,-7.4403],[131.3232,-7.4145],[131.2597,-7.4495],[131.2363,-7.4721],[131.2236,-7.5247],[131.2079,-7.5569],[131.187,-7.583],[131.1725,-7.6415],[131.1575,-7.6668],[131.1803,-7.6821],[131.1866,-7.6989],[131.2117,-7.6973],[131.2318,-7.717],[131.1703,-7.7205],[131.1261,-7.6769],[131.1081,-7.7014],[131.1088,-7.7297],[131.1312,-7.7589],[131.1128,-7.7805],[131.1464,-7.7995],[131.1472,-7.8181],[131.1246,-7.8333],[131.1124,-7.8195],[131.0846,-7.8421],[131.0873,-7.8791],[131.119,-7.893],[131.1154,-7.9345],[131.1029,-7.9599],[131.1096,-7.9929],[131.139,-7.9972],[131.1874,-7.988],[131.2076,-7.9981],[131.2364,-7.9984],[131.2729,-7.9555],[131.283,-7.9208],[131.3082,-7.9369],[131.309,-7.9552],[131.289,-7.9949],[131.303,-8.0155],[131.332,-7.9832],[131.3387,-7.964]]],[[[138.7249,-7.1216],[138.7085,-7.1262],[138.7161,-7.1565],[138.7429,-7.1669],[138.7572,-7.1432],[138.7249,-7.1216]]],[[[131.9694,-7.1704],[131.9558,-7.1657],[131.9236,-7.1075],[131.8789,-7.1047],[131.8269,-7.1138],[131.8096,-7.1116],[131.737,-7.1174],[131.7163,-7.1321],[131.7108,-7.1514],[131.7245,-7.1727],[131.7546,-7.1775],[131.776,-7.1612],[131.8113,-7.1574],[131.8681,-7.1635],[131.8998,-7.1802],[131.9086,-7.2243],[131.926,-7.2249],[131.9535,-7.247],[131.9733,-7.2371],[131.9846,-7.2089],[131.9694,-7.1704]]],[[[113.9327,-7.1904],[113.9272,-7.1754],[113.8829,-7.1938],[113.8865,-7.2116],[113.9412,-7.2035],[113.9327,-7.1904]]],[[[131.4865,-7.183],[131.4696,-7.1803],[131.465,-7.2057],[131.487,-7.2054],[131.4865,-7.183]]],[[[115.8647,-7.2054],[115.8838,-7.2028],[115.8993,-7.1762],[115.9021,-7.1252],[115.8705,-7.1338],[115.8734,-7.1536],[115.8432,-7.1647],[115.8355,-7.1509],[115.8021,-7.1499],[115.797,-7.123],[115.7608,-7.137],[115.7413,-7.1551],[115.756,-7.1746],[115.819,-7.2],[115.8275,-7.2078],[115.8647,-7.2054]]],[[[114.5939,-7.1661],[114.6133,-7.1415],[114.5769,-7.1307],[114.5523,-7.1446],[114.5663,-7.1595],[114.5939,-7.1661]]],[[[128.6692,-7.165],[128.6957,-7.1281],[128.6918,-7.1048],[128.6523,-7.0992],[128.6255,-7.0732],[128.5892,-7.0696],[128.5262,-7.1272],[128.5194,-7.151],[128.5351,-7.1682],[128.5534,-7.1637],[128.6221,-7.2171],[128.6505,-7.2206],[128.6665,-7.1889],[128.6692,-7.165]]],[[[114.0628,-7.1029],[114.0461,-7.0744],[113.9752,-7.0719],[113.9513,-7.0552],[113.9365,-7.0748],[113.9449,-7.0879],[113.9847,-7.1057],[114.0465,-7.1136],[114.0628,-7.1029]]],[[[134.5324,-7.0834],[134.5262,-7.066],[134.4909,-7.0624],[134.4759,-7.0869],[134.5183,-7.0951],[134.5324,-7.0834]]],[[[114.3794,-7.1235],[114.3707,-7.0896],[114.3329,-7.0586],[114.3018,-7.0622],[114.2747,-7.0885],[114.2781,-7.1175],[114.3134,-7.1589],[114.384,-7.1818],[114.402,-7.1711],[114.3794,-7.1235]]],[[[120.7756,-7.1118],[120.7872,-7.063],[120.7598,-7.0791],[120.6833,-7.0488],[120.6585,-7.0191],[120.6329,-7.0007],[120.6199,-7.0037],[120.6278,-7.0459],[120.6086,-7.0729],[120.6354,-7.099],[120.6263,-7.1186],[120.6702,-7.1464],[120.6821,-7.1229],[120.6989,-7.1337],[120.7454,-7.1282],[120.7673,-7.1354],[120.7756,-7.1118]]],[[[131.9034,-7.0608],[131.9295,-7.073],[131.9576,-7.0486],[131.9449,-7.026],[131.9127,-7.0452],[131.9034,-7.0608]]],[[[115.5453,-6.9981],[115.5287,-6.9904],[115.5084,-7.0133],[115.5337,-7.0334],[115.5453,-6.9981]]],[[[115.5978,-6.9498],[115.5859,-6.9427],[115.5643,-6.9632],[115.6143,-7.006],[115.6399,-6.9998],[115.6519,-6.9781],[115.5978,-6.9498]]],[[[134.7827,-6.6417],[134.7968,-6.6352],[134.7755,-6.6027],[134.7555,-6.608],[134.7827,-6.6417]]],[[[120.4382,-6.5824],[120.4277,-6.5861],[120.4257,-6.64],[120.4439,-6.6228],[120.4382,-6.5824]]],[[[134.5606,-6.5428],[134.5899,-6.53],[134.5825,-6.5085],[134.5553,-6.5232],[134.5606,-6.5428]]],[[[134.8636,-6.3409],[134.8614,-6.3236],[134.8791,-6.2983],[134.8517,-6.2829],[134.8444,-6.3279],[134.8285,-6.3391],[134.7974,-6.3901],[134.8086,-6.46],[134.8448,-6.4765],[134.853,-6.4385],[134.8799,-6.3789],[134.9021,-6.349],[134.9086,-6.3213],[134.8894,-6.2853],[134.8636,-6.3409]]],[[[134.8298,-6.5317],[134.8486,-6.4999],[134.8211,-6.4803],[134.7954,-6.5088],[134.7735,-6.5113],[134.7781,-6.5498],[134.8026,-6.5485],[134.8298,-6.5317]]],[[[134.5233,-6.5042],[134.5141,-6.5287],[134.5483,-6.5354],[134.5567,-6.5188],[134.5822,-6.496],[134.5839,-6.4741],[134.5542,-6.4864],[134.5313,-6.4789],[134.5263,-6.4842],[134.528,-6.4971],[134.5233,-6.5042]]],[[[105.4602,-6.1402],[105.4451,-6.1331],[105.4194,-6.1553],[105.449,-6.1686],[105.4602,-6.1402]]],[[[120.4204,-6.1869],[120.4165,-6.1386],[120.3922,-6.1803],[120.3985,-6.2025],[120.4204,-6.1869]]],[[[134.7295,-6.4128],[134.7543,-6.4165],[134.7538,-6.3587],[134.7321,-6.3819],[134.7295,-6.4128]]],[[[134.7564,-6.51],[134.7463,-6.4873],[134.712,-6.4552],[134.6854,-6.4435],[134.642,-6.4753],[134.6399,-6.4976],[134.6654,-6.5207],[134.668,-6.5572],[134.683,-6.5635],[134.7219,-6.5426],[134.7459,-6.5515],[134.7635,-6.5327],[134.7564,-6.51]]],[[[134.5981,-6.516],[134.6263,-6.5023],[134.6434,-6.4622],[134.62,-6.4638],[134.5869,-6.4782],[134.5853,-6.4957],[134.5792,-6.5067],[134.5981,-6.516]]],[[[134.5537,-6.4682],[134.5528,-6.4848],[134.6002,-6.4593],[134.612,-6.4316],[134.5963,-6.3847],[134.5438,-6.3617],[134.533,-6.3453],[134.5215,-6.3683],[134.5175,-6.3715],[134.5164,-6.3871],[134.5187,-6.3975],[134.4836,-6.4539],[134.4808,-6.4879],[134.5036,-6.4953],[134.5094,-6.5165],[134.5198,-6.5096],[134.5274,-6.4968],[134.5261,-6.4834],[134.5311,-6.4785],[134.5537,-6.4682]]],[[[134.8154,-6.3354],[134.8338,-6.3088],[134.822,-6.2966],[134.7877,-6.3325],[134.8154,-6.3354]]],[[[134.5161,-6.3814],[134.5149,-6.3753],[134.5167,-6.3705],[134.5204,-6.3689],[134.5333,-6.3389],[134.5252,-6.3366],[134.498,-6.2995],[134.4765,-6.2998],[134.4594,-6.2742],[134.4211,-6.2855],[134.3962,-6.3117],[134.3744,-6.3199],[134.3638,-6.3463],[134.3775,-6.3677],[134.3685,-6.3972],[134.4073,-6.3974],[134.4487,-6.4479],[134.4771,-6.4494],[134.5172,-6.3977],[134.5135,-6.3875],[134.5161,-6.3814]]],[[[134.2979,-6.3508],[134.3285,-6.3525],[134.312,-6.3076],[134.2967,-6.3271],[134.2979,-6.3508]]],[[[134.2421,-6.2343],[134.2735,-6.2606],[134.2882,-6.2841],[134.3073,-6.278],[134.3264,-6.2885],[134.3372,-6.3126],[134.3636,-6.3241],[134.4385,-6.2721],[134.3932,-6.2609],[134.3669,-6.2264],[134.3384,-6.2258],[134.3112,-6.1867],[134.3104,-6.1754],[134.2334,-6.1268],[134.2461,-6.072],[134.2297,-6.0554],[134.2253,-6.0157],[134.1602,-6.0364],[134.1595,-6.0113],[134.1394,-6.0143],[134.1234,-6.0385],[134.1239,-6.0659],[134.1135,-6.1074],[134.1396,-6.1435],[134.1798,-6.1213],[134.2021,-6.1445],[134.1699,-6.1649],[134.1677,-6.1981],[134.2284,-6.2028],[134.2421,-6.2343]]],[[[134.5064,-6.7544],[134.5272,-6.7343],[134.4938,-6.7191],[134.476,-6.7607],[134.5064,-6.7544]]],[[[131.5223,-6.7822],[131.5272,-6.8026],[131.5822,-6.7758],[131.5869,-6.7611],[131.5578,-6.7519],[131.5619,-6.724],[131.5749,-6.7103],[131.5971,-6.7221],[131.6158,-6.7073],[131.6194,-6.6777],[131.5766,-6.6685],[131.5585,-6.6887],[131.5635,-6.7031],[131.542,-6.7199],[131.5138,-6.7641],[131.5223,-6.7822]]],[[[112.7047,-7.1087],[112.6911,-7.154],[112.7185,-7.1716],[112.7515,-7.1536],[112.8451,-7.1657],[112.8649,-7.1627],[112.9655,-7.1999],[113.0138,-7.2055],[113.0976,-7.2285],[113.1328,-7.2231],[113.1698,-7.2275],[113.2205,-7.2201],[113.2609,-7.2249],[113.2747,-7.2154],[113.3487,-7.2159],[113.4699,-7.221],[113.5021,-7.229],[113.5152,-7.2525],[113.5481,-7.2325],[113.5605,-7.2094],[113.5737,-7.1613],[113.6068,-7.1258],[113.654,-7.1278],[113.6729,-7.1107],[113.746,-7.1158],[113.8155,-7.1331],[113.8917,-7.1331],[113.8886,-7.1043],[113.8705,-7.0945],[113.8802,-7.0742],[113.9067,-7.0471],[113.9652,-7.0397],[113.9893,-7.0085],[114.0585,-7.0034],[114.0929,-6.9801],[114.1248,-6.9774],[114.1066,-6.9415],[114.0898,-6.9279],[113.9675,-6.873],[113.9087,-6.8634],[113.798,-6.8853],[113.7299,-6.8874],[113.6788,-6.8828],[113.6566,-6.8885],[113.5895,-6.8889],[113.5719,-6.8931],[113.4834,-6.8971],[113.4383,-6.8888],[113.3235,-6.8881],[113.2271,-6.8908],[113.2005,-6.8979],[113.1668,-6.8912],[113.1361,-6.8944],[113.0636,-6.882],[113.0061,-6.8811],[112.9208,-6.8939],[112.882,-6.8905],[112.8493,-6.8967],[112.7887,-6.9843],[112.7235,-7.0384],[112.6823,-7.0317],[112.6734,-7.0735],[112.7047,-7.1087]]],[[[131.4709,-6.9173],[131.4875,-6.9149],[131.5141,-6.8772],[131.487,-6.8642],[131.4679,-6.8781],[131.4709,-6.9173]]],[[[115.3386,-6.9474],[115.3368,-6.9277],[115.3697,-6.9237],[115.3973,-6.9079],[115.4086,-6.9394],[115.4465,-6.9249],[115.5194,-6.9453],[115.5487,-6.9663],[115.5748,-6.9293],[115.56,-6.9063],[115.5195,-6.882],[115.437,-6.8468],[115.3935,-6.8348],[115.319,-6.8345],[115.2467,-6.8273],[115.2536,-6.8625],[115.2399,-6.8863],[115.2071,-6.8899],[115.2003,-6.9075],[115.2038,-6.9387],[115.2225,-6.9351],[115.2562,-6.9549],[115.2671,-6.9947],[115.2926,-7.0055],[115.301,-6.9886],[115.3008,-6.9537],[115.3338,-6.9959],[115.3815,-6.9954],[115.4043,-6.9887],[115.3854,-6.958],[115.3509,-6.9367],[115.3386,-6.9474]]],[[[120.814,-6.8331],[120.8074,-6.7946],[120.7796,-6.799],[120.7918,-6.8208],[120.814,-6.8331]]],[[[134.6916,-6.7538],[134.7137,-6.7156],[134.7381,-6.7014],[134.7391,-6.6474],[134.7611,-6.6238],[134.7498,-6.6067],[134.7095,-6.5783],[134.6868,-6.592],[134.6726,-6.6623],[134.6454,-6.7044],[134.6246,-6.759],[134.6414,-6.759],[134.6538,-6.7795],[134.6849,-6.7753],[134.6916,-6.7538]]],[[[134.4978,-6.6944],[134.5101,-6.7112],[134.5281,-6.6901],[134.5087,-6.6606],[134.4978,-6.6944]]],[[[105.2664,-6.5335],[105.2202,-6.5296],[105.2147,-6.5441],[105.1856,-6.5377],[105.1643,-6.5732],[105.1742,-6.5995],[105.1949,-6.6203],[105.2049,-6.6476],[105.2432,-6.6354],[105.2605,-6.6001],[105.2504,-6.5739],[105.2534,-6.5473],[105.2664,-6.5335]]],[[[134.2008,-6.9267],[134.2161,-6.9069],[134.2989,-6.8681],[134.3326,-6.8601],[134.3654,-6.8211],[134.3669,-6.7804],[134.4104,-6.7206],[134.4546,-6.6934],[134.4418,-6.6805],[134.4939,-6.657],[134.4998,-6.628],[134.5315,-6.5836],[134.4839,-6.5816],[134.4879,-6.5542],[134.5043,-6.5229],[134.4936,-6.4958],[134.4796,-6.4903],[134.4686,-6.453],[134.4509,-6.4537],[134.4049,-6.3976],[134.3788,-6.4031],[134.3515,-6.3963],[134.2937,-6.3476],[134.2975,-6.3202],[134.3099,-6.3034],[134.2894,-6.2909],[134.2671,-6.2613],[134.2474,-6.2496],[134.2239,-6.2219],[134.1567,-6.2064],[134.1338,-6.1675],[134.0958,-6.1651],[134.1146,-6.2436],[134.1279,-6.2691],[134.1348,-6.3102],[134.1273,-6.3645],[134.1156,-6.3845],[134.1183,-6.4227],[134.1377,-6.4526],[134.1604,-6.4586],[134.196,-6.43],[134.2003,-6.4849],[134.1832,-6.4944],[134.1695,-6.4781],[134.151,-6.4895],[134.1355,-6.4809],[134.1246,-6.4519],[134.1064,-6.4613],[134.0978,-6.4939],[134.0891,-6.645],[134.0818,-6.6948],[134.0511,-6.7744],[134.0704,-6.829],[134.0967,-6.8497],[134.1238,-6.8456],[134.1559,-6.8764],[134.1724,-6.91],[134.2008,-6.9267]]],[[[138.9679,-8.3664],[138.959,-8.3501],[138.926,-8.3241],[138.9254,-8.3605],[138.9537,-8.3717],[138.9679,-8.3664]]],[[[113.3027,-8.4492],[113.2743,-8.4634],[113.2624,-8.4867],[113.3096,-8.5087],[113.3642,-8.5019],[113.4097,-8.4909],[113.4105,-8.4672],[113.3967,-8.4552],[113.343,-8.4581],[113.3027,-8.4492]]],[[[112.69856631799163,-8.46148179916318],[112.69918974358976,-8.46134102564102],[112.7122,-8.4342],[112.696,-8.4295],[112.6806,-8.4525],[112.69856631799163,-8.46148179916318]]],[[[123.9425,-8.3721],[123.9332,-8.3539],[123.9108,-8.3567],[123.9158,-8.3823],[123.9425,-8.3721]]],[[[124.0973,-8.5444],[124.1208,-8.5454],[124.146,-8.5345],[124.17,-8.5099],[124.1799,-8.4845],[124.1937,-8.4843],[124.2124,-8.4596],[124.2093,-8.416],[124.2307,-8.3922],[124.2461,-8.3626],[124.2779,-8.3393],[124.2922,-8.3391],[124.3098,-8.3112],[124.2988,-8.2681],[124.3238,-8.2331],[124.3249,-8.1889],[124.3061,-8.1755],[124.2801,-8.1749],[124.2519,-8.1917],[124.2302,-8.2155],[124.2135,-8.2585],[124.1973,-8.2778],[124.1676,-8.2912],[124.1626,-8.3123],[124.1328,-8.3441],[124.0909,-8.3739],[124.085,-8.3136],[124.0607,-8.2931],[124.0064,-8.3293],[123.9638,-8.3495],[123.9441,-8.3913],[123.9356,-8.4232],[123.9137,-8.437],[123.9462,-8.4594],[123.9521,-8.4455],[123.9829,-8.4201],[124.0338,-8.4205],[124.0552,-8.4779],[124.0655,-8.491],[124.0539,-8.5222],[124.0557,-8.5442],[124.0973,-8.5444]]],[[[123.8366,-8.3814],[123.8081,-8.3727],[123.8134,-8.4086],[123.8376,-8.4107],[123.8366,-8.3814]]],[[[123.3865,-8.5808],[123.4234,-8.5741],[123.4475,-8.5314],[123.4901,-8.5128],[123.5065,-8.5164],[123.5105,-8.5507],[123.5477,-8.5672],[123.5841,-8.5387],[123.5818,-8.5003],[123.5537,-8.4653],[123.6142,-8.4192],[123.6249,-8.4017],[123.6483,-8.4002],[123.6508,-8.4247],[123.672,-8.424],[123.6949,-8.4056],[123.7001,-8.3845],[123.7314,-8.3465],[123.7399,-8.319],[123.7703,-8.2841],[123.8047,-8.2691],[123.8319,-8.275],[123.8737,-8.2697],[123.9181,-8.2532],[123.9248,-8.2441],[123.9072,-8.2122],[123.8785,-8.2078],[123.8518,-8.2193],[123.8084,-8.1764],[123.7823,-8.1672],[123.7534,-8.1838],[123.7376,-8.2029],[123.6973,-8.2234],[123.6991,-8.2518],[123.668,-8.2534],[123.6572,-8.2215],[123.6325,-8.2138],[123.6073,-8.2382],[123.6279,-8.2467],[123.6305,-8.2934],[123.602,-8.2838],[123.5752,-8.285],[123.5761,-8.3106],[123.5994,-8.3265],[123.5862,-8.3497],[123.5539,-8.3657],[123.5179,-8.3489],[123.4974,-8.3527],[123.5177,-8.3077],[123.5307,-8.3026],[123.5471,-8.2541],[123.5382,-8.2319],[123.4952,-8.2395],[123.4647,-8.2651],[123.4359,-8.2699],[123.4075,-8.2502],[123.3662,-8.2784],[123.3752,-8.2958],[123.4049,-8.2891],[123.4308,-8.2942],[123.473,-8.335],[123.4323,-8.3656],[123.3977,-8.3667],[123.3812,-8.3819],[123.3393,-8.3959],[123.2907,-8.4621],[123.2342,-8.5071],[123.2073,-8.5153],[123.2192,-8.5459],[123.2503,-8.5382],[123.2919,-8.5469],[123.3136,-8.5252],[123.3449,-8.5355],[123.3547,-8.5606],[123.3865,-8.5808]]],[[[117.7306,-8.4831],[117.7012,-8.4948],[117.7138,-8.5352],[117.7468,-8.5693],[117.7584,-8.5469],[117.7394,-8.5283],[117.7306,-8.4831]]],[[[117.6589,-8.4486],[117.6514,-8.4476],[117.6365,-8.5096],[117.6671,-8.5138],[117.6741,-8.4662],[117.6589,-8.4486]]],[[[122.4184,-8.443],[122.3772,-8.4291],[122.3338,-8.4362],[122.3347,-8.4643],[122.3549,-8.4882],[122.389,-8.4978],[122.4151,-8.4769],[122.4184,-8.443]]],[[[119.2754,-8.4029],[119.2677,-8.4456],[119.2898,-8.4628],[119.307,-8.4329],[119.2754,-8.4029]]],[[[117.0473,-8.3845],[117.0222,-8.4068],[116.9825,-8.414],[116.9963,-8.43],[117.044,-8.4021],[117.0473,-8.3845]]],[[[119.8705,-8.3835],[119.8524,-8.3746],[119.8393,-8.3901],[119.866,-8.4017],[119.8705,-8.3835]]],[[[115.6234,-8.7547],[115.5963,-8.7239],[115.5792,-8.6859],[115.562,-8.6719],[115.5294,-8.6776],[115.4976,-8.672],[115.4477,-8.7221],[115.4555,-8.7371],[115.4934,-8.7731],[115.5234,-8.7916],[115.5871,-8.8195],[115.6106,-8.784],[115.6285,-8.7726],[115.6234,-8.7547]]],[[[119.6413,-8.6098],[119.6308,-8.6327],[119.6499,-8.6821],[119.6175,-8.7077],[119.6137,-8.7608],[119.6226,-8.7955],[119.6593,-8.7732],[119.6756,-8.8089],[119.6937,-8.8105],[119.7196,-8.7878],[119.7234,-8.7403],[119.6899,-8.7231],[119.7134,-8.6875],[119.7438,-8.6973],[119.7575,-8.6654],[119.8005,-8.6517],[119.805,-8.6253],[119.7623,-8.6156],[119.7187,-8.6214],[119.7042,-8.6532],[119.7082,-8.6698],[119.6736,-8.6878],[119.6585,-8.6569],[119.6653,-8.6209],[119.6413,-8.6098]]],[[[122.9949,-8.4985],[123.0223,-8.4764],[123.0501,-8.492],[123.0784,-8.4888],[123.1042,-8.472],[123.1484,-8.4616],[123.1641,-8.4314],[123.1426,-8.423],[123.1089,-8.4331],[123.0373,-8.4355],[123.0214,-8.4487],[122.9956,-8.4347],[122.9767,-8.436],[122.9526,-8.4602],[122.9454,-8.4932],[122.921,-8.501],[122.8852,-8.524],[122.8703,-8.5844],[122.886,-8.6091],[122.9115,-8.6112],[122.9421,-8.5886],[122.9534,-8.5526],[122.976,-8.5151],[122.9949,-8.4985]]],[[[117.9758,-8.6126],[117.9571,-8.6154],[117.9664,-8.6509],[118.0078,-8.6689],[117.9959,-8.6345],[117.9758,-8.6126]]],[[[119.4614,-8.4331],[119.4542,-8.4451],[119.4205,-8.4515],[119.4387,-8.4813],[119.4214,-8.5008],[119.4323,-8.5126],[119.4232,-8.5518],[119.3993,-8.5639],[119.3805,-8.5893],[119.3841,-8.6243],[119.4098,-8.6469],[119.4044,-8.6882],[119.3782,-8.7183],[119.4063,-8.722],[119.4372,-8.7496],[119.4527,-8.7459],[119.4373,-8.6677],[119.4691,-8.6267],[119.456,-8.6165],[119.4971,-8.5874],[119.5117,-8.5689],[119.5355,-8.6028],[119.5568,-8.5987],[119.5645,-8.5764],[119.5537,-8.5381],[119.5686,-8.5202],[119.5712,-8.4896],[119.5349,-8.4974],[119.5058,-8.4938],[119.4696,-8.4787],[119.4614,-8.4331]]],[[[118.7128,-8.7412],[118.7602,-8.6929],[118.7752,-8.7098],[118.8148,-8.7032],[118.85,-8.7284],[118.8827,-8.7073],[118.8824,-8.6883],[118.9063,-8.6802],[118.9545,-8.7219],[118.9658,-8.7439],[119.019,-8.7398],[119.0359,-8.7329],[119.0957,-8.7489],[119.1149,-8.7328],[119.128,-8.752],[119.1474,-8.7289],[119.1486,-8.7082],[119.1681,-8.7004],[119.1575,-8.6723],[119.1585,-8.6383],[119.1756,-8.5864],[119.1465,-8.5883],[119.1276,-8.622],[119.0799,-8.6508],[119.0548,-8.6525],[119.0317,-8.6335],[119.0368,-8.5958],[119.0134,-8.5592],[119.013,-8.5378],[119.0368,-8.5265],[119.0488,-8.4866],[119.036,-8.4403],[118.991,-8.3706],[118.9891,-8.3445],[119.0007,-8.3104],[118.8896,-8.2845],[118.8588,-8.2895],[118.8345,-8.2815],[118.8002,-8.2872],[118.7652,-8.3098],[118.7551,-8.3296],[118.7325,-8.3404],[118.729,-8.3586],[118.7015,-8.3903],[118.6987,-8.4082],[118.7248,-8.4361],[118.7208,-8.4707],[118.707,-8.5071],[118.6877,-8.5186],[118.6603,-8.511],[118.6644,-8.4883],[118.6865,-8.4598],[118.6929,-8.4201],[118.6907,-8.3584],[118.6575,-8.3001],[118.6205,-8.2872],[118.606,-8.2747],[118.5587,-8.2634],[118.5135,-8.2609],[118.4949,-8.2432],[118.4636,-8.2459],[118.4101,-8.2965],[118.3884,-8.3043],[118.3887,-8.3285],[118.3383,-8.3452],[118.3352,-8.3654],[118.2908,-8.3678],[118.2335,-8.3323],[118.218,-8.2841],[118.1844,-8.2682],[118.1625,-8.2417],[118.1604,-8.2103],[118.1469,-8.1998],[118.1465,-8.139],[118.0913,-8.1118],[118.0807,-8.1003],[118.0442,-8.1077],[118.0062,-8.094],[117.9606,-8.1072],[117.9437,-8.0839],[117.9238,-8.0801],[117.9011,-8.0942],[117.8684,-8.1012],[117.8291,-8.1294],[117.7866,-8.1239],[117.7666,-8.1428],[117.719,-8.164],[117.6942,-8.2414],[117.7114,-8.2427],[117.7423,-8.2795],[117.7644,-8.2894],[117.7747,-8.3112],[117.817,-8.3514],[117.9041,-8.4173],[117.9683,-8.4471],[117.9863,-8.4657],[118.0395,-8.4519],[118.0819,-8.4506],[118.1018,-8.4903],[118.1229,-8.4824],[118.1514,-8.516],[118.1801,-8.5324],[118.1872,-8.5632],[118.2308,-8.5518],[118.2713,-8.5865],[118.288,-8.6191],[118.2741,-8.6527],[118.2485,-8.6665],[118.1941,-8.672],[118.1662,-8.6522],[118.1099,-8.6567],[118.0884,-8.6522],[118.0384,-8.6739],[118.0092,-8.712],[117.9912,-8.7107],[117.963,-8.7429],[117.9334,-8.7246],[117.9019,-8.7366],[117.8885,-8.7234],[117.8934,-8.7005],[117.871,-8.6964],[117.8472,-8.7182],[117.8318,-8.7092],[117.8047,-8.7273],[117.7729,-8.7117],[117.7686,-8.6659],[117.7491,-8.6446],[117.7538,-8.5896],[117.727,-8.5882],[117.7372,-8.5637],[117.6958,-8.5746],[117.6531,-8.5637],[117.6266,-8.534],[117.6253,-8.4989],[117.6348,-8.4651],[117.6246,-8.4432],[117.5838,-8.4261],[117.5673,-8.4086],[117.4725,-8.415],[117.4356,-8.4108],[117.3952,-8.4715],[117.3309,-8.4414],[117.2621,-8.4163],[117.2366,-8.3995],[117.2019,-8.4063],[117.1756,-8.3764],[117.1551,-8.3643],[117.1428,-8.3779],[117.1055,-8.3728],[117.0911,-8.414],[117.0667,-8.4352],[117.0405,-8.4451],[117.024,-8.4636],[117.0045,-8.5055],[116.9945,-8.4881],[116.9563,-8.4981],[116.9447,-8.517],[116.9162,-8.5265],[116.8788,-8.5259],[116.8333,-8.5575],[116.8177,-8.5788],[116.7885,-8.5896],[116.7704,-8.6288],[116.7589,-8.6745],[116.7737,-8.6747],[116.7859,-8.7208],[116.7662,-8.7366],[116.8114,-8.7906],[116.8109,-8.8219],[116.7712,-8.8326],[116.7679,-8.8555],[116.7349,-8.8664],[116.7252,-8.911],[116.7517,-8.9241],[116.7266,-8.9581],[116.7395,-8.997],[116.7881,-9.0357],[116.808,-9.0325],[116.8973,-9.0649],[116.9225,-9.0521],[116.9541,-9.0584],[116.9705,-9.0797],[117.0044,-9.0933],[117.0153,-9.1097],[117.0575,-9.1042],[117.0999,-9.0896],[117.1351,-9.084],[117.1347,-9.0701],[117.1633,-9.0489],[117.1752,-9.0257],[117.2209,-9.0202],[117.271,-9.0413],[117.3068,-9.0422],[117.3295,-9.055],[117.4104,-9.0494],[117.4589,-9.0245],[117.5004,-9.0197],[117.5294,-9.001],[117.5602,-8.996],[117.6058,-8.9661],[117.6676,-8.9377],[117.6772,-8.9239],[117.7338,-8.9161],[117.7533,-8.9316],[117.7759,-8.9312],[117.7957,-8.906],[117.8171,-8.899],[117.834,-8.9189],[117.8842,-8.9437],[117.8959,-8.9224],[117.9183,-8.9186],[117.9352,-8.8991],[117.9544,-8.906],[117.9827,-8.8929],[118.0041,-8.8565],[118.0371,-8.8577],[118.0795,-8.8402],[118.0925,-8.8593],[118.1254,-8.8783],[118.1588,-8.8588],[118.185,-8.8541],[118.2097,-8.8325],[118.2215,-8.8068],[118.2489,-8.7946],[118.2594,-8.7746],[118.2838,-8.7693],[118.2873,-8.7404],[118.3266,-8.7249],[118.3587,-8.6832],[118.3771,-8.6947],[118.406,-8.6723],[118.391,-8.6623],[118.3803,-8.6245],[118.4224,-8.6261],[118.4331,-8.6737],[118.4183,-8.6923],[118.4281,-8.712],[118.4072,-8.7591],[118.3863,-8.7639],[118.3795,-8.8276],[118.4003,-8.858],[118.4515,-8.8849],[118.5193,-8.8785],[118.558,-8.8477],[118.6025,-8.8396],[118.6373,-8.8137],[118.6652,-8.8061],[118.7001,-8.8069],[118.7075,-8.7979],[118.7615,-8.8037],[118.818,-8.8369],[118.8442,-8.8422],[118.9036,-8.8436],[118.9561,-8.8181],[118.944,-8.7885],[118.9206,-8.7863],[118.9112,-8.7679],[118.8676,-8.7629],[118.8349,-8.7714],[118.8106,-8.7629],[118.7387,-8.765],[118.7128,-8.7412]]],[[[116.3003,-8.9104],[116.3507,-8.9051],[116.3665,-8.9251],[116.3757,-8.9556],[116.3965,-8.947],[116.3934,-8.9261],[116.4049,-8.8996],[116.392,-8.8569],[116.427,-8.8258],[116.4588,-8.8295],[116.4482,-8.8994],[116.4358,-8.9198],[116.4718,-8.9214],[116.516,-8.8973],[116.5406,-8.9035],[116.567,-8.8916],[116.5767,-8.86],[116.545,-8.8554],[116.5413,-8.8327],[116.498,-8.8423],[116.4946,-8.8142],[116.5101,-8.779],[116.5459,-8.7526],[116.5563,-8.7211],[116.6208,-8.6267],[116.6255,-8.602],[116.6671,-8.5556],[116.6577,-8.5324],[116.6658,-8.5135],[116.6615,-8.4876],[116.7112,-8.4428],[116.7103,-8.4143],[116.7224,-8.3965],[116.725,-8.3675],[116.7151,-8.3465],[116.692,-8.3333],[116.6594,-8.294],[116.6212,-8.2807],[116.5999,-8.2813],[116.5318,-8.2541],[116.506,-8.2555],[116.4602,-8.2271],[116.3891,-8.2172],[116.371,-8.2104],[116.3268,-8.219],[116.293,-8.2399],[116.2537,-8.2544],[116.1943,-8.3051],[116.1788,-8.3402],[116.1532,-8.3434],[116.1198,-8.3703],[116.1019,-8.3934],[116.0535,-8.4091],[116.0321,-8.4468],[116.0339,-8.485],[116.0664,-8.5268],[116.0745,-8.6144],[116.0684,-8.6771],[116.0567,-8.7245],[116.0729,-8.7384],[116.044,-8.766],[116.0295,-8.7394],[116.0148,-8.7506],[115.9898,-8.7305],[115.9493,-8.7454],[115.9355,-8.7698],[115.9074,-8.7731],[115.8669,-8.7462],[115.869,-8.7296],[115.8399,-8.7274],[115.8244,-8.7575],[115.834,-8.8135],[115.859,-8.825],[115.9022,-8.8305],[115.9184,-8.8455],[115.9334,-8.8334],[115.9636,-8.8619],[115.972,-8.879],[115.9967,-8.8881],[116.0081,-8.9043],[116.0273,-8.8821],[116.077,-8.8852],[116.0839,-8.8731],[116.1505,-8.8629],[116.1678,-8.91],[116.215,-8.9019],[116.2338,-8.9151],[116.2797,-8.8934],[116.3003,-8.9104]]],[[[121.1362,-8.9011],[121.1708,-8.8871],[121.199,-8.8944],[121.2685,-8.8864],[121.2993,-8.9076],[121.3421,-8.9053],[121.3689,-8.8785],[121.3676,-8.8248],[121.3886,-8.7891],[121.5456,-8.8096],[121.5675,-8.7978],[121.5869,-8.8029],[121.6092,-8.8257],[121.633,-8.8333],[121.6425,-8.8493],[121.6272,-8.8991],[121.644,-8.9059],[121.6619,-8.8862],[121.6612,-8.8555],[121.6827,-8.8463],[121.7068,-8.8542],[121.7371,-8.8768],[121.7728,-8.8817],[121.8496,-8.8512],[121.8581,-8.8372],[121.8841,-8.8281],[121.9246,-8.8316],[121.9691,-8.8124],[122.0311,-8.7952],[122.0525,-8.7681],[122.075,-8.7594],[122.0961,-8.7362],[122.1463,-8.7282],[122.1816,-8.7325],[122.196,-8.75],[122.2376,-8.7421],[122.284,-8.7545],[122.3123,-8.7407],[122.3828,-8.7447],[122.4532,-8.7367],[122.5397,-8.7013],[122.5572,-8.6663],[122.6182,-8.6555],[122.6297,-8.64],[122.6545,-8.637],[122.6777,-8.6221],[122.7258,-8.6253],[122.7523,-8.6048],[122.7727,-8.6124],[122.8318,-8.5891],[122.8419,-8.5715],[122.8381,-8.5296],[122.7902,-8.4843],[122.7796,-8.4512],[122.7976,-8.4221],[122.8253,-8.4291],[122.8602,-8.4527],[122.8876,-8.4486],[122.8932,-8.4204],[122.8784,-8.3844],[122.9138,-8.3285],[122.9291,-8.328],[122.9645,-8.3519],[122.9829,-8.3472],[123.0206,-8.3156],[123.0184,-8.2814],[122.9976,-8.2696],[122.9796,-8.2151],[122.9646,-8.2024],[122.9715,-8.1742],[122.9722,-8.1329],[122.9353,-8.1087],[122.8915,-8.0872],[122.8666,-8.0634],[122.7971,-8.109],[122.7827,-8.1079],[122.7849,-8.1503],[122.7618,-8.1781],[122.7595,-8.1942],[122.7319,-8.2266],[122.7878,-8.2355],[122.8091,-8.1983],[122.8909,-8.1753],[122.9184,-8.1939],[122.9191,-8.208],[122.8949,-8.2566],[122.8931,-8.2775],[122.8721,-8.2937],[122.8511,-8.2902],[122.8107,-8.2981],[122.789,-8.3166],[122.7678,-8.3611],[122.7239,-8.3603],[122.6688,-8.3891],[122.6347,-8.3813],[122.6036,-8.3924],[122.5479,-8.4642],[122.4913,-8.473],[122.4789,-8.4936],[122.4968,-8.5172],[122.5185,-8.5284],[122.5176,-8.5471],[122.4863,-8.5837],[122.4616,-8.6031],[122.3598,-8.6125],[122.3296,-8.6185],[122.2964,-8.6424],[122.2513,-8.6327],[122.2213,-8.62],[122.196,-8.5994],[122.1594,-8.5558],[122.0979,-8.5294],[122.0603,-8.5232],[122.0163,-8.5296],[122.0092,-8.4871],[122.0253,-8.447],[121.9457,-8.4629],[121.913,-8.4957],[121.8713,-8.4988],[121.8436,-8.482],[121.8311,-8.5],[121.8003,-8.5106],[121.7257,-8.4945],[121.6802,-8.512],[121.6652,-8.4967],[121.6419,-8.4988],[121.6296,-8.4713],[121.6076,-8.4833],[121.6015,-8.5409],[121.577,-8.539],[121.5406,-8.6003],[121.5234,-8.6139],[121.5051,-8.6003],[121.4762,-8.5641],[121.4606,-8.5642],[121.419,-8.5921],[121.4045,-8.5718],[121.3676,-8.5627],[121.3438,-8.5472],[121.3254,-8.5236],[121.3078,-8.4816],[121.2681,-8.4639],[121.244,-8.4688],[121.217,-8.4615],[121.1914,-8.438],[121.1659,-8.4435],[121.1455,-8.4297],[121.115,-8.4284],[121.0736,-8.4126],[121.0236,-8.4141],[121.0103,-8.3921],[120.9896,-8.3921],[120.9789,-8.3756],[120.9859,-8.3526],[120.9575,-8.3436],[120.9383,-8.3557],[120.9057,-8.357],[120.8821,-8.3494],[120.8544,-8.3577],[120.8086,-8.3386],[120.7825,-8.3455],[120.7624,-8.3362],[120.7353,-8.3493],[120.69,-8.3296],[120.6772,-8.3096],[120.628,-8.268],[120.6053,-8.2773],[120.5908,-8.2971],[120.5629,-8.3008],[120.5297,-8.2723],[120.4955,-8.2923],[120.467,-8.2955],[120.4441,-8.2502],[120.4137,-8.2514],[120.4079,-8.2807],[120.3607,-8.2955],[120.3373,-8.2822],[120.261,-8.2827],[120.2394,-8.3019],[120.2005,-8.3056],[120.1623,-8.3689],[120.1281,-8.3637],[120.1168,-8.3718],[120.1164,-8.404],[120.1256,-8.4176],[120.0915,-8.441],[120.0772,-8.4106],[120.0833,-8.3873],[120.0638,-8.3783],[120.04,-8.3973],[120.0192,-8.3841],[119.9979,-8.4172],[120.0066,-8.4462],[119.9914,-8.4601],[119.9727,-8.4422],[119.9391,-8.4553],[119.9075,-8.4756],[119.8773,-8.4589],[119.8824,-8.4302],[119.8608,-8.4322],[119.8609,-8.4533],[119.8815,-8.4779],[119.8736,-8.5174],[119.8051,-8.5707],[119.8113,-8.6611],[119.7965,-8.7021],[119.8017,-8.7111],[119.8005,-8.7649],[119.8365,-8.8005],[119.8866,-8.815],[119.886,-8.8518],[119.9113,-8.8673],[119.9252,-8.8331],[119.9478,-8.8203],[119.9694,-8.8261],[119.9977,-8.8179],[120.0455,-8.8138],[120.1107,-8.7907],[120.1504,-8.7847],[120.1712,-8.7917],[120.1905,-8.8136],[120.233,-8.8443],[120.2978,-8.8443],[120.3147,-8.8552],[120.3374,-8.8341],[120.3718,-8.8192],[120.3914,-8.8262],[120.4379,-8.8136],[120.4899,-8.8214],[120.5284,-8.813],[120.6075,-8.8209],[120.6326,-8.8571],[120.6559,-8.8701],[120.6898,-8.8709],[120.7024,-8.8819],[120.746,-8.8932],[120.7854,-8.8732],[120.789,-8.8405],[120.8164,-8.8418],[120.8372,-8.8288],[120.8542,-8.8407],[120.8736,-8.8869],[120.9134,-8.9206],[120.9535,-8.9429],[120.9866,-8.9514],[121.0361,-8.9556],[121.1362,-8.9011]]],[[[115.5102,-8.5212],[115.5346,-8.5002],[115.5808,-8.5151],[115.6102,-8.5031],[115.6353,-8.4622],[115.6719,-8.4451],[115.7113,-8.4007],[115.7108,-8.3778],[115.6982,-8.3585],[115.6642,-8.3374],[115.6297,-8.3242],[115.6188,-8.3001],[115.5941,-8.277],[115.5582,-8.2313],[115.5094,-8.2052],[115.4837,-8.1795],[115.4537,-8.1624],[115.4161,-8.1521],[115.3898,-8.1358],[115.358,-8.1283],[115.3391,-8.1115],[115.2946,-8.1047],[115.2648,-8.088],[115.2047,-8.0735],[115.1863,-8.062],[115.1592,-8.0641],[115.1163,-8.0817],[115.0652,-8.1216],[115.0487,-8.144],[114.9862,-8.1805],[114.9284,-8.181],[114.876,-8.1954],[114.8423,-8.1908],[114.7503,-8.1694],[114.6937,-8.1443],[114.6559,-8.1437],[114.6458,-8.131],[114.5867,-8.1197],[114.5507,-8.1335],[114.5314,-8.1512],[114.4938,-8.0957],[114.4518,-8.0926],[114.4327,-8.1191],[114.445,-8.1568],[114.4387,-8.1843],[114.4485,-8.2188],[114.4845,-8.2769],[114.5206,-8.3125],[114.5276,-8.338],[114.5757,-8.3843],[114.5815,-8.3983],[114.6324,-8.4076],[114.6798,-8.3989],[114.7335,-8.3958],[114.7901,-8.4091],[114.825,-8.4348],[114.8495,-8.439],[114.9323,-8.4756],[114.9708,-8.5057],[114.9963,-8.5335],[115.0588,-8.5801],[115.0832,-8.6081],[115.1,-8.6404],[115.1437,-8.6718],[115.1691,-8.7207],[115.1595,-8.7503],[115.1608,-8.7824],[115.1422,-8.7803],[115.116,-8.8035],[115.0885,-8.8147],[115.0891,-8.8382],[115.1114,-8.8455],[115.1673,-8.8493],[115.2173,-8.833],[115.2367,-8.8029],[115.2239,-8.7695],[115.2083,-8.7856],[115.1809,-8.76],[115.1862,-8.7417],[115.2138,-8.7268],[115.2293,-8.7526],[115.2467,-8.7362],[115.2391,-8.7173],[115.2641,-8.7061],[115.2607,-8.669],[115.2685,-8.6548],[115.371,-8.5748],[115.4301,-8.5755],[115.4659,-8.5541],[115.5084,-8.5415],[115.5102,-8.5212]]],[[[138.9943,-8.3098],[138.985,-8.2871],[138.9753,-8.2921],[138.9543,-8.2958],[138.9366,-8.3052],[138.9519,-8.3275],[138.9766,-8.3281],[138.9943,-8.3098]]],[[[138.8484,-8.2276],[138.8481,-8.2527],[138.8612,-8.266],[138.8912,-8.2667],[138.8867,-8.2386],[138.8512,-8.2051],[138.8484,-8.2276]]],[[[127.1962,-8.0988],[127.2094,-8.0503],[127.1997,-8.0281],[127.1732,-8.0273],[127.1497,-8.0508],[127.1609,-8.0966],[127.1962,-8.0988]]],[[[138.8514,-8.342],[138.85139999999973,-8.34200000000056],[138.8468,-8.3793],[138.8544,-8.3911],[138.9014,-8.3847],[138.9146,-8.3598],[138.9169,-8.3084],[138.9018,-8.2883],[138.8582,-8.2886],[138.8514,-8.342]]],[[[138.85139999999973,-8.34200000000056],[138.8514,-8.342],[138.8516,-8.2688],[138.8426,-8.248],[138.8462,-8.1989],[138.8392,-8.1741],[138.8155,-8.138],[138.7498,-8.1646],[138.679,-8.1701],[138.6636,-8.235],[138.5704,-8.3083],[138.5524,-8.3363],[138.5673,-8.3556],[138.6157,-8.3667],[138.6725,-8.369],[138.7312,-8.3856],[138.7976,-8.3792],[138.8414,-8.3804],[138.85139999999973,-8.34200000000056]]],[[[123.0232,-8.4041],[123.0532,-8.3983],[123.1092,-8.4028],[123.1291,-8.3908],[123.179,-8.3852],[123.2762,-8.3954],[123.2973,-8.3844],[123.3077,-8.3604],[123.305,-8.2966],[123.3338,-8.2643],[123.3011,-8.2463],[123.276,-8.2505],[123.2432,-8.2255],[123.2279,-8.2398],[123.1923,-8.2338],[123.1603,-8.2414],[123.1489,-8.2322],[123.1092,-8.2652],[123.0796,-8.2757],[123.0284,-8.3121],[122.999,-8.3681],[123.0007,-8.4101],[123.0232,-8.4041]]],[[[121.7463,-8.3313],[121.7288,-8.2962],[121.707,-8.292],[121.6854,-8.3051],[121.6786,-8.34],[121.6928,-8.3501],[121.728,-8.3533],[121.7463,-8.3313]]],[[[124.366,-8.3195],[124.3694,-8.2822],[124.3389,-8.2758],[124.3156,-8.2962],[124.3296,-8.324],[124.366,-8.3195]]],[[[124.4494,-8.4451],[124.4826,-8.423],[124.5254,-8.4225],[124.5358,-8.4396],[124.5905,-8.4328],[124.6618,-8.3902],[124.7174,-8.4049],[124.7738,-8.4053],[124.8066,-8.3964],[124.8813,-8.3655],[124.9498,-8.3558],[124.9691,-8.36],[125.0143,-8.3531],[125.0622,-8.357],[125.0772,-8.3476],[125.1259,-8.3371],[125.1409,-8.3192],[125.1283,-8.2821],[125.1428,-8.2505],[125.1345,-8.2188],[125.1127,-8.1931],[125.0991,-8.1499],[125.0251,-8.1492],[124.9974,-8.157],[124.9543,-8.1456],[124.9198,-8.1632],[124.8614,-8.1669],[124.8132,-8.1647],[124.786,-8.149],[124.7518,-8.1466],[124.7248,-8.1561],[124.6942,-8.1569],[124.5972,-8.1925],[124.5929,-8.1422],[124.5851,-8.125],[124.5144,-8.1237],[124.477,-8.1281],[124.4002,-8.2148],[124.4069,-8.2677],[124.4533,-8.2547],[124.5139,-8.2186],[124.533,-8.2176],[124.5394,-8.2388],[124.4754,-8.2547],[124.4276,-8.2909],[124.407,-8.2954],[124.4037,-8.318],[124.365,-8.3723],[124.3415,-8.3915],[124.3399,-8.4157],[124.3624,-8.4424],[124.4174,-8.4386],[124.4494,-8.4451]]],[[[117.6831,-8.1886],[117.6824,-8.1648],[117.6648,-8.1508],[117.6064,-8.1548],[117.5591,-8.144],[117.5165,-8.1609],[117.4855,-8.1827],[117.4793,-8.2081],[117.488,-8.2281],[117.4789,-8.2574],[117.5079,-8.277],[117.4931,-8.3168],[117.4765,-8.3321],[117.4705,-8.3568],[117.5282,-8.3896],[117.5703,-8.3353],[117.5862,-8.2817],[117.6043,-8.2684],[117.609,-8.2407],[117.6599,-8.1983],[117.6831,-8.1886]]],[[[128.1288,-8.2764],[128.1508,-8.2816],[128.2059,-8.2797],[128.2313,-8.2693],[128.2197,-8.2209],[128.1918,-8.2004],[128.1479,-8.2159],[128.1221,-8.2166],[128.0927,-8.206],[128.0757,-8.246],[128.0805,-8.2662],[128.1288,-8.2764]]],[[[129.0131,-8.2491],[129.0325,-8.2283],[129.0287,-8.2033],[128.993,-8.1943],[128.9634,-8.1752],[128.9263,-8.1807],[128.8635,-8.1743],[128.8222,-8.1941],[128.8629,-8.2198],[128.9277,-8.2364],[128.9526,-8.2139],[128.9793,-8.235],[129.0131,-8.2491]]],[[[130.7793,-8.3363],[130.8201,-8.3363],[130.8295,-8.3158],[130.8822,-8.2938],[130.9011,-8.2805],[130.8921,-8.2395],[130.9247,-8.2245],[130.9674,-8.2226],[130.9897,-8.2287],[131.0406,-8.1949],[131.0551,-8.1983],[131.084,-8.1765],[131.1452,-8.1502],[131.1705,-8.1204],[131.1677,-8.1096],[131.128,-8.1079],[131.1091,-8.13],[131.0835,-8.107],[131.0166,-8.0751],[130.9748,-8.1315],[130.9172,-8.1392],[130.9174,-8.1669],[130.9273,-8.2032],[130.8864,-8.2121],[130.8223,-8.2568],[130.8018,-8.278],[130.7793,-8.3363]]],[[[128.0602,-8.1466],[127.9923,-8.1423],[127.9287,-8.1439],[127.9163,-8.1307],[127.844,-8.1201],[127.8038,-8.1053],[127.7546,-8.1104],[127.7759,-8.1426],[127.7858,-8.1863],[127.814,-8.2032],[127.8636,-8.2198],[127.8975,-8.2164],[127.9362,-8.2214],[127.952,-8.2489],[128.0035,-8.2622],[128.0341,-8.2623],[128.0437,-8.2327],[128.0615,-8.2191],[128.0719,-8.1937],[128.1094,-8.1753],[128.1184,-8.1558],[128.0988,-8.1422],[128.0602,-8.1466]]],[[[127.6299,-8.2395],[127.6567,-8.2377],[127.7114,-8.2144],[127.741,-8.21],[127.74,-8.1784],[127.6938,-8.1562],[127.6667,-8.1597],[127.6001,-8.2068],[127.6299,-8.2395]]],[[[119.073,-8.1314],[119.0552,-8.127],[119.0125,-8.1539],[119.0001,-8.1791],[119.0003,-8.2297],[119.0122,-8.2471],[119.0506,-8.2618],[119.0832,-8.2543],[119.115,-8.2233],[119.1232,-8.1864],[119.1128,-8.1565],[119.0898,-8.1332],[119.073,-8.1314]]],[[[129.8044,-8.2074],[129.8256,-8.2142],[129.8711,-8.1547],[129.8521,-8.1358],[129.8289,-8.16],[129.8234,-8.1852],[129.8044,-8.2074]]],[[[129.9029,-8.1286],[129.9246,-8.0984],[129.9095,-8.0902],[129.8734,-8.1233],[129.9029,-8.1286]]],[[[97.8885,-0.1062],[97.8988,-0.1006],[97.8893,-0.0611],[97.8377,-0.0696],[97.857,-0.0913],[97.8885,-0.1062]]],[[[98.7818,0.0962],[98.8481,0.0843],[98.8545,0.1156],[98.8423,0.1346],[98.8004,0.1703],[98.7227,0.1572],[98.7123,0.1772],[98.6806,0.1685],[98.6155,0.1808],[98.5663,0.1735],[98.5263,0.133],[98.5356,0.103],[98.6024,0.0935],[98.654,0.0732],[98.6734,0.081],[98.7429,0.0767],[98.7818,0.0962]]],[[[98.3267,-0.0546],[98.2955,-0.0709],[98.3248,-0.0903],[98.3454,-0.081],[98.3267,-0.0546]]],[[[98.2906,-0.0792],[98.2837,-0.0462],[98.2631,-0.058],[98.2906,-0.0792]]],[[[95.0753,5.6666],[95.1179,5.6722],[95.1054,5.7126],[95.0457,5.7368],[95.0394,5.7037],[95.0753,5.6666]]],[[[95.3414,5.784],[95.3538,5.8279],[95.3781,5.8284],[95.3555,5.8645],[95.349,5.8867],[95.3257,5.9014],[95.3041,5.8399],[95.2655,5.8571],[95.253,5.8803],[95.2245,5.906],[95.2206,5.873],[95.2592,5.8377],[95.2585,5.8256],[95.2818,5.7835],[95.3286,5.7717],[95.3414,5.784]]],[[[95.157608,5.6457],[95.1189,5.6151],[95.1295,5.5938],[95.1554,5.5942],[95.1791,5.621],[95.15760470588236,5.64568823529411],[95.157608,5.6457]]],[[[97.3598,0.8118],[97.3496,0.842],[97.3332,0.8266],[97.3598,0.8118]]],[[[117.8713,1.9329],[117.8742,1.958],[117.8276,1.9493],[117.836,1.9117],[117.8599,1.8928],[117.8713,1.9329]]],[[[101.3981,1.8277],[101.3936,1.7912],[101.4121,1.797],[101.3981,1.8277]]],[[[125.0589,1.8064],[125.0876,1.8393],[125.088,1.8828],[125.0556,1.8351],[125.0589,1.8064]]],[[[98.5255,1.649],[98.4919,1.656],[98.5054,1.6814],[98.4821,1.7034],[98.456,1.702],[98.4415,1.6696],[98.4439,1.6513],[98.5003,1.6241],[98.5381,1.6335],[98.5638,1.6152],[98.6058,1.6307],[98.56,1.6781],[98.5255,1.649]]],[[[128.164,2.2882],[128.1768,2.3147],[128.1852,2.3658],[128.1665,2.4127],[128.1434,2.3894],[128.1451,2.3755],[128.1249,2.3335],[128.1437,2.2953],[128.164,2.2882]]],[[[106.2172,2.8081],[106.2233,2.7666],[106.2152,2.7479],[106.2381,2.7337],[106.249,2.7507],[106.2306,2.7964],[106.2172,2.8081]]],[[[125.4229,2.3168],[125.4406,2.318],[125.4668,2.3492],[125.4581,2.3659],[125.4224,2.3806],[125.4002,2.3686],[125.3848,2.3818],[125.3691,2.3624],[125.3866,2.3323],[125.4229,2.3168]]],[[[109.1175,2.5105],[109.121,2.5275],[109.0777,2.5208],[109.0289,2.5368],[109.0074,2.56],[108.9785,2.5566],[108.9793,2.5211],[109.0053,2.5321],[109.0217,2.5221],[109.007,2.4895],[109.0292,2.482],[109.0545,2.4955],[109.0911,2.4985],[109.1175,2.5105]]],[[[125.3629,2.2878],[125.3777,2.2907],[125.3816,2.3239],[125.3569,2.3216],[125.3428,2.305],[125.3629,2.2878]]],[[[125.3773,2.6523],[125.4123,2.6321],[125.4319,2.6492],[125.3927,2.6825],[125.4086,2.7295],[125.4515,2.7534],[125.4534,2.7819],[125.4279,2.8078],[125.3926,2.8101],[125.3754,2.7973],[125.3595,2.7376],[125.361,2.7147],[125.3773,2.6523]]],[[[96.6846,2.0942],[96.6768,2.1117],[96.6528,2.1226],[96.6243,2.1197],[96.6105,2.1037],[96.6153,2.0746],[96.6484,2.0563],[96.6756,2.0728],[96.6846,2.0942]]],[[[97.1675,2.075],[97.1341,2.1119],[97.1037,2.1162],[97.1017,2.0922],[97.0851,2.0913],[97.1164,2.0215],[97.1309,2.0465],[97.1601,2.0602],[97.1675,2.075]]],[[[100.8355,2.0363],[100.8684,2.0028],[100.8851,2.0049],[100.8805,2.0333],[100.8508,2.0666],[100.8063,2.098],[100.8063,2.074],[100.8355,2.0363]]],[[[117.7756,2.0732],[117.773,2.0983],[117.7368,2.0841],[117.7128,2.079],[117.722,2.0612],[117.7553,2.0316],[117.7847,2.022],[117.7881,2.0348],[117.7859,2.047],[117.7799,2.0509],[117.7732,2.0472],[117.7639,2.049],[117.7517,2.0573],[117.7571,2.073],[117.7756,2.0732]]],[[[117.8929,2.0595],[117.8479,2.0812],[117.833,2.0953],[117.8226,2.0795],[117.8241,2.0721],[117.816,2.0599],[117.8054,2.0557],[117.8011,2.0272],[117.8427,2.0419],[117.8634,2.0363],[117.8929,2.0595]]],[[[117.8094,2.0871],[117.7956,2.1097],[117.7785,2.092],[117.7795,2.0724],[117.7521,2.0581],[117.7645,2.0498],[117.7741,2.048],[117.7804,2.0525],[117.7871,2.0467],[117.7881,2.0359],[117.8015,2.0419],[117.8051,2.057],[117.8129,2.0589],[117.8231,2.0716],[117.8094,2.0871]]],[[[125.359,2.0795],[125.3909,2.1125],[125.3541,2.1256],[125.3381,2.0941],[125.359,2.0795]]],[[[117.8558,2.0911],[117.9019,2.08],[117.8992,2.125],[117.8802,2.1394],[117.8645,2.1454],[117.8527,2.1301],[117.8292,2.1146],[117.8558,2.0911]]],[[[97.2299,2.2241],[97.2254,2.2073],[97.1987,2.2142],[97.1961,2.2283],[97.1275,2.2299],[97.1317,2.2024],[97.1497,2.2048],[97.1773,2.182],[97.2063,2.1867],[97.2228,2.1616],[97.2462,2.1482],[97.3189,2.0598],[97.3499,2.0417],[97.3504,2.0755],[97.3638,2.1012],[97.3507,2.128],[97.3467,2.1574],[97.3286,2.1793],[97.3109,2.1834],[97.3054,2.2304],[97.2427,2.2371],[97.2299,2.2241]]],[[[117.8036,2.1456],[117.8022,2.1751],[117.7805,2.182],[117.7515,2.1691],[117.7139,2.1629],[117.7294,2.1255],[117.735,2.0863],[117.8024,2.1207],[117.8036,2.1456]]],[[[96.631,2.1526],[96.6346,2.1864],[96.6096,2.1748],[96.631,2.1526]]],[[[117.8972,2.1505],[117.8745,2.1528],[117.8432,2.1684],[117.8264,2.1911],[117.8076,2.1697],[117.8097,2.128],[117.8297,2.1173],[117.8597,2.1455],[117.8666,2.1478],[117.8803,2.1426],[117.9005,2.1276],[117.9131,2.0985],[117.9567,2.1198],[117.9466,2.135],[117.8972,2.1505]]],[[[117.8718,2.1575],[117.8818,2.1754],[117.8541,2.1873],[117.8454,2.169],[117.8718,2.1575]]],[[[100.7117,2.2283],[100.7192,2.1776],[100.7414,2.1412],[100.78,2.125],[100.7771,2.1826],[100.7613,2.2083],[100.7515,2.2543],[100.7226,2.251],[100.7117,2.2283]]],[[[100.6351,2.2076],[100.6514,2.175],[100.6848,2.1595],[100.6728,2.1922],[100.6351,2.2076]]],[[[127.8023,2.2722],[127.7703,2.2829],[127.773,2.2197],[127.7952,2.2172],[127.8169,2.2299],[127.8254,2.2697],[127.8023,2.2722]]],[[[128.2934,2.0127],[128.3007,2.036],[128.3458,2.0376],[128.4006,2.0572],[128.4464,2.0613],[128.4707,2.0545],[128.5096,2.061],[128.551,2.1049],[128.5795,2.1167],[128.575,2.1363],[128.5933,2.175],[128.6247,2.2177],[128.6301,2.26],[128.6541,2.3112],[128.6413,2.3322],[128.6498,2.3675],[128.6637,2.3912],[128.6881,2.4116],[128.6927,2.46],[128.6877,2.5023],[128.6613,2.5215],[128.6144,2.5665],[128.6018,2.6025],[128.5826,2.6344],[128.5602,2.6419],[128.5463,2.6063],[128.5197,2.5762],[128.4615,2.5958],[128.433,2.5697],[128.4104,2.5271],[128.3974,2.5262],[128.3493,2.4945],[128.3227,2.4711],[128.2936,2.4274],[128.2988,2.4126],[128.2847,2.3722],[128.2415,2.3185],[128.203,2.2907],[128.2352,2.2519],[128.2493,2.2476],[128.2452,2.2151],[128.246,2.1237],[128.2534,2.0936],[128.2789,2.0876],[128.2932,2.0544],[128.2934,2.0127]]],[[[97.8197,0.5677],[97.8454,0.5741],[97.8604,0.5949],[97.8786,0.6012],[97.8952,0.6385],[97.8908,0.7668],[97.9119,0.7989],[97.8971,0.8217],[97.895,0.8572],[97.904,0.8968],[97.9451,0.9518],[97.9417,0.9762],[97.9192,1.0257],[97.8979,1.0533],[97.8655,1.0569],[97.8335,1.0931],[97.8283,1.1107],[97.8,1.1508],[97.7649,1.154],[97.6883,1.18],[97.6726,1.2232],[97.6518,1.2376],[97.6093,1.3123],[97.5784,1.3461],[97.5587,1.3762],[97.5414,1.3883],[97.5376,1.4217],[97.5227,1.4227],[97.4955,1.4495],[97.4888,1.4726],[97.4721,1.4794],[97.4408,1.4731],[97.4235,1.5168],[97.3955,1.4993],[97.3692,1.5311],[97.3502,1.5415],[97.3349,1.5222],[97.3516,1.5029],[97.344,1.4791],[97.2921,1.4475],[97.2777,1.4197],[97.2399,1.4075],[97.1841,1.3992],[97.1365,1.4319],[97.1139,1.4183],[97.1119,1.3989],[97.1493,1.3678],[97.1843,1.3227],[97.1961,1.2925],[97.2467,1.2517],[97.2562,1.2281],[97.2854,1.2044],[97.3201,1.1589],[97.3766,1.0649],[97.3942,1.0205],[97.4115,0.9471],[97.4839,0.9391],[97.5106,0.9206],[97.5077,0.9086],[97.5515,0.8862],[97.5578,0.867],[97.6024,0.8388],[97.6033,0.8238],[97.6313,0.8005],[97.6295,0.7894],[97.6547,0.7438],[97.6496,0.733],[97.6661,0.7008],[97.6613,0.6772],[97.6934,0.6244],[97.6829,0.5869],[97.7105,0.5613],[97.7322,0.5706],[97.7547,0.5539],[97.7789,0.5638],[97.8197,0.5677]]],[[[117.4662,2.9558],[117.499,2.961],[117.5048,2.9712],[117.5399,2.9692],[117.5573,2.9899],[117.5437,3.0119],[117.4816,2.9827],[117.4662,2.9558]]],[[[107.7883,2.9777],[107.8083,2.9914],[107.8044,3.0116],[107.7857,3.0214],[107.7533,3.008],[107.7543,2.9784],[107.7883,2.9777]]],[[[117.5511,3.0578],[117.5431,3.0678],[117.495,3.0649],[117.4451,3.0535],[117.4197,3.0302],[117.414,3.019],[117.3973,3.0178],[117.3789,3.0043],[117.3792,2.9908],[117.3588,2.9578],[117.4016,2.9568],[117.4204,2.9684],[117.4479,2.9649],[117.4595,3.005],[117.4757,3.0027],[117.509,3.0652],[117.5511,3.0578]]],[[[117.6195,3.0469],[117.5942,3.0564],[117.5551,3.0395],[117.5229,3.0409],[117.5236,3.0155],[117.5536,3.0163],[117.5751,2.9808],[117.6158,3.0157],[117.6195,3.0469]]],[[[117.5282,3.0574],[117.5008,3.0416],[117.5228,3.0291],[117.52,3.0393],[117.5282,3.0574]]],[[[108.8525,3.0121],[108.8704,3.021],[108.8689,3.0425],[108.8391,3.0505],[108.8525,3.0121]]],[[[117.4306,3.2567],[117.4383,3.2772],[117.3992,3.2748],[117.4108,3.2481],[117.4306,3.2567]]],[[[117.5674,3.0819],[117.5665,3.0925],[117.5241,3.098],[117.5186,3.0748],[117.5674,3.0819]]],[[[117.5527,3.0699],[117.5695,3.051],[117.6189,3.0668],[117.6038,3.0833],[117.5527,3.0699]]],[[[117.4677,3.1111],[117.4479,3.1225],[117.4285,3.1082],[117.4039,3.1095],[117.3952,3.0601],[117.4238,3.0361],[117.4677,3.1111]]],[[[117.4002,3.089],[117.3788,3.0968],[117.3758,3.1113],[117.3625,3.1082],[117.3698,3.0802],[117.3536,3.0491],[117.3828,3.0481],[117.4002,3.089]]],[[[106.3422,3.1243],[106.3407,3.1405],[106.3008,3.1496],[106.2867,3.1294],[106.3279,3.1126],[106.3422,3.1243]]],[[[106.2199,3.2192],[106.1973,3.2198],[106.2081,3.1902],[106.2038,3.1381],[106.2375,3.0958],[106.2599,3.0944],[106.2783,3.0802],[106.2867,3.1042],[106.2765,3.1266],[106.2915,3.161],[106.2777,3.1957],[106.2386,3.2288],[106.2199,3.2192]]],[[[117.6628,3.5548],[117.6141,3.5785],[117.5607,3.5882],[117.535,3.5616],[117.5819,3.555],[117.6232,3.5373],[117.6537,3.5424],[117.6628,3.5548]]],[[[117.4448,3.5627],[117.4573,3.5806],[117.3938,3.6136],[117.36,3.6053],[117.2935,3.5992],[117.299,3.5822],[117.3823,3.59],[117.4176,3.5837],[117.4448,3.5627]]],[[[117.5506,3.525],[117.4993,3.5453],[117.441,3.5503],[117.4417,3.5099],[117.4622,3.5157],[117.4851,3.4977],[117.504,3.5064],[117.5464,3.4712],[117.6055,3.4744],[117.6094,3.5],[117.5506,3.525]]],[[[117.8643,3.4464],[117.8738,3.4724],[117.8633,3.4845],[117.8508,3.5336],[117.8238,3.5705],[117.7985,3.5877],[117.7571,3.5638],[117.7511,3.5319],[117.7593,3.5144],[117.8452,3.4518],[117.8643,3.4464]]],[[[126.8203,3.729],[126.8516,3.7533],[126.8349,3.7939],[126.8034,3.834],[126.762,3.8545],[126.7435,3.842],[126.754,3.7864],[126.7855,3.746],[126.8203,3.729]]],[[[117.704,3.7814],[117.7242,3.7983],[117.7257,3.817],[117.6948,3.8128],[117.704,3.7814]]],[[[117.7888,3.8356],[117.7592,3.8656],[117.7268,3.8763],[117.7113,3.8639],[117.7247,3.8432],[117.7389,3.8401],[117.7352,3.8194],[117.7432,3.8065],[117.7832,3.79],[117.8228,3.7845],[117.8348,3.7943],[117.8155,3.8184],[117.7888,3.8356]]],[[[117.5344,3.5843],[117.549,3.5991],[117.5249,3.6148],[117.5066,3.594],[117.5344,3.5843]]],[[[108.1057,3.5947],[108.1252,3.6229],[108.095,3.6353],[108.0792,3.6147],[108.1057,3.5947]]],[[[117.5121,3.6354],[117.4566,3.6335],[117.4297,3.6244],[117.494,3.5974],[117.5147,3.6227],[117.5121,3.6354]]],[[[108.0488,3.6679],[108.0555,3.6378],[108.0821,3.634],[108.0748,3.6644],[108.0488,3.6679]]],[[[117.7404,3.6944],[117.7443,3.7065],[117.7328,3.7179],[117.7288,3.6862],[117.7221,3.679],[117.7155,3.6775],[117.7151,3.6747],[117.7103,3.6713],[117.7084,3.6667],[117.7116,3.6648],[117.7093,3.6605],[117.711,3.6488],[117.7184,3.6377],[117.7299,3.6324],[117.749,3.6414],[117.7679,3.6834],[117.7404,3.6944]]],[[[117.4741,3.6785],[117.485,3.7082],[117.4496,3.699],[117.4302,3.6753],[117.4741,3.6785]]],[[[117.7101,3.6648],[117.7081,3.665],[117.7081,3.6685],[117.7099,3.6719],[117.7149,3.6753],[117.7147,3.678],[117.7224,3.6799],[117.7288,3.6879],[117.7315,3.72],[117.7259,3.729],[117.7293,3.7404],[117.7118,3.7422],[117.6639,3.771],[117.5988,3.7734],[117.5594,3.7828],[117.5317,3.766],[117.5209,3.7744],[117.5049,3.765],[117.4973,3.774],[117.4838,3.7651],[117.4786,3.7573],[117.4783,3.7505],[117.4861,3.7446],[117.4858,3.7168],[117.5137,3.6808],[117.5556,3.6467],[117.5882,3.6293],[117.6664,3.6154],[117.7147,3.6319],[117.71,3.6484],[117.7085,3.6612],[117.7101,3.6648]]],[[[117.6928,3.7639],[117.6752,3.7744],[117.6644,3.7719],[117.7123,3.7429],[117.7308,3.7418],[117.7283,3.7324],[117.7428,3.715],[117.7528,3.6966],[117.7797,3.6855],[117.8242,3.7113],[117.8144,3.7209],[117.6928,3.7639]]],[[[127.1458,4.7477],[127.1308,4.7779],[127.1166,4.7631],[127.1135,4.733],[127.1458,4.7477]]],[[[107.983,4.695],[107.9946,4.7335],[107.9764,4.7424],[107.9671,4.7187],[107.9287,4.6802],[107.9648,4.6686],[107.983,4.695]]],[[[126.7062,3.8188],[126.6852,3.8691],[126.7002,3.8726],[126.7226,3.8986],[126.7154,3.9256],[126.6647,3.959],[126.647,3.9769],[126.6407,4.0233],[126.622,4.0373],[126.6121,4.0014],[126.6287,3.9833],[126.6377,3.9508],[126.6585,3.9395],[126.6699,3.9166],[126.6617,3.8829],[126.6765,3.8548],[126.675,3.836],[126.6936,3.8097],[126.7062,3.8188]]],[[[108.2372,3.7467],[108.2046,3.778],[108.1884,3.7834],[108.1516,3.7549],[108.1265,3.7486],[108.0981,3.6787],[108.1437,3.6645],[108.1488,3.6426],[108.1895,3.6441],[108.1961,3.6569],[108.225,3.6639],[108.2954,3.6573],[108.3055,3.6707],[108.3047,3.7171],[108.3316,3.7597],[108.3518,3.7637],[108.3869,3.7935],[108.3969,3.8273],[108.3831,3.8706],[108.3941,3.9166],[108.382,3.9316],[108.3967,3.956],[108.3736,3.9866],[108.3473,3.9982],[108.3459,4.0158],[108.2929,4.0621],[108.2996,4.0826],[108.2656,4.0913],[108.2336,4.1281],[108.2244,4.1844],[108.2272,4.217],[108.2063,4.2245],[108.1936,4.1925],[108.1736,4.1642],[108.1043,4.1066],[108.0894,4.1033],[108.0739,4.0674],[108.0578,4.0552],[108.0326,4.057],[108.0141,4.0271],[107.9737,4.0143],[107.9938,3.9821],[107.9871,3.9542],[107.9989,3.9275],[108.0307,3.8932],[108.0629,3.8343],[108.093,3.8206],[108.1178,3.826],[108.1933,3.7998],[108.2073,3.8019],[108.2267,3.7775],[108.25,3.7652],[108.2372,3.7467]]],[[[117.5353,4.1124],[117.5537,4.0985],[117.5891,4.1418],[117.5502,4.1375],[117.5353,4.1124]]],[[[117.4939,4.023],[117.5221,4.0329],[117.4991,4.0534],[117.4659,4.0312],[117.4443,4.007],[117.4667,3.9606],[117.4598,3.9314],[117.4959,3.9168],[117.5248,3.9296],[117.5667,3.9178],[117.604,3.8826],[117.662,3.8902],[117.6432,3.9119],[117.5983,3.934],[117.5802,3.9671],[117.5551,3.9857],[117.5476,4.0147],[117.4939,4.023]]],[[[117.7259,4.0042],[117.7521,4.0611],[117.7174,4.0896],[117.6693,4.1439],[117.6325,4.1367],[117.5904,4.0827],[117.6021,4.0118],[117.6258,3.9894],[117.662,3.969],[117.6778,3.9675],[117.724,3.9898],[117.7259,4.0042]]],[[[117.9233,4.0641],[117.9178,4.0867],[117.9205,4.137],[117.901,4.1645],[117.6864,4.1641],[117.7289,4.1232],[117.7688,4.0927],[117.8138,4.069],[117.8553,4.0328],[117.9056,4.0424],[117.9233,4.0641]]],[[[98.2679,4.174],[98.2443,4.1693],[98.2329,4.1458],[98.2526,4.1333],[98.2712,4.1409],[98.2679,4.174]]],[[[126.6895,3.9964],[126.7016,4.0045],[126.7427,3.9928],[126.7627,3.9946],[126.7914,4.0171],[126.8017,4.0432],[126.8121,4.1049],[126.7969,4.1483],[126.827,4.1852],[126.8706,4.2164],[126.8613,4.2503],[126.9126,4.2693],[126.8997,4.3018],[126.8669,4.3422],[126.8504,4.3754],[126.8522,4.4136],[126.8698,4.4291],[126.8682,4.4563],[126.8515,4.487],[126.8309,4.4915],[126.808,4.5337],[126.785,4.5248],[126.7754,4.5388],[126.7372,4.5426],[126.7209,4.5147],[126.734,4.4618],[126.6991,4.4124],[126.6993,4.3821],[126.6802,4.3345],[126.708,4.3222],[126.7172,4.2681],[126.7471,4.2631],[126.7581,4.2476],[126.7813,4.2488],[126.7933,4.2336],[126.7902,4.2104],[126.7597,4.1809],[126.7503,4.1421],[126.7333,4.1087],[126.7129,4.0846],[126.6866,4.0742],[126.6683,4.0433],[126.6711,4.0025],[126.6895,3.9964]]],[[[106.2098,3.3013],[106.2264,3.3113],[106.2274,3.3448],[106.2142,3.39],[106.2001,3.3763],[106.2017,3.3463],[106.172,3.3329],[106.1851,3.3019],[106.2098,3.3013]]],[[[117.5195,3.2795],[117.5229,3.2992],[117.5056,3.3207],[117.4455,3.341],[117.3963,3.313],[117.3835,3.2866],[117.3961,3.2763],[117.4361,3.2786],[117.4574,3.3051],[117.4763,3.2771],[117.5195,3.2795]]],[[[117.6385,3.2379],[117.657,3.2515],[117.6591,3.335],[117.6691,3.3923],[117.6648,3.4105],[117.6183,3.4344],[117.5506,3.4357],[117.5227,3.4109],[117.5143,3.3842],[117.5421,3.3255],[117.5666,3.309],[117.5943,3.2795],[117.6097,3.2797],[117.6186,3.2531],[117.6385,3.2379]]],[[[106.2728,3.2501],[106.2951,3.27],[106.2921,3.3461],[106.3085,3.3664],[106.2931,3.3846],[106.2691,3.3811],[106.2646,3.3622],[106.2422,3.3389],[106.2349,3.3032],[106.2474,3.2905],[106.2274,3.261],[106.2656,3.2304],[106.2728,3.2501]]],[[[117.5019,3.3766],[117.4943,3.4067],[117.4483,3.4015],[117.4528,3.3483],[117.4974,3.3416],[117.5019,3.3766]]],[[[117.4128,3.3948],[117.4354,3.3491],[117.4438,3.4001],[117.44,3.4161],[117.3668,3.441],[117.3728,3.4142],[117.3976,3.4073],[117.4128,3.3948]]],[[[117.299,3.561],[117.2779,3.5881],[117.237,3.587],[117.2189,3.5719],[117.2011,3.5389],[117.2319,3.4959],[117.2955,3.4839],[117.3243,3.4914],[117.381,3.4696],[117.4448,3.4567],[117.4873,3.4356],[117.4883,3.4538],[117.5135,3.4741],[117.5042,3.4976],[117.4823,3.4919],[117.4657,3.5068],[117.4355,3.508],[117.4372,3.5286],[117.4067,3.5378],[117.369,3.5634],[117.299,3.561]]],[[[125.4876,3.5146],[125.4855,3.4856],[125.502,3.4543],[125.5028,3.4349],[125.53,3.4112],[125.5552,3.4354],[125.5861,3.4045],[125.5904,3.3804],[125.6067,3.3707],[125.6381,3.3793],[125.6625,3.401],[125.6764,3.429],[125.6672,3.4516],[125.6687,3.5008],[125.6236,3.5194],[125.5895,3.5732],[125.5725,3.5905],[125.5882,3.6125],[125.573,3.6459],[125.508,3.7228],[125.4466,3.737],[125.4049,3.7197],[125.3985,3.6695],[125.4177,3.6399],[125.4423,3.6205],[125.4804,3.605],[125.4993,3.5709],[125.4876,3.5146]]],[[[117.6816,2.8276],[117.6758,2.8482],[117.6409,2.8143],[117.6559,2.7985],[117.6775,2.7965],[117.7317,2.8057],[117.7277,2.8267],[117.7065,2.8368],[117.6816,2.8276]]],[[[117.5091,2.8884],[117.4904,2.8826],[117.4804,2.8727],[117.4766,2.8712],[117.4726,2.873],[117.4674,2.8847],[117.4564,2.8922],[117.4432,2.8888],[117.4371,2.8834],[117.4353,2.8801],[117.4397,2.8697],[117.4494,2.8675],[117.4563,2.8525],[117.4983,2.8471],[117.5189,2.8585],[117.5216,2.876],[117.5152,2.8873],[117.5091,2.8884]]],[[[117.4483,2.9154],[117.4458,2.9018],[117.4338,2.9075],[117.4164,2.8999],[117.4135,2.8859],[117.3907,2.8707],[117.3962,2.8573],[117.4088,2.8547],[117.4318,2.8585],[117.4417,2.8675],[117.4362,2.8725],[117.4346,2.879],[117.4351,2.882],[117.4432,2.8894],[117.4535,2.8929],[117.4572,2.8923],[117.4677,2.885],[117.4789,2.8723],[117.4892,2.8833],[117.5057,2.8891],[117.5147,2.889],[117.5227,2.877],[117.5212,2.8572],[117.5389,2.8524],[117.5624,2.8676],[117.5731,2.8469],[117.61,2.8217],[117.6406,2.8201],[117.6607,2.8443],[117.6267,2.8471],[117.5951,2.8575],[117.5919,2.8618],[117.5846,2.8882],[117.5762,2.8835],[117.5686,2.8829],[117.5648,2.8861],[117.5585,2.8843],[117.5456,2.8901],[117.5437,2.907],[117.5304,2.9032],[117.4845,2.9231],[117.4731,2.9353],[117.4585,2.931],[117.4555,2.921],[117.4483,2.9154]]],[[[117.6171,2.9017],[117.5464,2.908],[117.5464,2.8902],[117.5585,2.8854],[117.5651,2.887],[117.5727,2.8836],[117.58,2.8891],[117.5854,2.8887],[117.5936,2.8612],[117.6167,2.8559],[117.6322,2.8486],[117.6523,2.8581],[117.7055,2.8595],[117.716,2.8685],[117.7126,2.8956],[117.6534,2.8926],[117.6171,2.9017]]],[[[96.4261,2.33],[96.4423,2.3277],[96.4792,2.3432],[96.4994,2.3647],[96.4869,2.4104],[96.4655,2.437],[96.4673,2.4604],[96.4277,2.4918],[96.4022,2.4935],[96.4072,2.4606],[96.3868,2.4623],[96.3828,2.4814],[96.3648,2.4978],[96.3657,2.5145],[96.3454,2.5253],[96.3447,2.5425],[96.325,2.5582],[96.2941,2.5631],[96.2529,2.5857],[96.2192,2.6335],[96.1839,2.6511],[96.1863,2.6289],[96.1365,2.6491],[96.107,2.6368],[96.1009,2.6578],[96.1123,2.6918],[96.1182,2.7377],[96.0636,2.7611],[96.033,2.7564],[96.0085,2.766],[95.9973,2.786],[95.9788,2.7914],[95.9723,2.8127],[95.886,2.8323],[95.8639,2.8589],[95.8815,2.8729],[95.9035,2.8564],[95.9163,2.8693],[95.9034,2.8964],[95.8707,2.9147],[95.7997,2.9146],[95.7677,2.8975],[95.7679,2.8486],[95.7613,2.8242],[95.733,2.8318],[95.7185,2.8254],[95.7068,2.7896],[95.6921,2.7726],[95.7037,2.7473],[95.7262,2.7602],[95.7492,2.7221],[95.76,2.6929],[95.782,2.682],[95.7926,2.6638],[95.7882,2.6399],[95.8188,2.6463],[95.8616,2.6375],[95.9177,2.5988],[95.9428,2.5721],[95.965,2.5838],[96.0043,2.5873],[96.0753,2.5698],[96.0867,2.5542],[96.1168,2.5404],[96.1284,2.5202],[96.1606,2.5119],[96.1699,2.4904],[96.188,2.4884],[96.216,2.4655],[96.2282,2.4418],[96.3094,2.4222],[96.3331,2.391],[96.3215,2.3622],[96.3447,2.3412],[96.3873,2.349],[96.4071,2.3321],[96.4261,2.33]]],[[[117.708,2.9198],[117.6839,2.9345],[117.6264,2.9242],[117.6428,2.9019],[117.6965,2.9027],[117.708,2.9198]]],[[[117.4136,2.8901],[117.4121,2.9115],[117.4199,2.9099],[117.4264,2.9173],[117.4166,2.9304],[117.416,2.9357],[117.4247,2.951],[117.4058,2.956],[117.3484,2.9432],[117.334,2.8995],[117.3396,2.8654],[117.3562,2.8445],[117.3621,2.8667],[117.3721,2.8743],[117.3922,2.8748],[117.4136,2.8901]]],[[[117.4543,2.948],[117.4247,2.9495],[117.4173,2.9334],[117.4231,2.9237],[117.4276,2.9202],[117.4266,2.9147],[117.444,2.9039],[117.4465,2.9153],[117.4541,2.9225],[117.4566,2.9344],[117.4543,2.948]]],[[[117.4824,2.954],[117.4809,2.9298],[117.5095,2.9152],[117.549,2.9129],[117.5798,2.928],[117.5738,2.9448],[117.5589,2.9511],[117.5248,2.9375],[117.4824,2.954]]],[[[105.8064,2.8885],[105.8229,2.9075],[105.8243,2.9572],[105.8447,2.9586],[105.8337,2.9931],[105.7942,2.9911],[105.7887,2.9744],[105.7626,2.9815],[105.736,2.9785],[105.7247,2.9946],[105.737,3.0095],[105.7339,3.0397],[105.706,3.0359],[105.684,2.9999],[105.7063,2.9878],[105.713,2.952],[105.7045,2.9419],[105.7031,2.8819],[105.693,2.8559],[105.7266,2.817],[105.7701,2.8437],[105.7411,2.8679],[105.7699,2.8748],[105.7703,2.8982],[105.8064,2.8885]]],[[[108.8282,2.8451],[108.848,2.8509],[108.8768,2.8879],[108.886,2.9376],[108.8887,3.0036],[108.8638,3.0117],[108.8354,2.9859],[108.8368,2.9506],[108.8281,2.9351],[108.7943,2.9097],[108.7759,2.8776],[108.7918,2.8596],[108.8282,2.8451]]],[[[117.6625,2.9667],[117.6141,2.982],[117.5892,2.974],[117.5746,2.9459],[117.583,2.9322],[117.5801,2.9208],[117.6145,2.9256],[117.6914,2.9446],[117.6625,2.9667]]],[[[98.5034,-0.5952],[98.4895,-0.6192],[98.5209,-0.6202],[98.5034,-0.5952]]],[[[98.5053,-0.5561],[98.5063,-0.5423],[98.4832,-0.5196],[98.5057,-0.4939],[98.5058,-0.3966],[98.5244,-0.372],[98.5013,-0.3369],[98.4906,-0.3014],[98.4765,-0.2899],[98.4474,-0.2475],[98.4244,-0.2576],[98.4401,-0.2839],[98.439,-0.3049],[98.3839,-0.3426],[98.3724,-0.3815],[98.378,-0.408],[98.3748,-0.4615],[98.3549,-0.4706],[98.3452,-0.5189],[98.3262,-0.5318],[98.3949,-0.5635],[98.4374,-0.538],[98.4497,-0.545],[98.4743,-0.5325],[98.4913,-0.5725],[98.5053,-0.5561]]],[[[98.5514,-0.2513],[98.4931,-0.2097],[98.4967,-0.1984],[98.4771,-0.1472],[98.4838,-0.1231],[98.4703,-0.0926],[98.4459,-0.0735],[98.4366,-0.0489],[98.403,-0.0054],[98.3788,0.0073],[98.3337,-0.0022],[98.313,-0.0258],[98.3444,-0.0395],[98.3623,-0.0587],[98.3895,-0.1371],[98.4135,-0.1584],[98.4358,-0.193],[98.4351,-0.2099],[98.5071,-0.2979],[98.5035,-0.3083],[98.536,-0.3529],[98.5662,-0.3317],[98.573,-0.2795],[98.5514,-0.2513]]],[[[104.8469,-5.8358],[104.8507,-5.8011],[104.7828,-5.7656],[104.8135,-5.8238],[104.8469,-5.8358]]],[[[99.2654,-1.7956],[99.2615,-1.844],[99.2944,-1.8341],[99.2885,-1.8123],[99.2654,-1.7956]]],[[[99.7232,-2.357],[99.7102,-2.3747],[99.7336,-2.3914],[99.7491,-2.3849],[99.7232,-2.357]]],[[[99.7154,-2.1646],[99.7043,-2.1116],[99.6915,-2.076],[99.668,-2.0664],[99.6369,-2.0351],[99.5936,-2.0302],[99.569,-2.0373],[99.5671,-2.0607],[99.547,-2.0792],[99.5659,-2.138],[99.5285,-2.1553],[99.551,-2.2087],[99.5845,-2.2239],[99.599,-2.258],[99.6007,-2.2836],[99.6445,-2.2811],[99.673,-2.2886],[99.7067,-2.3108],[99.7106,-2.3275],[99.7457,-2.3477],[99.7884,-2.3468],[99.7986,-2.3709],[99.8409,-2.3671],[99.8394,-2.3876],[99.8633,-2.3981],[99.8477,-2.3394],[99.8144,-2.2973],[99.7851,-2.2874],[99.7807,-2.2551],[99.7539,-2.2358],[99.7154,-2.1646]]],[[[100.4964,-3.1429],[100.4845,-3.157],[100.4916,-3.1847],[100.5078,-3.1794],[100.4964,-3.1429]]],[[[100.4516,-3.3482],[100.4776,-3.3337],[100.4683,-3.312],[100.4291,-3.2575],[100.4113,-3.2449],[100.3871,-3.1981],[100.4038,-3.1841],[100.4007,-3.156],[100.4702,-3.1439],[100.4574,-3.1079],[100.4682,-3.0679],[100.4682,-3.0275],[100.4551,-3.0103],[100.429,-3.0033],[100.4216,-2.9742],[100.3945,-2.9571],[100.3549,-2.9016],[100.3101,-2.874],[100.294,-2.8514],[100.2612,-2.8252],[100.2362,-2.7844],[100.1819,-2.7939],[100.1749,-2.8133],[100.1943,-2.8705],[100.1901,-2.9052],[100.2015,-2.9344],[100.1903,-2.9559],[100.1865,-2.989],[100.2119,-3.012],[100.2274,-3.0403],[100.2487,-3.0432],[100.2621,-3.0677],[100.2937,-3.0818],[100.3124,-3.119],[100.3315,-3.131],[100.3267,-3.1782],[100.361,-3.2275],[100.3255,-3.229],[100.3386,-3.248],[100.3568,-3.2443],[100.3822,-3.2582],[100.3799,-3.2872],[100.417,-3.308],[100.4203,-3.3232],[100.4516,-3.3482]]],[[[100.1032,-2.8381],[100.133,-2.8326],[100.1381,-2.8141],[100.1634,-2.7939],[100.2163,-2.7759],[100.2216,-2.7514],[100.1994,-2.6994],[100.1644,-2.6433],[100.1479,-2.639],[100.1089,-2.603],[100.0709,-2.5799],[100.0353,-2.543],[100.0271,-2.5263],[99.9985,-2.5028],[99.9767,-2.5073],[99.9635,-2.5813],[99.9881,-2.6078],[99.985,-2.6347],[100.012,-2.6865],[99.9989,-2.6969],[100.0105,-2.7433],[99.9855,-2.7738],[99.9908,-2.7907],[100.0163,-2.8105],[100.0197,-2.8509],[100.0424,-2.8467],[100.0482,-2.8154],[100.0706,-2.8359],[100.1032,-2.8381]]],[[[102.2354,-5.3741],[102.3185,-5.4113],[102.3527,-5.4425],[102.3788,-5.4405],[102.3759,-5.3697],[102.3545,-5.357],[102.3054,-5.3452],[102.2552,-5.3161],[102.2087,-5.3037],[102.1619,-5.2761],[102.1264,-5.293],[102.1263,-5.3148],[102.148,-5.3363],[102.2354,-5.3741]]],[[[133.3956,-4.1382],[133.3783,-4.1346],[133.3791,-4.1087],[133.3556,-4.095],[133.3378,-4.1528],[133.3808,-4.2045],[133.4032,-4.2095],[133.4346,-4.2486],[133.4743,-4.2511],[133.4933,-4.2321],[133.4885,-4.2013],[133.4347,-4.185],[133.3956,-4.1382]]],[[[134.4217,-4.0027],[134.3826,-3.9851],[134.3825,-4.0329],[134.4324,-4.0252],[134.4217,-4.0027]]],[[[134.2298,-4.0192],[134.2353,-4.0341],[134.2596,-4.0397],[134.2581,-4.0139],[134.2298,-4.0192]]],[[[134.0374,-3.8455],[134.0369,-3.8162],[134.0025,-3.8215],[134.0089,-3.8496],[134.0374,-3.8455]]],[[[133.9023,-3.7687],[133.9016,-3.7469],[133.8881,-3.7238],[133.8698,-3.7316],[133.8869,-3.7835],[133.8993,-3.8363],[133.932,-3.8582],[133.9216,-3.8224],[133.9037,-3.7874],[133.9023,-3.7687]]],[[[131.3647,-4.1442],[131.3821,-4.176],[131.4041,-4.1626],[131.3812,-4.1263],[131.3508,-4.112],[131.3024,-4.0744],[131.2841,-4.0686],[131.272,-4.0932],[131.3033,-4.1227],[131.3647,-4.1442]]],[[[121.4199,-4.0965],[121.3995,-4.1262],[121.3943,-4.162],[121.4186,-4.1558],[121.4417,-4.1165],[121.4199,-4.0965]]],[[[123.0741,-4.249],[123.1172,-4.2607],[123.1522,-4.24],[123.1654,-4.2078],[123.2071,-4.1724],[123.2213,-4.1461],[123.2472,-4.1251],[123.2575,-4.087],[123.2516,-4.0622],[123.2251,-4.0262],[123.1916,-4.0101],[123.1383,-4.0087],[123.0966,-4.023],[123.0786,-4.0178],[123.0301,-3.9826],[123.0119,-3.9779],[122.9942,-4.0203],[122.9746,-4.0351],[122.97,-4.0542],[122.948,-4.0507],[122.9353,-4.0658],[122.9365,-4.0942],[122.9554,-4.1399],[122.9813,-4.1685],[122.9902,-4.201],[123.0741,-4.249]]],[[[131.212,-3.9771],[131.1995,-3.9916],[131.2393,-4.0386],[131.2429,-3.992],[131.212,-3.9771]]],[[[131.409,-4.0511],[131.4265,-4.0757],[131.4484,-4.0636],[131.439,-4.0448],[131.4309,-3.9837],[131.4033,-3.9443],[131.3633,-3.9653],[131.409,-4.0511]]],[[[134.1214,-3.9353],[134.0919,-3.9143],[134.0675,-3.9204],[134.0652,-3.94],[134.0855,-3.9813],[134.1266,-3.9964],[134.1813,-4.008],[134.1662,-3.9797],[134.1214,-3.9353]]],[[[127.2226,-3.9213],[127.1676,-4.0019],[127.1766,-4.0289],[127.2147,-4.0138],[127.2534,-3.9913],[127.2946,-3.9855],[127.3691,-3.957],[127.3764,-3.9196],[127.3371,-3.8866],[127.2996,-3.8837],[127.233,-3.9099],[127.2226,-3.9213]]],[[[128.4023,-3.626],[128.4402,-3.6315],[128.4668,-3.6139],[128.4939,-3.62],[128.5386,-3.6153],[128.576,-3.5857],[128.5505,-3.5384],[128.5395,-3.5407],[128.4994,-3.5134],[128.4896,-3.5183],[128.447,-3.5104],[128.4133,-3.5393],[128.4241,-3.566],[128.4104,-3.5874],[128.414,-3.615],[128.4023,-3.626]]],[[[128.6496,-3.6298],[128.6757,-3.5765],[128.7028,-3.5931],[128.7279,-3.6227],[128.7385,-3.6006],[128.7303,-3.5126],[128.6938,-3.494],[128.6823,-3.5441],[128.6036,-3.4967],[128.5698,-3.4956],[128.5543,-3.5299],[128.572,-3.5484],[128.5933,-3.5515],[128.6093,-3.5976],[128.6496,-3.6298]]],[[[122.3645,-3.5706],[122.3258,-3.5305],[122.2937,-3.5333],[122.2803,-3.5791],[122.3051,-3.5757],[122.3323,-3.5831],[122.3645,-3.5706]]],[[[128.7649,-3.6924],[128.805,-3.6864],[128.8061,-3.6488],[128.7727,-3.6393],[128.7578,-3.6494],[128.7649,-3.6924]]],[[[128.1295,-3.7766],[128.1526,-3.7707],[128.16,-3.7497],[128.2269,-3.7486],[128.2637,-3.7264],[128.2709,-3.7048],[128.2993,-3.6958],[128.2973,-3.6674],[128.2667,-3.641],[128.2612,-3.6187],[128.2927,-3.6216],[128.3102,-3.6325],[128.3538,-3.6336],[128.3546,-3.5987],[128.3328,-3.5889],[128.3219,-3.5671],[128.3531,-3.5286],[128.3441,-3.5057],[128.3159,-3.5063],[128.2935,-3.4909],[128.2542,-3.4965],[128.2242,-3.5181],[128.1834,-3.5627],[128.1787,-3.5829],[128.1418,-3.5907],[128.1245,-3.5852],[128.0279,-3.5913],[127.9913,-3.6294],[127.9656,-3.6423],[127.9449,-3.6723],[127.9284,-3.6809],[127.9168,-3.7179],[127.9416,-3.7726],[127.9958,-3.7798],[128.0175,-3.7641],[128.0385,-3.7342],[128.0994,-3.7146],[128.1086,-3.692],[128.1477,-3.6709],[128.2016,-3.6592],[128.1937,-3.6433],[128.2328,-3.628],[128.245,-3.6386],[128.189,-3.6756],[128.1549,-3.7072],[128.13,-3.7453],[128.1295,-3.7766]]],[[[123.1818,-3.6057],[123.1605,-3.5604],[123.0762,-3.5758],[123.0488,-3.6011],[123.078,-3.625],[123.1071,-3.6394],[123.1288,-3.6111],[123.1781,-3.6209],[123.1818,-3.6057]]],[[[116.4023,-3.6071],[116.4095,-3.5596],[116.4084,-3.5263],[116.4182,-3.5047],[116.4228,-3.4515],[116.435,-3.421],[116.4318,-3.3677],[116.4095,-3.3605],[116.3985,-3.3997],[116.3459,-3.4508],[116.3333,-3.5032],[116.3124,-3.5557],[116.3433,-3.5685],[116.3549,-3.6023],[116.3625,-3.6511],[116.3845,-3.6474],[116.4023,-3.6071]]],[[[132.7117,-3.4647],[132.6885,-3.4486],[132.6846,-3.4262],[132.6511,-3.4041],[132.6296,-3.42],[132.6388,-3.4353],[132.6833,-3.4568],[132.6801,-3.4956],[132.7015,-3.5174],[132.7229,-3.5123],[132.7244,-3.4828],[132.7117,-3.4647]]],[[[126.7408,-3.8531],[126.8118,-3.8043],[126.8736,-3.7841],[126.8846,-3.7903],[126.9201,-3.7742],[126.9552,-3.7705],[126.9993,-3.7229],[127.0503,-3.6895],[127.1002,-3.6815],[127.1363,-3.6612],[127.1927,-3.6757],[127.2151,-3.6632],[127.2387,-3.6336],[127.2515,-3.5923],[127.2448,-3.5691],[127.2508,-3.5444],[127.2485,-3.4501],[127.2553,-3.4117],[127.2689,-3.3894],[127.2569,-3.372],[127.1822,-3.3559],[127.1638,-3.3354],[127.1421,-3.35],[127.1397,-3.3736],[127.1203,-3.3832],[127.0758,-3.3738],[127.0687,-3.346],[127.0732,-3.3219],[127.0429,-3.3288],[127.0349,-3.2638],[127.0805,-3.2623],[127.0991,-3.2847],[127.1221,-3.2745],[127.1113,-3.2336],[127.0555,-3.1804],[127.0296,-3.1726],[126.9906,-3.1427],[126.9576,-3.1378],[126.9357,-3.1434],[126.9126,-3.1251],[126.8876,-3.1256],[126.8818,-3.1076],[126.7907,-3.0589],[126.7082,-3.0563],[126.6951,-3.0673],[126.6525,-3.0716],[126.598,-3.0639],[126.5683,-3.072],[126.5161,-3.0711],[126.4638,-3.0846],[126.406,-3.0806],[126.3891,-3.0933],[126.3459,-3.1009],[126.2996,-3.0934],[126.2607,-3.1324],[126.2341,-3.1325],[126.2216,-3.1531],[126.2275,-3.1796],[126.1893,-3.1853],[126.1368,-3.1631],[126.1106,-3.1347],[126.1073,-3.117],[126.0465,-3.1494],[126.0224,-3.1727],[126.0117,-3.194],[126.0151,-3.2331],[126.005,-3.2628],[126.0101,-3.2803],[126.0079,-3.3247],[126.0184,-3.3348],[126.0068,-3.3588],[126.04,-3.398],[126.0452,-3.4414],[126.0736,-3.4778],[126.1252,-3.5018],[126.1609,-3.541],[126.1632,-3.582],[126.18,-3.6115],[126.1967,-3.6241],[126.232,-3.6188],[126.2649,-3.6416],[126.2805,-3.6642],[126.3358,-3.68],[126.3492,-3.7018],[126.372,-3.7047],[126.4141,-3.7331],[126.5314,-3.7965],[126.5532,-3.7907],[126.5974,-3.8084],[126.6696,-3.8434],[126.6944,-3.8617],[126.7217,-3.8457],[126.7408,-3.8531]]],[[[122.4158,-3.4817],[122.4315,-3.506],[122.4511,-3.4995],[122.4662,-3.4653],[122.4234,-3.4281],[122.403,-3.4009],[122.3978,-3.4428],[122.4158,-3.4817]]],[[[130.839,-3.849],[130.831,-3.8377],[130.8425,-3.7873],[130.84,-3.7336],[130.8323,-3.7016],[130.8197,-3.6908],[130.8306,-3.652],[130.8617,-3.6399],[130.8793,-3.6157],[130.873,-3.5734],[130.8543,-3.5497],[130.8334,-3.5378],[130.8056,-3.4983],[130.8023,-3.4796],[130.8417,-3.4673],[130.8047,-3.4067],[130.6987,-3.3974],[130.6736,-3.406],[130.6433,-3.3742],[130.6294,-3.3147],[130.6386,-3.2862],[130.6303,-3.2371],[130.6128,-3.2123],[130.601,-3.1467],[130.5759,-3.1226],[130.5298,-3.0982],[130.4876,-3.0955],[130.4836,-3.0799],[130.4448,-3.06],[130.4387,-3.0327],[130.4124,-3.02],[130.3857,-2.9892],[130.3518,-2.9749],[130.3127,-2.9691],[130.2576,-2.9809],[130.2101,-3.0082],[130.1936,-3.0109],[130.1775,-2.9918],[130.1536,-2.9858],[130.1268,-2.9977],[130.1001,-2.9951],[130.0723,-3.0045],[130.0349,-3.0037],[130.0117,-2.9792],[130.0008,-2.9845],[129.9598,-2.9691],[129.9095,-2.9424],[129.9019,-2.9142],[129.8788,-2.896],[129.8588,-2.8962],[129.8181,-2.9143],[129.7926,-2.89],[129.7897,-2.8682],[129.7605,-2.8618],[129.7088,-2.8344],[129.6284,-2.8212],[129.6133,-2.8032],[129.5847,-2.8095],[129.5476,-2.8002],[129.5253,-2.7733],[129.4905,-2.7941],[129.4699,-2.7841],[129.4347,-2.7825],[129.4172,-2.7909],[129.377,-2.7893],[129.3642,-2.8034],[129.3688,-2.8276],[129.3461,-2.8589],[129.306,-2.8776],[129.2582,-2.9071],[129.2233,-2.922],[129.2052,-2.9473],[129.1904,-2.9238],[129.1313,-2.9689],[129.0831,-2.9392],[129.0731,-2.9063],[129.0698,-2.82],[129.0535,-2.7956],[129.0328,-2.7962],[129.001,-2.8204],[128.9573,-2.842],[128.8364,-2.867],[128.8059,-2.8676],[128.753,-2.8507],[128.7246,-2.8602],[128.6877,-2.8563],[128.6682,-2.8402],[128.6393,-2.8511],[128.5637,-2.8538],[128.5292,-2.8367],[128.5005,-2.8368],[128.465,-2.8521],[128.4344,-2.8473],[128.3983,-2.8705],[128.3555,-2.861],[128.2662,-2.8687],[128.2377,-2.8539],[128.17,-2.8656],[128.1291,-2.9051],[128.1404,-2.928],[128.1124,-2.9586],[128.0816,-2.9607],[128.08,-2.9874],[128.1147,-2.9708],[128.1227,-3.0008],[128.0871,-3.021],[128.0918,-3.042],[128.1148,-3.0654],[128.0621,-3.07],[128.0324,-3.0779],[127.9996,-3.0707],[127.9768,-3.1051],[127.9434,-3.1127],[127.9451,-3.1282],[127.8983,-3.1579],[127.8728,-3.1565],[127.8647,-3.1785],[127.8727,-3.2213],[127.8885,-3.2715],[127.9176,-3.2943],[127.9433,-3.3523],[127.9425,-3.3809],[127.93,-3.3954],[127.9154,-3.4447],[127.8953,-3.4899],[127.9086,-3.529],[127.9361,-3.5444],[127.9511,-3.5185],[127.9456,-3.4665],[127.9699,-3.4354],[127.9726,-3.4149],[127.9921,-3.3753],[128.016,-3.3815],[128.0509,-3.347],[128.0624,-3.3053],[128.0583,-3.275],[128.0674,-3.2433],[128.0717,-3.1927],[128.0836,-3.1455],[128.1222,-3.1003],[128.1611,-3.0672],[128.1992,-3.0753],[128.2018,-3.1266],[128.1873,-3.1487],[128.1731,-3.1444],[128.1607,-3.1696],[128.1783,-3.2268],[128.1991,-3.2071],[128.2184,-3.2168],[128.27,-3.2043],[128.2916,-3.2255],[128.3334,-3.3224],[128.3548,-3.3536],[128.3681,-3.3601],[128.3953,-3.3947],[128.4052,-3.4286],[128.4356,-3.4491],[128.4711,-3.46],[128.4912,-3.4538],[128.522,-3.4585],[128.575,-3.4392],[128.5951,-3.4263],[128.6227,-3.4338],[128.6765,-3.4324],[128.6987,-3.4115],[128.6704,-3.3907],[128.6718,-3.3715],[128.7232,-3.3135],[128.787,-3.2606],[128.8435,-3.2401],[128.8589,-3.2117],[128.8853,-3.2037],[128.9344,-3.2103],[128.9667,-3.2268],[128.9713,-3.2701],[128.9665,-3.2904],[128.9389,-3.3086],[128.9149,-3.338],[128.9346,-3.3567],[128.9625,-3.3621],[129.0334,-3.3484],[129.0601,-3.352],[129.0843,-3.3411],[129.1184,-3.3514],[129.1316,-3.3645],[129.1663,-3.3696],[129.1935,-3.3902],[129.2885,-3.4142],[129.3363,-3.4174],[129.3559,-3.4102],[129.4045,-3.417],[129.4533,-3.4358],[129.4797,-3.4551],[129.5289,-3.4703],[129.5538,-3.4681],[129.568,-3.4477],[129.5607,-3.3985],[129.4979,-3.3219],[129.526,-3.2982],[129.5486,-3.3091],[129.5711,-3.3044],[129.6079,-3.3162],[129.6283,-3.3118],[129.6778,-3.3235],[129.7289,-3.3148],[129.7628,-3.3321],[129.8143,-3.322],[129.8851,-3.3433],[129.9186,-3.3374],[129.9517,-3.3533],[129.9697,-3.3765],[129.9709,-3.4266],[129.9892,-3.4418],[130.0154,-3.4827],[130.0995,-3.5009],[130.1317,-3.532],[130.1729,-3.5436],[130.2159,-3.5635],[130.2454,-3.5675],[130.2953,-3.5861],[130.3535,-3.6212],[130.3952,-3.6247],[130.4432,-3.6507],[130.479,-3.7017],[130.5511,-3.7189],[130.5751,-3.7327],[130.6326,-3.793],[130.6555,-3.812],[130.6884,-3.8083],[130.7188,-3.8302],[130.744,-3.8259],[130.7759,-3.8517],[130.8246,-3.8547],[130.8441,-3.8833],[130.8629,-3.8719],[130.839,-3.849]]],[[[130.799,-3.3331],[130.7993,-3.3072],[130.7809,-3.2971],[130.7659,-3.322],[130.799,-3.3331]]],[[[127.5166,-3.3331],[127.6008,-3.3484],[127.6168,-3.3692],[127.656,-3.367],[127.6366,-3.3396],[127.6323,-3.3182],[127.5759,-3.2646],[127.5505,-3.2594],[127.5264,-3.2802],[127.4875,-3.2982],[127.5166,-3.3331]]],[[[123.0824,-4.8],[123.0679,-4.8006],[123.0388,-4.8233],[123.052,-4.8408],[123.1127,-4.8474],[123.1174,-4.7976],[123.0824,-4.8]]],[[[117.6549,-5.2177],[117.6818,-5.1978],[117.6622,-5.1757],[117.6549,-5.2177]]],[[[114.61,-5.0643],[114.5878,-5.067],[114.589,-5.0957],[114.6035,-5.1026],[114.61,-5.0643]]],[[[122.0566,-5.4995],[122.0478,-5.4901],[122.0174,-5.507],[122.0288,-5.5188],[122.0566,-5.4995]]],[[[122.5527,-5.6732],[122.5569,-5.653],[122.5446,-5.6272],[122.5081,-5.6241],[122.5055,-5.6468],[122.4838,-5.6713],[122.4919,-5.6995],[122.5429,-5.6876],[122.5527,-5.6732]]],[[[124.0836,-5.6534],[124.0577,-5.6225],[124.0491,-5.6447],[124.0732,-5.6715],[124.0836,-5.6534]]],[[[134.7421,-5.6347],[134.7297,-5.6131],[134.69,-5.5864],[134.6608,-5.5875],[134.6518,-5.5761],[134.6213,-5.5833],[134.6071,-5.5693],[134.5724,-5.5712],[134.5521,-5.5607],[134.5474,-5.5691],[134.5309,-5.5723],[134.5356,-5.6271],[134.5473,-5.6494],[134.5728,-5.6531],[134.579,-5.6771],[134.6162,-5.7227],[134.6238,-5.7133],[134.6396,-5.7118],[134.6474,-5.7239],[134.67,-5.7236],[134.6979,-5.7265],[134.7166,-5.7415],[134.735,-5.7015],[134.7314,-5.6723],[134.764,-5.6656],[134.762,-5.6462],[134.7421,-5.6347]]],[[[134.3416,-5.5884],[134.3477,-5.5745],[134.3231,-5.56],[134.304,-5.5637],[134.2822,-5.6077],[134.2568,-5.6149],[134.246,-5.6293],[134.2764,-5.6456],[134.2891,-5.6263],[134.3249,-5.6115],[134.3416,-5.5884]]],[[[132.7973,-5.6154],[132.8166,-5.5537],[132.7986,-5.5549],[132.7881,-5.533],[132.751,-5.5872],[132.7401,-5.6132],[132.7453,-5.6559],[132.7708,-5.6873],[132.8141,-5.6827],[132.7973,-5.6154]]],[[[123.8492,-5.557],[123.8305,-5.5612],[123.8333,-5.586],[123.8649,-5.5944],[123.883,-5.5723],[123.8492,-5.557]]],[[[114.4361,-5.5477],[114.415,-5.5363],[114.3933,-5.5425],[114.3929,-5.5646],[114.4351,-5.5885],[114.4509,-5.5722],[114.4361,-5.5477]]],[[[132.3171,-5.5682],[132.3343,-5.5861],[132.357,-5.5777],[132.3593,-5.5532],[132.3434,-5.5331],[132.3181,-5.5231],[132.3033,-5.5313],[132.3171,-5.5682]]],[[[132.7114,-5.5636],[132.7459,-5.5586],[132.7366,-5.5382],[132.7046,-5.5413],[132.7114,-5.5636]]],[[[123.8121,-5.5824],[123.8266,-5.5716],[123.779,-5.5229],[123.7686,-5.5047],[123.7059,-5.4742],[123.6999,-5.4824],[123.72,-5.5165],[123.755,-5.5436],[123.7834,-5.5917],[123.8121,-5.5824]]],[[[122.4741,-5.548],[122.4877,-5.5621],[122.5089,-5.5572],[122.5186,-5.5002],[122.4826,-5.5144],[122.4741,-5.548]]],[[[134.254,-5.5399],[134.2858,-5.5229],[134.2708,-5.4836],[134.2536,-5.4872],[134.254,-5.5399]]],[[[119.256,-5.5235],[119.2729,-5.5364],[119.3081,-5.5258],[119.3199,-5.5107],[119.315,-5.4628],[119.2945,-5.4491],[119.2632,-5.4623],[119.2757,-5.5013],[119.256,-5.5235]]],[[[123.4752,-5.3543],[123.5198,-5.3738],[123.4895,-5.3324],[123.4752,-5.3543]]],[[[134.5666,-5.373],[134.5994,-5.3385],[134.56,-5.3287],[134.545,-5.3478],[134.5063,-5.3685],[134.5022,-5.386],[134.5396,-5.4115],[134.5582,-5.3973],[134.5666,-5.373]]],[[[134.5051,-5.4921],[134.5117,-5.524],[134.5059,-5.5539],[134.5224,-5.5549],[134.531,-5.5693],[134.5486,-5.5593],[134.5656,-5.564],[134.5711,-5.5695],[134.601,-5.5649],[134.6115,-5.569],[134.6205,-5.5808],[134.6559,-5.5584],[134.6653,-5.5686],[134.6964,-5.5704],[134.6738,-5.5384],[134.695,-5.5365],[134.706,-5.517],[134.6818,-5.5072],[134.6528,-5.4607],[134.6475,-5.4392],[134.5975,-5.4143],[134.5716,-5.4187],[134.553,-5.4399],[134.5,-5.4198],[134.4911,-5.4314],[134.5029,-5.4544],[134.5051,-5.4921]]],[[[123.6294,-5.4355],[123.6437,-5.4219],[123.6195,-5.4051],[123.5881,-5.4155],[123.6294,-5.4355]]],[[[131.9748,-5.3897],[132.0101,-5.3708],[132.0208,-5.3418],[132.0218,-5.3131],[131.9904,-5.3107],[131.9695,-5.3374],[131.9604,-5.3729],[131.9748,-5.3897]]],[[[123.5463,-5.3509],[123.5814,-5.3835],[123.6197,-5.3848],[123.6399,-5.3725],[123.6385,-5.3398],[123.6486,-5.2941],[123.6285,-5.2724],[123.5886,-5.2489],[123.5371,-5.2475],[123.521,-5.2569],[123.5296,-5.317],[123.5463,-5.3509]]],[[[122.0255,-5.4746],[122.0466,-5.4547],[122.0442,-5.3747],[122.0331,-5.3449],[122.0509,-5.3159],[122.0503,-5.2402],[122.0671,-5.228],[122.0575,-5.1865],[122.0337,-5.1495],[121.9915,-5.1591],[121.9755,-5.1228],[121.975,-5.0703],[121.9457,-5.0639],[121.9256,-5.1024],[121.8984,-5.0885],[121.8884,-5.056],[121.8624,-5.0762],[121.8399,-5.1093],[121.8797,-5.1433],[121.8687,-5.158],[121.8413,-5.1503],[121.8204,-5.1771],[121.8124,-5.2271],[121.7939,-5.2766],[121.8222,-5.2933],[121.8251,-5.3169],[121.8518,-5.3473],[121.8752,-5.3876],[121.9394,-5.4357],[121.9451,-5.4819],[121.9969,-5.4669],[122.0255,-5.4746]]],[[[122.5783,-5.5485],[122.5794,-5.5687],[122.6128,-5.6331],[122.6101,-5.6548],[122.6371,-5.6953],[122.6725,-5.6831],[122.709,-5.6213],[122.7227,-5.6288],[122.7122,-5.6594],[122.7395,-5.6595],[122.7435,-5.6399],[122.773,-5.664],[122.7555,-5.6969],[122.7779,-5.7038],[122.803,-5.696],[122.8215,-5.6517],[122.8609,-5.6106],[122.8676,-5.5925],[122.8985,-5.5605],[122.8973,-5.5178],[122.881,-5.5069],[122.8629,-5.5224],[122.8439,-5.5222],[122.8487,-5.4857],[122.8722,-5.455],[122.8952,-5.4392],[122.9231,-5.437],[122.9718,-5.3952],[122.997,-5.4008],[123.0155,-5.444],[123.0601,-5.4224],[123.1357,-5.3959],[123.1587,-5.3638],[123.1727,-5.3591],[123.2243,-5.2796],[123.2023,-5.2724],[123.1756,-5.2462],[123.1507,-5.2474],[123.1043,-5.1889],[123.0691,-5.1671],[123.0599,-5.1524],[123.0282,-5.1358],[123.0046,-5.1476],[122.9553,-5.2084],[122.9342,-5.205],[122.921,-5.1745],[122.9428,-5.1611],[122.9646,-5.1325],[122.9793,-5.0584],[122.9549,-5.0018],[122.969,-4.9518],[123.0013,-4.9358],[123.0093,-4.9041],[123.0036,-4.8537],[122.9938,-4.827],[123.0399,-4.8018],[123.0306,-4.7499],[123.052,-4.7637],[123.0838,-4.7599],[123.0772,-4.7913],[123.1002,-4.7946],[123.1096,-4.7708],[123.1025,-4.7351],[123.1213,-4.7159],[123.1487,-4.7288],[123.1325,-4.7548],[123.1602,-4.7614],[123.1686,-4.7817],[123.1724,-4.834],[123.1836,-4.8509],[123.2132,-4.8586],[123.2022,-4.7766],[123.2122,-4.7151],[123.1969,-4.6883],[123.1781,-4.6736],[123.1842,-4.6339],[123.2052,-4.623],[123.1917,-4.581],[123.1705,-4.5431],[123.1473,-4.5165],[123.1416,-4.4867],[123.1163,-4.4767],[123.1058,-4.4601],[123.052,-4.43],[123.0843,-4.3888],[123.0798,-4.3671],[123.0423,-4.3694],[123.0111,-4.3938],[122.9505,-4.4251],[122.9464,-4.4356],[122.9074,-4.4609],[122.8805,-4.5163],[122.8674,-4.526],[122.8669,-4.5505],[122.8487,-4.5896],[122.8434,-4.6428],[122.8284,-4.6784],[122.8408,-4.6948],[122.8412,-4.74],[122.8574,-4.7798],[122.8461,-4.8004],[122.8399,-4.8353],[122.8185,-4.8386],[122.8066,-4.8689],[122.8314,-4.8974],[122.8149,-4.9422],[122.8122,-4.9817],[122.7667,-5.0077],[122.8025,-5.0266],[122.7949,-5.0603],[122.7605,-5.0951],[122.7619,-5.1335],[122.7375,-5.1704],[122.7583,-5.1876],[122.7472,-5.2199],[122.7609,-5.2251],[122.7888,-5.1834],[122.8086,-5.2108],[122.7973,-5.2382],[122.7576,-5.2554],[122.7377,-5.2408],[122.7077,-5.2719],[122.6868,-5.3208],[122.6542,-5.3244],[122.6402,-5.3671],[122.6186,-5.406],[122.6357,-5.407],[122.6502,-5.4365],[122.6277,-5.4597],[122.6048,-5.4541],[122.5646,-5.482],[122.5564,-5.5183],[122.5783,-5.5485]]],[[[122.4361,-5.4026],[122.47,-5.3982],[122.4718,-5.3726],[122.4984,-5.3468],[122.4808,-5.3016],[122.5107,-5.2885],[122.521,-5.3165],[122.5384,-5.3244],[122.5243,-5.3979],[122.5124,-5.4062],[122.5197,-5.4368],[122.546,-5.4407],[122.5665,-5.4114],[122.5955,-5.434],[122.6033,-5.4065],[122.5932,-5.3908],[122.5954,-5.3617],[122.6194,-5.3718],[122.6401,-5.3562],[122.6466,-5.293],[122.6398,-5.2647],[122.6237,-5.2504],[122.5773,-5.2475],[122.6173,-5.2177],[122.5854,-5.1868],[122.5887,-5.16],[122.62,-5.11],[122.6108,-5.0996],[122.6368,-5.0591],[122.6788,-5.0352],[122.7045,-5.0064],[122.7213,-4.9647],[122.754,-4.9664],[122.7638,-4.9295],[122.7645,-4.8947],[122.7362,-4.8821],[122.7251,-4.8465],[122.7448,-4.7931],[122.7356,-4.7638],[122.743,-4.7535],[122.7165,-4.6791],[122.7376,-4.6741],[122.7356,-4.6431],[122.6823,-4.6112],[122.6626,-4.6234],[122.6031,-4.6318],[122.5846,-4.6697],[122.5452,-4.6883],[122.5348,-4.7058],[122.4745,-4.7274],[122.4589,-4.7443],[122.4242,-4.7393],[122.4075,-4.7491],[122.3736,-4.7406],[122.3182,-4.836],[122.3394,-4.8802],[122.3495,-4.9239],[122.3752,-4.9519],[122.384,-4.9924],[122.3731,-5.0373],[122.3855,-5.0554],[122.3824,-5.0874],[122.3277,-5.1037],[122.3117,-5.1568],[122.3156,-5.1866],[122.3045,-5.1955],[122.3152,-5.2379],[122.2919,-5.2795],[122.2758,-5.295],[122.2658,-5.3282],[122.2694,-5.384],[122.2789,-5.3946],[122.3262,-5.3967],[122.3651,-5.389],[122.391,-5.3533],[122.4069,-5.3982],[122.4361,-5.4026]]],[[[131.727,-4.7467],[131.7356,-4.7803],[131.7645,-4.7478],[131.7595,-4.7246],[131.7384,-4.7043],[131.727,-4.7467]]],[[[122.3377,-4.7187],[122.3656,-4.6947],[122.3678,-4.6657],[122.3299,-4.7087],[122.3377,-4.7187]]],[[[129.938,-4.5657],[129.9576,-4.5489],[129.9415,-4.5238],[129.9281,-4.5426],[129.8647,-4.5455],[129.9067,-4.5651],[129.938,-4.5657]]],[[[122.7344,-4.545],[122.7214,-4.5183],[122.7025,-4.5196],[122.6866,-4.5387],[122.7056,-4.5648],[122.7344,-4.545]]],[[[131.6852,-4.5201],[131.6638,-4.4757],[131.6318,-4.4383],[131.6082,-4.4271],[131.6482,-4.4986],[131.6515,-4.5295],[131.6834,-4.5396],[131.6852,-4.5201]]],[[[133.3724,-2.4629],[133.3675,-2.4465],[133.3397,-2.4232],[133.3223,-2.4376],[133.3439,-2.4748],[133.3732,-2.4963],[133.3724,-2.4629]]],[[[134.5664,-2.4371],[134.5875,-2.4007],[134.5721,-2.3633],[134.5598,-2.3696],[134.5022,-2.3665],[134.5128,-2.4033],[134.5294,-2.4049],[134.5461,-2.4381],[134.5664,-2.4371]]],[[[133.7211,-2.2542],[133.7633,-2.2454],[133.7721,-2.2182],[133.7377,-2.2268],[133.7211,-2.2542]]],[[[133.7525,-2.207],[133.7752,-2.1888],[133.7371,-2.176],[133.7287,-2.1988],[133.6862,-2.2317],[133.705,-2.2415],[133.7525,-2.207]]],[[[126.0719,-2.4471],[126.0722,-2.4196],[126.0392,-2.3595],[126.0199,-2.299],[125.9818,-2.2261],[125.9625,-2.1814],[125.9569,-2.1481],[125.9604,-2.1203],[125.9929,-2.0453],[125.9851,-2.0154],[125.9384,-1.9789],[125.9067,-1.9765],[125.8719,-2.0255],[125.8579,-2.0602],[125.8559,-2.0918],[125.881,-2.1398],[125.8868,-2.1791],[125.8801,-2.212],[125.9229,-2.2685],[125.957,-2.3223],[125.9666,-2.3963],[125.9905,-2.4399],[126.0492,-2.4774],[126.0719,-2.4471]]],[[[130.2776,-2.19],[130.2349,-2.1835],[130.2319,-2.2055],[130.2605,-2.2145],[130.2776,-2.19]]],[[[133.8199,-2.1601],[133.7946,-2.1802],[133.8112,-2.1993],[133.8505,-2.1927],[133.8421,-2.1461],[133.8199,-2.1601]]],[[[133.8549,-2.1089],[133.8524,-2.1305],[133.88,-2.1417],[133.8863,-2.1133],[133.8549,-2.1089]]],[[[134.3355,-2.1376],[134.3468,-2.1659],[134.3697,-2.1433],[134.3917,-2.0962],[134.3842,-2.082],[134.407,-2.044],[134.4047,-2.0001],[134.3768,-1.9918],[134.3618,-1.9981],[134.3399,-2.0442],[134.3146,-2.0833],[134.3364,-2.1158],[134.3355,-2.1376]]],[[[123.8785,-2.0385],[123.8581,-2.012],[123.844,-2.0581],[123.8846,-2.086],[123.8973,-2.0823],[123.8785,-2.0385]]],[[[124.3353,-1.9689],[124.3103,-1.976],[124.3039,-1.9975],[124.353,-2.0302],[124.3683,-2.0229],[124.3753,-1.9906],[124.3661,-1.9705],[124.3353,-1.9689]]],[[[123.8385,-2.0102],[123.86,-2.0052],[123.8635,-1.9791],[123.8039,-1.8928],[123.776,-1.8922],[123.7849,-1.9831],[123.812,-2.0163],[123.8385,-2.0102]]],[[[137.0411,-1.8639],[137.0479,-1.8486],[137.0287,-1.8317],[136.9545,-1.8423],[137.0411,-1.8639]]],[[[126.4534,-1.8034],[126.4254,-1.8122],[126.3828,-1.8154],[126.3846,-1.8373],[126.4129,-1.8281],[126.4519,-1.8381],[126.4804,-1.8326],[126.4867,-1.8203],[126.4534,-1.8034]]],[[[104.6197,-1.9767],[104.6097,-1.9534],[104.6444,-1.9142],[104.5938,-1.8676],[104.5535,-1.8493],[104.5382,-1.8739],[104.5199,-1.9202],[104.5024,-1.9353],[104.5179,-1.9677],[104.577,-1.9942],[104.6076,-1.9897],[104.6197,-1.9767]]],[[[136.3608,-1.9598],[136.3689,-1.9426],[136.3522,-1.905],[136.3252,-1.9091],[136.3309,-1.9355],[136.3608,-1.9598]]],[[[123.6508,-1.9104],[123.6479,-1.9613],[123.6638,-1.9578],[123.6508,-1.9104]]],[[[123.704,-1.9379],[123.699,-1.9582],[123.7303,-1.9582],[123.7386,-1.9398],[123.7315,-1.8983],[123.7081,-1.9209],[123.704,-1.9379]]],[[[130.264,-1.7005],[130.2541,-1.7235],[130.194,-1.7126],[130.1556,-1.7157],[130.1212,-1.7076],[130.0937,-1.724],[130.0538,-1.7187],[130.0267,-1.7351],[130.0061,-1.7363],[129.9769,-1.7608],[129.8972,-1.7769],[129.8862,-1.7949],[129.84,-1.8203],[129.8037,-1.8258],[129.7832,-1.8364],[129.7423,-1.8442],[129.7179,-1.872],[129.7255,-1.892],[129.7558,-1.9022],[129.8078,-1.9341],[129.8518,-1.9671],[129.9026,-1.9801],[129.9426,-2.0093],[129.9768,-2.0061],[130.0285,-2.0172],[130.0368,-2.0272],[130.0727,-2.0198],[130.1004,-2.0347],[130.1157,-2.0595],[130.1612,-2.0536],[130.1865,-2.0629],[130.2537,-2.0535],[130.2725,-2.0168],[130.293,-2.0119],[130.3064,-1.9916],[130.3356,-1.9797],[130.3717,-1.9969],[130.373,-2.0309],[130.3892,-2.0361],[130.4148,-2.0046],[130.4107,-1.9858],[130.4393,-1.9788],[130.4256,-1.9482],[130.3934,-1.9516],[130.3546,-1.9326],[130.3505,-1.9155],[130.3887,-1.8879],[130.4006,-1.8925],[130.4334,-1.8467],[130.4395,-1.821],[130.4203,-1.7967],[130.4182,-1.7758],[130.3735,-1.7548],[130.3459,-1.724],[130.3749,-1.694],[130.3737,-1.6736],[130.3456,-1.664],[130.3283,-1.6795],[130.2699,-1.6921],[130.264,-1.7005]]],[[[125.4615,-1.9435],[125.4987,-1.9369],[125.51,-1.9487],[125.5723,-1.9355],[125.5785,-1.9289],[125.6704,-1.9315],[125.7839,-1.9285],[125.7897,-1.9147],[125.8438,-1.8958],[125.8799,-1.9137],[125.9025,-1.9346],[125.92,-1.9388],[125.9503,-1.9201],[125.9842,-1.9168],[126.0499,-1.8881],[126.0892,-1.8789],[126.1389,-1.8914],[126.2061,-1.8671],[126.2457,-1.8795],[126.2742,-1.8577],[126.3202,-1.8437],[126.3052,-1.8286],[126.2669,-1.8157],[126.2232,-1.8181],[126.1967,-1.8048],[126.1277,-1.8112],[126.0573,-1.8018],[125.9127,-1.7932],[125.885,-1.7947],[125.8154,-1.8112],[125.7839,-1.805],[125.7487,-1.8065],[125.7301,-1.8156],[125.677,-1.8261],[125.6041,-1.8193],[125.5504,-1.8015],[125.5401,-1.786],[125.4892,-1.8195],[125.4807,-1.7956],[125.4574,-1.7776],[125.4277,-1.8099],[125.409,-1.7764],[125.3666,-1.7791],[125.3283,-1.8312],[125.3328,-1.8756],[125.3579,-1.8869],[125.3675,-1.8622],[125.4063,-1.8699],[125.4358,-1.8881],[125.4331,-1.9158],[125.4615,-1.9435]]],[[[124.0242,-1.8943],[124.0338,-1.8878],[124.0148,-1.8302],[123.9881,-1.8231],[124.0182,-1.8905],[124.0242,-1.8943]]],[[[123.056,-1.9235],[123.0768,-1.9209],[123.1078,-1.8758],[123.1331,-1.87],[123.1469,-1.8397],[123.1446,-1.7991],[123.1301,-1.7798],[123.0874,-1.7688],[123.0631,-1.8283],[123.0551,-1.8904],[123.056,-1.9235]]],[[[127.6023,-1.8485],[127.6211,-1.8516],[127.6454,-1.8344],[127.6412,-1.822],[127.6024,-1.8224],[127.5743,-1.8383],[127.5779,-1.8667],[127.6023,-1.8485]]],[[[134.1713,-1.9409],[134.1775,-1.9134],[134.1926,-1.9021],[134.2148,-1.8295],[134.1989,-1.8073],[134.231,-1.7763],[134.2385,-1.7447],[134.2023,-1.7382],[134.2025,-1.7544],[134.1736,-1.8049],[134.1481,-1.8291],[134.1467,-1.8905],[134.1594,-1.9347],[134.1713,-1.9409]]],[[[124.8368,-1.8985],[124.8633,-1.8917],[124.8908,-1.9266],[124.9949,-1.9322],[125.0213,-1.9281],[125.0155,-1.898],[125.0593,-1.8854],[125.0933,-1.8989],[125.1271,-1.8775],[125.1686,-1.875],[125.1779,-1.8842],[125.2402,-1.8823],[125.3034,-1.8895],[125.3273,-1.8841],[125.3151,-1.8466],[125.324,-1.7982],[125.3163,-1.781],[125.2947,-1.7801],[125.2973,-1.7376],[125.2428,-1.7229],[125.2219,-1.7456],[125.2295,-1.7604],[125.2136,-1.7924],[125.1868,-1.7869],[125.1996,-1.7333],[125.1747,-1.6987],[125.1512,-1.7075],[125.1287,-1.6839],[125.1077,-1.6912],[125.096,-1.7608],[125.0687,-1.7544],[125.0508,-1.7689],[125.0141,-1.7463],[124.9803,-1.7037],[124.9402,-1.6969],[124.9284,-1.7053],[124.8941,-1.7051],[124.866,-1.6824],[124.8366,-1.6837],[124.781,-1.6667],[124.7508,-1.6707],[124.715,-1.6538],[124.6719,-1.644],[124.6052,-1.6385],[124.5774,-1.6474],[124.5638,-1.6388],[124.5372,-1.6456],[124.5116,-1.6353],[124.5035,-1.655],[124.4649,-1.6634],[124.4006,-1.6601],[124.3785,-1.677],[124.3617,-1.7047],[124.3721,-1.7419],[124.3482,-1.788],[124.3411,-1.877],[124.3358,-1.8872],[124.3555,-1.9249],[124.3787,-1.9416],[124.3934,-1.9719],[124.3924,-2.0202],[124.4822,-2.0249],[124.4932,-2.0095],[124.5243,-2.0183],[124.5835,-2.0027],[124.6702,-1.9747],[124.6938,-1.9702],[124.7014,-1.9532],[124.7634,-1.9278],[124.7741,-1.9158],[124.8368,-1.8985]]],[[[132.5112,-2.6455],[132.4674,-2.631],[132.4535,-2.6485],[132.4638,-2.6685],[132.5064,-2.6566],[132.5112,-2.6455]]],[[[134.8374,-2.6882],[134.8082,-2.685],[134.8028,-2.7102],[134.8373,-2.7248],[134.8629,-2.7087],[134.8374,-2.6882]]],[[[110.1165,-2.6778],[110.0978,-2.6743],[110.0748,-2.7005],[110.0612,-2.7524],[110.0837,-2.7607],[110.1293,-2.7416],[110.1165,-2.6778]]],[[[122.4817,-3.0787],[122.5193,-3.0874],[122.5082,-3.0599],[122.4817,-3.0787]]],[[[122.4051,-3.059],[122.4209,-3.0428],[122.3999,-3.0218],[122.3887,-3.0375],[122.4051,-3.059]]],[[[132.4933,-3.1154],[132.4406,-3.1022],[132.4596,-3.1267],[132.4787,-3.1368],[132.5462,-3.1419],[132.4933,-3.1154]]],[[[113.4036,-3.2721],[113.397,-3.25],[113.3649,-3.2764],[113.3844,-3.2949],[113.4036,-3.2721]]],[[[107.5482,-3.2014],[107.5168,-3.1969],[107.5197,-3.233],[107.5394,-3.2382],[107.5482,-3.2014]]],[[[127.7965,-3.1932],[127.7724,-3.1568],[127.7338,-3.1555],[127.7099,-3.1679],[127.6835,-3.194],[127.6402,-3.221],[127.6768,-3.2523],[127.7077,-3.2604],[127.751,-3.2481],[127.7894,-3.2568],[127.8003,-3.2237],[127.7965,-3.1932]]],[[[133.7991,-3.106],[133.7995,-3.0894],[133.783,-3.0557],[133.7673,-3.0634],[133.7783,-3.0995],[133.7991,-3.106]]],[[[106.826,-3.0314],[106.8553,-3.04],[106.8845,-3.0297],[106.88,-3.0082],[106.9058,-2.9678],[106.9107,-2.9456],[106.8939,-2.9304],[106.8475,-2.9192],[106.8328,-2.9005],[106.7981,-2.8888],[106.7813,-2.911],[106.7299,-2.9285],[106.7241,-2.9543],[106.7309,-2.9783],[106.775,-2.9983],[106.7927,-3.0189],[106.826,-3.0314]]],[[[127.9384,-3.0212],[127.9657,-2.9937],[127.9711,-2.9734],[128.0017,-2.9459],[127.9907,-2.9239],[127.9521,-2.9258],[127.9247,-2.9349],[127.915,-2.9499],[127.8718,-2.9771],[127.869,-3.004],[127.8416,-3.0231],[127.8457,-3.0381],[127.9145,-3.0386],[127.9384,-3.0212]]],[[[135.7779,-2.9372],[135.7306,-2.9411],[135.7096,-2.9725],[135.7315,-2.9827],[135.741,-2.969],[135.7799,-2.9537],[135.7779,-2.9372]]],[[[107.4654,-2.9496],[107.4679,-2.9232],[107.4358,-2.9345],[107.4253,-2.957],[107.4444,-2.986],[107.4646,-2.9672],[107.4654,-2.9496]]],[[[135.6877,-2.9421],[135.7329,-2.9211],[135.7256,-2.9117],[135.6851,-2.9283],[135.6877,-2.9421]]],[[[116.1566,-2.9023],[116.1484,-2.9352],[116.1876,-2.9504],[116.2033,-2.9427],[116.1566,-2.9023]]],[[[110.1764,-2.8573],[110.1515,-2.8825],[110.1723,-2.9144],[110.1919,-2.903],[110.2018,-2.8827],[110.1764,-2.8573]]],[[[107.4172,-2.9185],[107.4591,-2.9148],[107.4762,-2.8907],[107.4858,-2.8519],[107.4683,-2.8217],[107.4238,-2.8261],[107.3807,-2.8476],[107.3715,-2.8855],[107.3574,-2.8987],[107.4058,-2.9417],[107.4172,-2.9185]]],[[[107.0713,-2.8404],[107.055,-2.8197],[107.0196,-2.8783],[107.0574,-2.9093],[107.0775,-2.9064],[107.0947,-2.8743],[107.0713,-2.8404]]],[[[107.40040769230767,-2.80746153846151],[107.4007,-2.834],[107.43,-2.8213],[107.4209,-2.7929],[107.40006758508915,-2.80705186385737],[107.40040769230767,-2.80746153846151]]],[[[133.5344,-2.4339],[133.4923,-2.4076],[133.467,-2.3986],[133.458,-2.4108],[133.4792,-2.4341],[133.494,-2.4682],[133.5304,-2.4843],[133.537,-2.4967],[133.5701,-2.509],[133.5944,-2.4858],[133.576,-2.4443],[133.5344,-2.4339]]],[[[133.6616,-2.4923],[133.6558,-2.5179],[133.68,-2.5425],[133.695,-2.5295],[133.6824,-2.5005],[133.6616,-2.4923]]],[[[133.6398,-2.5233],[133.6333,-2.4943],[133.614,-2.5059],[133.6398,-2.5233]]],[[[106.2265,-2.8929],[106.2877,-2.9074],[106.3207,-2.9328],[106.3298,-2.9635],[106.3522,-2.9707],[106.4055,-2.9664],[106.4278,-2.9737],[106.4418,-3.0116],[106.472,-3.0283],[106.4992,-3.069],[106.4921,-3.0927],[106.5131,-3.1153],[106.5661,-3.0835],[106.588,-3.0773],[106.6082,-3.0885],[106.6523,-3.0861],[106.665,-3.1],[106.6862,-3.0894],[106.7049,-3.098],[106.7434,-3.0568],[106.7293,-3.0321],[106.7389,-3.005],[106.6948,-3.003],[106.6682,-2.9781],[106.637,-2.9741],[106.5948,-2.9476],[106.5907,-2.917],[106.6023,-2.8623],[106.6185,-2.8324],[106.6615,-2.7158],[106.7077,-2.6431],[106.7597,-2.5996],[106.8122,-2.578],[106.7551,-2.5568],[106.6975,-2.5422],[106.6403,-2.5352],[106.5689,-2.521],[106.4792,-2.4969],[106.4466,-2.4727],[106.42,-2.4805],[106.3768,-2.4742],[106.346,-2.4602],[106.2995,-2.4208],[106.2581,-2.3528],[106.2383,-2.329],[106.2258,-2.2987],[106.2257,-2.2548],[106.2144,-2.2429],[106.1991,-2.1832],[106.1818,-2.1536],[106.1853,-2.129],[106.1674,-2.0932],[106.1502,-1.9949],[106.1656,-1.9225],[106.1858,-1.8956],[106.1715,-1.8728],[106.1505,-1.8681],[106.1237,-1.8366],[106.1158,-1.7991],[106.0929,-1.7783],[106.0733,-1.748],[106.0609,-1.7154],[106.0286,-1.6819],[106.0232,-1.6323],[106.0488,-1.6002],[106.0203,-1.5858],[105.9717,-1.5489],[105.9515,-1.5597],[105.9093,-1.5326],[105.9162,-1.5019],[105.89,-1.5021],[105.8793,-1.5198],[105.8147,-1.5315],[105.755,-1.5331],[105.7206,-1.5281],[105.7195,-1.5829],[105.7401,-1.6091],[105.7331,-1.6316],[105.7614,-1.6534],[105.7431,-1.6945],[105.7542,-1.7276],[105.779,-1.744],[105.7952,-1.7803],[105.8261,-1.8033],[105.8111,-1.8142],[105.7881,-1.8083],[105.7791,-1.7735],[105.7472,-1.7689],[105.7246,-1.7822],[105.694,-1.7838],[105.6668,-1.7151],[105.705,-1.6638],[105.6467,-1.6432],[105.6301,-1.6026],[105.6143,-1.5819],[105.6097,-1.5304],[105.5696,-1.5358],[105.5719,-1.5482],[105.5397,-1.5669],[105.4728,-1.5646],[105.4343,-1.5979],[105.4024,-1.61],[105.3911,-1.6245],[105.354,-1.6476],[105.367,-1.6591],[105.3336,-1.6781],[105.3817,-1.7073],[105.3919,-1.7277],[105.3908,-1.7601],[105.3492,-1.8398],[105.3212,-1.8623],[105.2476,-1.9022],[105.2166,-1.9024],[105.1595,-1.9322],[105.1519,-1.9479],[105.1272,-1.9594],[105.1271,-1.9975],[105.108,-2.0254],[105.1208,-2.0358],[105.1252,-2.0752],[105.1967,-2.0698],[105.22,-2.0796],[105.2367,-2.1104],[105.2748,-2.1454],[105.2996,-2.1277],[105.3507,-2.1219],[105.3782,-2.1318],[105.4083,-2.1205],[105.4288,-2.1359],[105.4607,-2.1049],[105.5195,-2.0773],[105.5712,-2.0971],[105.6139,-2.1215],[105.6708,-2.1175],[105.6794,-2.1281],[105.7231,-2.1251],[105.7444,-2.1519],[105.7812,-2.1644],[105.7934,-2.1931],[105.7878,-2.2519],[105.8264,-2.3113],[105.8225,-2.3345],[105.8037,-2.3679],[105.8352,-2.4132],[105.882,-2.4282],[105.9264,-2.4587],[105.9387,-2.4955],[105.9384,-2.5303],[105.9163,-2.5457],[105.8874,-2.6384],[105.9155,-2.7094],[105.9191,-2.7437],[105.9489,-2.7756],[105.9538,-2.8212],[105.9759,-2.8153],[106.0351,-2.8331],[106.0915,-2.837],[106.1225,-2.8509],[106.142,-2.8759],[106.1813,-2.8715],[106.2265,-2.8929]]],[[[121.60027777777778,-0.84412222222222],[121.5888,-0.866],[121.5385,-0.8732],[121.4801,-0.8998],[121.4596,-0.9565],[121.4438,-0.9783],[121.4137,-0.9923],[121.3923,-1.035],[121.3794,-1.0346],[121.3365,-1.0646],[121.2952,-1.116],[121.2822,-1.1541],[121.2545,-1.1748],[121.2459,-1.193],[121.2042,-1.2366],[121.2085,-1.2615],[121.1943,-1.2719],[121.1945,-1.2946],[121.182,-1.3255],[121.1413,-1.3779],[121.125,-1.4156],[121.0886,-1.4401],[121.061,-1.4402],[121.0385,-1.4209],[121.0008,-1.4134],[120.9819,-1.3991],[120.9647,-1.4116],[120.9132,-1.4172],[120.866,-1.4138],[120.8425,-1.4029],[120.8362,-1.3691],[120.8192,-1.3534],[120.763,-1.3648],[120.7481,-1.3893],[120.7278,-1.3839],[120.7042,-1.3999],[120.6944,-1.4188],[120.6748,-1.4142],[120.6654,-1.3835],[120.6428,-1.3608],[120.647,-1.3307],[120.638,-1.3079],[120.5972,-1.27],[120.5712,-1.2562],[120.5665,-1.2262],[120.5931,-1.1683],[120.5797,-1.1015],[120.5665,-1.0966],[120.5289,-1.0443],[120.5316,-1.0337],[120.508,-0.9971],[120.4598,-0.989],[120.4347,-0.9646],[120.4297,-0.9396],[120.4119,-0.9243],[120.3718,-0.9277],[120.3482,-0.9554],[120.3335,-0.9502],[120.3097,-0.9648],[120.2784,-0.9126],[120.2477,-0.8919],[120.2197,-0.8461],[120.1883,-0.8383],[120.1785,-0.806],[120.1093,-0.7377],[120.1023,-0.7058],[120.0843,-0.6882],[120.0602,-0.6324],[120.0618,-0.6058],[120.0474,-0.5313],[120.0494,-0.4929],[120.0706,-0.4601],[120.0723,-0.4416],[120.035,-0.3711],[120.0334,-0.3153],[120.0122,-0.2917],[120.0087,-0.1777],[120.0345,-0.1539],[120.0423,-0.1285],[120.0334,-0.0877],[120.0351,-0.0655],[120.0705,-0.0515],[120.095,-0.0314],[120.1031,0.0011],[120.0992,0.0259],[120.1116,0.0561],[120.106,0.0951],[120.1327,0.127],[120.124,0.162],[120.1363,0.1917],[120.1669,0.2356],[120.202,0.2643],[120.2576,0.3637],[120.2719,0.3626],[120.3031,0.4175],[120.3242,0.4279],[120.3541,0.4551],[120.3879,0.4653],[120.412,0.4824],[120.4259,0.4718],[120.4478,0.4784],[120.4619,0.4977],[120.4984,0.5126],[120.5301,0.5172],[120.5779,0.5114],[120.608,0.5215],[120.6491,0.5209],[120.6879,0.5111],[120.7259,0.4769],[120.7899,0.4605],[120.8294,0.443],[120.8544,0.4425],[120.8973,0.3959],[120.9323,0.4003],[120.9487,0.4144],[120.9774,0.418],[121.0275,0.4403],[121.0534,0.4133],[121.0808,0.3976],[121.097,0.4075],[121.1619,0.4155],[121.1608,0.4364],[121.1847,0.461],[121.2387,0.4625],[121.2504,0.4843],[121.2918,0.4948],[121.3377,0.4733],[121.4385,0.4858],[121.4492,0.4668],[121.4777,0.4845],[121.4943,0.4787],[121.5199,0.5043],[121.5131,0.5256],[121.5242,0.5505],[121.568,0.5355],[121.6567,0.5364],[121.6722,0.5198],[121.7123,0.524],[121.7662,0.4463],[121.8012,0.4168],[121.8342,0.4233],[121.852,0.4376],[121.8783,0.4369],[121.9177,0.4469],[121.9358,0.4443],[121.9724,0.4597],[121.9999,0.4594],[122.0469,0.4766],[122.0805,0.4763],[122.1281,0.4925],[122.1476,0.4712],[122.2026,0.4742],[122.2331,0.487],[122.2686,0.4743],[122.2906,0.4782],[122.3176,0.495],[122.339,0.4922],[122.3557,0.5104],[122.4057,0.5161],[122.4142,0.5017],[122.45,0.5073],[122.4815,0.5012],[122.5026,0.508],[122.5931,0.4979],[122.6338,0.4862],[122.6749,0.5128],[122.701,0.4819],[122.7702,0.4836],[122.7817,0.4937],[122.865,0.4928],[122.8882,0.4859],[122.9298,0.4864],[122.9624,0.4933],[122.989,0.4852],[123.0589,0.5074],[123.1161,0.4619],[123.1443,0.4155],[123.1622,0.3998],[123.1946,0.394],[123.2165,0.3729],[123.2278,0.3489],[123.2676,0.3224],[123.3276,0.3128],[123.4373,0.3181],[123.4591,0.3376],[123.4957,0.3066],[123.5461,0.3222],[123.6077,0.3072],[123.6207,0.2933],[123.6446,0.3047],[123.6801,0.3028],[123.7071,0.3188],[123.736,0.323],[123.7776,0.3119],[123.7969,0.3157],[123.8206,0.336],[123.8386,0.3281],[123.8724,0.3314],[123.8807,0.3454],[123.921,0.3492],[123.9366,0.3581],[123.9768,0.359],[123.9951,0.3747],[124.0644,0.3692],[124.0868,0.3873],[124.1404,0.3945],[124.2212,0.3879],[124.2437,0.3981],[124.2784,0.402],[124.2893,0.4267],[124.3206,0.4222],[124.3233,0.4457],[124.3767,0.4449],[124.4127,0.4545],[124.513,0.4729],[124.4889,0.529],[124.4978,0.5531],[124.5243,0.5664],[124.5407,0.5885],[124.5705,0.5907],[124.5556,0.6231],[124.5554,0.6514],[124.5769,0.6714],[124.5764,0.6857],[124.6293,0.7125],[124.6259,0.7687],[124.6392,0.7908],[124.6808,0.8281],[124.7061,0.8573],[124.7182,0.8925],[124.7681,0.8918],[124.7913,0.9461],[124.8517,0.9676],[124.884,0.9709],[124.8923,1.0041],[124.9657,1.0682],[125.0236,1.1424],[125.0469,1.2161],[125.0678,1.2957],[125.0622,1.3149],[125.076,1.3386],[125.0813,1.3692],[125.1211,1.4073],[125.1256,1.4281],[125.145,1.4385],[125.1915,1.4384],[125.2316,1.4685],[125.2414,1.5113],[125.2054,1.5446],[125.1683,1.5593],[125.1418,1.5971],[125.1432,1.6206],[125.165,1.6445],[125.1749,1.685],[125.1438,1.6879],[125.1342,1.6714],[125.1052,1.6649],[125.0906,1.6766],[125.062,1.6728],[125.0128,1.6936],[125.0259,1.7334],[124.993,1.7515],[124.9615,1.7268],[124.9667,1.7059],[124.9496,1.6816],[124.9019,1.6495],[124.8679,1.6135],[124.8671,1.599],[124.8302,1.5925],[124.8044,1.5709],[124.8077,1.5562],[124.8419,1.526],[124.8441,1.5111],[124.8311,1.4699],[124.8154,1.4581],[124.7725,1.4603],[124.7411,1.4362],[124.687,1.4082],[124.6807,1.3968],[124.6393,1.3988],[124.6223,1.4185],[124.6028,1.4012],[124.5804,1.3979],[124.5512,1.3758],[124.5184,1.3282],[124.5142,1.3056],[124.5501,1.271],[124.59,1.2671],[124.6088,1.2558],[124.6101,1.2316],[124.5708,1.1852],[124.5481,1.2088],[124.5186,1.2096],[124.5163,1.1887],[124.4644,1.1894],[124.3843,1.1801],[124.342,1.1535],[124.3532,1.1388],[124.3395,1.0987],[124.3227,1.0787],[124.3074,1.0226],[124.2754,0.999],[124.244,1.0016],[124.2285,0.9898],[124.2032,0.9897],[124.1759,0.9579],[124.1366,0.9279],[124.1013,0.9195],[124.0716,0.9215],[124.032,0.8984],[123.9742,0.8768],[123.9565,0.8648],[123.9369,0.834],[123.9167,0.8465],[123.8801,0.8389],[123.8118,0.8449],[123.7886,0.8301],[123.7756,0.8403],[123.7525,0.8307],[123.736,0.8657],[123.6581,0.8805],[123.6149,0.8992],[123.581,0.9051],[123.5536,0.8871],[123.471,0.8918],[123.4426,0.9043],[123.3973,0.8991],[123.3729,0.9129],[123.3574,0.9025],[123.3333,0.9089],[123.2617,0.9138],[123.2621,0.933],[123.215,0.9465],[123.1778,0.9338],[123.1986,0.9198],[123.1783,0.9016],[123.1413,0.923],[123.0997,0.9276],[123.0673,0.9165],[123.047,0.9395],[123.0217,0.9333],[123.0013,0.943],[122.9855,0.9679],[122.939,0.9592],[122.9457,0.9381],[122.9688,0.9383],[122.9458,0.8949],[122.9303,0.8848],[122.9211,0.8606],[122.8801,0.8312],[122.8407,0.8119],[122.8123,0.8385],[122.7961,0.8348],[122.7886,0.8659],[122.7652,0.8618],[122.7394,0.8806],[122.7157,0.8815],[122.6893,0.894],[122.6497,0.9488],[122.6152,0.9564],[122.589,0.9525],[122.4915,0.9883],[122.4523,1.0319],[122.4445,1.0024],[122.4204,0.9913],[122.394,1.0139],[122.3619,0.9962],[122.3293,1.0376],[122.3153,1.0052],[122.2419,1.0101],[122.2379,0.9934],[122.1916,1.0409],[122.1301,1.0569],[122.1085,1.0576],[122.0559,1.0727],[122.0506,1.0547],[121.9838,1.0231],[121.9531,1.041],[121.9504,1.0677],[121.9354,1.0789],[121.9345,1.1004],[121.8912,1.0911],[121.8792,1.0802],[121.8483,1.0935],[121.819,1.0811],[121.7868,1.0829],[121.7668,1.0712],[121.7163,1.0807],[121.6928,1.0684],[121.6549,1.0651],[121.6388,1.055],[121.6021,1.0547],[121.5582,1.0622],[121.5102,1.0876],[121.4342,1.1634],[121.4216,1.1887],[121.4356,1.2088],[121.44,1.2407],[121.4721,1.2626],[121.4626,1.3087],[121.4353,1.308],[121.4045,1.2621],[121.3538,1.2484],[121.3084,1.2555],[121.2712,1.2328],[121.2425,1.2328],[121.203,1.2517],[121.1431,1.2927],[121.1001,1.3164],[121.0796,1.3195],[121.0627,1.3028],[121.0384,1.3219],[121.009,1.327],[120.9734,1.3443],[120.9422,1.3504],[120.9283,1.3186],[120.8994,1.3342],[120.8815,1.3222],[120.8385,1.3126],[120.8216,1.2939],[120.8084,1.2626],[120.82,1.2567],[120.8103,1.2193],[120.8274,1.2051],[120.822,1.1718],[120.7973,1.1579],[120.7769,1.1108],[120.801,1.075],[120.8087,1.0289],[120.7851,1.0303],[120.7585,1.0106],[120.7307,0.9686],[120.697,0.9869],[120.6946,0.9591],[120.6473,0.9411],[120.6219,0.9042],[120.5976,0.8355],[120.6055,0.8109],[120.5761,0.7761],[120.5865,0.7523],[120.5524,0.7566],[120.5518,0.7779],[120.5343,0.7923],[120.4955,0.7931],[120.4739,0.778],[120.4162,0.7929],[120.3973,0.7922],[120.3749,0.829],[120.3287,0.8513],[120.3467,0.951],[120.3468,0.9758],[120.3202,0.9856],[120.2823,0.9863],[120.2756,0.969],[120.2471,0.9577],[120.2523,0.9376],[120.2403,0.9214],[120.246,0.834],[120.2327,0.7941],[120.1779,0.7566],[120.1226,0.741],[120.0817,0.739],[120.017,0.672],[120.0142,0.6518],[120.0332,0.6095],[120.0468,0.5137],[120.001,0.4838],[119.9509,0.4742],[119.9067,0.481],[119.8828,0.4596],[119.8769,0.4331],[119.8879,0.4192],[119.8885,0.3929],[119.8483,0.3518],[119.8718,0.2946],[119.8932,0.2872],[119.906,0.2324],[119.8875,0.211],[119.8677,0.2182],[119.8347,0.216],[119.808,0.2364],[119.7705,0.2127],[119.7781,0.1906],[119.8681,0.1057],[119.8771,0.0841],[119.8749,0.0431],[119.8857,-0.0012],[119.8668,-0.0578],[119.8397,-0.101],[119.8231,-0.1161],[119.7724,-0.1039],[119.7696,-0.0779],[119.7387,-0.0613],[119.7425,-0.0356],[119.7172,-0.0059],[119.6791,0.0079],[119.6663,-0.0173],[119.6366,-0.0085],[119.6068,-0.0147],[119.632,-0.0557],[119.6427,-0.0609],[119.6537,-0.0945],[119.6741,-0.1164],[119.7209,-0.1444],[119.754,-0.138],[119.7791,-0.1244],[119.8016,-0.1241],[119.7987,-0.1554],[119.8134,-0.1769],[119.8161,-0.2013],[119.8051,-0.213],[119.795,-0.2558],[119.7763,-0.2859],[119.7738,-0.3123],[119.7526,-0.3735],[119.7645,-0.4005],[119.7544,-0.4375],[119.7674,-0.5064],[119.7899,-0.5748],[119.7923,-0.6058],[119.8116,-0.6287],[119.8062,-0.6419],[119.8225,-0.6884],[119.8627,-0.7136],[119.8547,-0.7353],[119.8631,-0.7881],[119.8842,-0.8213],[119.8721,-0.8812],[119.8388,-0.879],[119.816,-0.8382],[119.8128,-0.8077],[119.788,-0.7698],[119.7609,-0.682],[119.7274,-0.6457],[119.7099,-0.6844],[119.6701,-0.7026],[119.6853,-0.7412],[119.6796,-0.7691],[119.6224,-0.8018],[119.6141,-0.8342],[119.5598,-0.8488],[119.526,-0.8973],[119.5202,-0.9392],[119.498,-0.985],[119.4809,-0.9985],[119.4658,-1.0642],[119.4448,-1.0978],[119.4093,-1.1283],[119.3865,-1.1401],[119.3796,-1.1588],[119.338,-1.185],[119.3028,-1.2735],[119.3213,-1.2978],[119.3324,-1.3495],[119.2971,-1.3817],[119.2878,-1.4109],[119.2886,-1.4532],[119.3107,-1.5344],[119.3264,-1.573],[119.3241,-1.5964],[119.3027,-1.6106],[119.3104,-1.629],[119.2842,-1.6634],[119.2857,-1.6917],[119.3009,-1.7068],[119.3151,-1.7684],[119.3117,-1.7983],[119.3375,-1.8194],[119.3565,-1.8241],[119.3642,-1.8564],[119.3512,-1.8707],[119.3535,-1.897],[119.3355,-1.914],[119.3415,-1.9347],[119.333,-1.9616],[119.2899,-1.9525],[119.2127,-1.9978],[119.2233,-2.0131],[119.2099,-2.0366],[119.1896,-2.12],[119.1887,-2.1482],[119.1659,-2.1611],[119.1454,-2.2005],[119.1522,-2.2394],[119.1302,-2.2768],[119.1226,-2.3141],[119.1429,-2.3928],[119.1352,-2.4205],[119.1404,-2.474],[119.0408,-2.5084],[119.0327,-2.5329],[119.031,-2.5814],[119.0079,-2.5911],[118.9996,-2.6145],[118.9659,-2.6373],[118.9424,-2.6397],[118.9125,-2.6678],[118.8687,-2.68],[118.8218,-2.6201],[118.8111,-2.642],[118.7776,-2.6845],[118.7735,-2.7144],[118.7798,-2.7369],[118.7625,-2.7489],[118.758,-2.8005],[118.7725,-2.8114],[118.7695,-2.8669],[118.8077,-2.8511],[118.8512,-2.8522],[118.8869,-2.8901],[118.8694,-2.9569],[118.8484,-2.9898],[118.8607,-3.0318],[118.8245,-3.089],[118.7794,-3.0802],[118.7763,-3.1043],[118.789,-3.135],[118.8267,-3.1651],[118.8404,-3.2136],[118.8286,-3.2322],[118.8568,-3.3071],[118.8451,-3.3154],[118.8443,-3.3783],[118.8783,-3.4408],[118.8773,-3.4715],[118.9351,-3.569],[118.9656,-3.5448],[118.9967,-3.5466],[119.0207,-3.5164],[119.0647,-3.5025],[119.111,-3.5168],[119.1356,-3.4941],[119.1689,-3.4881],[119.197,-3.4938],[119.2334,-3.4868],[119.246,-3.4663],[119.2805,-3.4544],[119.2794,-3.4379],[119.2994,-3.4249],[119.3428,-3.4336],[119.3671,-3.4533],[119.3865,-3.4498],[119.4114,-3.4667],[119.4515,-3.4776],[119.5046,-3.5366],[119.5135,-3.5625],[119.5102,-3.597],[119.4951,-3.6025],[119.4813,-3.6327],[119.4581,-3.6418],[119.4501,-3.6782],[119.4524,-3.7137],[119.4807,-3.7495],[119.5064,-3.8089],[119.5288,-3.878],[119.5489,-3.9179],[119.5708,-3.9477],[119.5826,-4.0255],[119.5937,-4.0224],[119.5866,-3.9786],[119.6353,-3.987],[119.6199,-4.0148],[119.623,-4.0614],[119.606,-4.0844],[119.6205,-4.1127],[119.6142,-4.1449],[119.6359,-4.1608],[119.6359,-4.1799],[119.6194,-4.2048],[119.6069,-4.2663],[119.6336,-4.2975],[119.6365,-4.319],[119.6212,-4.3383],[119.6269,-4.3637],[119.6149,-4.3729],[119.597,-4.4163],[119.5998,-4.4741],[119.5847,-4.5244],[119.5961,-4.5604],[119.587,-4.5873],[119.5256,-4.6747],[119.5172,-4.7156],[119.4989,-4.7258],[119.4823,-4.7515],[119.4914,-4.765],[119.4978,-4.8311],[119.5121,-4.8923],[119.5243,-4.924],[119.4912,-4.9808],[119.4769,-4.994],[119.4775,-5.0602],[119.4497,-5.0966],[119.4093,-5.1132],[119.408,-5.1448],[119.3875,-5.1617],[119.3769,-5.2665],[119.3668,-5.3081],[119.354,-5.326],[119.3604,-5.3451],[119.359,-5.4],[119.3811,-5.448],[119.396,-5.4573],[119.4318,-5.5122],[119.4358,-5.538],[119.4178,-5.5601],[119.4399,-5.5964],[119.4731,-5.5639],[119.5029,-5.5585],[119.5505,-5.6036],[119.5472,-5.6381],[119.5762,-5.6586],[119.5937,-5.6179],[119.6502,-5.6284],[119.6599,-5.6482],[119.6405,-5.6602],[119.6474,-5.6821],[119.7054,-5.7029],[119.7394,-5.6982],[119.7928,-5.7014],[119.8223,-5.6732],[119.8545,-5.6567],[119.8669,-5.6089],[119.8971,-5.5927],[119.9302,-5.5465],[120.0836,-5.5883],[120.1292,-5.5884],[120.1706,-5.5647],[120.1903,-5.566],[120.2204,-5.5402],[120.2759,-5.5378],[120.3113,-5.5082],[120.3421,-5.5123],[120.3648,-5.5357],[120.3936,-5.5863],[120.4331,-5.6117],[120.4603,-5.6205],[120.463,-5.5838],[120.4483,-5.5684],[120.4509,-5.5478],[120.4434,-5.4903],[120.4493,-5.4744],[120.413,-5.4074],[120.4005,-5.3658],[120.4027,-5.339],[120.3762,-5.3331],[120.3344,-5.2875],[120.3072,-5.2113],[120.2778,-5.1715],[120.2707,-5.143],[120.2903,-5.1107],[120.2904,-5.0367],[120.3086,-5.0005],[120.3005,-4.9809],[120.2981,-4.9142],[120.3146,-4.8569],[120.3378,-4.8402],[120.3658,-4.8452],[120.3833,-4.8379],[120.3854,-4.7682],[120.4004,-4.7333],[120.4092,-4.6952],[120.4514,-4.657],[120.4326,-4.6232],[120.3996,-4.6061],[120.3838,-4.5613],[120.3852,-4.5286],[120.3766,-4.5119],[120.4019,-4.4812],[120.3473,-4.4257],[120.3471,-4.4047],[120.3924,-4.3427],[120.3877,-4.3133],[120.3649,-4.2986],[120.3727,-4.2334],[120.3663,-4.2218],[120.3815,-4.1768],[120.3733,-4.1445],[120.3469,-4.1316],[120.3383,-4.0919],[120.3559,-4.0649],[120.361,-4.0218],[120.3413,-3.9954],[120.3532,-3.9742],[120.336,-3.9385],[120.3455,-3.8906],[120.3608,-3.8544],[120.4098,-3.7749],[120.4386,-3.7469],[120.438,-3.6889],[120.4177,-3.6785],[120.4174,-3.5732],[120.4007,-3.5511],[120.3796,-3.4983],[120.3914,-3.4885],[120.3895,-3.4451],[120.4045,-3.4314],[120.3975,-3.3658],[120.4045,-3.3396],[120.3989,-3.2888],[120.4168,-3.2726],[120.397,-3.258],[120.381,-3.2235],[120.3818,-3.2021],[120.2656,-3.1665],[120.2517,-3.1424],[120.2603,-3.1268],[120.2619,-3.0792],[120.2531,-3.0515],[120.2295,-3.0433],[120.2218,-3.0076],[120.1907,-2.9803],[120.1994,-2.9573],[120.2555,-2.9459],[120.2887,-2.9138],[120.3313,-2.896],[120.3464,-2.8702],[120.376,-2.8616],[120.4554,-2.8219],[120.4865,-2.7848],[120.518,-2.7697],[120.5407,-2.7388],[120.5642,-2.7255],[120.5831,-2.6845],[120.6331,-2.6822],[120.6859,-2.643],[120.7461,-2.6371],[120.7499,-2.6225],[120.7824,-2.6272],[120.8173,-2.6196],[120.8407,-2.6501],[120.8661,-2.6567],[120.8913,-2.6403],[120.9067,-2.6624],[120.9431,-2.658],[120.9795,-2.6673],[120.9947,-2.679],[121.0361,-2.6648],[121.037,-2.6943],[121.0846,-2.7043],[121.0942,-2.7232],[121.0651,-2.7644],[121.0358,-2.7767],[121.0217,-2.8043],[120.9822,-2.8223],[120.9917,-2.8408],[121.0435,-2.8437],[121.047,-2.8675],[121.0648,-2.8773],[121.0906,-2.9235],[121.0853,-2.9643],[121.0641,-2.9654],[121.079,-3.0081],[121.0739,-3.0317],[121.0515,-3.0264],[121.0442,-3.0494],[121.0594,-3.0694],[121.0559,-3.1845],[121.0332,-3.2066],[121.0204,-3.2447],[120.9748,-3.2609],[120.9546,-3.2968],[120.9564,-3.3305],[120.937,-3.3355],[120.8943,-3.3873],[120.8958,-3.4032],[120.8657,-3.4282],[120.8645,-3.4389],[120.8802,-3.5309],[120.9061,-3.5591],[120.9175,-3.5825],[120.9926,-3.6542],[121.0063,-3.6756],[121.0307,-3.6927],[121.0825,-3.7147],[121.0983,-3.7432],[121.1584,-3.7977],[121.1678,-3.8239],[121.1936,-3.8294],[121.24,-3.8255],[121.2588,-3.8506],[121.2439,-3.9031],[121.2651,-3.9111],[121.2801,-3.8847],[121.3003,-3.8901],[121.3133,-3.9141],[121.3172,-3.9434],[121.3457,-3.9891],[121.371,-4.0037],[121.4139,-3.9988],[121.4432,-4.0218],[121.459,-4.0104],[121.5294,-4.0279],[121.5551,-4.0443],[121.5874,-4.0516],[121.6087,-4.0672],[121.6055,-4.1042],[121.6164,-4.1513],[121.6062,-4.1814],[121.5856,-4.2005],[121.579,-4.2458],[121.5656,-4.262],[121.5326,-4.282],[121.5156,-4.3456],[121.5222,-4.3887],[121.5162,-4.4424],[121.4863,-4.5303],[121.4749,-4.551],[121.4692,-4.5897],[121.4694,-4.6916],[121.4809,-4.6917],[121.5064,-4.718],[121.5054,-4.7352],[121.549,-4.7735],[121.6013,-4.7884],[121.6314,-4.8042],[121.6637,-4.8113],[121.6774,-4.8441],[121.7095,-4.855],[121.7345,-4.837],[121.7592,-4.8442],[121.7914,-4.8346],[121.8223,-4.8385],[121.835,-4.8533],[121.8796,-4.8762],[121.9918,-4.8934],[122.0437,-4.8758],[122.0915,-4.8252],[122.0895,-4.7972],[122.0497,-4.7708],[122.0318,-4.72],[122.0382,-4.6509],[122.0612,-4.6122],[122.0895,-4.5426],[122.1245,-4.5312],[122.161,-4.5296],[122.2196,-4.4785],[122.2533,-4.4929],[122.3093,-4.4755],[122.3417,-4.4747],[122.3895,-4.4556],[122.415,-4.4336],[122.4896,-4.4558],[122.5201,-4.4431],[122.5326,-4.427],[122.5634,-4.4174],[122.5846,-4.3967],[122.6144,-4.4093],[122.6628,-4.453],[122.6638,-4.4824],[122.6936,-4.47],[122.7143,-4.5014],[122.7435,-4.5102],[122.76,-4.4888],[122.7639,-4.4524],[122.6993,-4.3985],[122.6865,-4.3696],[122.667,-4.3615],[122.6601,-4.3378],[122.6952,-4.3305],[122.7699,-4.4088],[122.8357,-4.4488],[122.8479,-4.4192],[122.8833,-4.4139],[122.9017,-4.3721],[122.8999,-4.3468],[122.8848,-4.2982],[122.8878,-4.269],[122.9063,-4.2436],[122.8942,-4.2206],[122.8999,-4.195],[122.8832,-4.1324],[122.8499,-4.0697],[122.8308,-4.055],[122.8104,-4.0619],[122.7663,-4.056],[122.7772,-4.0918],[122.8016,-4.096],[122.8308,-4.1358],[122.7997,-4.1561],[122.7651,-4.1596],[122.7199,-4.1382],[122.6804,-4.1591],[122.6631,-4.1331],[122.6647,-4.1],[122.6509,-4.0834],[122.6495,-4.0573],[122.666,-4.036],[122.6588,-4.0079],[122.6192,-4.0029],[122.5899,-3.9782],[122.5471,-3.9898],[122.5563,-3.9669],[122.5993,-3.9791],[122.6252,-3.9586],[122.628,-3.9383],[122.6603,-3.9276],[122.6653,-3.8965],[122.6396,-3.8909],[122.5874,-3.8941],[122.5601,-3.9023],[122.5247,-3.895],[122.5063,-3.8811],[122.5086,-3.861],[122.4505,-3.781],[122.4435,-3.7501],[122.402,-3.7499],[122.383,-3.7393],[122.3631,-3.7528],[122.3408,-3.7446],[122.3047,-3.7066],[122.3008,-3.6915],[122.2662,-3.6771],[122.2291,-3.6453],[122.1963,-3.6084],[122.1966,-3.5749],[122.2126,-3.5624],[122.248,-3.5646],[122.273,-3.5508],[122.2796,-3.5066],[122.2992,-3.4683],[122.2762,-3.4346],[122.2669,-3.4349],[122.2375,-3.3983],[122.2742,-3.3806],[122.2805,-3.3641],[122.3091,-3.3847],[122.3297,-3.3868],[122.3757,-3.4578],[122.3906,-3.4066],[122.3715,-3.3792],[122.3543,-3.3852],[122.3379,-3.3646],[122.3119,-3.3695],[122.2892,-3.3345],[122.2953,-3.2944],[122.314,-3.2721],[122.3234,-3.2413],[122.3568,-3.2311],[122.3851,-3.2552],[122.4083,-3.2481],[122.4323,-3.2733],[122.4241,-3.2018],[122.4364,-3.1879],[122.4692,-3.1888],[122.4854,-3.1797],[122.4222,-3.1263],[122.3982,-3.1388],[122.3714,-3.1416],[122.3585,-3.1288],[122.3356,-3.0858],[122.3051,-3.0607],[122.2743,-3.049],[122.2513,-3.0264],[122.2544,-3.0108],[122.2806,-2.9894],[122.307,-2.9562],[122.3207,-2.921],[122.299,-2.8973],[122.2503,-2.8776],[122.2163,-2.9001],[122.1913,-2.878],[122.1932,-2.8448],[122.1849,-2.8237],[122.1583,-2.8127],[122.1395,-2.7887],[122.0856,-2.7887],[122.0589,-2.7491],[122.0292,-2.7248],[122.0101,-2.7184],[122.0105,-2.6741],[122.0373,-2.6686],[122.0166,-2.6458],[121.9899,-2.6011],[121.9865,-2.5773],[121.9682,-2.5281],[121.9117,-2.4388],[121.8749,-2.4029],[121.8546,-2.355],[121.8404,-2.3456],[121.8248,-2.2939],[121.7952,-2.2882],[121.7718,-2.2554],[121.7569,-2.2496],[121.7273,-2.2035],[121.705,-2.1884],[121.6064,-2.1851],[121.5535,-2.1679],[121.54,-2.1338],[121.5316,-2.0573],[121.4933,-2.042],[121.4926,-2.0239],[121.4525,-1.9998],[121.4208,-1.9568],[121.4137,-1.9125],[121.3788,-1.9174],[121.3764,-1.9823],[121.3391,-1.9774],[121.3474,-1.952],[121.3176,-1.9369],[121.3341,-1.9018],[121.3362,-1.8532],[121.2942,-1.857],[121.2889,-1.8425],[121.3027,-1.7929],[121.3195,-1.7767],[121.341,-1.7724],[121.3734,-1.8048],[121.4218,-1.8125],[121.4423,-1.8048],[121.4611,-1.8167],[121.468,-1.8364],[121.4501,-1.8548],[121.4653,-1.8781],[121.4832,-1.8702],[121.4968,-1.895],[121.5396,-1.918],[121.5599,-1.9555],[121.6155,-1.9541],[121.639,-1.9594],[121.6767,-1.9466],[121.6902,-1.9277],[121.7125,-1.9201],[121.7438,-1.8875],[121.7648,-1.8509],[121.7677,-1.8288],[121.8043,-1.7607],[121.8076,-1.7308],[121.8242,-1.7267],[121.8606,-1.679],[121.8745,-1.6779],[121.8957,-1.6993],[121.9442,-1.6742],[121.9592,-1.6792],[121.9949,-1.6523],[122.0236,-1.6157],[122.0916,-1.6167],[122.1555,-1.608],[122.1967,-1.6087],[122.222,-1.6002],[122.304,-1.5329],[122.3591,-1.5172],[122.3922,-1.493],[122.4183,-1.4406],[122.4723,-1.4043],[122.4881,-1.3857],[122.4934,-1.3611],[122.5299,-1.3382],[122.56,-1.312],[122.5699,-1.2858],[122.5599,-1.2681],[122.6331,-1.2354],[122.6293,-1.2016],[122.6432,-1.1706],[122.6618,-1.1645],[122.6692,-1.1377],[122.7151,-1.1343],[122.7139,-1.1148],[122.7284,-1.0864],[122.7668,-1.0491],[122.7984,-1.0035],[122.7867,-0.9746],[122.8017,-0.9422],[122.8654,-0.9227],[122.881,-0.9299],[122.982,-0.9009],[123.0248,-0.9091],[123.0592,-0.8967],[123.06,-0.8715],[123.106,-0.8381],[123.1284,-0.8553],[123.153,-0.894],[123.1339,-0.8994],[123.1395,-0.9264],[123.1581,-0.9503],[123.1934,-0.971],[123.208,-0.9905],[123.2457,-1.0084],[123.2651,-1.0424],[123.3217,-1.0497],[123.3535,-1.033],[123.375,-1.0066],[123.3773,-0.976],[123.3974,-0.953],[123.3836,-0.9313],[123.3916,-0.8902],[123.4106,-0.8554],[123.444,-0.8282],[123.433,-0.82],[123.4522,-0.7589],[123.4327,-0.7478],[123.4382,-0.7172],[123.3963,-0.6925],[123.3848,-0.6642],[123.401,-0.6566],[123.3494,-0.6249],[123.3086,-0.6103],[123.2685,-0.5824],[123.2448,-0.583],[123.1946,-0.5694],[123.1742,-0.5829],[123.1151,-0.57],[123.0897,-0.5769],[123.0602,-0.5643],[123.0425,-0.5948],[123.0124,-0.6011],[122.9986,-0.6171],[122.852,-0.6288],[122.8341,-0.6408],[122.8074,-0.6341],[122.7814,-0.6695],[122.7258,-0.6608],[122.7661,-0.6978],[122.8042,-0.7083],[122.8153,-0.7035],[122.8694,-0.7111],[122.8937,-0.7386],[122.9362,-0.7364],[122.9292,-0.7623],[122.8632,-0.7761],[122.857,-0.7677],[122.8217,-0.7809],[122.7907,-0.776],[122.728,-0.8127],[122.6856,-0.8103],[122.6665,-0.8001],[122.6306,-0.7636],[122.615,-0.7615],[122.5805,-0.7837],[122.5224,-0.7843],[122.5001,-0.7706],[122.4589,-0.7587],[122.4141,-0.7833],[122.3832,-0.7845],[122.3603,-0.776],[122.3306,-0.7771],[122.3104,-0.7926],[122.264,-0.7857],[122.1997,-0.7876],[122.1867,-0.8119],[122.1585,-0.8141],[122.1657,-0.838],[122.1466,-0.8596],[122.1454,-0.9046],[122.1192,-0.9394],[122.0929,-0.9547],[122.0764,-0.9438],[122.0374,-0.9411],[122.0191,-0.9316],[121.9886,-0.9425],[121.977,-0.966],[121.9424,-0.9887],[121.9102,-0.989],[121.8945,-0.9746],[121.8475,-0.963],[121.7933,-0.9604],[121.7606,-0.971],[121.7111,-0.9407],[121.6963,-0.9261],[121.6667,-0.9217],[121.6554,-0.9088],[121.669,-0.8577],[121.6631,-0.8127],[121.654,-0.8021],[121.617,-0.8154],[121.6002,-0.8441],[121.60027777777778,-0.84412222222222]]],[[[134.7716,-5.8857],[134.7578,-5.86],[134.7458,-5.8624],[134.7422,-5.8745],[134.7403,-5.8758],[134.7393,-5.8803],[134.7368,-5.8836],[134.7266,-5.8946],[134.7389,-5.9074],[134.7716,-5.8857]]],[[[105.5309,-5.8558],[105.5019,-5.8625],[105.5086,-5.9001],[105.5298,-5.8934],[105.5309,-5.8558]]],[[[110.4686,-5.8321],[110.4867,-5.8022],[110.4639,-5.7954],[110.4449,-5.8343],[110.421,-5.8385],[110.446,-5.8761],[110.4734,-5.849],[110.4686,-5.8321]]],[[[134.7532,-6.1446],[134.7828,-6.0948],[134.7539,-6.0633],[134.755,-6.0476],[134.6882,-5.9905],[134.6617,-5.9754],[134.6557,-5.9436],[134.636,-5.9362],[134.6155,-5.9444],[134.5732,-5.938],[134.5366,-5.9185],[134.4654,-5.978],[134.4391,-6.0147],[134.418,-6.0249],[134.3816,-6.0188],[134.349,-6.0445],[134.3261,-6.0229],[134.2792,-6.0505],[134.29,-6.0709],[134.2731,-6.0833],[134.2726,-6.1155],[134.2875,-6.1248],[134.2833,-6.1469],[134.3117,-6.173],[134.3412,-6.2185],[134.3686,-6.2243],[134.3914,-6.237],[134.4,-6.2578],[134.4542,-6.2648],[134.4761,-6.2955],[134.5048,-6.2966],[134.5209,-6.3239],[134.5391,-6.3205],[134.5457,-6.3495],[134.5917,-6.3533],[134.6229,-6.3733],[134.6557,-6.3461],[134.6776,-6.3446],[134.729,-6.3014],[134.7648,-6.2059],[134.7576,-6.1903],[134.769,-6.1654],[134.7532,-6.1446]]],[[[120.4989,-6.4597],[120.5014,-6.4162],[120.4928,-6.3998],[120.5209,-6.3646],[120.5215,-6.3362],[120.5381,-6.3275],[120.5391,-6.2797],[120.5298,-6.2449],[120.5285,-6.1874],[120.5452,-6.1475],[120.5573,-6.0813],[120.5681,-6.0549],[120.5584,-5.9919],[120.5345,-5.9194],[120.5339,-5.8754],[120.5012,-5.8097],[120.5086,-5.7926],[120.4968,-5.7689],[120.4822,-5.7684],[120.4611,-5.7943],[120.4531,-5.8469],[120.4527,-5.8905],[120.4455,-5.9605],[120.4528,-6.0108],[120.4505,-6.0612],[120.466,-6.0939],[120.4479,-6.1404],[120.4464,-6.1644],[120.4284,-6.1852],[120.4451,-6.1981],[120.4455,-6.2664],[120.481,-6.2816],[120.4715,-6.3409],[120.4748,-6.368],[120.4601,-6.4085],[120.4737,-6.4376],[120.4797,-6.4767],[120.4989,-6.4597]]],[[[105.5122,-5.9341],[105.4773,-5.9261],[105.4675,-5.9643],[105.5013,-5.9689],[105.5122,-5.9341]]],[[[124.06,-6.0081],[124.0569,-6.0416],[124.089,-6.0264],[124.0882,-6.0009],[124.0744,-5.9755],[124.051,-5.9118],[123.9976,-5.8767],[123.9802,-5.8963],[123.9729,-5.9361],[123.9906,-5.9683],[124.0184,-5.9791],[124.0482,-5.9763],[124.06,-6.0081]]],[[[134.7226,-5.8847],[134.7302,-5.8879],[134.7387,-5.8808],[134.7404,-5.8748],[134.7415,-5.8749],[134.7462,-5.8606],[134.7557,-5.8488],[134.7277,-5.835],[134.6726,-5.8463],[134.6486,-5.865],[134.6522,-5.8956],[134.6281,-5.9181],[134.6363,-5.9285],[134.6737,-5.9409],[134.7055,-5.9754],[134.7334,-5.9792],[134.7352,-5.9328],[134.7163,-5.9198],[134.7097,-5.8999],[134.7226,-5.8847]]],[[[134.6294,-5.8779],[134.6107,-5.8955],[134.5877,-5.9336],[134.6085,-5.9359],[134.6247,-5.907],[134.6513,-5.8946],[134.6294,-5.8779]]],[[[132.5372,-5.877],[132.5309,-5.9118],[132.5521,-5.9078],[132.5372,-5.877]]],[[[105.3063,-5.8161],[105.2791,-5.8128],[105.2366,-5.8341],[105.2853,-5.8381],[105.3063,-5.8161]]],[[[134.2515,-5.8157],[134.2495,-5.7719],[134.238,-5.7614],[134.1958,-5.7507],[134.1867,-5.8185],[134.2067,-5.8356],[134.2401,-5.8289],[134.2515,-5.8157]]],[[[112.6285,-5.8472],[112.6783,-5.8492],[112.6889,-5.8572],[112.7131,-5.8423],[112.742,-5.7868],[112.7248,-5.7593],[112.7267,-5.7358],[112.6897,-5.7244],[112.6652,-5.7353],[112.6461,-5.7296],[112.6119,-5.767],[112.5893,-5.7765],[112.5747,-5.827],[112.5909,-5.8532],[112.6285,-5.8472]]],[[[132.6889,-5.8129],[132.702,-5.7978],[132.6807,-5.7485],[132.669,-5.7757],[132.6889,-5.8129]]],[[[134.745,-5.7705],[134.7417,-5.7418],[134.7205,-5.7489],[134.6937,-5.7293],[134.668,-5.7248],[134.669,-5.7506],[134.6769,-5.7703],[134.6915,-5.7774],[134.6921,-5.797],[134.7142,-5.8132],[134.7352,-5.8062],[134.745,-5.7705]]],[[[123.9207,-5.7723],[123.986,-5.7868],[124.0058,-5.7555],[123.9585,-5.7268],[123.9081,-5.7183],[123.8954,-5.7379],[123.9207,-5.7723]]],[[[132.1768,-5.7258],[132.1747,-5.7565],[132.2005,-5.7583],[132.2006,-5.7195],[132.1768,-5.7258]]],[[[134.3676,-6.0225],[134.3799,-6.0158],[134.418,-6.0228],[134.4337,-6.0163],[134.4621,-5.979],[134.4685,-5.9563],[134.4864,-5.9594],[134.5386,-5.916],[134.5629,-5.9294],[134.585,-5.9299],[134.6071,-5.8955],[134.6253,-5.8787],[134.7132,-5.8158],[134.6902,-5.797],[134.6889,-5.7764],[134.6755,-5.7713],[134.6673,-5.7519],[134.6363,-5.7129],[134.616,-5.7256],[134.5767,-5.6771],[134.5726,-5.6562],[134.5464,-5.6507],[134.5335,-5.6268],[134.5278,-5.5656],[134.5112,-5.5643],[134.4933,-5.5348],[134.4806,-5.5628],[134.4637,-5.5601],[134.4367,-5.5793],[134.4117,-5.6439],[134.3561,-5.6841],[134.3609,-5.7161],[134.334,-5.7261],[134.3109,-5.7049],[134.2403,-5.6673],[134.2114,-5.7165],[134.2374,-5.7455],[134.2607,-5.759],[134.3036,-5.7517],[134.3069,-5.7654],[134.3343,-5.7977],[134.3709,-5.7704],[134.3746,-5.7988],[134.3719,-5.8483],[134.3399,-5.852],[134.3363,-5.8818],[134.2982,-5.8983],[134.297,-5.9257],[134.3331,-5.9466],[134.3163,-5.9938],[134.3023,-6.0121],[134.3535,-6.0349],[134.3676,-6.0225]]],[[[132.7242,-5.9349],[132.7248,-5.9525],[132.7831,-5.9396],[132.7979,-5.8667],[132.8154,-5.8499],[132.8044,-5.7881],[132.7721,-5.766],[132.7733,-5.7179],[132.7473,-5.7146],[132.7383,-5.692],[132.744,-5.6559],[132.6968,-5.6593],[132.7089,-5.6299],[132.7113,-5.5907],[132.6854,-5.6041],[132.6747,-5.6297],[132.6254,-5.6117],[132.636,-5.6375],[132.6342,-5.6664],[132.6542,-5.694],[132.6478,-5.7066],[132.6774,-5.727],[132.6987,-5.7568],[132.7081,-5.8108],[132.6797,-5.8562],[132.6735,-5.9014],[132.6979,-5.9023],[132.7242,-5.9349]]],[[[132.8528,-5.9751],[132.8976,-5.9518],[132.9128,-5.9078],[132.9297,-5.8843],[132.9453,-5.881],[132.961,-5.8523],[132.9429,-5.8242],[132.9611,-5.739],[132.976,-5.7258],[133.0047,-5.6791],[133.0393,-5.6427],[133.0837,-5.619],[133.1148,-5.5629],[133.1289,-5.4942],[133.1412,-5.4561],[133.1433,-5.4285],[133.1601,-5.3527],[133.1814,-5.3368],[133.1825,-5.3083],[133.1435,-5.2688],[133.1041,-5.2915],[133.0814,-5.3706],[133.0674,-5.3846],[133.0658,-5.4143],[133.0484,-5.4525],[133.0378,-5.5204],[133.0212,-5.5515],[133.0085,-5.5944],[133.0009,-5.6475],[132.9606,-5.6583],[132.9398,-5.684],[132.9357,-5.7688],[132.9035,-5.8047],[132.9068,-5.8202],[132.8821,-5.8404],[132.8875,-5.852],[132.8738,-5.8799],[132.8689,-5.941],[132.8528,-5.9751]]],[[[136.2303,-1.9057],[136.2495,-1.8859],[136.2648,-1.8931],[136.2986,-1.8691],[136.3613,-1.8686],[136.3711,-1.8822],[136.4253,-1.8844],[136.4586,-1.8919],[136.4849,-1.8793],[136.5124,-1.8931],[136.5161,-1.8692],[136.5515,-1.8704],[136.6186,-1.8624],[136.6506,-1.8675],[136.6755,-1.8421],[136.7068,-1.8434],[136.7088,-1.8199],[136.7241,-1.8152],[136.7605,-1.8263],[136.8014,-1.8128],[136.8492,-1.8274],[136.8738,-1.801],[136.8645,-1.7765],[136.8019,-1.7479],[136.7475,-1.7435],[136.7154,-1.732],[136.6263,-1.7249],[136.5851,-1.7292],[136.4925,-1.7075],[136.4464,-1.7053],[136.4098,-1.7201],[136.3686,-1.7171],[136.3248,-1.7038],[136.3057,-1.6877],[136.2304,-1.6691],[136.2033,-1.6484],[136.1829,-1.6556],[136.142,-1.649],[136.1286,-1.6536],[136.0778,-1.6495],[136.0637,-1.6579],[136.0064,-1.6467],[135.9736,-1.6539],[135.9542,-1.6413],[135.9144,-1.6353],[135.8792,-1.6398],[135.8645,-1.6597],[135.8364,-1.645],[135.7662,-1.6254],[135.7338,-1.6335],[135.6543,-1.6191],[135.6415,-1.6265],[135.5664,-1.6111],[135.5457,-1.6143],[135.4543,-1.5994],[135.4443,-1.6368],[135.4677,-1.6389],[135.4742,-1.6803],[135.5267,-1.6809],[135.5617,-1.6679],[135.5798,-1.6868],[135.5969,-1.6807],[135.616,-1.6948],[135.6561,-1.6864],[135.673,-1.7066],[135.7098,-1.6898],[135.7323,-1.688],[135.752,-1.7215],[135.7664,-1.7115],[135.7897,-1.7197],[135.8363,-1.7569],[135.8581,-1.7674],[135.8692,-1.7404],[135.9,-1.7608],[135.9115,-1.7547],[135.9394,-1.7865],[135.971,-1.8022],[135.9783,-1.8169],[136.0252,-1.8192],[136.0755,-1.8498],[136.0999,-1.8434],[136.1183,-1.8534],[136.1454,-1.8532],[136.1771,-1.8731],[136.1971,-1.8603],[136.2268,-1.8869],[136.2303,-1.9057]]],[[[138.7419,-1.6004],[138.7175,-1.58],[138.7088,-1.6004],[138.7183,-1.6184],[138.7464,-1.625],[138.7419,-1.6004]]],[[[136.599,-1.2275],[136.6088,-1.1979],[136.583,-1.2019],[136.599,-1.2275]]],[[[135.9106,-1.1647],[135.9451,-1.1463],[136.0002,-1.1423],[136.0385,-1.1488],[136.0502,-1.1721],[136.0733,-1.1841],[136.1344,-1.1996],[136.1626,-1.1854],[136.2127,-1.1724],[136.2426,-1.1705],[136.2823,-1.1503],[136.3141,-1.1408],[136.3814,-1.089],[136.3849,-1.0717],[136.3613,-1.0634],[136.3316,-1.0761],[136.2963,-1.055],[136.2899,-1.0299],[136.2574,-1.0175],[136.237,-1.0295],[136.2081,-1.0315],[136.1898,-1.0449],[136.1608,-1.0346],[136.1587,-1.0073],[136.0991,-0.9606],[136.0981,-0.9321],[136.0604,-0.8871],[136.0516,-0.8592],[136.0293,-0.8371],[135.9733,-0.8123],[135.9368,-0.786],[135.9248,-0.7902],[135.9088,-0.757],[135.8662,-0.7072],[135.8117,-0.6854],[135.7804,-0.7226],[135.7487,-0.7406],[135.7283,-0.7126],[135.6803,-0.7129],[135.6777,-0.6877],[135.6434,-0.6627],[135.602,-0.6931],[135.5966,-0.666],[135.5602,-0.6591],[135.5316,-0.6658],[135.4597,-0.646],[135.4338,-0.6429],[135.4175,-0.653],[135.3849,-0.621],[135.3636,-0.6304],[135.3727,-0.6665],[135.3888,-0.6782],[135.3937,-0.7229],[135.4351,-0.7682],[135.4788,-0.7814],[135.4872,-0.7701],[135.5289,-0.7829],[135.5727,-0.8298],[135.5902,-0.8384],[135.6428,-0.8871],[135.6672,-0.8624],[135.6977,-0.8174],[135.7206,-0.797],[135.7416,-0.8106],[135.7665,-0.8634],[135.7659,-0.8853],[135.7889,-0.9362],[135.7876,-0.9655],[135.801,-0.9985],[135.8255,-1.0318],[135.8181,-1.0892],[135.8023,-1.0924],[135.8233,-1.1318],[135.8578,-1.1666],[135.906,-1.178],[135.9106,-1.1647]]],[[[109.2171,0.0387],[109.1962,0.0487],[109.1805,0.035],[109.2183,0.0198],[109.2171,0.0387]]],[[[104.4044,0.0922],[104.436,0.0652],[104.4437,0.0497],[104.4808,0.0154],[104.4928,0.0714],[104.4171,0.151],[104.3975,0.1425],[104.4126,0.1161],[104.4044,0.0922]]],[[[104.5907,0.1632],[104.5178,0.2461],[104.4934,0.2168],[104.5161,0.1993],[104.5266,0.1644],[104.5752,0.107],[104.6214,0.0752],[104.6576,0.0405],[104.6963,0.0158],[104.7097,0.0379],[104.6637,0.0738],[104.5907,0.1632]]],[[[127.0705,-0.2701],[127.091,-0.2467],[127.0667,-0.2296],[127.0432,-0.2411],[127.0289,-0.2826],[127.0705,-0.2701]]],[[[122.2067,-0.2824],[122.2337,-0.2831],[122.2298,-0.2563],[122.1902,-0.2425],[122.1851,-0.2152],[122.1475,-0.2437],[122.1804,-0.2793],[122.2067,-0.2824]]],[[[127.1275,-0.2328],[127.1358,-0.2029],[127.1302,-0.1785],[127.1045,-0.2165],[127.0912,-0.2512],[127.1092,-0.2521],[127.1275,-0.2328]]],[[[103.5326,-0.2046],[103.5674,-0.194],[103.5559,-0.1748],[103.4988,-0.1876],[103.5326,-0.2046]]],[[[109.1178,-0.1718],[109.103,-0.1684],[109.0895,-0.1918],[109.1326,-0.1949],[109.1178,-0.1718]]],[[[121.6541,-0.1376],[121.6486,-0.129],[121.6036,-0.1283],[121.5638,-0.1605],[121.5648,-0.18],[121.5938,-0.2113],[121.616,-0.2162],[121.6397,-0.2064],[121.6565,-0.182],[121.6541,-0.1376]]],[[[109.1247,-0.1447],[109.1101,-0.118],[109.0969,-0.128],[109.0974,-0.1512],[109.1247,-0.1447]]],[[[109.1751,-0.1106],[109.1612,-0.0581],[109.1251,-0.104],[109.1318,-0.1405],[109.1636,-0.1862],[109.1766,-0.1943],[109.1869,-0.1375],[109.1751,-0.1106]]],[[[127.2669,-0.1112],[127.2716,-0.0731],[127.2386,-0.0796],[127.2064,-0.1244],[127.228,-0.1395],[127.2614,-0.126],[127.2669,-0.1112]]],[[[103.4801,-0.1045],[103.4978,-0.1194],[103.5144,-0.0947],[103.4925,-0.0887],[103.4801,-0.1045]]],[[[103.5062,-0.1147],[103.5316,-0.1229],[103.5854,-0.102],[103.5806,-0.074],[103.5482,-0.078],[103.5167,-0.0941],[103.5062,-0.1147]]],[[[129.5638,-0.1597],[129.5466,-0.1296],[129.5054,-0.101],[129.4729,-0.0867],[129.4601,-0.0672],[129.434,-0.0537],[129.4014,-0.0132],[129.3379,0.0256],[129.3818,-0.0306],[129.382,-0.0524],[129.4022,-0.0707],[129.4264,-0.0758],[129.4734,-0.1101],[129.4856,-0.1419],[129.512,-0.1659],[129.521,-0.1996],[129.5369,-0.2135],[129.5577,-0.2091],[129.5733,-0.1794],[129.5638,-0.1597]]],[[[127.4158,-0.0806],[127.4289,-0.0475],[127.4124,-0.0195],[127.4027,-0.0722],[127.4158,-0.0806]]],[[[130.128,-0.0171],[130.0901,0.0124],[130.0854,-0.0006],[130.1067,-0.0252],[130.0929,-0.0663],[130.1267,-0.0991],[130.1455,-0.089],[130.1527,-0.063],[130.1284,-0.0354],[130.128,-0.0171]]],[[[130.9653,0.0152],[130.9363,0.0226],[130.9277,-0.0098],[130.9653,0.0152]]],[[[129.652,-0.0476],[129.6032,-0.0044],[129.5844,-0.0088],[129.5875,-0.0447],[129.6082,-0.0651],[129.652,-0.0476]]],[[[103.6406,-0.0148],[103.6491,-0.0441],[103.667,-0.0525],[103.6825,-0.0389],[103.664,-0.0212],[103.6406,-0.0148]]],[[[127.4676,-0.0341],[127.4576,0.0074],[127.4698,0.0343],[127.4462,0.0758],[127.4427,0.1166],[127.4151,0.0955],[127.4062,0.0124],[127.4306,0.0219],[127.4324,-0.0058],[127.4537,-0.0317],[127.4676,-0.0341]]],[[[102.9457,0.315],[102.9346,0.3246],[102.8951,0.3046],[102.8291,0.2778],[102.8445,0.2567],[102.8821,0.2705],[102.9457,0.315]]],[[[128.8182,0.5624],[128.8062,0.5535],[128.8302,0.5094],[128.847,0.5278],[128.8182,0.5624]]],[[[104.241,0.1716],[104.2293,0.2007],[104.2007,0.1667],[104.2255,0.1552],[104.241,0.1716]]],[[[131.047,0.3617],[131.0648,0.3525],[131.0802,0.3632],[131.0685,0.3855],[131.0487,0.3997],[131.036,0.3765],[131.047,0.3617]]],[[[127.4181,0.4334],[127.4398,0.4482],[127.4178,0.4795],[127.3857,0.4707],[127.3817,0.4546],[127.399,0.4331],[127.4181,0.4334]]],[[[104.3569,0.3086],[104.3285,0.3059],[104.3548,0.2788],[104.3775,0.2937],[104.3569,0.3086]]],[[[102.9879,0.3326],[102.9864,0.356],[102.9534,0.3372],[102.9522,0.3161],[102.9879,0.3326]]],[[[127.4303,0.2982],[127.4429,0.3366],[127.4172,0.3746],[127.3736,0.3623],[127.3458,0.3357],[127.3501,0.3089],[127.3847,0.2775],[127.4221,0.2827],[127.4303,0.2982]]],[[[104.337,0.3712],[104.348,0.3491],[104.3381,0.3376],[104.3542,0.3137],[104.376,0.3122],[104.3906,0.2896],[104.4116,0.2936],[104.423,0.3187],[104.337,0.3712]]],[[[104.2009,0.6031],[104.1852,0.5882],[104.193,0.563],[104.2253,0.5793],[104.2009,0.6031]]],[[[103.4901,0.6252],[103.5156,0.6655],[103.5205,0.6915],[103.4923,0.6854],[103.463,0.6216],[103.4901,0.6252]]],[[[104.217,0.7178],[104.2098,0.7102],[104.2733,0.6246],[104.2887,0.639],[104.279,0.6719],[104.2604,0.6882],[104.2424,0.6888],[104.217,0.7178]]],[[[127.4056,0.622],[127.4287,0.6289],[127.4477,0.654],[127.4605,0.7156],[127.4485,0.7459],[127.4056,0.759],[127.3855,0.7477],[127.3867,0.7254],[127.362,0.6783],[127.3667,0.647],[127.3785,0.6303],[127.4056,0.622]]],[[[103.712,0.6953],[103.732,0.7119],[103.7122,0.7255],[103.6939,0.7102],[103.712,0.6953]]],[[[103.0274,0.6424],[103.0507,0.6044],[103.0647,0.5674],[103.0842,0.5901],[103.0514,0.6598],[103.0274,0.6424]]],[[[103.2174,0.5206],[103.2849,0.5284],[103.3009,0.5546],[103.3021,0.6015],[103.2728,0.6652],[103.2368,0.6956],[103.1912,0.7004],[103.1657,0.6886],[103.1495,0.6667],[103.1458,0.6042],[103.1383,0.5535],[103.1471,0.5268],[103.1715,0.4983],[103.2174,0.5206]]],[[[103.0781,0.7524],[103.0908,0.7172],[103.1156,0.7385],[103.1125,0.7827],[103.096,0.7995],[103.0809,0.7784],[103.0781,0.7524]]],[[[104.7234,0.7561],[104.7141,0.7413],[104.7319,0.7191],[104.7594,0.7314],[104.7234,0.7561]]],[[[104.6612,0.7522],[104.627,0.7437],[104.6308,0.7216],[104.6612,0.7522]]],[[[104.2818,0.7289],[104.2632,0.745],[104.2578,0.7654],[104.27,0.7885],[104.2617,0.8009],[104.212,0.7816],[104.1933,0.7872],[104.1722,0.7727],[104.1896,0.7517],[104.1901,0.735],[104.2187,0.7247],[104.2552,0.6922],[104.2955,0.718],[104.2818,0.7289]]],[[[108.7066,0.7781],[108.6949,0.7756],[108.7133,0.7329],[108.7272,0.7524],[108.7066,0.7781]]],[[[104.5165,0.754],[104.5396,0.7708],[104.5797,0.7715],[104.5692,0.7957],[104.5213,0.7826],[104.5165,0.754]]],[[[104.7012,0.7937],[104.687,0.7746],[104.7462,0.7513],[104.7466,0.7876],[104.7012,0.7937]]],[[[104.599,0.7923],[104.5789,0.769],[104.5944,0.7551],[104.6236,0.7855],[104.599,0.7923]]],[[[103.6617,0.8264],[103.7031,0.7556],[103.7289,0.7657],[103.7044,0.8033],[103.6617,0.8264]]],[[[103.9206,0.8161],[103.9055,0.8169],[103.8876,0.7967],[103.9333,0.7673],[103.941,0.7872],[103.9206,0.8161]]],[[[103.46,0.6402],[103.5043,0.7184],[103.5091,0.7627],[103.4725,0.8092],[103.4447,0.8209],[103.4121,0.8441],[103.4087,0.8766],[103.3921,0.8899],[103.3719,0.8859],[103.3661,0.8565],[103.3537,0.8437],[103.3494,0.8113],[103.3515,0.7408],[103.3678,0.7122],[103.4013,0.6707],[103.4005,0.649],[103.4316,0.6369],[103.46,0.6402]]],[[[127.3487,0.7577],[127.3706,0.7602],[127.3912,0.7893],[127.3859,0.8339],[127.327,0.8676],[127.3021,0.841],[127.2927,0.7976],[127.3145,0.756],[127.3487,0.7577]]],[[[103.8195,0.7536],[103.8358,0.7702],[103.8339,0.8109],[103.8094,0.8453],[103.7832,0.8713],[103.7492,0.8862],[103.7251,0.8818],[103.7206,0.8514],[103.7598,0.8043],[103.801,0.7775],[103.8195,0.7536]]],[[[103.5317,0.7994],[103.494,0.845],[103.4531,0.8563],[103.4275,0.8743],[103.4144,0.8473],[103.4388,0.8301],[103.4761,0.8205],[103.4874,0.8001],[103.526,0.7662],[103.5317,0.7994]]],[[[104.6537,0.8145],[104.665,0.8212],[104.6647,0.8506],[104.6475,0.8682],[104.6327,0.8464],[104.6357,0.8245],[104.6537,0.8145]]],[[[103.8981,0.8544],[103.8629,0.8811],[103.8365,0.884],[103.8105,0.8995],[103.8324,0.8432],[103.8791,0.8007],[103.9049,0.8193],[103.8981,0.8544]]],[[[103.0494,0.7411],[103.0565,0.7812],[103.0471,0.8243],[102.9952,0.8609],[102.9613,0.8769],[102.9265,0.9043],[102.9156,0.9229],[102.8813,0.9508],[102.797,0.9803],[102.7813,1.0021],[102.7377,1.0221],[102.6933,1.0106],[102.6584,0.9951],[102.6225,0.9933],[102.5887,1.0011],[102.5694,0.9799],[102.5568,0.9697],[102.5297,0.9619],[102.5107,0.9479],[102.4992,0.9435],[102.4878,0.9309],[102.4721,0.9282],[102.4405,0.9355],[102.4084,0.8862],[102.4123,0.8549],[102.4372,0.8252],[102.5178,0.7831],[102.5611,0.7686],[102.6013,0.769],[102.6552,0.789],[102.7082,0.7918],[102.7623,0.7883],[102.8608,0.7926],[102.9275,0.7693],[102.9694,0.7239],[102.9921,0.6908],[103.0267,0.6891],[103.0489,0.719],[103.0494,0.7411]]],[[[104.6933,0.8931],[104.6737,0.8922],[104.6625,0.858],[104.6917,0.8474],[104.6933,0.8931]]],[[[104.2377,0.8638],[104.2097,0.8818],[104.1885,0.873],[104.1652,0.8792],[104.1706,0.8989],[104.1387,0.9414],[104.099,0.96],[104.0782,0.9447],[104.0949,0.9266],[104.0941,0.8797],[104.1187,0.8756],[104.1481,0.8528],[104.1648,0.7915],[104.181,0.783],[104.2453,0.8204],[104.2661,0.859],[104.2377,0.8638]]],[[[104.4841,0.8731],[104.469,0.8782],[104.455,0.8877],[104.4382,0.8708],[104.4672,0.8591],[104.4841,0.8731]]],[[[103.4829,0.879],[103.4754,0.9139],[103.4364,0.9253],[103.4052,0.9069],[103.4257,0.8772],[103.4557,0.8583],[103.4868,0.8548],[103.4829,0.879]]],[[[103.5096,0.9118],[103.4861,0.9006],[103.5025,0.8622],[103.5269,0.8788],[103.5096,0.9118]]],[[[122.7731,0.9123],[122.7561,0.9059],[122.7909,0.8738],[122.8118,0.8879],[122.7759,0.9005],[122.7731,0.9123]]],[[[103.4483,0.9604],[103.4387,0.9408],[103.4784,0.9241],[103.4736,0.9497],[103.4483,0.9604]]],[[[104.0632,0.9625],[104.0458,0.964],[104.0474,0.9323],[104.0707,0.9154],[104.0784,0.9543],[104.0632,0.9625]]],[[[107.4352,0.9761],[107.4323,0.9475],[107.4551,0.9204],[107.4737,0.9491],[107.462,0.9758],[107.4352,0.9761]]],[[[125.185,1.8001],[125.1604,1.8083],[125.135,1.8472],[125.1142,1.8174],[125.1323,1.7754],[125.1549,1.7665],[125.1881,1.782],[125.185,1.8001]]],[[[124.78,1.7063],[124.7563,1.7394],[124.7342,1.7133],[124.7692,1.692],[124.78,1.7063]]],[[[101.6702,1.7268],[101.7064,1.7415],[101.7317,1.7626],[101.7411,1.7974],[101.748,1.8661],[101.7549,1.8944],[101.7855,1.9395],[101.7765,1.9886],[101.7397,2.0402],[101.7229,2.0458],[101.7108,2.0898],[101.6552,2.1249],[101.6043,2.1],[101.5734,2.0689],[101.5641,2.0477],[101.519,2.036],[101.4775,2.0643],[101.4325,2.0476],[101.3978,2.0051],[101.3978,1.9498],[101.3831,1.9107],[101.415,1.8431],[101.4285,1.7794],[101.458,1.7239],[101.5598,1.6951],[101.6173,1.6888],[101.6702,1.7268]]],[[[103.087,0.8288],[103.1235,0.8309],[103.1545,0.8494],[103.1549,0.8954],[103.0979,0.9604],[103.0709,0.9993],[103.0208,1.0491],[103.0052,1.0703],[102.9722,1.0962],[102.8329,1.1449],[102.7596,1.159],[102.7242,1.1479],[102.6877,1.1179],[102.6687,1.086],[102.664,1.0544],[102.6436,1.0069],[102.6822,1.0241],[102.7435,1.0394],[102.7781,1.0194],[102.8097,0.9897],[102.8849,0.9666],[102.9198,0.9443],[102.9554,0.9054],[102.9849,0.8937],[103.0457,0.8578],[103.0697,0.8335],[103.087,0.8288]]],[[[103.9415,0.9196],[103.9619,0.9347],[103.9679,0.9654],[103.9196,1.0093],[103.8993,0.9997],[103.8683,1.0377],[103.834,1.0173],[103.839,0.9712],[103.8968,0.9377],[103.9415,0.9196]]],[[[107.5707,0.9679],[107.5942,0.9903],[107.587,1.0115],[107.5536,1.0226],[107.5299,1.0224],[107.5427,0.9783],[107.5707,0.9679]]],[[[104.7905,1.028],[104.7833,1.0117],[104.8248,0.9803],[104.8486,0.9872],[104.8355,1.0164],[104.8038,1.0178],[104.7905,1.028]]],[[[103.7812,1.0432],[103.7559,1.0249],[103.782,0.9786],[103.8008,0.9785],[103.7996,1.0251],[103.7812,1.0432]]],[[[117.9483,1.0532],[117.9507,1.0151],[117.9783,0.9745],[117.9876,0.977],[117.9746,1.0231],[117.9483,1.0532]]],[[[102.5867,1.0745],[102.5492,1.1094],[102.5383,1.1275],[102.4795,1.1236],[102.4597,1.0651],[102.4823,1.0147],[102.4992,0.9524],[102.5101,0.9486],[102.5334,0.9648],[102.5601,0.9727],[102.5874,1.0014],[102.6145,1.0471],[102.5867,1.0745]]],[[[120.3979,1.032],[120.4003,1.0712],[120.3777,1.0735],[120.3658,1.0291],[120.3758,1.0089],[120.3926,1.0103],[120.3979,1.032]]],[[[103.8536,1.0736],[103.833,1.0635],[103.8444,1.0354],[103.8823,1.0529],[103.8536,1.0736]]],[[[104.07102147043155,0.99788129994673],[104.07162413793104,0.9985849137931],[104.07158771929826,0.99858567251462],[104.07101529411764,0.99791784313725],[104.07102147043155,0.99788129994673]]],[[[104.07102147043155,0.99788129994673],[104.07101529411764,0.99791784313725],[104.07158771929826,0.99858567251462],[104.07162413793104,0.9985849137931],[104.0802,1.0243],[104.1295,1.0319],[104.1409,1.1006],[104.1544,1.1358],[104.1491,1.1703],[104.1076,1.2006],[104.0731,1.1878],[104.0706,1.1622],[104.0117,1.1899],[103.9982,1.179],[103.9888,1.131],[103.9482,1.1454],[103.9187,1.1396],[103.9375,1.1118],[103.9376,1.0841],[103.907,1.0647],[103.9102,1.0403],[103.9411,1.0092],[103.9635,1.0052],[103.9911,1.0173],[104.0111,0.9876],[104.0382,0.9806],[104.048,0.9993],[104.07102147043155,0.99788129994673]]],[[[104.5944,0.8117],[104.6112,0.8333],[104.6122,0.8811],[104.6289,0.9058],[104.6551,0.9092],[104.6599,0.9404],[104.6481,0.9467],[104.6353,0.9877],[104.6576,1.0323],[104.6523,1.0626],[104.6336,1.1079],[104.5967,1.1259],[104.5777,1.1555],[104.5768,1.1928],[104.5863,1.2233],[104.5507,1.2237],[104.5291,1.1771],[104.5012,1.1703],[104.4689,1.1762],[104.4071,1.203],[104.3806,1.1972],[104.3651,1.1783],[104.3413,1.1864],[104.3184,1.1811],[104.3302,1.1383],[104.3056,1.1375],[104.2403,1.1196],[104.2124,1.0742],[104.2364,1.0373],[104.2261,1.0205],[104.2635,0.9997],[104.3036,1.0008],[104.3323,0.9914],[104.3432,1.0199],[104.3738,1.0103],[104.4034,1.0387],[104.4261,1.0516],[104.4536,1.0544],[104.4763,1.0269],[104.4516,1.0152],[104.4457,0.9792],[104.4124,0.967],[104.4439,0.9374],[104.4391,0.9059],[104.4708,0.8951],[104.4839,0.8764],[104.4913,0.872],[104.4786,0.8653],[104.477,0.8538],[104.4972,0.8391],[104.5554,0.8145],[104.5944,0.8117]]],[[[103.4451,0.9984],[103.4209,1.0399],[103.39,1.0649],[103.3798,1.098],[103.3823,1.1326],[103.3511,1.1347],[103.3279,1.112],[103.3101,1.0765],[103.3116,1.0544],[103.3315,1.0176],[103.3553,1.0042],[103.3836,1.0079],[103.3949,0.9923],[103.4451,0.9984]]],[[[102.4776,0.969],[102.4675,1.0111],[102.4386,1.0706],[102.4606,1.1313],[102.4642,1.1598],[102.4859,1.2004],[102.4846,1.239],[102.4268,1.2901],[102.3743,1.3258],[102.3594,1.3452],[102.292,1.412],[102.2712,1.4185],[102.2129,1.4138],[102.2096,1.4013],[102.2269,1.3686],[102.227,1.3278],[102.2059,1.2819],[102.233,1.2324],[102.2496,1.1661],[102.2364,1.1018],[102.2759,1.0054],[102.3303,0.9632],[102.3643,0.9268],[102.3908,0.9127],[102.4186,0.9211],[102.4393,0.9492],[102.48,0.9414],[102.4776,0.969]]],[[[126.3996,1.3086],[126.4151,1.3273],[126.3815,1.3531],[126.3577,1.331],[126.3766,1.312],[126.3996,1.3086]]],[[[118.4782,1.4499],[118.466,1.4398],[118.4735,1.4016],[118.5024,1.3804],[118.5165,1.3959],[118.4782,1.4499]]],[[[125.1921,1.4018],[125.2267,1.4027],[125.2555,1.4392],[125.2695,1.4778],[125.2643,1.5026],[125.2366,1.4638],[125.2379,1.4457],[125.1866,1.4304],[125.166,1.4092],[125.1921,1.4018]]],[[[102.5045,1.3038],[102.4928,1.3965],[102.4967,1.468],[102.4614,1.5181],[102.4077,1.5357],[102.3401,1.5491],[102.2814,1.5533],[102.2615,1.5637],[102.1778,1.5706],[102.0648,1.6047],[102.0111,1.6055],[101.9982,1.5838],[102.0105,1.5733],[102.03,1.5346],[102.0684,1.4953],[102.1071,1.4658],[102.1454,1.4479],[102.1941,1.4354],[102.2316,1.4318],[102.2729,1.4354],[102.2982,1.4261],[102.3382,1.3892],[102.3975,1.3236],[102.4949,1.2534],[102.5085,1.2569],[102.5045,1.3038]]],[[[127.404,-1.4923],[127.3813,-1.4939],[127.3779,-1.522],[127.396,-1.5254],[127.404,-1.4923]]],[[[135.1231,-1.4751],[135.1144,-1.4997],[135.1528,-1.5194],[135.1769,-1.5109],[135.2093,-1.5245],[135.2473,-1.5298],[135.2787,-1.5166],[135.3137,-1.5137],[135.3206,-1.4944],[135.2904,-1.479],[135.2597,-1.4824],[135.2535,-1.5218],[135.2319,-1.4862],[135.2157,-1.4744],[135.1866,-1.4833],[135.1369,-1.4716],[135.1231,-1.4751]]],[[[127.3525,-1.4313],[127.3754,-1.4259],[127.3996,-1.4007],[127.3473,-1.3654],[127.3149,-1.3965],[127.2845,-1.4062],[127.2937,-1.4325],[127.3294,-1.4489],[127.3525,-1.4313]]],[[[129.6499,-1.8291],[129.6544,-1.8005],[129.6446,-1.7747],[129.6241,-1.7891],[129.6499,-1.8291]]],[[[104.5568,-1.7773],[104.5493,-1.8054],[104.5974,-1.8114],[104.6064,-1.8022],[104.588,-1.7588],[104.5917,-1.7318],[104.5674,-1.7317],[104.5568,-1.7773]]],[[[124.1551,-1.7755],[124.1795,-1.7741],[124.1681,-1.7371],[124.1404,-1.7459],[124.1551,-1.7755]]],[[[123.318,-1.7761],[123.3385,-1.7356],[123.3846,-1.7224],[123.3797,-1.6726],[123.3556,-1.6776],[123.3117,-1.7183],[123.2895,-1.746],[123.2698,-1.7849],[123.2916,-1.7947],[123.318,-1.7761]]],[[[108.7738,-1.7015],[108.7203,-1.7088],[108.7181,-1.7272],[108.7743,-1.7169],[108.7738,-1.7015]]],[[[128.319,-1.6646],[128.3544,-1.6536],[128.3654,-1.6292],[128.3508,-1.6018],[128.3289,-1.6051],[128.3031,-1.6236],[128.2946,-1.6445],[128.319,-1.6646]]],[[[108.8657,-1.6765],[108.8977,-1.6607],[108.9222,-1.6601],[108.9696,-1.6267],[108.9834,-1.6009],[108.9532,-1.5734],[108.9387,-1.5491],[108.9022,-1.5444],[108.8757,-1.5648],[108.8209,-1.5701],[108.8376,-1.6356],[108.83,-1.6639],[108.8657,-1.6765]]],[[[103.391,-0.6913],[103.4145,-0.6796],[103.4186,-0.658],[103.3969,-0.6468],[103.3719,-0.6517],[103.3392,-0.6418],[103.3162,-0.6664],[103.2541,-0.6811],[103.2502,-0.6965],[103.2874,-0.7019],[103.3237,-0.6922],[103.391,-0.6913]]],[[[109.5898,-0.7409],[109.567,-0.7575],[109.6041,-0.7786],[109.6329,-0.7824],[109.6261,-0.7509],[109.5898,-0.7409]]],[[[130.5433,-0.8183],[130.5491,-0.7975],[130.5084,-0.8033],[130.5223,-0.8283],[130.5433,-0.8183]]],[[[117.3972,-0.7496],[117.3921,-0.7765],[117.4157,-0.8365],[117.4395,-0.8167],[117.4322,-0.7867],[117.4092,-0.7858],[117.3972,-0.7496]]],[[[117.4799,-0.7491],[117.4824,-0.7704],[117.5087,-0.8073],[117.5303,-0.812],[117.5485,-0.7916],[117.5154,-0.7772],[117.5171,-0.7647],[117.5026,-0.7569],[117.497,-0.7493],[117.4854,-0.7508],[117.4799,-0.7491]]],[[[117.4646,-0.7578],[117.441,-0.7555],[117.4841,-0.8001],[117.4822,-0.7724],[117.4646,-0.7578]]],[[[109.5331,-0.703],[109.5234,-0.6988],[109.5149,-0.7016],[109.4969,-0.7001],[109.4961,-0.7031],[109.4921,-0.6997],[109.4912,-0.7012],[109.4921,-0.7052],[109.4913,-0.7074],[109.4828,-0.7075],[109.4831,-0.7174],[109.5417,-0.7315],[109.5592,-0.7152],[109.5331,-0.703]]],[[[109.6954,-0.7195],[109.6929,-0.7155],[109.6769,-0.7186],[109.6698,-0.7157],[109.6651,-0.7246],[109.6625,-0.7257],[109.6481,-0.7191],[109.6422,-0.7324],[109.6236,-0.7285],[109.6059,-0.7342],[109.6078,-0.7453],[109.6592,-0.7483],[109.6697,-0.7521],[109.6699,-0.7388],[109.6766,-0.7368],[109.6845,-0.7269],[109.6954,-0.7195]]],[[[117.4213,-0.7147],[117.3872,-0.6948],[117.3792,-0.7119],[117.4185,-0.7562],[117.4355,-0.7306],[117.4213,-0.7147]]],[[[117.4504,-0.6814],[117.4311,-0.6775],[117.422,-0.7088],[117.4431,-0.7381],[117.4641,-0.7423],[117.4765,-0.7448],[117.483,-0.7497],[117.4944,-0.7482],[117.5013,-0.7503],[117.5038,-0.7554],[117.5179,-0.7614],[117.5162,-0.7736],[117.5479,-0.7836],[117.5902,-0.7816],[117.6057,-0.7682],[117.5993,-0.7236],[117.5556,-0.7217],[117.5074,-0.7327],[117.4889,-0.7141],[117.4654,-0.7091],[117.4504,-0.6814]]],[[[109.664,-0.7006],[109.6028,-0.7045],[109.6086,-0.7302],[109.6265,-0.7269],[109.6415,-0.7307],[109.6475,-0.7173],[109.6634,-0.7246],[109.6693,-0.7149],[109.6867,-0.7145],[109.68,-0.7022],[109.664,-0.7006]]],[[[127.2204,-0.6036],[127.2033,-0.6334],[127.2066,-0.6761],[127.1675,-0.7084],[127.1644,-0.7474],[127.181,-0.7673],[127.2265,-0.7803],[127.2449,-0.7654],[127.2772,-0.7799],[127.2956,-0.7991],[127.3344,-0.7867],[127.2942,-0.7309],[127.3039,-0.6833],[127.2642,-0.6623],[127.2463,-0.629],[127.2583,-0.6057],[127.2204,-0.6036]]],[[[109.49334519572955,-0.6993024911032],[109.4528,-0.6716],[109.425,-0.6816],[109.4547,-0.7051],[109.483,-0.7166],[109.4827,-0.7062],[109.4915,-0.7064],[109.4907,-0.7015],[109.4912,-0.6994],[109.49334519572955,-0.6993024911032]]],[[[109.6671,-0.6842],[109.5978,-0.6953],[109.5738,-0.6921],[109.569,-0.7079],[109.6157,-0.701],[109.6738,-0.6974],[109.6671,-0.6842]]],[[[109.4928,-0.6262],[109.4318,-0.6342],[109.4994,-0.6943],[109.5291,-0.6957],[109.5461,-0.7032],[109.5747,-0.6873],[109.5836,-0.653],[109.558,-0.6568],[109.5173,-0.6448],[109.5039,-0.6392],[109.4928,-0.6262]]],[[[117.363,-0.6595],[117.338,-0.6381],[117.3228,-0.6365],[117.3246,-0.6537],[117.3453,-0.6765],[117.363,-0.6595]]],[[[117.3721,-0.641],[117.3686,-0.6527],[117.394,-0.6861],[117.4249,-0.6816],[117.413,-0.6398],[117.395,-0.6305],[117.3721,-0.641]]],[[[109.3677,-0.6194],[109.3512,-0.6356],[109.4059,-0.6727],[109.4502,-0.6606],[109.3677,-0.6194]]],[[[127.3959,-0.6213],[127.3312,-0.6118],[127.3354,-0.6405],[127.3662,-0.6656],[127.3844,-0.6566],[127.4116,-0.6606],[127.4158,-0.6437],[127.3959,-0.6213]]],[[[103.4107,-0.6367],[103.428,-0.6221],[103.4268,-0.6038],[103.3761,-0.6109],[103.3356,-0.638],[103.3724,-0.6466],[103.4107,-0.6367]]],[[[117.5211,-0.6094],[117.4921,-0.6033],[117.5023,-0.6375],[117.5196,-0.6495],[117.5581,-0.6461],[117.5599,-0.616],[117.5211,-0.6094]]],[[[117.40630608695652,-0.60214217391304],[117.4198,-0.6237],[117.4485,-0.6208],[117.4465,-0.6092],[117.432,-0.6045],[117.4245,-0.5928],[117.40637092511014,-0.60214757709251],[117.40630608695652,-0.60214217391304]]],[[[117.40630608695652,-0.60214217391304],[117.40637092511014,-0.60214757709251],[117.4228,-0.5842],[117.4413,-0.607],[117.4466,-0.607],[117.4546,-0.6289],[117.4725,-0.6082],[117.4725,-0.5892],[117.4993,-0.59],[117.5032,-0.5728],[117.4758,-0.5629],[117.4658,-0.5559],[117.4329,-0.5682],[117.4108,-0.5659],[117.3838,-0.5766],[117.3747,-0.5832],[117.3784,-0.5864],[117.3795,-0.5925],[117.3949,-0.5975],[117.3942,-0.6058],[117.3968,-0.6109],[117.40630608695652,-0.60214217391304]]],[[[127.4787,-0.6421],[127.4783,-0.66],[127.4546,-0.693],[127.4433,-0.7312],[127.4479,-0.7699],[127.4746,-0.8237],[127.4999,-0.8013],[127.5215,-0.7959],[127.5721,-0.7704],[127.6156,-0.7591],[127.6246,-0.7442],[127.6498,-0.7486],[127.6646,-0.7813],[127.6579,-0.8115],[127.6818,-0.8386],[127.7178,-0.8546],[127.7323,-0.8713],[127.7967,-0.8581],[127.8335,-0.8434],[127.8803,-0.8117],[127.8838,-0.7876],[127.9021,-0.7824],[127.8847,-0.7531],[127.8722,-0.7509],[127.8737,-0.7184],[127.7976,-0.6786],[127.7648,-0.6921],[127.716,-0.6901],[127.6912,-0.7101],[127.6714,-0.7099],[127.651,-0.6829],[127.6554,-0.6469],[127.6471,-0.6291],[127.6118,-0.6312],[127.5976,-0.6195],[127.6002,-0.5771],[127.6113,-0.5741],[127.6375,-0.537],[127.676,-0.4985],[127.6927,-0.4568],[127.6584,-0.4387],[127.645,-0.4121],[127.6149,-0.402],[127.6084,-0.3727],[127.5915,-0.3638],[127.5689,-0.3155],[127.5161,-0.3082],[127.5141,-0.326],[127.475,-0.3657],[127.4791,-0.3876],[127.4571,-0.4165],[127.4412,-0.415],[127.4176,-0.3934],[127.4089,-0.3562],[127.3696,-0.3157],[127.3536,-0.3332],[127.3204,-0.3416],[127.3383,-0.3842],[127.3188,-0.4285],[127.2961,-0.4361],[127.2953,-0.4819],[127.3062,-0.5138],[127.3332,-0.5311],[127.3756,-0.592],[127.3897,-0.5882],[127.4095,-0.6162],[127.4787,-0.6421]]],[[[99.2472,-1.7858],[99.2633,-1.7732],[99.2433,-1.7432],[99.2653,-1.7402],[99.2821,-1.7522],[99.3024,-1.7208],[99.293,-1.6786],[99.2782,-1.6621],[99.2878,-1.6324],[99.2576,-1.5997],[99.2204,-1.6047],[99.2102,-1.5789],[99.194,-1.5676],[99.2079,-1.5482],[99.2014,-1.5164],[99.1443,-1.4803],[99.1431,-1.4597],[99.167,-1.4314],[99.147,-1.3992],[99.0991,-1.3653],[99.0921,-1.3172],[99.0596,-1.2758],[99.0685,-1.2529],[99.0573,-1.2336],[99.0303,-1.2276],[99.0415,-1.2056],[99.0315,-1.1828],[99.0082,-1.1634],[99.0023,-1.1149],[98.9492,-1.0894],[98.937,-1.0312],[98.9172,-1.0015],[98.9455,-0.9867],[98.9305,-0.934],[98.9126,-0.9146],[98.8552,-0.9358],[98.8248,-0.9395],[98.7991,-0.9562],[98.7418,-0.9591],[98.721,-0.9439],[98.6856,-0.9588],[98.6636,-0.9798],[98.662,-1.0575],[98.6537,-1.1],[98.6411,-1.1096],[98.6371,-1.1416],[98.6157,-1.1831],[98.5967,-1.1989],[98.6046,-1.2277],[98.6355,-1.2587],[98.6371,-1.2868],[98.6862,-1.3495],[98.7366,-1.4215],[98.7466,-1.4454],[98.804,-1.5184],[98.8062,-1.5367],[98.837,-1.5858],[98.8256,-1.6164],[98.8616,-1.6451],[98.8796,-1.6804],[98.9251,-1.7051],[99.0118,-1.7626],[99.0908,-1.8028],[99.1255,-1.8086],[99.1544,-1.7814],[99.1968,-1.7796],[99.2472,-1.7858]]],[[[127.5208,-1.7256],[127.5968,-1.7381],[127.6167,-1.7177],[127.6478,-1.7307],[127.6692,-1.722],[127.6795,-1.7036],[127.705,-1.6905],[127.7743,-1.6892],[127.817,-1.7009],[127.8491,-1.6982],[127.8895,-1.6829],[127.9813,-1.6995],[128.0242,-1.7273],[128.0392,-1.7179],[128.0869,-1.7224],[128.1109,-1.7018],[128.1565,-1.6839],[128.1681,-1.6404],[128.1637,-1.6122],[128.1212,-1.5657],[128.0897,-1.584],[128.0787,-1.5669],[128.0597,-1.5664],[128.0457,-1.5458],[127.9903,-1.5047],[127.9783,-1.484],[127.9567,-1.4739],[127.9338,-1.4478],[127.8855,-1.4269],[127.8782,-1.4393],[127.8355,-1.435],[127.8317,-1.4236],[127.7984,-1.4094],[127.7931,-1.3731],[127.7801,-1.3726],[127.7067,-1.3354],[127.6912,-1.3498],[127.6736,-1.3313],[127.6414,-1.3302],[127.6202,-1.3517],[127.5813,-1.3635],[127.5769,-1.3747],[127.5342,-1.4087],[127.5134,-1.4171],[127.5084,-1.4484],[127.4444,-1.4339],[127.416,-1.4797],[127.4204,-1.496],[127.4028,-1.538],[127.4122,-1.5664],[127.3915,-1.6175],[127.4108,-1.6637],[127.4827,-1.7033],[127.4971,-1.7237],[127.5208,-1.7256]]],[[[122.8767,-1.5997],[122.9061,-1.5998],[122.9274,-1.5823],[122.9402,-1.552],[122.9636,-1.5464],[123.0114,-1.4957],[123.0287,-1.4568],[123.0284,-1.4373],[123.0886,-1.3484],[123.1193,-1.3094],[123.137,-1.2995],[123.1611,-1.3025],[123.1564,-1.3685],[123.1692,-1.3952],[123.1723,-1.4534],[123.1848,-1.5144],[123.1702,-1.536],[123.1447,-1.5463],[123.126,-1.5685],[123.1074,-1.5666],[123.0978,-1.5926],[123.1149,-1.6122],[123.1507,-1.6171],[123.163,-1.6402],[123.1942,-1.6143],[123.2317,-1.602],[123.2364,-1.6432],[123.2545,-1.6394],[123.2582,-1.6091],[123.2454,-1.5959],[123.2383,-1.5559],[123.2568,-1.4877],[123.2566,-1.4423],[123.2824,-1.4368],[123.2996,-1.4104],[123.3215,-1.4215],[123.3289,-1.4545],[123.3526,-1.4833],[123.3887,-1.5023],[123.4045,-1.5217],[123.4576,-1.5152],[123.4864,-1.47],[123.5115,-1.4571],[123.5395,-1.3958],[123.5344,-1.3672],[123.5516,-1.3436],[123.5593,-1.2814],[123.518,-1.2627],[123.4874,-1.2697],[123.473,-1.2498],[123.4434,-1.2389],[123.4456,-1.2668],[123.4282,-1.2694],[123.3889,-1.2238],[123.3648,-1.2273],[123.3306,-1.2672],[123.3139,-1.3041],[123.2892,-1.3091],[123.2792,-1.3292],[123.2838,-1.3584],[123.2606,-1.3898],[123.237,-1.3968],[123.186,-1.3064],[123.1956,-1.2965],[123.198,-1.2641],[123.2238,-1.2628],[123.246,-1.2245],[123.2188,-1.2038],[123.1905,-1.1511],[123.1638,-1.1516],[123.1608,-1.1866],[123.1462,-1.2059],[123.109,-1.1628],[123.0459,-1.1787],[123.0329,-1.1778],[122.9671,-1.2152],[122.9459,-1.1855],[122.9121,-1.1803],[122.8821,-1.2151],[122.8626,-1.2587],[122.8363,-1.2732],[122.8132,-1.319],[122.8169,-1.3301],[122.7961,-1.3711],[122.788,-1.4449],[122.7984,-1.4917],[122.8205,-1.4823],[122.8542,-1.5589],[122.8491,-1.5782],[122.8767,-1.5997]]],[[[128.3992,-1.0831],[128.3696,-1.0729],[128.3541,-1.0769],[128.3598,-1.1182],[128.3767,-1.1206],[128.3992,-1.0831]]],[[[131.0817,-1.0789],[131.107,-1.0802],[131.1387,-1.0564],[131.1289,-1.0269],[131.1472,-1.0159],[131.1431,-0.9956],[131.0937,-1.0001],[131.0756,-1.0509],[131.0817,-1.0789]]],[[[127.5008,-1.2696],[127.5317,-1.2501],[127.5614,-1.2478],[127.6096,-1.2617],[127.6378,-1.2827],[127.6887,-1.2823],[127.6974,-1.2569],[127.6963,-1.2281],[127.6415,-1.2214],[127.5397,-1.1792],[127.5122,-1.1771],[127.5039,-1.2084],[127.4807,-1.2163],[127.4673,-1.2534],[127.5008,-1.2696]]],[[[123.2944,-1.2753],[123.311,-1.2732],[123.3252,-1.1885],[123.3146,-1.1743],[123.2804,-1.1939],[123.2804,-1.222],[123.2944,-1.2753]]],[[[109.2668,-1.1875],[109.2274,-1.2002],[109.2174,-1.237],[109.2423,-1.2436],[109.2695,-1.2163],[109.2668,-1.1875]]],[[[129.8502,-1.2306],[129.8824,-1.2163],[129.9267,-1.1767],[129.9401,-1.1859],[129.9623,-1.1779],[129.973,-1.1565],[129.8909,-1.1472],[129.8657,-1.1311],[129.8509,-1.1443],[129.8107,-1.1487],[129.7516,-1.1645],[129.7343,-1.184],[129.7559,-1.2089],[129.7922,-1.1931],[129.8389,-1.216],[129.8502,-1.2306]]],[[[127.4443,-1.1873],[127.4251,-1.1461],[127.4095,-1.1633],[127.4081,-1.1993],[127.4252,-1.2209],[127.4404,-1.2131],[127.4443,-1.1873]]],[[[129.7266,-1.1755],[129.7402,-1.1446],[129.7112,-1.1481],[129.6862,-1.1658],[129.7083,-1.1889],[129.7266,-1.1755]]],[[[129.4617,-1.156],[129.4453,-1.1687],[129.4616,-1.1854],[129.4805,-1.1686],[129.4617,-1.156]]],[[[134.8625,-1.1302],[134.8903,-1.1407],[134.9523,-1.1276],[134.9788,-1.0754],[134.986,-1.0358],[134.9809,-1.0121],[134.954,-1.0267],[134.961,-1.0482],[134.9197,-1.0652],[134.9482,-1.0017],[134.9442,-0.97],[134.9273,-0.9541],[134.8822,-0.9345],[134.8448,-0.9312],[134.8062,-0.9587],[134.7926,-0.9811],[134.8009,-1.0026],[134.7948,-1.0243],[134.8241,-1.0665],[134.8363,-1.106],[134.8625,-1.1302]]],[[[109.6546,-1.012],[109.6366,-0.9859],[109.5965,-0.9807],[109.5538,-1.0032],[109.5289,-0.9988],[109.492,-0.973],[109.4511,-1.0309],[109.4551,-1.0622],[109.426,-1.2056],[109.4064,-1.2448],[109.3818,-1.2594],[109.4307,-1.2934],[109.4668,-1.3059],[109.5011,-1.3094],[109.5501,-1.268],[109.5905,-1.2467],[109.6602,-1.2177],[109.6808,-1.2142],[109.6901,-1.1925],[109.7778,-1.1475],[109.7678,-1.1183],[109.7702,-1.0795],[109.7561,-1.0132],[109.7195,-0.9892],[109.6753,-1.0204],[109.6546,-1.012]]],[[[128.3296,-0.9436],[128.3079,-0.945],[128.3086,-0.9664],[128.3397,-0.9814],[128.3345,-1.0226],[128.3633,-1.0413],[128.3991,-1.0389],[128.4198,-1.0207],[128.4053,-0.9902],[128.3733,-0.9919],[128.3372,-0.9611],[128.3296,-0.9436]]],[[[130.9734,-1.3595],[131.0137,-1.2853],[131.0432,-1.2433],[131.0313,-1.1955],[131.052,-1.1233],[131.0671,-1.0971],[131.0717,-1.0417],[131.0833,-1.01],[131.0625,-1.0035],[131.0672,-0.9796],[131.0477,-0.9287],[131.0266,-0.9118],[130.994,-0.9259],[130.9831,-0.9192],[130.9359,-0.9425],[130.9187,-0.9134],[130.9249,-0.8981],[130.8955,-0.8907],[130.8322,-0.897],[130.7972,-0.9176],[130.7905,-0.9307],[130.7403,-0.9303],[130.7201,-0.9435],[130.636,-0.9602],[130.6449,-0.9943],[130.6768,-1.0142],[130.7012,-1.0676],[130.7185,-1.0799],[130.6788,-1.1106],[130.6946,-1.1316],[130.7363,-1.1635],[130.7277,-1.1819],[130.7484,-1.1965],[130.7427,-1.2197],[130.7499,-1.2436],[130.767,-1.2597],[130.7995,-1.2596],[130.8319,-1.289],[130.8987,-1.3228],[130.9285,-1.3305],[130.9455,-1.3535],[130.9734,-1.3595]]],[[[130.6723,-0.8986],[130.7131,-0.888],[130.7335,-0.8759],[130.7842,-0.8742],[130.8012,-0.8609],[130.8173,-0.8686],[130.8566,-0.8544],[130.8705,-0.8296],[130.8557,-0.8121],[130.8713,-0.7994],[130.9178,-0.7973],[130.9184,-0.7741],[130.8392,-0.7667],[130.806,-0.796],[130.7665,-0.819],[130.7331,-0.8212],[130.6778,-0.8059],[130.6483,-0.8219],[130.6315,-0.7994],[130.6121,-0.8185],[130.5622,-0.7958],[130.5427,-0.8409],[130.4792,-0.8203],[130.4845,-0.7917],[130.4509,-0.8132],[130.4459,-0.8347],[130.455,-0.8546],[130.4235,-0.893],[130.4871,-0.9083],[130.515,-0.8971],[130.5322,-0.918],[130.5906,-0.913],[130.6723,-0.8986]]],[[[109.4462,-0.7441],[109.3929,-0.7065],[109.3688,-0.714],[109.3097,-0.703],[109.2884,-0.6913],[109.2656,-0.665],[109.2492,-0.6606],[109.2424,-0.6942],[109.2425,-0.7536],[109.2375,-0.7989],[109.2454,-0.8311],[109.2811,-0.8816],[109.3285,-0.9168],[109.3589,-0.9173],[109.4061,-0.9324],[109.4278,-0.899],[109.4219,-0.8755],[109.4289,-0.8562],[109.4977,-0.8757],[109.5585,-0.889],[109.5922,-0.9059],[109.6089,-0.9433],[109.6093,-0.9643],[109.6397,-0.9763],[109.6494,-0.9985],[109.6759,-1.0026],[109.7218,-0.9728],[109.7205,-0.9134],[109.7431,-0.9013],[109.711,-0.8319],[109.6767,-0.832],[109.66,-0.811],[109.6186,-0.7976],[109.6145,-0.7889],[109.5612,-0.7633],[109.5347,-0.7384],[109.4671,-0.7545],[109.4462,-0.7441]]],[[[117.3203,-0.889],[117.3435,-0.9139],[117.3585,-0.8957],[117.393,-0.8769],[117.3494,-0.7891],[117.3289,-0.7665],[117.3174,-0.692],[117.2909,-0.7282],[117.3004,-0.8056],[117.3203,-0.889]]],[[[117.51557142857143,-0.58262857142857],[117.51560625,-0.58263125],[117.5435,-0.5931],[117.5772,-0.5697],[117.5855,-0.5183],[117.5457,-0.5077],[117.5248,-0.533],[117.4794,-0.5274],[117.437,-0.544],[117.4395,-0.5619],[117.473,-0.5483],[117.4786,-0.562],[117.5064,-0.5679],[117.51557142857143,-0.58262857142857]]],[[[104.4251,-0.3877],[104.3856,-0.4128],[104.3376,-0.3881],[104.2773,-0.3962],[104.2671,-0.4266],[104.2598,-0.4754],[104.2516,-0.4907],[104.3035,-0.5377],[104.3217,-0.5466],[104.3381,-0.6122],[104.3417,-0.6555],[104.366,-0.6837],[104.3958,-0.6292],[104.3973,-0.6016],[104.4345,-0.5824],[104.4548,-0.6198],[104.4744,-0.6371],[104.5046,-0.6433],[104.5087,-0.5958],[104.5351,-0.5392],[104.5652,-0.5018],[104.5926,-0.4932],[104.5967,-0.458],[104.5731,-0.4439],[104.5411,-0.3914],[104.5391,-0.371],[104.5058,-0.3629],[104.4781,-0.3349],[104.439,-0.3412],[104.4277,-0.3592],[104.4251,-0.3877]]],[[[122.561,-0.5198],[122.5848,-0.5044],[122.6164,-0.5027],[122.6048,-0.4823],[122.5696,-0.493],[122.5304,-0.4923],[122.561,-0.5198]]],[[[121.7047,-0.5545],[121.7412,-0.4954],[121.7842,-0.5003],[121.806,-0.5156],[121.8582,-0.5224],[121.8732,-0.5126],[121.8861,-0.5397],[121.9162,-0.5158],[121.9206,-0.4718],[121.9176,-0.4426],[121.8968,-0.4249],[121.8828,-0.4244],[121.8677,-0.4093],[121.8512,-0.4088],[121.8032,-0.4421],[121.7849,-0.4417],[121.774,-0.4171],[121.7579,-0.4227],[121.7631,-0.45],[121.7384,-0.4487],[121.7209,-0.4732],[121.6995,-0.4719],[121.6813,-0.5099],[121.6525,-0.5481],[121.6802,-0.5612],[121.7047,-0.5545]]],[[[130.6658,-0.4966],[130.6973,-0.4528],[130.666,-0.4268],[130.6105,-0.4026],[130.6094,-0.4167],[130.5649,-0.4322],[130.5495,-0.464],[130.5224,-0.4762],[130.5088,-0.4498],[130.4884,-0.4374],[130.4685,-0.4512],[130.4641,-0.4736],[130.4745,-0.4936],[130.5032,-0.49],[130.5103,-0.5145],[130.544,-0.519],[130.5643,-0.4996],[130.5645,-0.4729],[130.5957,-0.4729],[130.6052,-0.4997],[130.5863,-0.5295],[130.5925,-0.5426],[130.6622,-0.5159],[130.6658,-0.4966]]],[[[129.9212,-0.4234],[129.9127,-0.3998],[129.8855,-0.3978],[129.8561,-0.4166],[129.8448,-0.4431],[129.8525,-0.4704],[129.8721,-0.4992],[129.8906,-0.4906],[129.9071,-0.4651],[129.9059,-0.4391],[129.9212,-0.4234]]],[[[117.6289,-0.4502],[117.6291,-0.4198],[117.6069,-0.41],[117.5588,-0.4386],[117.5663,-0.4502],[117.5634,-0.4643],[117.5915,-0.4628],[117.5944,-0.4861],[117.6289,-0.4502]]],[[[103.601,-0.438],[103.6014,-0.4139],[103.5691,-0.3949],[103.5401,-0.3992],[103.5128,-0.369],[103.4702,-0.3813],[103.4463,-0.3705],[103.3927,-0.3787],[103.3601,-0.3718],[103.3308,-0.3567],[103.3083,-0.3796],[103.3333,-0.3994],[103.3355,-0.412],[103.3289,-0.4333],[103.3348,-0.4357],[103.3666,-0.4298],[103.3787,-0.4422],[103.3989,-0.5154],[103.4241,-0.5204],[103.4678,-0.504],[103.5081,-0.5156],[103.5515,-0.4971],[103.601,-0.438]]],[[[117.5288,-0.4264],[117.5538,-0.3934],[117.5094,-0.4004],[117.5288,-0.4264]]],[[[104.2005,-0.3922],[104.2005,-0.4262],[104.2215,-0.4258],[104.2323,-0.4012],[104.2005,-0.3922]]],[[[127.1359,-0.4991],[127.1278,-0.5186],[127.1489,-0.5267],[127.2157,-0.5184],[127.2259,-0.4966],[127.2642,-0.492],[127.2569,-0.4733],[127.277,-0.4574],[127.2633,-0.4063],[127.2869,-0.3995],[127.2882,-0.3748],[127.2537,-0.3375],[127.2525,-0.3123],[127.2698,-0.2889],[127.2386,-0.2476],[127.1752,-0.2643],[127.1477,-0.2587],[127.1225,-0.2802],[127.115,-0.3031],[127.1359,-0.3076],[127.1287,-0.3703],[127.1154,-0.3999],[127.1236,-0.4444],[127.1506,-0.4621],[127.1359,-0.4991]]],[[[117.4636,-0.4116],[117.4938,-0.3474],[117.4778,-0.329],[117.4584,-0.354],[117.4676,-0.3748],[117.4619,-0.3872],[117.4461,-0.3817],[117.4306,-0.3981],[117.4318,-0.4139],[117.4384,-0.4181],[117.4347,-0.4298],[117.4448,-0.4409],[117.4636,-0.4116]]],[[[121.9348,-0.4311],[121.9535,-0.4187],[121.993,-0.4248],[122.0271,-0.4142],[122.0415,-0.4261],[122.0635,-0.4056],[122.0584,-0.3531],[122.0229,-0.3553],[122.0114,-0.3687],[121.9841,-0.3488],[121.9685,-0.3265],[121.9307,-0.326],[121.925,-0.3521],[121.9029,-0.3388],[121.8838,-0.3441],[121.8622,-0.3694],[121.8631,-0.3896],[121.8855,-0.4221],[121.8952,-0.4207],[121.918,-0.4393],[121.9348,-0.4311]]],[[[104.1961,-0.3652],[104.1805,-0.3824],[104.2338,-0.3868],[104.2347,-0.3685],[104.1961,-0.3652]]],[[[127.7481,-0.3278],[127.7362,-0.3486],[127.7392,-0.3686],[127.7587,-0.3696],[127.7481,-0.3278]]],[[[122.1296,-0.4166],[122.146,-0.4187],[122.1492,-0.373],[122.1131,-0.3418],[122.1023,-0.2902],[122.0857,-0.2753],[122.0698,-0.3032],[122.0712,-0.3445],[122.0614,-0.3529],[122.0704,-0.3934],[122.0636,-0.4085],[122.0931,-0.4396],[122.0995,-0.4201],[122.1296,-0.4166]]],[[[130.5135,-0.3169],[130.4892,-0.3007],[130.4815,-0.3233],[130.5072,-0.3314],[130.5135,-0.3169]]],[[[103.6745,-0.2548],[103.637,-0.2266],[103.5546,-0.2161],[103.5323,-0.2224],[103.4748,-0.298],[103.4512,-0.3603],[103.4651,-0.3733],[103.5062,-0.3606],[103.5234,-0.3652],[103.5379,-0.3877],[103.5794,-0.3839],[103.6054,-0.3957],[103.694,-0.3547],[103.7862,-0.3405],[103.7676,-0.3093],[103.7099,-0.2567],[103.6745,-0.2548]]],[[[130.2352,-0.3205],[130.2436,-0.3074],[130.2271,-0.2818],[130.2037,-0.2885],[130.2092,-0.3182],[130.2352,-0.3205]]],[[[103.3445,-0.2848],[103.3432,-0.251],[103.3073,-0.252],[103.2768,-0.2436],[103.2519,-0.2684],[103.2331,-0.2776],[103.2705,-0.296],[103.2928,-0.3175],[103.322,-0.3303],[103.3414,-0.3486],[103.376,-0.3591],[103.4264,-0.3582],[103.4522,-0.3405],[103.4593,-0.3132],[103.4038,-0.2932],[103.3809,-0.2967],[103.3445,-0.2848]]],[[[104.4518,-0.2835],[104.4278,-0.2895],[104.4046,-0.2804],[104.3919,-0.3039],[104.42,-0.3241],[104.4856,-0.3175],[104.4919,-0.3056],[104.4762,-0.278],[104.4518,-0.2835]]],[[[122.3693,-0.3265],[122.3843,-0.2938],[122.3796,-0.2738],[122.3611,-0.2717],[122.3389,-0.2487],[122.2869,-0.2297],[122.2605,-0.2303],[122.2402,-0.2059],[122.2328,-0.2378],[122.2651,-0.2644],[122.3025,-0.2693],[122.3424,-0.3006],[122.3473,-0.3207],[122.3699,-0.3576],[122.3829,-0.3475],[122.3693,-0.3265]]],[[[130.6441,-0.1126],[130.6029,-0.0898],[130.6947,-0.0744],[130.7306,-0.1461],[130.7765,-0.1589],[130.7927,-0.1932],[130.7865,-0.226],[130.797,-0.246],[130.8403,-0.2502],[130.8644,-0.2379],[130.881,-0.2525],[130.9196,-0.3057],[130.9434,-0.3503],[130.9975,-0.362],[130.9917,-0.3417],[131.0298,-0.3528],[131.0559,-0.3482],[131.0703,-0.3262],[131.156,-0.3333],[131.1944,-0.3487],[131.2077,-0.3675],[131.2404,-0.3841],[131.2573,-0.3771],[131.2474,-0.3443],[131.2791,-0.3478],[131.3143,-0.3012],[131.3407,-0.2892],[131.3108,-0.2673],[131.2961,-0.2452],[131.2937,-0.2231],[131.3138,-0.2112],[131.3097,-0.1856],[131.2515,-0.1384],[131.1935,-0.1325],[131.192,-0.1148],[131.1678,-0.1023],[131.152,-0.0828],[131.0757,-0.0736],[131.0463,-0.0637],[131.0331,-0.0384],[130.992,-0.0458],[130.9798,-0.0615],[130.9474,-0.0438],[130.8776,-0.0152],[130.8094,-0.0063],[130.7727,-0.0095],[130.7806,-0.0491],[130.7303,-0.0539],[130.7309,-0.0349],[130.7126,-0.0264],[130.6283,-0.0603],[130.6129,-0.0484],[130.5778,-0.0452],[130.5432,-0.0724],[130.5129,-0.0584],[130.4753,-0.069],[130.4678,-0.0807],[130.404,-0.1121],[130.3873,-0.0725],[130.368,-0.0947],[130.374,-0.1143],[130.3524,-0.1323],[130.3399,-0.1084],[130.3078,-0.1005],[130.2717,-0.1167],[130.2752,-0.1471],[130.2966,-0.1596],[130.2959,-0.1758],[130.3365,-0.1895],[130.3384,-0.16],[130.3754,-0.1702],[130.3848,-0.1861],[130.4203,-0.1762],[130.4274,-0.2013],[130.4087,-0.2063],[130.3932,-0.2294],[130.378,-0.2329],[130.367,-0.205],[130.3464,-0.2028],[130.3325,-0.2195],[130.287,-0.2193],[130.2451,-0.2054],[130.2453,-0.2268],[130.2723,-0.2262],[130.3067,-0.2467],[130.3167,-0.2647],[130.3364,-0.2565],[130.3562,-0.2676],[130.394,-0.2718],[130.4257,-0.2618],[130.4375,-0.2813],[130.4595,-0.2613],[130.4828,-0.2611],[130.5102,-0.2464],[130.5265,-0.2564],[130.5125,-0.2991],[130.5366,-0.3095],[130.5437,-0.3306],[130.5451,-0.3809],[130.5624,-0.4163],[130.5822,-0.3889],[130.5623,-0.3735],[130.5795,-0.3345],[130.6008,-0.3172],[130.66,-0.3058],[130.6826,-0.2942],[130.6987,-0.3077],[130.6997,-0.3289],[130.6842,-0.3436],[130.7057,-0.3826],[130.6993,-0.3944],[130.7267,-0.4443],[130.793,-0.4494],[130.8502,-0.427],[130.8773,-0.4257],[130.8834,-0.4131],[130.9143,-0.404],[130.9334,-0.3538],[130.9185,-0.3124],[130.8967,-0.3223],[130.862,-0.3192],[130.8456,-0.3003],[130.8244,-0.2942],[130.7941,-0.3104],[130.7867,-0.3002],[130.7418,-0.2819],[130.7198,-0.2379],[130.6556,-0.1531],[130.6318,-0.1427],[130.6259,-0.1148],[130.6441,-0.1126]]],[[[109.1414,-0.2041],[109.0894,-0.2076],[109.0584,-0.2154],[109.0526,-0.2493],[109.0583,-0.278],[109.0944,-0.3293],[109.0982,-0.305],[109.0836,-0.2696],[109.1106,-0.2607],[109.1325,-0.2358],[109.153,-0.2336],[109.1627,-0.2295],[109.1727,-0.231],[109.1768,-0.2248],[109.1869,-0.223],[109.1888,-0.2131],[109.1414,-0.2041]]],[[[103.4521,-0.3054],[103.4678,-0.2893],[103.52,-0.2125],[103.515,-0.2011],[103.4482,-0.2143],[103.4072,-0.2394],[103.3445,-0.2508],[103.3616,-0.2835],[103.3792,-0.2946],[103.4053,-0.2917],[103.4521,-0.3054]]],[[[104.7727,-0.2617],[104.8494,-0.3228],[104.8654,-0.3135],[104.8826,-0.3268],[104.9038,-0.326],[104.9007,-0.2889],[104.9368,-0.2798],[104.9967,-0.306],[104.9902,-0.2758],[104.9664,-0.2802],[104.9422,-0.2679],[104.8967,-0.2296],[104.879,-0.1959],[104.8282,-0.1341],[104.8137,-0.1547],[104.8164,-0.1858],[104.807,-0.2069],[104.7573,-0.1956],[104.7371,-0.1676],[104.7341,-0.1409],[104.7167,-0.1328],[104.6841,-0.0844],[104.6691,-0.0814],[104.6546,-0.0525],[104.5952,-0.0013],[104.5496,0.0313],[104.5548,0.0038],[104.5361,-0.0111],[104.5009,-0.0073],[104.5002,-0.0537],[104.5092,-0.0555],[104.5091,-0.1085],[104.5033,-0.132],[104.4805,-0.1386],[104.4694,-0.1628],[104.4518,-0.1605],[104.4272,-0.1834],[104.4294,-0.2331],[104.4478,-0.2457],[104.4981,-0.2414],[104.5087,-0.2715],[104.522,-0.2758],[104.5691,-0.2393],[104.5931,-0.2461],[104.648,-0.2173],[104.6995,-0.2047],[104.7352,-0.2325],[104.7537,-0.2548],[104.7727,-0.2617]]],[[[97.7151,2.34241095890409],[97.7365,2.3114],[97.7754,2.2368],[97.7949,2.2391],[97.8051,2.2682],[97.829,2.2647],[97.8637,2.2466],[97.865,2.2675],[97.8946,2.2766],[97.9489,2.2699],[98.077,2.2048],[98.1116,2.1831],[98.1621,2.142],[98.1871,2.1155],[98.2236,2.0968],[98.2651,2.059],[98.3101,2.0332],[98.34,2.0464],[98.3687,2.0181],[98.3925,2.0047],[98.4329,2.0066],[98.4906,1.9633],[98.561,1.8809],[98.5891,1.8567],[98.6537,1.7805],[98.6851,1.7345],[98.7193,1.7214],[98.733,1.7478],[98.6979,1.7709],[98.7071,1.7856],[98.7385,1.7779],[98.7683,1.7607],[98.782,1.7298],[98.7869,1.6907],[98.8254,1.6778],[98.8381,1.6477],[98.8206,1.6009],[98.8007,1.5979],[98.7732,1.5678],[98.7663,1.5285],[98.748,1.5409],[98.7291,1.5314],[98.7632,1.4975],[98.7755,1.4642],[98.7804,1.4289],[98.8372,1.3545],[98.8544,1.3149],[98.8424,1.3013],[98.8441,1.2779],[98.8685,1.2299],[98.8638,1.2179],[98.9083,1.1294],[98.9279,1.0442],[98.9743,0.9215],[98.9857,0.8541],[98.9745,0.8441],[98.9933,0.8225],[99.0127,0.8241],[99.0583,0.7433],[99.0558,0.6781],[99.0659,0.6589],[99.0586,0.6391],[99.0977,0.6031],[99.11,0.5608],[99.1052,0.5325],[99.135,0.4584],[99.1398,0.4204],[99.1341,0.3783],[99.1089,0.3459],[99.1475,0.3315],[99.1575,0.3085],[99.1605,0.2745],[99.1509,0.2499],[99.1753,0.2311],[99.2035,0.2335],[99.2209,0.2103],[99.3144,0.2378],[99.3578,0.2301],[99.3775,0.2073],[99.3739,0.1909],[99.3983,0.1512],[99.4128,0.1528],[99.4779,0.1328],[99.6171,0.0659],[99.6536,0.0418],[99.6912,0.0022],[99.7298,-0.0205],[99.7557,-0.0492],[99.7635,-0.07],[99.7587,-0.1157],[99.746,-0.1455],[99.7773,-0.1818],[99.7982,-0.2192],[99.8019,-0.2527],[99.8196,-0.3006],[99.8851,-0.3442],[99.9156,-0.3811],[99.9184,-0.4014],[99.9541,-0.4251],[99.9833,-0.4568],[100.0535,-0.5189],[100.0848,-0.5557],[100.116,-0.6173],[100.1156,-0.6279],[100.1969,-0.7142],[100.2573,-0.7693],[100.3314,-0.8606],[100.3434,-0.8881],[100.353,-0.9576],[100.3655,-0.9962],[100.3824,-0.9931],[100.3981,-1.0288],[100.4119,-1.0409],[100.4041,-1.0701],[100.3764,-1.0642],[100.3648,-1.085],[100.3844,-1.114],[100.3602,-1.1273],[100.3801,-1.1457],[100.3861,-1.1835],[100.4109,-1.1987],[100.4287,-1.1968],[100.4188,-1.2383],[100.4039,-1.2401],[100.4008,-1.2707],[100.4223,-1.2773],[100.4521,-1.2581],[100.4902,-1.2991],[100.5517,-1.3165],[100.5686,-1.3387],[100.5838,-1.3943],[100.5583,-1.4065],[100.5834,-1.4234],[100.5614,-1.441],[100.5969,-1.4863],[100.6233,-1.5013],[100.6193,-1.5272],[100.6358,-1.5592],[100.6369,-1.6058],[100.6442,-1.6217],[100.6887,-1.6648],[100.7072,-1.6998],[100.7541,-1.7609],[100.7867,-1.82],[100.8234,-1.8575],[100.8558,-1.9079],[100.8668,-1.9357],[100.8686,-1.9777],[100.8792,-2.0241],[100.8791,-2.0549],[100.8662,-2.0971],[100.8243,-2.1412],[100.822,-2.169],[100.8488,-2.2127],[100.8751,-2.2451],[100.8793,-2.2826],[100.8918,-2.3281],[100.9895,-2.4279],[101.0096,-2.4542],[101.0285,-2.4932],[101.0702,-2.5331],[101.1422,-2.6284],[101.1801,-2.6523],[101.2621,-2.692],[101.3034,-2.7202],[101.3453,-2.7897],[101.4038,-2.9273],[101.4792,-3.0125],[101.4881,-3.0527],[101.5149,-3.0803],[101.5208,-3.1158],[101.5452,-3.1418],[101.5969,-3.2189],[101.6257,-3.2486],[101.6986,-3.2982],[101.7622,-3.3483],[101.8405,-3.3998],[101.8962,-3.4293],[101.9259,-3.4612],[101.9259,-3.4787],[101.964,-3.495],[102.0788,-3.5543],[102.2226,-3.6673],[102.2436,-3.6963],[102.233,-3.7155],[102.261,-3.7613],[102.2537,-3.8015],[102.289,-3.8413],[102.3013,-3.8659],[102.3,-3.8918],[102.2755,-3.897],[102.2651,-3.916],[102.2768,-3.955],[102.2972,-3.9803],[102.3321,-4.0098],[102.4274,-4.0805],[102.4699,-4.1075],[102.7128,-4.2893],[102.7438,-4.3229],[102.7948,-4.3537],[102.8157,-4.3827],[102.8491,-4.4073],[102.8866,-4.4442],[102.9045,-4.492],[102.9771,-4.5107],[103.0366,-4.5342],[103.0698,-4.5593],[103.1197,-4.5796],[103.1539,-4.6014],[103.245,-4.6741],[103.2572,-4.696],[103.2854,-4.7122],[103.2867,-4.7281],[103.3179,-4.7585],[103.3101,-4.7824],[103.3351,-4.8112],[103.3574,-4.7966],[103.3796,-4.8005],[103.4025,-4.8171],[103.4148,-4.8405],[103.4105,-4.8622],[103.4297,-4.8726],[103.443,-4.8619],[103.471,-4.8653],[103.5218,-4.8867],[103.5337,-4.9078],[103.5635,-4.9263],[103.5843,-4.9239],[103.6399,-4.9333],[103.6591,-4.9614],[103.6525,-4.9861],[103.6709,-4.9901],[103.6899,-4.9628],[103.7103,-4.9613],[103.7486,-4.9973],[103.7388,-5.0236],[103.7538,-5.0469],[103.7865,-5.034],[103.8382,-5.0663],[103.8671,-5.1107],[103.9122,-5.1278],[103.9305,-5.1497],[103.9369,-5.173],[103.9056,-5.2309],[103.9409,-5.2358],[103.987,-5.257],[104.0074,-5.2818],[103.9923,-5.3085],[104.0018,-5.3241],[104.0274,-5.3338],[104.0306,-5.3639],[104.0585,-5.3797],[104.0691,-5.4077],[104.1084,-5.4291],[104.1207,-5.4574],[104.1894,-5.4888],[104.2137,-5.51],[104.2126,-5.5223],[104.2771,-5.5561],[104.3116,-5.5895],[104.3209,-5.6148],[104.3008,-5.6406],[104.3789,-5.6792],[104.4233,-5.7167],[104.453,-5.7641],[104.4886,-5.7993],[104.5391,-5.8385],[104.5688,-5.8708],[104.5765,-5.8985],[104.5662,-5.9269],[104.594,-5.9374],[104.6429,-5.9386],[104.7245,-5.9341],[104.7283,-5.9116],[104.6982,-5.8776],[104.7116,-5.8441],[104.6819,-5.7891],[104.6448,-5.7427],[104.6553,-5.7264],[104.648,-5.6994],[104.6117,-5.6506],[104.5641,-5.6018],[104.5342,-5.5362],[104.5674,-5.5064],[104.5945,-5.4972],[104.7071,-5.5211],[104.7585,-5.5762],[104.7767,-5.6045],[104.8213,-5.6216],[104.8737,-5.6481],[104.8849,-5.6656],[104.9128,-5.6697],[104.914,-5.6875],[104.9605,-5.7173],[105.006,-5.7171],[105.0288,-5.7526],[105.05,-5.7444],[105.0929,-5.7595],[105.1168,-5.7754],[105.1474,-5.8074],[105.1916,-5.8031],[105.2172,-5.7782],[105.1665,-5.7619],[105.1699,-5.7385],[105.1985,-5.7057],[105.1826,-5.6639],[105.2064,-5.6535],[105.1805,-5.6171],[105.1768,-5.5929],[105.2036,-5.5766],[105.2357,-5.5916],[105.2447,-5.547],[105.2636,-5.5142],[105.2526,-5.4859],[105.2548,-5.4612],[105.2713,-5.4484],[105.3055,-5.452],[105.3251,-5.4874],[105.3687,-5.5504],[105.3808,-5.5844],[105.4118,-5.6243],[105.4566,-5.6496],[105.5024,-5.6691],[105.5307,-5.6929],[105.5545,-5.6993],[105.5894,-5.7367],[105.5798,-5.7668],[105.5845,-5.8062],[105.6041,-5.8312],[105.6351,-5.8398],[105.6749,-5.8385],[105.7148,-5.8584],[105.7165,-5.9039],[105.7566,-5.8688],[105.7797,-5.8361],[105.7901,-5.8082],[105.8002,-5.7518],[105.7923,-5.7163],[105.8094,-5.6854],[105.8201,-5.6183],[105.8291,-5.5863],[105.8142,-5.5392],[105.8253,-5.5023],[105.8192,-5.38],[105.82,-5.3282],[105.8271,-5.3015],[105.8632,-5.2577],[105.8621,-5.1501],[105.8569,-5.0736],[105.8655,-4.9939],[105.8741,-4.9637],[105.8982,-4.9441],[105.9011,-4.9251],[105.8762,-4.8861],[105.8632,-4.839],[105.8613,-4.7901],[105.8661,-4.7475],[105.8824,-4.7026],[105.8985,-4.6849],[105.9164,-4.6427],[105.8909,-4.6191],[105.8845,-4.5901],[105.9053,-4.5505],[105.8991,-4.513],[105.9027,-4.4663],[105.8916,-4.4404],[105.8654,-4.4105],[105.8588,-4.3779],[105.8298,-4.3536],[105.8186,-4.3051],[105.8197,-4.2275],[105.8272,-4.1891],[105.8517,-4.1488],[105.8472,-4.1191],[105.8722,-4.0121],[105.8849,-3.9794],[105.9256,-3.9209],[105.9604,-3.8395],[105.9561,-3.8146],[105.925,-3.7751],[105.8651,-3.7378],[105.8465,-3.7449],[105.8237,-3.6927],[105.8199,-3.639],[105.8336,-3.5676],[105.8479,-3.5236],[105.8908,-3.4246],[105.8997,-3.4248],[105.9544,-3.3422],[106.0379,-3.2786],[106.0673,-3.2712],[106.0876,-3.2561],[106.0981,-3.2282],[106.0921,-3.201],[106.0601,-3.1188],[106.0706,-3.0651],[106.0513,-2.9871],[105.999,-2.9678],[105.9789,-2.9532],[105.9518,-2.9683],[105.9017,-2.9736],[105.8806,-2.9671],[105.8318,-2.9291],[105.7982,-2.8769],[105.8001,-2.8179],[105.8066,-2.7877],[105.8026,-2.717],[105.7967,-2.6922],[105.7826,-2.6813],[105.7497,-2.6894],[105.6889,-2.6821],[105.6574,-2.6648],[105.6329,-2.6409],[105.6087,-2.5941],[105.6034,-2.5386],[105.6158,-2.48],[105.6337,-2.4341],[105.6316,-2.408],[105.6192,-2.3888],[105.5972,-2.4065],[105.5679,-2.4028],[105.4713,-2.3797],[105.4484,-2.3876],[105.4034,-2.387],[105.3604,-2.3774],[105.2972,-2.3718],[105.2326,-2.3427],[105.2048,-2.3261],[105.1595,-2.3469],[105.1209,-2.3738],[105.0901,-2.3629],[105.0459,-2.3736],[105.0289,-2.3506],[105.0041,-2.3338],[104.9583,-2.3316],[104.9263,-2.3408],[104.9329,-2.3664],[104.9338,-2.44],[104.9024,-2.3727],[104.9169,-2.3281],[104.9171,-2.2873],[104.8991,-2.2793],[104.8444,-2.2857],[104.8397,-2.3359],[104.8144,-2.3665],[104.7745,-2.39],[104.7554,-2.391],[104.7573,-2.4546],[104.7338,-2.5859],[104.7202,-2.5319],[104.7431,-2.4657],[104.73,-2.3799],[104.7123,-2.3695],[104.709,-2.3414],[104.7473,-2.3552],[104.7766,-2.2922],[104.8309,-2.2468],[104.8412,-2.25],[104.905,-2.1893],[104.9006,-2.1166],[104.8784,-2.0484],[104.8549,-2.0156],[104.832,-2.0001],[104.7172,-1.9883],[104.6915,-2.0055],[104.6858,-1.983],[104.6529,-1.9596],[104.6294,-1.9726],[104.6163,-1.996],[104.5739,-1.9988],[104.5199,-1.9734],[104.5062,-1.9621],[104.4916,-1.9113],[104.4652,-1.9033],[104.4735,-1.8756],[104.466,-1.8563],[104.4843,-1.8424],[104.4993,-1.8086],[104.5272,-1.7977],[104.5403,-1.7773],[104.5374,-1.7151],[104.5176,-1.6771],[104.4974,-1.6729],[104.4699,-1.6271],[104.44,-1.5158],[104.4384,-1.4848],[104.4499,-1.4338],[104.458,-1.4258],[104.4503,-1.3875],[104.4561,-1.3333],[104.4009,-1.2381],[104.3897,-1.1983],[104.4088,-1.159],[104.4061,-1.1265],[104.3914,-1.0663],[104.3641,-1.0188],[104.3377,-1.043],[104.2876,-1.0478],[104.25,-1.0331],[104.1803,-1.0363],[104.1728,-1.0501],[104.1346,-1.0505],[104.1086,-1.0316],[104.0852,-1.028],[104.0309,-1.0017],[103.9739,-0.9917],[103.952,-0.9925],[103.9085,-0.9819],[103.8725,-0.9991],[103.8086,-1.0143],[103.8022,-0.9939],[103.7498,-0.9918],[103.7293,-0.9598],[103.6865,-0.9471],[103.6428,-0.9217],[103.593,-0.876],[103.5741,-0.8752],[103.5559,-0.8546],[103.5484,-0.8106],[103.4884,-0.7966],[103.4868,-0.7644],[103.4773,-0.7476],[103.423,-0.7056],[103.3758,-0.6951],[103.3289,-0.6976],[103.2878,-0.7056],[103.2535,-0.7011],[103.2356,-0.6806],[103.3134,-0.6637],[103.3444,-0.6261],[103.374,-0.6097],[103.4183,-0.6002],[103.4316,-0.5812],[103.437,-0.5528],[103.4289,-0.5312],[103.3904,-0.5159],[103.3774,-0.4803],[103.3726,-0.4391],[103.3241,-0.4386],[103.3342,-0.4098],[103.3057,-0.382],[103.3189,-0.3449],[103.2826,-0.3258],[103.2618,-0.3054],[103.246,-0.305],[103.2448,-0.288],[103.2318,-0.284],[103.2268,-0.2714],[103.2466,-0.2639],[103.2774,-0.2362],[103.319,-0.2437],[103.385,-0.2313],[103.4047,-0.2227],[103.462,-0.1756],[103.4948,-0.1579],[103.4975,-0.134],[103.4711,-0.12],[103.4721,-0.1038],[103.4882,-0.0935],[103.4779,-0.0557],[103.5359,-0.0802],[103.5833,-0.061],[103.5966,-0.0427],[103.5887,-0.0213],[103.6157,-0.006],[103.6793,-0.0219],[103.7048,-0.0222],[103.748,-0.0115],[103.8068,-0.0121],[103.812,0.0071],[103.7882,0.0557],[103.7755,0.1014],[103.7665,0.1854],[103.7427,0.2508],[103.7151,0.2967],[103.6786,0.3261],[103.6139,0.3466],[103.5879,0.392],[103.5345,0.4397],[103.4967,0.4566],[103.4608,0.4894],[103.4151,0.5232],[103.3315,0.5473],[103.3195,0.5251],[103.2901,0.5078],[103.2647,0.5092],[103.2119,0.4835],[103.1888,0.4318],[103.1675,0.4072],[103.1438,0.3928],[103.087,0.383],[103.057,0.3699],[102.986,0.3151],[102.9339,0.293],[102.8505,0.2452],[102.8072,0.2616],[102.7942,0.2935],[102.8421,0.3152],[102.8607,0.318],[102.9132,0.343],[102.9548,0.3807],[103.0068,0.4019],[103.0764,0.4446],[103.1214,0.463],[103.1056,0.5087],[103.0732,0.5341],[103.0447,0.569],[103.0276,0.6008],[102.9618,0.6561],[102.9082,0.7192],[102.8934,0.7282],[102.842,0.739],[102.7879,0.7309],[102.7499,0.7359],[102.7185,0.7503],[102.6673,0.7553],[102.5871,0.7364],[102.5077,0.7487],[102.4012,0.8172],[102.3349,0.9045],[102.2627,0.9562],[102.2259,1.0001],[102.2185,1.0275],[102.192,1.0872],[102.1941,1.1199],[102.2072,1.1694],[102.2074,1.1933],[102.1957,1.2172],[102.1641,1.2318],[102.1532,1.2615],[102.1507,1.2946],[102.1592,1.3606],[102.1489,1.3787],[102.0899,1.4017],[101.9468,1.5076],[101.9261,1.5279],[101.8733,1.5615],[101.7619,1.6594],[101.7255,1.6722],[101.6643,1.6653],[101.6101,1.6408],[101.5617,1.6371],[101.5243,1.6495],[101.4734,1.6858],[101.4406,1.6866],[101.4099,1.699],[101.3874,1.7203],[101.3647,1.7593],[101.3562,1.7947],[101.3638,1.8316],[101.337,1.8917],[101.3215,1.9824],[101.3231,1.9979],[101.305,2.0411],[101.2683,2.0814],[101.2269,2.099],[101.1793,2.1285],[101.1123,2.1897],[101.0813,2.2131],[101.0683,2.2316],[101.0522,2.2912],[100.9877,2.2932],[100.9513,2.3037],[100.8967,2.3054],[100.8352,2.2987],[100.819,2.2909],[100.7966,2.2541],[100.7677,2.2235],[100.781,2.1817],[100.779,2.1567],[100.7934,2.1158],[100.8482,2.077],[100.8796,2.044],[100.8892,2.0202],[100.8929,1.9636],[100.8345,2.0221],[100.7843,2.0777],[100.7582,2.0912],[100.7177,2.0999],[100.6722,2.1244],[100.6261,2.13],[100.5757,2.1446],[100.5068,2.199],[100.4907,2.2056],[100.4351,2.2567],[100.3956,2.3092],[100.378,2.3462],[100.3766,2.3716],[100.3612,2.3858],[100.3484,2.4257],[100.3413,2.474],[100.3295,2.4972],[100.3272,2.5425],[100.2733,2.5942],[100.2699,2.6139],[100.2352,2.6425],[100.2201,2.7052],[100.1709,2.7095],[100.1477,2.696],[100.1227,2.6589],[100.1219,2.6108],[100.1366,2.5433],[100.1045,2.5457],[100.0943,2.6153],[100.1001,2.6745],[100.0907,2.6955],[100.0596,2.7302],[100.0344,2.7392],[100.0061,2.7223],[99.9905,2.6965],[99.989,2.675],[99.9632,2.6783],[99.9512,2.6974],[99.9602,2.7227],[99.9909,2.7546],[99.9948,2.8317],[99.9868,2.8554],[99.9952,2.9366],[99.9303,2.9771],[99.9009,3.0115],[99.8908,3.0376],[99.8691,3.029],[99.8304,3.0614],[99.7679,3.1367],[99.757,3.1698],[99.7264,3.1799],[99.6848,3.2081],[99.5879,3.2295],[99.5403,3.2509],[99.4862,3.3178],[99.484,3.3479],[99.4445,3.3705],[99.3745,3.3972],[99.3199,3.4335],[99.2925,3.4639],[99.261,3.4764],[99.2261,3.519],[99.1657,3.5542],[99.1256,3.5665],[99.0558,3.6187],[99.0223,3.6298],[98.9517,3.6739],[98.8715,3.6869],[98.7882,3.7183],[98.7596,3.7599],[98.7253,3.7732],[98.7026,3.8124],[98.6979,3.8738],[98.6702,3.9094],[98.6365,3.9178],[98.6241,3.9126],[98.583,3.9243],[98.5573,3.9385],[98.551,3.9837],[98.5303,4.0153],[98.4865,4.0197],[98.4802,4.036],[98.4344,4.0411],[98.3903,4.0777],[98.3168,4.0727],[98.2984,4.1063],[98.2492,4.1304],[98.2204,4.1277],[98.2036,4.1115],[98.1691,4.0997],[98.1781,4.145],[98.1573,4.1529],[98.2066,4.1803],[98.2452,4.1863],[98.2507,4.2058],[98.2437,4.2707],[98.2523,4.2804],[98.283,4.3486],[98.2779,4.3797],[98.2859,4.4169],[98.2649,4.4316],[98.2312,4.4383],[98.2366,4.4612],[98.187,4.4845],[98.1707,4.5023],[98.1248,4.5218],[98.0872,4.5229],[98.0659,4.553],[97.9883,4.531],[97.9757,4.5563],[98.0129,4.6167],[97.9938,4.6296],[97.9719,4.6627],[97.9764,4.6739],[97.9624,4.7123],[97.9571,4.7464],[97.9249,4.8311],[97.9059,4.8892],[97.867,4.8943],[97.8073,4.9349],[97.7792,4.9624],[97.6552,5.0686],[97.6524,5.1184],[97.6136,5.1318],[97.5738,5.1701],[97.5562,5.2117],[97.5136,5.2424],[97.4838,5.2437],[97.3574,5.1962],[97.315,5.1869],[97.2852,5.1704],[97.1999,5.1412],[97.146,5.153],[97.154,5.1765],[97.1404,5.2012],[97.1007,5.2147],[97.0851,5.2309],[97.0518,5.238],[97.0331,5.2502],[96.9829,5.2622],[96.9135,5.2507],[96.8743,5.2497],[96.8585,5.2725],[96.8102,5.2727],[96.7796,5.2594],[96.726,5.248],[96.6596,5.22],[96.6289,5.2121],[96.5892,5.2117],[96.5404,5.2],[96.5128,5.1996],[96.4866,5.2124],[96.4722,5.2382],[96.4207,5.2132],[96.3989,5.2093],[96.319,5.2328],[96.2575,5.2632],[96.2122,5.2588],[96.1659,5.2667],[96.1446,5.2773],[96.0769,5.2939],[96.0536,5.3239],[95.9903,5.3667],[95.9304,5.4126],[95.8898,5.4612],[95.8872,5.5019],[95.869,5.5147],[95.7785,5.5508],[95.7386,5.5728],[95.689,5.5835],[95.6126,5.6276],[95.584,5.6172],[95.5289,5.6121],[95.5222,5.5954],[95.492,5.6091],[95.465,5.6448],[95.4336,5.6568],[95.4157,5.6497],[95.3901,5.6216],[95.3471,5.6067],[95.2709,5.5519],[95.2366,5.5571],[95.2281,5.5756],[95.1936,5.5267],[95.226,5.4993],[95.2443,5.4515],[95.2381,5.4373],[95.2509,5.4013],[95.2513,5.3699],[95.2362,5.3189],[95.2159,5.3093],[95.2467,5.2724],[95.2541,5.2213],[95.2701,5.1971],[95.286,5.195],[95.3076,5.1684],[95.2993,5.1164],[95.3206,5.0908],[95.3328,5.0501],[95.3624,5.0388],[95.3683,4.9974],[95.3808,4.9617],[95.3688,4.949],[95.3783,4.9208],[95.4024,4.8942],[95.3964,4.877],[95.4178,4.8549],[95.4275,4.8095],[95.443,4.809],[95.4519,4.7837],[95.4873,4.7566],[95.5132,4.719],[95.5103,4.7064],[95.5582,4.6676],[95.5829,4.6607],[95.5754,4.6388],[95.6033,4.6278],[95.6422,4.5923],[95.6799,4.5685],[95.7369,4.5216],[95.78,4.4726],[95.9057,4.3376],[95.9683,4.2644],[96.0131,4.2181],[96.0261,4.1942],[96.0427,4.2089],[96.0725,4.1922],[96.1228,4.1384],[96.1548,4.1376],[96.2354,4.0572],[96.284,3.9988],[96.3875,3.8465],[96.4495,3.7883],[96.5192,3.7355],[96.5443,3.7291],[96.6182,3.7346],[96.6689,3.7473],[96.7244,3.7471],[96.7749,3.7387],[96.8537,3.7011],[96.8798,3.6767],[96.9033,3.6016],[96.9403,3.5696],[96.9997,3.5453],[97.0179,3.5081],[97.0457,3.4747],[97.062,3.4302],[97.1095,3.36],[97.122,3.3521],[97.126,3.3212],[97.1402,3.3127],[97.1582,3.273],[97.1878,3.257],[97.244,3.2364],[97.2758,3.186],[97.2866,3.1456],[97.319,3.0548],[97.3697,2.9886],[97.4251,2.9343],[97.4473,2.9232],[97.4867,2.9202],[97.5364,2.8823],[97.5822,2.8864],[97.604,2.8578],[97.615,2.8293],[97.6341,2.7522],[97.6479,2.6783],[97.6545,2.5894],[97.6553,2.4728],[97.6611,2.4019],[97.71510894854585,2.34238926174498],[97.7151,2.34241095890409]]],[[[128.0347,-0.6976],[128.0656,-0.718],[128.1324,-0.7381],[128.227,-0.7732],[128.2654,-0.8114],[128.2259,-0.8322],[128.23,-0.8465],[128.2905,-0.8811],[128.3136,-0.8648],[128.3522,-0.8895],[128.3725,-0.878],[128.3927,-0.882],[128.4243,-0.9014],[128.4297,-0.8783],[128.3868,-0.8571],[128.3485,-0.8163],[128.3092,-0.7901],[128.2862,-0.754],[128.227,-0.7128],[128.1887,-0.6497],[128.1854,-0.6285],[128.1606,-0.5961],[128.1262,-0.5387],[128.0909,-0.4925],[128.0794,-0.4577],[128.0495,-0.4174],[128.016,-0.3226],[127.9818,-0.264],[127.9655,-0.1636],[127.9462,-0.111],[127.9111,-0.0569],[127.8942,-0.0181],[127.8876,0.0313],[127.8951,0.0665],[127.8882,0.0838],[127.9038,0.1049],[127.9253,0.1081],[127.9199,0.1942],[127.924,0.2155],[127.9148,0.2722],[127.8746,0.299],[127.8793,0.3535],[127.9053,0.3715],[127.9122,0.4005],[127.9007,0.4302],[127.9168,0.4552],[127.9684,0.4818],[127.9983,0.4736],[128.0398,0.4786],[128.1214,0.4539],[128.1405,0.4639],[128.172,0.4558],[128.1789,0.4289],[128.1987,0.4314],[128.2817,0.3966],[128.3158,0.3966],[128.3388,0.4049],[128.3797,0.4064],[128.4053,0.3936],[128.4411,0.4032],[128.485,0.3902],[128.5011,0.3544],[128.5341,0.3403],[128.5591,0.3178],[128.5983,0.3196],[128.6448,0.309],[128.6751,0.2952],[128.6967,0.2971],[128.7308,0.2827],[128.7548,0.282],[128.8289,0.2589],[128.8649,0.2658],[128.8361,0.2925],[128.7942,0.3142],[128.7474,0.3188],[128.7139,0.3329],[128.6754,0.3387],[128.6661,0.3612],[128.6869,0.4045],[128.6884,0.4429],[128.6805,0.4767],[128.6683,0.4913],[128.6879,0.5197],[128.6801,0.549],[128.6534,0.5441],[128.6229,0.5582],[128.5717,0.5617],[128.5233,0.5917],[128.4762,0.6004],[128.4342,0.6323],[128.3887,0.6446],[128.3653,0.6391],[128.3378,0.6588],[128.3123,0.6603],[128.2936,0.7004],[128.2602,0.7384],[128.2387,0.7351],[128.1983,0.7896],[128.2058,0.8077],[128.2398,0.8161],[128.2494,0.8414],[128.2822,0.8202],[128.313,0.8279],[128.2818,0.8524],[128.2797,0.8657],[128.3036,0.8931],[128.3347,0.9119],[128.3848,0.9109],[128.416,0.9314],[128.447,0.9325],[128.4622,0.9488],[128.5046,0.9715],[128.5394,0.976],[128.5522,0.996],[128.6103,1.0424],[128.6336,1.0447],[128.6834,1.0679],[128.6949,1.1175],[128.691,1.1985],[128.7024,1.2345],[128.7206,1.2561],[128.7093,1.2828],[128.7207,1.3011],[128.7416,1.3099],[128.7477,1.3463],[128.7422,1.3639],[128.755,1.3838],[128.7123,1.4182],[128.6868,1.4602],[128.6801,1.4953],[128.6959,1.508],[128.6969,1.5368],[128.722,1.5273],[128.7222,1.5732],[128.6699,1.5899],[128.6267,1.5826],[128.5996,1.569],[128.5533,1.5669],[128.5432,1.5492],[128.507,1.5316],[128.4937,1.5495],[128.4673,1.5507],[128.4152,1.5268],[128.3698,1.5007],[128.3451,1.46],[128.2985,1.4332],[128.2456,1.4206],[128.2189,1.3938],[128.1923,1.3898],[128.1675,1.3675],[128.1381,1.3134],[128.1199,1.2903],[128.0939,1.285],[128.0905,1.2441],[128.146,1.2536],[128.1797,1.2428],[128.1979,1.2103],[128.1946,1.1647],[128.1809,1.156],[128.1721,1.1292],[128.1445,1.1198],[128.0893,1.1267],[128.0621,1.1164],[128.0327,1.1163],[127.9813,1.0874],[127.9771,1.0615],[127.9524,1.019],[127.9325,1.0051],[127.9363,0.9775],[127.9248,0.9656],[127.934,0.8872],[127.9075,0.8562],[127.8926,0.8544],[127.8831,0.8289],[127.8428,0.8045],[127.7977,0.7959],[127.7797,0.8073],[127.754,0.8075],[127.7355,0.8375],[127.7088,0.8516],[127.7006,0.8752],[127.6629,0.8791],[127.6536,0.9057],[127.6318,0.9209],[127.6294,0.984],[127.6487,1.0022],[127.6551,1.0269],[127.7093,1.0421],[127.8031,1.107],[127.8158,1.1348],[127.8503,1.1532],[127.9034,1.1502],[127.9024,1.1722],[127.9194,1.2276],[127.945,1.242],[127.9519,1.2601],[127.9744,1.2801],[127.9781,1.3068],[128.0103,1.314],[127.9941,1.3319],[127.9875,1.3652],[127.995,1.3922],[128.024,1.4047],[128.0096,1.4257],[128.0242,1.4686],[128.0231,1.4897],[128.0353,1.5305],[128.03,1.5453],[128.0344,1.5894],[128.0032,1.5962],[127.9996,1.6393],[127.9911,1.6609],[128.0215,1.6893],[128.0219,1.7039],[127.9917,1.7624],[127.9604,1.7676],[127.9543,1.7921],[127.9292,1.8116],[127.8982,1.7974],[127.8627,1.8052],[127.8469,1.8207],[127.8416,1.8451],[127.8533,1.8667],[127.8482,1.9066],[127.8525,1.9259],[127.8885,1.953],[127.9199,1.961],[127.9294,1.9789],[127.9519,1.9913],[127.948,2.0232],[127.9547,2.0404],[128.0141,2.1021],[128.0653,2.1738],[128.0681,2.1969],[128.0191,2.1964],[127.9835,2.1805],[127.9773,2.2086],[127.9334,2.1814],[127.8994,2.1342],[127.8366,2.0821],[127.7881,2.0244],[127.7856,2.0093],[127.7276,1.9525],[127.7069,1.9454],[127.6817,1.9068],[127.6761,1.8866],[127.6138,1.7834],[127.5718,1.7516],[127.5619,1.7118],[127.5796,1.6939],[127.5778,1.658],[127.551,1.663],[127.5535,1.6069],[127.5108,1.5576],[127.5359,1.5032],[127.521,1.4343],[127.4859,1.3922],[127.4858,1.3607],[127.4647,1.3178],[127.4458,1.3018],[127.4057,1.2287],[127.4048,1.1925],[127.4315,1.1419],[127.4178,1.1024],[127.3993,1.0842],[127.3968,1.063],[127.4199,1.032],[127.4446,1.0511],[127.4793,1.0644],[127.4994,1.0491],[127.4956,0.9955],[127.5118,0.9725],[127.5125,0.9533],[127.4919,0.9281],[127.4918,0.893],[127.5592,0.8756],[127.5666,0.8653],[127.6001,0.8657],[127.6338,0.8402],[127.6386,0.8218],[127.6219,0.8025],[127.6042,0.7641],[127.5746,0.7537],[127.5473,0.7288],[127.5512,0.6824],[127.54,0.6547],[127.541,0.6321],[127.5295,0.6129],[127.5368,0.574],[127.5269,0.5544],[127.5619,0.5159],[127.5702,0.4583],[127.5818,0.4139],[127.5955,0.401],[127.6223,0.396],[127.6217,0.3603],[127.6487,0.3577],[127.6573,0.3448],[127.721,0.3423],[127.7343,0.3111],[127.7159,0.2642],[127.708,0.2107],[127.696,0.1852],[127.6919,0.1461],[127.7127,0.1022],[127.7219,0.0694],[127.6998,0.0171],[127.6966,-0.0888],[127.6871,-0.1374],[127.6611,-0.2085],[127.6632,-0.2212],[127.6893,-0.2476],[127.6869,-0.27],[127.7556,-0.32],[127.803,-0.3401],[127.8184,-0.3378],[127.8505,-0.3641],[127.8644,-0.366],[127.8812,-0.3896],[127.8836,-0.4104],[127.9052,-0.4461],[127.9064,-0.4742],[127.9384,-0.5036],[127.9546,-0.5561],[127.9958,-0.6297],[128.0024,-0.6676],[128.0347,-0.6976]]]]},"properties":{"GID_0":"IDN","ISO_A2":"ID","ISO_A3":"IDN","NAME_EN":"Indonesia","NAME_IT":"Indonesia"}}
]}