{"type":"FeatureCollection", "features": [
{"type":"Feature","geometry":{"type":"Polygon","coordinates":[[[141.1768,67.7579],[141.2247,67.6347],[141.3189,67.5786],[141.5405,67.5324],[141.6397,67.5166],[141.683,67.4693],[141.8091,67.4516],[142.0382,67.4803],[142.2252,67.4914],[142.4654,67.4786],[142.6603,67.4398],[142.778,67.4247],[142.8434,67.3577],[143.0973,67.2831],[143.2925,67.21],[143.3983,67.159],[143.4542,67.1042],[143.538,67.0479],[143.6196,67.0091],[143.9207,66.9394],[144.1366,66.853],[144.1511,66.8018],[144.2159,66.7696],[144.3918,66.7632],[144.5207,66.7353],[144.5712,66.7107],[144.6749,66.7076],[144.8134,66.7352],[144.9164,66.7807],[144.9461,66.8396],[145.0206,66.8674],[145.2506,67.0031],[145.336,67.0937],[145.3648,67.1705],[145.4756,67.2267],[145.635,67.2504],[145.972,67.2315],[146.1817,67.2473],[146.3135,67.2279],[146.2729,67.167],[146.3761,67.1283],[146.5532,67.1222],[146.6816,67.1527],[146.7863,67.1661],[146.9512,67.1352],[147.0138,67.1562],[147.0571,67.2331],[147.0017,67.3054],[146.8734,67.3725],[146.8823,67.3991],[146.8049,67.4474],[146.9048,67.4922],[147.0163,67.5096],[147.0631,67.4982],[147.0714,67.4695],[146.9921,67.4289],[146.9954,67.4007],[147.193,67.3713],[147.2058,67.347],[147.1807,67.3102],[147.235,67.2689],[147.3737,67.2616],[147.631,67.3259],[147.7329,67.3568],[147.9465,67.482],[147.8621,67.5312],[147.824,67.577],[147.8817,67.6167],[148.0044,67.6433],[148.0777,67.6671],[148.1637,67.7095],[148.2751,67.7399],[148.3997,67.7601],[148.4875,67.8032],[148.4754,67.848],[148.3883,67.8947],[148.4047,67.936],[148.3766,67.986],[148.2706,68.036],[148.1415,68.0324],[148.0394,68.0439],[147.9879,68.0712],[148.0536,68.1468],[148.0325,68.1655],[147.9209,68.2047],[147.8349,68.2512],[147.8411,68.2873],[147.8982,68.324],[147.855,68.3972],[147.9151,68.4448],[147.8396,68.4698],[147.79,68.512],[147.7855,68.5586],[147.832,68.6367],[148.2224,68.6477],[148.475,68.6468],[148.7318,68.6595],[148.8795,68.6856],[148.9283,68.7219],[148.8641,68.7742],[148.8648,68.8438],[148.8405,68.8937],[148.6288,68.913],[148.5363,68.9349],[148.5567,68.9774],[148.7776,69.0609],[148.862,69.1405],[148.9538,69.1609],[149.0908,69.1635],[149.1709,69.2035],[149.211,69.262],[149.2449,69.3399],[149.143,69.3648],[149.0829,69.4007],[149.2012,69.4796],[149.1858,69.5219],[149.0083,69.5315],[148.5416,69.4437],[148.2121,69.401],[148.1241,69.371],[148.1499,69.3199],[148.0325,69.308],[147.9704,69.3461],[147.8847,69.3688],[147.7166,69.3708],[147.4162,69.351],[147.1398,69.2976],[146.8586,69.2516],[146.5991,69.2566],[146.4416,69.2839],[146.3479,69.3486],[146.2349,69.3767],[146.1873,69.4022],[146.1738,69.439],[146.1017,69.4563],[145.9463,69.459],[145.6344,69.5185],[145.4767,69.5291],[145.3283,69.5073],[145.1991,69.4571],[145.0417,69.4364],[144.9418,69.4399],[144.837,69.4816],[144.7658,69.4866],[144.6407,69.4534],[144.5767,69.41],[144.3408,69.3547],[144.221,69.3726],[144.1533,69.4092],[144.0199,69.4396],[144.0451,69.484],[144.1306,69.5144],[144.1263,69.5451],[144.0467,69.552],[143.8146,69.5356],[143.7055,69.5805],[143.5598,69.5897],[143.4376,69.5428],[143.3598,69.5396],[143.2596,69.5704],[143.1523,69.5759],[143.0378,69.5337],[142.7668,69.5691],[142.5975,69.5869],[142.3966,69.5633],[142.3018,69.5283],[142.3511,69.48],[142.5019,69.4593],[142.5446,69.4092],[142.5047,69.3747],[142.7237,69.2787],[142.6695,69.2156],[142.5509,69.2006],[142.3007,69.185],[142.1563,69.1921],[142.0417,69.217],[141.9044,69.2265],[141.7025,69.22],[141.569,69.1917],[141.505,69.1481],[141.5031,69.0778],[141.5214,68.9614],[141.5202,68.9075],[141.8187,68.69],[141.84,68.6522],[141.745,68.5859],[141.4648,68.4603],[141.3696,68.4308],[141.1611,68.426],[141.0628,68.3994],[140.9431,68.2649],[141.0035,68.2119],[141.0843,68.1755],[141.0876,68.1327],[140.9921,68.0748],[140.9321,68.0088],[140.9451,67.9414],[141.0301,67.8663],[141.1225,67.8155],[141.1768,67.7579]]]},"properties":{"GID_0":"RUS","GID_1":"RUS.60_1","GID_2":"RUS.60.1_1","NAME_1":"Sakha","NAME_2":"Abyyskiyrayon"}},
{"type":"Feature","geometry":{"type":"Polygon","coordinates":[[[132.6249,58.8861],[132.5891,58.9133],[132.5226,58.9309],[132.3906,58.8879],[132.2922,58.84],[132.2192,58.8652],[132.2736,58.9458],[132.2639,58.9897],[132.2177,59.0361],[132.2218,59.0662],[132.2903,59.0857],[132.2945,59.1118],[132.1284,59.1096],[132.1313,59.136],[132.0142,59.1601],[131.9998,59.2363],[131.9563,59.3178],[131.8508,59.3748],[131.8201,59.4328],[131.8162,59.5],[131.7716,59.6317],[131.7778,59.8146],[131.7916,59.9234],[131.7729,59.937],[131.8055,59.977],[131.8123,60.0124],[131.737,60.0381],[131.6911,60.0316],[131.646,60.0057],[131.6076,60.0082],[131.4449,60.0785],[131.2263,60.0912],[131.1288,60.1081],[131.0421,60.0105],[130.976,59.9708],[130.9151,59.9487],[130.6806,59.893],[130.6316,59.8411],[130.6275,59.7863],[130.5766,59.7189],[130.5253,59.6216],[130.4158,59.4876],[130.3553,59.5093],[130.3621,59.6033],[130.3768,59.6605],[130.3442,59.7092],[130.2377,59.7488],[130.1651,59.7383],[130.0972,59.7436],[130.0101,59.7742],[129.8877,59.7457],[129.6752,59.7561],[129.5166,59.8071],[129.3628,59.9209],[129.2764,59.9487],[129.1928,59.9945],[129.0675,60.1157],[129.026,60.1939],[128.9828,60.3284],[128.9581,60.5177],[128.947,60.6841],[128.9482,60.8077],[128.961,60.9286],[128.7818,60.9442],[128.5914,60.9501],[128.3625,60.9785],[128.2091,61.0022],[128.0929,60.9817],[128.0954,60.9129],[128.1142,60.8514],[128.1604,60.7967],[128.1647,60.7743],[127.926,60.7389],[127.814,60.6386],[127.7079,60.6248],[127.6625,60.6265],[127.6612,60.7464],[127.6486,60.7579],[127.2425,60.5559],[127.1848,60.5318],[127.0903,60.4377],[127.0218,60.3818],[126.9557,60.3614],[126.8969,60.3636],[126.8241,60.3919],[126.7847,60.4512],[126.7745,60.5045],[126.7454,60.5374],[126.707,60.5518],[126.6291,60.5364],[126.5594,60.4972],[126.5033,60.4445],[126.5091,60.3912],[126.4644,60.3691],[126.3289,60.393],[126.27,60.3824],[126.1729,60.3406],[125.9791,60.2655],[125.8059,60.2402],[125.6198,60.2277],[125.5426,60.229],[125.4275,60.1544],[125.4114,60.1112],[125.3046,60.1093],[125.1768,60.0533],[124.8873,60.0513],[124.7408,59.9888],[124.6291,59.9823],[124.5502,59.9852],[124.445,59.914],[124.3882,59.8406],[124.2668,59.7944],[124.162,59.698],[124.0706,59.5974],[123.9377,59.6098],[123.8986,59.6341],[123.8348,59.6455],[123.6917,59.625],[123.6204,59.6453],[123.5233,59.6511],[123.4808,59.6346],[123.4316,59.5573],[123.4497,59.512],[123.4393,59.4622],[123.408,59.4237],[123.3406,59.407],[123.278,59.4142],[123.1588,59.3712],[123.101,59.3623],[123.0513,59.3347],[122.9919,59.2744],[122.9153,59.2611],[122.8265,59.1762],[122.7825,59.1504],[122.7431,59.1095],[122.7582,59.0513],[122.805,59.0076],[122.8746,58.9867],[122.9343,59.0048],[122.9957,58.9556],[122.9958,58.9143],[123.0412,58.8889],[122.9792,58.8184],[122.918,58.7813],[122.8805,58.7842],[122.8026,58.7606],[122.8209,58.6844],[122.7842,58.5776],[122.813,58.5533],[122.8519,58.555],[122.9039,58.6187],[122.9507,58.6122],[122.9473,58.5743],[122.8934,58.5167],[122.8789,58.4145],[122.8627,58.3761],[122.8013,58.3429],[122.8091,58.2876],[122.768,58.2315],[122.8477,58.1863],[122.9742,58.1729],[123.0809,58.2536],[123.2458,58.2928],[123.374,58.2864],[123.4753,58.2676],[123.6084,58.263],[123.7775,58.2728],[124.0227,58.3542],[124.1128,58.3651],[124.1934,58.3535],[124.2549,58.3689],[124.4378,58.4637],[124.4168,58.4891],[124.3638,58.4993],[124.3556,58.5281],[124.4133,58.547],[124.6202,58.543],[124.6919,58.5582],[124.8272,58.5327],[124.9004,58.5417],[124.8946,58.4825],[124.8308,58.4376],[124.7561,58.3716],[124.6457,58.2512],[124.6125,58.1974],[124.6003,58.1521],[124.4761,58.0966],[124.4413,58.0655],[124.4427,57.9631],[124.4286,57.9094],[124.3789,57.8705],[124.3639,57.8442],[124.3797,57.809],[124.451,57.789],[124.5231,57.7581],[124.5864,57.6752],[124.6453,57.6273],[124.758,57.5997],[124.8709,57.5796],[124.9414,57.5976],[125.0091,57.5964],[125.0731,57.5803],[125.1317,57.5438],[125.2082,57.5299],[125.2706,57.5297],[125.3272,57.5591],[125.4956,57.7222],[125.5458,57.7648],[125.6067,57.7736],[125.6677,57.7677],[125.774,57.7139],[125.8313,57.6555],[125.8847,57.6234],[125.9605,57.6073],[126.0721,57.5518],[126.3226,57.5221],[126.6016,57.448],[126.8402,57.4206],[126.9195,57.4217],[127.0544,57.4021],[127.1483,57.3799],[127.1858,57.3376],[127.2307,57.2299],[127.396,57.1531],[127.5181,57.063],[127.6103,57.0235],[127.6775,57.0337],[127.7145,57.0679],[127.7695,57.0909],[127.8237,57.0921],[127.8961,57.076],[127.9452,57.0384],[128.0532,57.0348],[128.1393,57.0132],[128.2399,56.9641],[128.3405,56.9658],[128.3933,56.9801],[128.4382,57.0194],[128.4435,57.0532],[128.4717,57.0845],[128.5074,57.0949],[128.5854,57.088],[128.7374,57.061],[128.9836,57.0066],[129.0582,57.0053],[129.187,57.0297],[129.3643,57.057],[129.5381,57.0618],[129.8059,57.0497],[129.9422,57.0332],[130.1058,56.9831],[130.1415,56.9617],[130.1507,56.9279],[130.1898,56.8812],[130.2347,56.8645],[130.272,56.8833],[130.2654,56.9266],[130.2892,56.9499],[130.3362,56.9478],[130.435,56.8905],[130.5197,56.8663],[130.5971,56.8693],[130.7471,56.9347],[130.9657,57.0042],[131.0828,57.0311],[131.2745,57.1085],[131.3588,57.1227],[131.4348,57.1487],[131.3629,57.1793],[131.2642,57.1852],[131.2283,57.2571],[131.3025,57.2659],[131.3324,57.3364],[131.3867,57.3413],[131.3856,57.3121],[131.536,57.2717],[131.5902,57.2908],[131.6526,57.3568],[131.657,57.4363],[131.8131,57.5403],[131.8266,57.5805],[131.9378,57.6343],[132.0172,57.6383],[132.0364,57.6841],[132.0941,57.6899],[132.1302,57.7271],[132.0948,57.7663],[131.9236,57.8601],[131.8199,57.903],[131.8709,57.9524],[131.8092,57.9769],[131.714,57.9868],[131.6371,58.0363],[131.6765,58.0716],[131.6618,58.0987],[131.5641,58.1111],[131.5422,58.1956],[131.7275,58.2192],[131.8015,58.1583],[131.874,58.1524],[131.969,58.1213],[132.0476,58.072],[132.1932,58.0768],[132.1494,58.1393],[132.1309,58.2142],[132.1819,58.2706],[132.2551,58.2846],[132.1974,58.4357],[132.1911,58.5285],[132.444,58.512],[132.4784,58.5424],[132.4789,58.5818],[132.5742,58.6425],[132.5217,58.7131],[132.5763,58.7614],[132.5749,58.8114],[132.6249,58.8861]]]},"properties":{"GID_0":"RUS","GID_1":"RUS.60_1","GID_2":"RUS.60.2_1","NAME_1":"Sakha","NAME_2":"Aldanskiyrayon"}},
{"type":"Feature","geometry":{"type":"MultiPolygon","coordinates":[[[[142.3966,69.5633],[142.5975,69.5869],[142.7668,69.5691],[143.0378,69.5337],[143.1523,69.5759],[143.2596,69.5704],[143.3598,69.5396],[143.4376,69.5428],[143.5598,69.5897],[143.7055,69.5805],[143.8146,69.5356],[144.0467,69.552],[144.1263,69.5451],[144.1306,69.5144],[144.0451,69.484],[144.0199,69.4396],[144.1533,69.4092],[144.221,69.3726],[144.3408,69.3547],[144.5767,69.41],[144.6407,69.4534],[144.7658,69.4866],[144.837,69.4816],[144.9418,69.4399],[145.0417,69.4364],[145.1991,69.4571],[145.3283,69.5073],[145.4767,69.5291],[145.6344,69.5185],[145.9463,69.459],[146.1017,69.4563],[146.1738,69.439],[146.1873,69.4022],[146.2349,69.3767],[146.3479,69.3486],[146.4416,69.2839],[146.5991,69.2566],[146.8586,69.2516],[147.1398,69.2976],[147.4162,69.351],[147.7166,69.3708],[147.8847,69.3688],[147.9704,69.3461],[148.0325,69.308],[148.1499,69.3199],[148.1241,69.371],[148.2121,69.401],[148.5416,69.4437],[149.0083,69.5315],[149.1858,69.5219],[149.44,69.5342],[149.8022,69.5667],[150.0571,69.6074],[150.2619,69.6643],[150.5219,69.7068],[150.6746,69.7502],[150.8344,69.7747],[151.0046,69.7898],[151.2069,69.8292],[151.3386,69.8038],[151.6196,69.7159],[151.7736,69.7046],[151.9418,69.7133],[152.0094,69.7033],[152.0984,69.7298],[152.19,69.8299],[152.2539,69.9256],[152.0524,70.0206],[152.0261,70.0618],[152.0435,70.0914],[152.1667,70.1245],[152.4131,70.2071],[152.4293,70.2468],[152.4033,70.2948],[152.3343,70.3671],[152.2279,70.4301],[152.1875,70.4877],[152.2893,70.5414],[152.4135,70.5783],[152.5013,70.6153],[152.4875,70.7256],[152.537,70.7724],[152.5,70.8271],[152.4104,70.8292],[152.2854,70.8562],[152.2167,70.8604],[152.0625,70.925],[151.9792,70.9375],[151.8208,70.9375],[151.6875,70.9625],[151.675,70.9792],[151.9917,70.9688],[152.0724,70.9859],[152.0583,71.0083],[151.9526,71.0537],[151.7542,71.0625],[151.8354,71.0896],[151.8667,71.1188],[151.8182,71.1578],[151.6745,71.2224],[151.7214,71.238],[151.6167,71.2937],[151.5292,71.3208],[151.3708,71.3354],[151.1062,71.3854],[151.025,71.3833],[150.813,71.3516],[150.712,71.2943],[150.6458,71.2875],[150.6818,71.3391],[150.738,71.3703],[150.8021,71.3708],[150.8662,71.4287],[150.7708,71.4292],[150.7083,71.3812],[150.6005,71.3411],[150.5266,71.3005],[150.413,71.3037],[150.3375,71.2604],[150.275,71.2708],[150.1839,71.2203],[150.0271,71.2229],[149.9536,71.1776],[149.837,71.1818],[149.8583,71.2208],[149.9229,71.2271],[150.1646,71.225],[150.2437,71.2729],[150.3438,71.2708],[150.4083,71.3167],[150.5625,71.3292],[150.6182,71.3828],[150.7182,71.4557],[150.6687,71.4979],[150.5417,71.5104],[150.1938,71.5146],[150.2646,71.5313],[150.2604,71.5604],[150.1687,71.5667],[150.0896,71.55],[150.0708,71.5292],[149.9922,71.512],[149.9411,71.4568],[149.8104,71.4396],[149.6604,71.3562],[149.5443,71.3745],[149.5859,71.4036],[149.7167,71.3896],[149.763,71.4391],[149.9057,71.463],[149.8651,71.4849],[150.0557,71.5411],[150.1187,71.5729],[150.1953,71.5849],[150.0922,71.6109],[150.0583,71.6333],[149.9,71.6604],[149.6021,71.6417],[149.4646,71.6479],[149.3229,71.6917],[149.2229,71.6729],[149.1354,71.6958],[149.0583,71.6646],[148.9812,71.6667],[149.0849,71.7547],[149.175,71.7708],[149.3062,71.8438],[149.4057,71.8651],[149.4104,71.8896],[149.5208,71.8792],[149.5995,71.813],[149.7125,71.7479],[149.8625,71.7896],[150.0458,71.8167],[150.1057,71.8422],[150.1099,71.8891],[150.0412,71.9505],[149.8464,72.0401],[149.7849,72.0745],[149.4729,72.1667],[149.3479,72.1917],[149.1125,72.2229],[148.9818,72.2245],[148.9724,72.2401],[148.6875,72.275],[148.6104,72.2917],[148.3979,72.3187],[148.1,72.3229],[148.0188,72.3146],[147.6,72.3271],[147.1354,72.3063],[147.0537,72.2589],[146.8297,72.1807],[146.7203,72.0943],[146.6266,72.0422],[146.5547,72.0162],[146.4276,71.9432],[146.3443,71.9224],[146.3307,71.8922],[146.1141,71.7922],[145.7813,71.7083],[145.6839,71.7193],[145.5771,71.7083],[145.5583,71.6854],[145.3755,71.6516],[145.337,71.6787],[145.2146,71.6604],[145.1078,71.6693],[145.0646,71.6896],[144.938,71.7068],[144.9214,71.7682],[145.0682,71.7672],[145.1208,71.7979],[145.1891,71.7984],[145.2328,71.838],[145.15,71.8542],[145.0318,71.8984],[145.0297,71.9495],[145.1917,71.9271],[145.3307,71.8828],[145.4896,71.8812],[145.6187,71.9167],[145.7167,71.9167],[145.7563,71.9],[145.8474,71.9474],[145.8286,72.0078],[145.7896,72.0354],[145.6729,72.0292],[145.6276,72.0932],[145.6729,72.1354],[145.7776,72.1776],[145.7437,72.2083],[145.6547,72.2109],[145.6542,72.2438],[145.7995,72.2641],[145.7854,72.2354],[145.8896,72.2167],[145.8797,72.1787],[146.0026,72.1432],[145.9505,72.0911],[145.9943,72.088],[146.0901,72.1245],[146.0479,72.1563],[146.1771,72.1521],[146.3042,72.1208],[146.2026,72.0828],[146.1104,72.0313],[146.0234,72.0214],[145.9839,71.9776],[145.9995,71.9505],[145.9609,71.8974],[145.9984,71.8849],[146.1422,71.9516],[146.2583,71.9771],[146.4036,72.0234],[146.5245,72.0755],[146.4026,72.138],[146.4714,72.1526],[146.5089,72.1214],[146.5833,72.1083],[146.6411,72.1339],[146.7276,72.1953],[146.8938,72.2712],[146.8092,72.262],[146.5029,72.2823],[146.1068,72.2753],[145.6967,72.2712],[145.6785,72.2704],[145.338,72.254],[144.8745,72.2207],[144.826,72.2172],[144.7204,72.1773],[144.5671,72.1462],[144.3558,72.1453],[144.2671,72.1817],[144.284,72.1977],[144.2579,72.2339],[144.1009,72.2444],[143.82,72.1726],[143.611,72.1089],[143.4086,72.0691],[143.2082,72.0004],[143.1241,71.9281],[143.0972,71.8232],[143.0596,71.7526],[142.9828,71.6983],[142.8011,71.6521],[142.6351,71.5909],[142.565,71.4781],[142.5327,71.3809],[142.564,71.2701],[142.6317,71.192],[142.6124,71.1132],[142.495,71.0315],[142.3075,70.9613],[142.0657,70.896],[141.9073,70.8287],[141.8239,70.7676],[141.8037,70.6965],[141.7398,70.6172],[141.5404,70.5251],[141.2242,70.3646],[140.945,70.264],[140.8626,70.1877],[140.8141,69.9937],[140.819,69.9453],[140.9562,69.928],[141.0926,69.9657],[141.2023,69.957],[141.3342,69.9052],[141.414,69.8262],[141.609,69.8238],[141.8387,69.8736],[141.9514,69.8724],[142.0521,69.8563],[142.1717,69.8565],[142.2454,69.8347],[142.2608,69.7941],[142.1204,69.7636],[142.0866,69.7442],[142.1194,69.6948],[142.0918,69.6583],[141.9915,69.6167],[142.0102,69.5776],[142.1378,69.5532],[142.3966,69.5633]]],[[[151.2542,71.3896],[151.375,71.3458],[151.4354,71.3562],[151.2542,71.3896]]]]},"properties":{"GID_0":"RUS","GID_1":"RUS.60_1","GID_2":"RUS.60.3_1","NAME_1":"Sakha","NAME_2":"Allaikhovskiyrayon"}},
{"type":"Feature","geometry":{"type":"Polygon","coordinates":[[[131.7916,59.9234],[131.8701,59.9498],[131.9476,59.9544],[132.0108,59.9044],[132.0886,59.9902],[132.1583,60.1081],[132.2625,60.3319],[132.3754,60.5367],[132.4361,60.5677],[132.5081,60.5819],[132.5535,60.5765],[132.6145,60.5309],[132.6866,60.562],[132.9009,60.6429],[133.0644,60.6853],[133.1651,60.7517],[133.146,60.8123],[133.0993,60.8849],[133.0751,60.9589],[133.0901,61.0585],[133.1214,61.148],[133.1009,61.2171],[133.0349,61.2205],[132.9544,61.2386],[132.9417,61.2839],[132.9964,61.359],[133.0708,61.3942],[133.1245,61.4408],[133.1244,61.4998],[133.0808,61.5594],[132.9993,61.6055],[132.9043,61.6287],[132.5469,61.6273],[132.4305,61.5313],[132.3494,61.5147],[132.2101,61.5133],[132.0818,61.4366],[131.9631,61.4452],[131.9144,61.4912],[131.9573,61.5433],[131.8715,61.587],[131.8513,61.6414],[131.7088,61.6614],[131.6295,61.6914],[131.6425,61.6379],[131.6808,61.5946],[131.6443,61.5229],[131.5745,61.4551],[131.4381,61.4034],[131.2647,61.3654],[131.0249,61.3621],[130.9384,61.3464],[130.9016,61.2882],[130.903,61.2199],[130.9389,61.1675],[130.8589,61.1096],[130.9737,61.0216],[130.9749,60.9775],[130.9249,60.9175],[130.9174,60.8416],[130.8932,60.7945],[130.8505,60.7579],[130.7599,60.7306],[130.592,60.7245],[130.3308,60.7639],[130.2613,60.7682],[130.1951,60.7369],[130.1394,60.729],[130.0193,60.7449],[129.9572,60.7226],[129.8551,60.7203],[129.8453,60.7878],[129.7923,60.8108],[129.6425,60.8448],[129.2117,60.9128],[129.0461,60.9297],[128.961,60.9286],[128.9482,60.8077],[128.947,60.6841],[128.9581,60.5177],[128.9828,60.3284],[129.026,60.1939],[129.0675,60.1157],[129.1928,59.9945],[129.2764,59.9487],[129.3628,59.9209],[129.5166,59.8071],[129.6752,59.7561],[129.8877,59.7457],[130.0101,59.7742],[130.0972,59.7436],[130.1651,59.7383],[130.2377,59.7488],[130.3442,59.7092],[130.3768,59.6605],[130.3621,59.6033],[130.3553,59.5093],[130.4158,59.4876],[130.5253,59.6216],[130.5766,59.7189],[130.6275,59.7863],[130.6316,59.8411],[130.6806,59.893],[130.9151,59.9487],[130.976,59.9708],[131.0421,60.0105],[131.1288,60.1081],[131.2263,60.0912],[131.4449,60.0785],[131.6076,60.0082],[131.646,60.0057],[131.6911,60.0316],[131.737,60.0381],[131.8123,60.0124],[131.8055,59.977],[131.7729,59.937],[131.7916,59.9234]]]},"properties":{"GID_0":"RUS","GID_1":"RUS.60_1","GID_2":"RUS.60.4_1","NAME_1":"Sakha","NAME_2":"Amginskiyrayon"}},
{"type":"Feature","geometry":{"type":"MultiPolygon","coordinates":[[[[113.2208,72.8271],[113.2245,72.8547],[113.3891,72.8839],[113.5286,72.9505],[113.5391,72.9828],[113.4958,73.0104],[113.5641,73.0526],[113.538,73.087],[113.6036,73.1172],[113.5297,73.1464],[113.5328,73.1995],[113.4146,73.2125],[113.5557,73.2547],[113.5807,73.3068],[113.5557,73.3411],[113.4521,73.35],[113.3646,73.3708],[113.312,73.4099],[113.1953,73.4443],[113.2703,73.4818],[113.2943,73.5391],[113.3557,73.5693],[113.4703,73.6016],[113.4432,73.6578],[113.2609,73.7734],[113.162,73.8745],[112.9964,73.9172],[112.8641,73.9891],[112.8271,73.9854],[112.8714,73.9109],[112.9057,73.8995],[112.9912,73.8141],[112.9849,73.7714],[112.8854,73.7333],[112.7208,73.7146],[112.4771,73.7063],[112.2479,73.7042],[111.825,73.7354],[111.6667,73.7542],[111.4297,73.813],[111.2767,73.8712],[111.0144,73.8161],[110.9353,73.783],[110.9151,73.6953],[111.0736,73.6855],[111.1528,73.6375],[111.1107,73.6],[110.9977,73.6212],[110.8977,73.6192],[110.814,73.5299],[110.6829,73.4408],[110.1962,73.4388],[110.1348,73.4076],[110.549,73.3481],[110.5693,73.2926],[110.3623,73.2285],[110.4673,73.1806],[110.6819,73.2047],[110.8645,73.1897],[110.9051,73.1652],[110.8408,73.1286],[110.9269,73.0851],[110.9162,73.0432],[110.7848,73.0353],[110.7123,72.9954],[110.881,72.9856],[110.848,72.9373],[110.7624,72.8896],[110.7583,72.8428],[110.719,72.808],[110.7803,72.651],[110.8705,72.6552],[110.9398,72.6405],[110.9145,72.5901],[111.1131,72.5757],[111.2161,72.5387],[111.2132,72.4796],[111.1123,72.4471],[111.0625,72.4073],[111.1462,72.3638],[111.3487,72.3667],[111.4296,72.3307],[111.5808,72.3322],[111.6896,72.2899],[111.692,72.2372],[111.6478,72.1917],[111.7584,72.1821],[111.8241,72.142],[112.0149,72.1213],[112.1535,72.1388],[112.3598,72.1535],[112.6942,72.127],[112.8893,72.1353],[113.0716,72.1593],[113.1736,72.1616],[113.2621,72.1506],[113.2936,72.1167],[113.2762,72.0219],[113.3346,71.8963],[113.3871,71.8443],[113.3381,71.8024],[113.3219,71.7631],[113.5155,71.6732],[113.5262,71.6258],[113.4349,71.595],[113.4699,71.5367],[113.5729,71.49],[113.6264,71.4351],[113.7088,71.4102],[113.8896,71.419],[113.9946,71.4588],[114.1693,71.4621],[114.3449,71.3931],[114.6776,71.3833],[114.7004,71.4182],[114.67,71.4748],[114.8575,71.5085],[114.9518,71.5817],[115.1746,71.611],[115.2942,71.6748],[115.314,71.7205],[115.4613,71.7645],[115.6594,71.8037],[115.789,71.8991],[115.8683,71.9395],[116.0584,71.9688],[116.2284,72.0147],[116.233,72.0893],[116.3169,72.1019],[116.4754,72.1097],[116.6891,72.0702],[116.8942,72.1149],[117.0042,72.1023],[117.1559,72.1111],[117.2116,72.1514],[117.5611,72.1667],[117.6203,72.2172],[117.6887,72.2335],[117.7906,72.2394],[117.9149,72.2146],[118.0327,72.1807],[118.0944,72.1248],[118.1525,72.0423],[118.336,72.0245],[118.6767,72.0702],[118.8999,72.0876],[119.1561,72.1144],[119.3991,72.1613],[119.5637,72.2318],[119.7681,72.2851],[120.063,72.3055],[120.2456,72.3058],[120.3103,72.2983],[120.3572,72.3306],[120.4651,72.4558],[120.2767,72.5506],[119.903,72.7516],[119.7847,72.7761],[119.5405,72.7789],[119.3336,72.8034],[118.9687,72.7699],[118.7833,72.7977],[118.632,72.8628],[118.3436,73.0011],[117.9782,73.0573],[117.7826,73.0385],[117.5731,73.0293],[117.3881,73.0719],[117.2425,73.0554],[117.088,73.0597],[117.1475,73.1127],[117.224,73.1375],[117.3868,73.1469],[117.5525,73.1714],[117.645,73.1978],[117.8569,73.2193],[118.0999,73.2758],[118.1072,73.3649],[118.2462,73.3729],[118.3038,73.3806],[118.3922,73.3924],[118.4401,73.4266],[118.5938,73.4604],[118.6771,73.4646],[118.7562,73.4271],[118.9021,73.4625],[118.8167,73.5062],[118.8021,73.5208],[118.8021,73.5229],[118.7542,73.5479],[118.6292,73.5625],[118.2188,73.5667],[118.1042,73.5792],[117.8812,73.5708],[117.5271,73.5729],[117.3328,73.5787],[117.2083,73.6062],[116.9896,73.6208],[116.8562,73.6458],[116.6,73.6708],[116.2875,73.6563],[116.1521,73.6687],[116.0333,73.6896],[115.6542,73.7083],[115.4688,73.7104],[115.25,73.6958],[115.0875,73.6625],[114.9146,73.5979],[114.7937,73.5979],[114.5813,73.5813],[114.4521,73.5833],[114.2625,73.5979],[114.0625,73.5792],[113.95,73.5458],[113.7042,73.5292],[113.5771,73.5125],[113.5458,73.4563],[113.6526,73.4172],[113.9063,73.3396],[113.9917,73.3667],[114.113,73.3443],[113.9458,73.3146],[113.7589,73.3203],[113.6974,73.2609],[113.5734,73.2286],[113.6682,73.1609],[113.6229,73.1438],[113.6563,73.1104],[113.5917,73.0604],[113.5516,73.0078],[113.5599,72.9453],[113.3667,72.8646],[113.2734,72.8578],[113.2208,72.8271]]],[[[118.8271,73.3562],[118.7813,73.3646],[118.6505,73.3328],[118.6667,73.3146],[118.787,73.3214],[118.8271,73.3562]]]]},"properties":{"GID_0":"RUS","GID_1":"RUS.60_1","GID_2":"RUS.60.5_1","NAME_1":"Sakha","NAME_2":"Anabarskiyrayon"}},
{"type":"Feature","geometry":{"type":"MultiPolygon","coordinates":[[[[128.5974,72.012],[128.5688,71.9708],[128.6318,71.9318],[128.7292,71.9063],[128.7766,71.9109],[128.775,71.9479],[128.5974,72.012]]],[[[128.6792,72.0292],[128.6729,71.9917],[128.8,71.9604],[128.9391,71.962],[128.7708,72.0125],[128.6792,72.0292]]],[[[128.5542,72.1125],[128.6792,72.0917],[128.7875,72.0604],[128.8146,72.0938],[128.6964,72.1109],[128.5542,72.1125]]],[[[128.6375,72.1667],[128.5213,72.1578],[128.5542,72.1208],[128.7141,72.1214],[128.6375,72.1667]]],[[[128.6828,72.187],[128.6875,72.1604],[128.825,72.1479],[128.8662,72.1286],[128.8651,72.0943],[128.9958,72.0563],[129.1833,72.0813],[129.3646,72.0792],[129.4958,72.1125],[129.5313,72.1333],[129.3979,72.1417],[129.3042,72.1208],[129.2146,72.1271],[129.0813,72.1563],[128.8813,72.1521],[128.7375,72.1667],[128.6828,72.187]]],[[[129.35,72.1917],[129.1854,72.1792],[129.2229,72.1583],[129.3542,72.1563],[129.35,72.1917]]],[[[128.8333,72.2021],[128.7583,72.2],[128.8896,72.1563],[128.9958,72.1667],[129.0292,72.1917],[128.8333,72.2021]]],[[[128.612,72.2286],[128.5813,72.1937],[128.7099,72.2016],[128.612,72.2286]]],[[[128.4271,72.2396],[128.3292,72.2146],[128.5354,72.2104],[128.4271,72.2396]]],[[[129.4036,72.2276],[129.0958,72.2125],[129.0813,72.1875],[129.1833,72.1833],[129.2771,72.2021],[129.45,72.1979],[129.5229,72.225],[129.4036,72.2276]]],[[[129.3646,72.2667],[129.2167,72.2583],[129.3099,72.2297],[129.3646,72.2667]]],[[[127.4688,72.4125],[127.363,72.3984],[127.4896,72.3667],[127.5599,72.3786],[127.4688,72.4125]]],[[[127.6422,72.4109],[127.5922,72.3901],[127.7078,72.3693],[127.6932,72.4036],[127.6422,72.4109]]],[[[127.0146,72.5396],[126.85,72.5208],[126.7068,72.4953],[126.6755,72.4609],[126.7208,72.4271],[126.9229,72.4313],[127.1016,72.4234],[127.2208,72.4375],[127.1245,72.4672],[127.2042,72.5021],[126.9516,72.5224],[127.0146,72.5396]]],[[[129.3583,72.5333],[129.3375,72.5],[129.4625,72.4958],[129.4474,72.5182],[129.3583,72.5333]]],[[[128.7401,72.5609],[128.6396,72.5646],[128.5146,72.55],[128.5938,72.5125],[128.7063,72.5062],[128.8438,72.5188],[128.8333,72.5437],[128.7401,72.5609]]],[[[128.1042,72.5875],[128.025,72.5646],[127.9042,72.5833],[127.8125,72.5292],[128.0521,72.5354],[128.1583,72.5708],[128.1042,72.5875]]],[[[127.9161,72.6318],[127.8083,72.6375],[127.7151,72.6036],[127.5667,72.5854],[127.4437,72.6],[127.3646,72.5833],[127.2146,72.5833],[127.1911,72.563],[127.0568,72.537],[127.1312,72.5104],[127.2375,72.5],[127.1422,72.4734],[127.2292,72.4417],[127.4146,72.4479],[127.5458,72.4208],[127.6625,72.4187],[127.7625,72.3917],[127.7318,72.3776],[127.9328,72.3495],[127.9484,72.3339],[128.1443,72.2651],[128.2542,72.2438],[128.4583,72.2562],[128.6911,72.2224],[128.7208,72.2042],[128.8693,72.2193],[128.9292,72.1979],[129.0229,72.2021],[129.1328,72.2297],[129.1687,72.2604],[129.3188,72.2771],[129.3938,72.2958],[129.5229,72.3042],[129.5125,72.3542],[129.4312,72.3812],[129.3417,72.3896],[129.2813,72.3729],[129.2729,72.3458],[129.1708,72.3333],[129.2078,72.2891],[129.1089,72.2776],[129,72.3375],[128.9042,72.3333],[128.8516,72.3599],[128.6995,72.3734],[128.5,72.3812],[128.7167,72.4021],[128.8396,72.3688],[128.8958,72.3438],[129.0104,72.35],[129.1354,72.3688],[129.2651,72.4161],[129.3562,72.4313],[129.2188,72.4667],[129.0938,72.4688],[128.9146,72.4521],[128.6979,72.4521],[128.6214,72.4714],[128.5896,72.4979],[128.3354,72.5229],[128.2312,72.55],[128.1396,72.5521],[128.0708,72.5271],[128,72.5333],[127.9208,72.5208],[127.7521,72.5333],[127.9125,72.5875],[128.0203,72.5839],[128.0495,72.6026],[127.925,72.6167],[127.9161,72.6318]]],[[[129.4083,72.6333],[129.2875,72.6292],[129.3396,72.6],[129.4474,72.6109],[129.4083,72.6333]]],[[[127.187,72.6078],[127.0193,72.5703],[127.0771,72.5625],[127.1641,72.5839],[127.187,72.6078]]],[[[128.5786,72.6203],[128.5,72.6],[128.4146,72.6042],[128.3109,72.5651],[128.3807,72.5505],[128.4458,72.5708],[128.5771,72.5583],[128.6229,72.5729],[128.7833,72.575],[128.7604,72.5938],[128.6333,72.5958],[128.5786,72.6203]]],[[[128.5146,72.6479],[128.4125,72.6458],[128.2542,72.6271],[128.2167,72.6083],[128.3146,72.5771],[128.4021,72.6083],[128.4958,72.6083],[128.5146,72.6479]]],[[[128.7307,72.6745],[128.5646,72.6625],[128.538,72.6484],[128.6729,72.6021],[128.7479,72.6104],[128.8292,72.5833],[128.9312,72.575],[129.0667,72.5833],[129.0271,72.6125],[128.9229,72.6396],[128.7875,72.6521],[128.7307,72.6745]]],[[[128.9172,72.6943],[128.7354,72.6937],[128.9,72.6542],[129,72.6563],[129.1479,72.6333],[129.2646,72.6333],[129.2917,72.6542],[129.1438,72.6542],[129,72.6729],[128.9172,72.6943]]],[[[128.1891,72.712],[128.0313,72.6917],[127.9583,72.6917],[127.8917,72.6521],[128.2063,72.6479],[128.3104,72.6417],[128.4063,72.6563],[128.5042,72.6896],[128.4063,72.7146],[128.225,72.7021],[128.1891,72.712]]],[[[129.3188,72.8875],[129.1104,72.8792],[129.0625,72.8604],[129.1354,72.8417],[129.4891,72.8339],[129.4,72.8729],[129.3188,72.8875]]],[[[128.4021,72.7729],[128.1563,72.7562],[128.05,72.7396],[127.9563,72.7583],[127.8792,72.7521],[127.8146,72.6937],[127.7229,72.675],[127.4104,72.6771],[127.3187,72.6375],[127.5667,72.6354],[127.7042,72.6563],[127.8229,72.6542],[127.9313,72.6937],[128.0792,72.7042],[128.1396,72.7208],[128.3042,72.7333],[128.4021,72.7729]]],[[[128.5417,72.7771],[128.4396,72.7771],[128.3,72.7208],[128.4083,72.7271],[128.5313,72.6979],[128.8167,72.7021],[128.9833,72.6937],[129.0083,72.6771],[129.2479,72.6583],[129.2813,72.6896],[129.1146,72.7021],[129.0021,72.7208],[128.8693,72.7234],[128.7604,72.7521],[128.5417,72.7771]]],[[[129.2734,72.8005],[129.0938,72.7833],[129.1812,72.7604],[129.3229,72.7833],[129.2734,72.8005]]],[[[128.4984,72.8859],[128.4229,72.8917],[128.2979,72.8667],[128.3401,72.7953],[128.4563,72.7979],[128.6438,72.775],[128.8021,72.7771],[128.8979,72.7917],[129.1479,72.7937],[129.2167,72.8313],[129.1083,72.8396],[129.0729,72.8542],[128.8438,72.8771],[128.5729,72.8771],[128.4984,72.8859]]],[[[124.6792,73.8958],[124.4708,73.9042],[124.4557,73.8859],[124.3458,73.8875],[124.2547,73.8682],[124.3828,73.8453],[124.4234,73.8255],[124.5375,73.8187],[124.5938,73.8438],[124.6682,73.8464],[124.7057,73.8714],[124.6792,73.8958]]],[[[118.2462,73.3729],[118.1072,73.3649],[118.0999,73.2758],[117.8569,73.2193],[117.645,73.1978],[117.5525,73.1714],[117.3868,73.1469],[117.224,73.1375],[117.1475,73.1127],[117.088,73.0597],[117.2425,73.0554],[117.3881,73.0719],[117.5731,73.0293],[117.7826,73.0385],[117.9782,73.0573],[118.3436,73.0011],[118.632,72.8628],[118.7833,72.7977],[118.9687,72.7699],[119.3336,72.8034],[119.5405,72.7789],[119.7847,72.7761],[119.903,72.7516],[120.2767,72.5506],[120.4651,72.4558],[120.3572,72.3306],[120.3103,72.2983],[120.3523,72.2789],[120.3346,72.2466],[120.4382,72.2269],[120.59,72.2382],[120.8029,72.189],[120.921,72.0513],[120.8689,71.9705],[120.8024,71.9211],[120.8589,71.8739],[121.0324,71.8486],[121.1557,71.8176],[121.2216,71.7808],[121.3861,71.7677],[121.5362,71.7287],[121.6537,71.6699],[121.624,71.6257],[121.6492,71.5747],[121.821,71.5437],[121.9721,71.4965],[121.9635,71.4356],[122.017,71.4075],[122.2138,71.383],[122.3122,71.3489],[122.3576,71.2936],[122.3565,71.2579],[122.3,71.2352],[122.2131,71.2246],[122.1546,71.1963],[122.1235,71.0319],[122.1645,70.956],[122.1141,70.9202],[121.938,70.9234],[121.7598,70.8786],[121.6409,70.8109],[121.6177,70.7703],[121.6498,70.7418],[121.7298,70.7388],[121.7258,70.697],[121.616,70.6697],[121.5898,70.5901],[121.5434,70.5359],[121.3557,70.4885],[121.1183,70.4559],[120.9093,70.443],[120.4303,70.4573],[120.4296,70.4078],[120.3857,70.3439],[120.2647,70.2814],[119.9738,70.1814],[119.9402,70.0862],[120.0558,70.0364],[120.1674,70.001],[120.2225,69.8767],[120.1761,69.7556],[120.2265,69.7038],[120.1196,69.6186],[120.1082,69.5649],[120.0474,69.4787],[119.9704,69.4225],[119.8372,69.3034],[119.7595,69.2776],[119.7798,69.2217],[119.8861,69.1906],[120.023,69.175],[120.1705,69.1827],[120.4914,69.2538],[120.6288,69.2945],[120.9684,69.3137],[121.0234,69.3474],[121.1299,69.3791],[121.2451,69.3908],[121.3288,69.3622],[121.403,69.3052],[121.5534,69.2355],[121.7541,69.1673],[121.8914,69.0967],[122.0608,69.0565],[122.226,69.0423],[122.4033,69.0408],[122.7851,69.0196],[123.2651,68.9457],[123.3794,68.8599],[123.4897,68.8456],[123.6338,68.8115],[123.6875,68.7727],[123.7767,68.7745],[123.9115,68.7441],[124.0114,68.6913],[124.1314,68.7128],[124.3609,68.8423],[124.4468,68.8443],[124.6236,68.8647],[124.7324,68.909],[124.7422,68.9871],[124.7734,69.0691],[124.8771,69.0675],[124.9454,69.0553],[125.1068,68.9912],[125.2006,68.9239],[125.3243,68.8687],[125.525,68.8014],[125.7378,68.7603],[126.2523,68.7381],[126.563,68.7215],[126.7488,68.7182],[127.3158,68.7242],[127.9865,68.7167],[128.1926,68.7375],[128.4028,68.7814],[128.5898,68.7901],[128.7636,68.7769],[128.8997,68.7346],[129.0792,68.6995],[129.357,68.7019],[129.4669,68.7219],[129.6217,68.7652],[129.9213,68.8831],[130.1105,68.9375],[130.2048,68.9476],[130.4284,69.0091],[130.5661,69.0359],[130.6558,69.0437],[130.7754,69.0382],[130.858,69.0512],[131.0702,69.1164],[131.2809,69.1018],[131.438,69.1066],[131.5961,69.1253],[131.6596,69.1019],[131.7113,69.0561],[131.8983,69.0196],[132.0515,69.0245],[132.1621,69.0677],[132.3577,69.1239],[132.5145,69.1382],[132.6914,69.1221],[132.7698,69.1536],[132.6769,69.2291],[132.7184,69.29],[132.7822,69.3428],[132.8087,69.4095],[132.7992,69.4461],[132.9483,69.4946],[132.9417,69.5368],[133.0318,69.5633],[133.1702,69.5615],[133.2649,69.5923],[133.3003,69.6577],[133.4703,69.6509],[133.6291,69.6945],[133.6572,69.7387],[133.5328,69.7453],[133.3337,69.745],[133.1903,69.7672],[133.1773,69.8034],[133.2237,69.835],[133.1844,69.8771],[133.1398,69.8831],[133.0247,69.864],[132.9299,69.8739],[132.8672,69.8995],[132.8881,69.9614],[133.038,70.0257],[133.0977,70.0642],[133.1591,70.1333],[133.191,70.219],[133.0765,70.3012],[132.8421,70.3407],[132.5343,70.3352],[132.3175,70.3514],[132.0329,70.436],[131.9898,70.476],[132.1077,70.555],[132.0879,70.678],[132.0211,70.7486],[132.1761,70.8258],[132.2117,70.8803],[132.1119,70.9299],[131.9786,70.9779],[131.7986,71.0355],[131.7896,71.0354],[131.788,71.0349],[131.7891,71.0234],[131.7797,71.0182],[131.7396,70.9542],[131.6255,70.8849],[131.6182,70.8588],[131.5297,70.8224],[131.5167,70.8],[131.3146,70.725],[131.0646,70.7063],[130.9651,70.7422],[130.9417,70.7854],[130.9349,70.8391],[130.8266,70.8755],[130.7625,70.8521],[130.6417,70.8458],[130.5714,70.8609],[130.5599,70.9057],[130.4,70.8958],[130.2813,70.9313],[130.1703,71.0578],[130.1208,71.0729],[130.062,71.0463],[129.9026,71.0599],[129.8338,71.0787],[129.8161,71.1286],[129.763,71.1672],[129.7661,71.2057],[129.6854,71.2438],[129.5833,71.2646],[129.4958,71.2604],[129.463,71.2797],[129.4432,71.3391],[129.4068,71.3734],[129.412,71.4036],[129.3724,71.4599],[129.288,71.4755],[129.3224,71.5245],[129.2474,71.5953],[129.0396,71.5958],[128.9333,71.5792],[128.9328,71.6109],[128.8833,71.6417],[128.8963,71.6828],[128.9812,71.7042],[129.1229,71.7021],[129.2453,71.7193],[129.2521,71.7333],[129.4193,71.7349],[129.5292,71.7208],[129.4661,71.7682],[129.3479,71.8125],[129.3682,71.8453],[129.2932,71.8995],[129.1714,71.9526],[129.1333,71.9875],[129.1609,71.9005],[129.2057,71.8828],[129.2724,71.8234],[129.2297,71.7859],[129.1021,71.7458],[128.9438,71.725],[128.7401,71.763],[128.7349,71.8016],[128.6787,71.8724],[128.5896,71.8917],[128.5255,71.9359],[128.5068,71.9724],[128.5141,72.037],[128.3359,72.0776],[128.3125,72.125],[128.1333,72.1521],[128.0974,72.1911],[128.0167,72.1979],[127.925,72.2396],[127.7958,72.325],[127.6396,72.3604],[127.4854,72.3583],[127.3729,72.3833],[127.2167,72.4063],[126.8438,72.4083],[126.725,72.3922],[126.6474,72.4078],[126.5974,72.4422],[126.5943,72.487],[126.6286,72.5068],[126.7479,72.5292],[126.8688,72.5396],[126.9313,72.5458],[127.0901,72.6099],[127.2438,72.6146],[127.3818,72.7078],[127.4208,72.7021],[127.5729,72.7021],[127.5917,72.6917],[127.7542,72.6979],[127.7859,72.7328],[127.8708,72.7646],[127.9838,72.7682],[128.1062,72.75],[128.2146,72.7917],[128.3037,72.8047],[128.2713,72.8401],[128.2937,72.8729],[128.3854,72.9083],[128.0854,72.8917],[127.9896,72.9],[127.9063,72.8833],[127.7458,72.9],[127.6604,72.9063],[127.8042,72.9458],[127.9313,72.9333],[127.9083,72.9292],[128.0063,72.9229],[128.0938,72.9396],[128.2437,72.9354],[128.3708,72.9708],[128.5479,72.9896],[128.7167,73.0188],[128.8286,73.0495],[128.8479,73.0833],[128.9396,73.0875],[128.9021,73.1271],[128.8328,73.1412],[128.8333,73.1646],[128.9349,73.1964],[128.8521,73.2188],[128.825,73.2354],[128.7625,73.2458],[128.6083,73.2479],[128.4604,73.2396],[128.3375,73.2667],[128.2625,73.2271],[128.1938,73.2417],[128.3104,73.2729],[128.4729,73.2958],[128.4104,73.3104],[128.4312,73.3417],[128.3813,73.3625],[128.2589,73.3724],[128.1542,73.3438],[128.0047,73.3453],[128.1229,73.3938],[128.225,73.4083],[128.0396,73.4083],[127.8875,73.4167],[127.8167,73.3938],[127.8479,73.4146],[127.9542,73.4229],[128.0313,73.4146],[128.1125,73.4313],[128.0437,73.4583],[127.9167,73.4708],[127.6896,73.4667],[127.5479,73.4875],[127.4526,73.4703],[127.2958,73.5188],[127.0479,73.5229],[126.9292,73.3812],[126.8234,73.4047],[126.8318,73.4401],[126.7583,73.4375],[126.7104,73.4],[126.7333,73.3708],[126.5333,73.3625],[126.4891,73.3901],[126.3708,73.3896],[126.2672,73.4005],[126.2479,73.4208],[126.4495,73.4411],[126.4187,73.5021],[126.3401,73.5255],[126.3391,73.5453],[126.1943,73.5307],[126.1807,73.4964],[126.1016,73.487],[125.9672,73.5109],[125.9104,73.4833],[125.8974,73.4297],[125.7651,73.4401],[125.6974,73.4224],[125.6563,73.3896],[125.5672,73.3807],[125.5938,73.4229],[125.6807,73.4745],[125.6083,73.5104],[125.6271,73.5354],[125.3271,73.5271],[125.2443,73.5453],[125.1839,73.587],[125.2333,73.6333],[125.0203,73.6286],[124.913,73.6568],[124.9422,73.6818],[124.8875,73.725],[124.8042,73.6958],[124.7417,73.7063],[124.6229,73.7438],[124.5266,73.7578],[124.4026,73.7609],[124.3245,73.7484],[124.1464,73.7016],[124.1568,73.6797],[124.0437,73.6438],[124.0141,73.5964],[123.8328,73.613],[123.7745,73.5818],[123.6401,73.6297],[123.6318,73.6609],[123.7125,73.6687],[123.7042,73.6958],[123.6062,73.6958],[123.562,73.6505],[123.4297,73.6516],[123.3828,73.5463],[123.3068,73.537],[123.3464,73.4516],[123.3063,73.4042],[123.3938,73.3604],[123.3588,73.3401],[123.4542,73.2937],[123.425,73.2729],[123.5682,73.2724],[123.5516,73.2328],[123.5745,73.2026],[123.6583,73.1854],[123.5672,73.1391],[123.6354,73.1125],[123.5083,73.0958],[123.4417,73.0854],[123.3922,73.0516],[123.3755,73.013],[123.4266,72.987],[123.3604,72.9646],[123.3453,72.938],[123.2521,72.8979],[123.1745,72.8953],[123.1083,72.9333],[122.9521,72.9458],[122.9479,72.9812],[122.762,73.0141],[122.7146,73.0437],[122.5958,73.0271],[122.5453,73.0005],[122.7042,72.9521],[122.7792,72.95],[122.8542,72.9354],[122.8792,72.9021],[122.9083,72.8167],[123.0604,72.8],[123.2338,72.7922],[123.3458,72.7688],[123.2896,72.7417],[123.1833,72.7646],[122.9458,72.7792],[122.7792,72.8021],[122.6687,72.8417],[122.2333,72.8792],[122.0729,72.9],[121.8828,72.9391],[121.7521,72.95],[121.7307,72.9661],[121.4417,72.9625],[121.3208,72.9417],[121.15,72.925],[121.0396,72.925],[120.8146,72.9479],[120.6833,72.9729],[120.4458,72.975],[120.3417,72.9917],[120.1333,72.9896],[119.9583,73.0125],[119.8479,73.0146],[119.8047,72.9922],[119.8755,72.9672],[120.0396,72.9313],[120.0104,72.9063],[119.8167,72.9563],[119.7729,72.9792],[119.6047,73.0193],[119.5964,73.0526],[119.4479,73.0521],[119.35,73.0667],[119.1042,73.0854],[118.9688,73.1188],[118.6833,73.15],[118.6,73.1708],[118.5167,73.175],[118.4099,73.2276],[118.3859,73.2797],[118.4464,73.3411],[118.2875,73.3583],[118.2462,73.3729]]],[[[129.0417,72.925],[128.8875,72.9208],[128.7672,72.9016],[128.9,72.8771],[129.0854,72.8771],[129.2583,72.8938],[129.1687,72.9229],[129.0417,72.925]]],[[[127.7458,72.9],[127.8917,72.8896],[127.9417,72.9146],[127.8646,72.9313],[127.7125,72.9187],[127.7458,72.9]]],[[[122.6604,72.9125],[122.5667,72.8917],[122.7141,72.8516],[122.7958,72.8562],[122.7729,72.8938],[122.6604,72.9125]]],[[[122.8792,72.9021],[122.8276,72.9318],[122.7625,72.9458],[122.6651,72.9339],[122.8167,72.9021],[122.8792,72.9021]]],[[[129.3583,72.9854],[129.2589,72.9724],[129.2833,72.9354],[129.4526,72.937],[129.4771,72.9646],[129.3391,72.963],[129.3583,72.9854]]],[[[122.5958,72.9708],[122.4979,72.95],[122.6083,72.9313],[122.6453,72.9578],[122.5958,72.9708]]],[[[119.4,73.1188],[119.2651,73.1068],[119.3662,73.0859],[119.4,73.1188]]],[[[129.3974,73.0453],[129.3047,73.0182],[129.3828,73.0047],[129.3974,73.0453]]],[[[129.1354,73.125],[129.0708,73.1271],[128.9047,73.0703],[128.8646,73.0354],[128.7688,73.0271],[128.5667,72.9792],[128.3979,72.9708],[128.2937,72.9354],[128.3521,72.9208],[128.4646,72.925],[128.5625,72.9104],[128.7771,72.9083],[128.7688,72.9229],[128.9312,72.9688],[129.0292,72.9729],[129.1359,73.0099],[129.2354,72.9854],[129.2849,73.0089],[129.2964,73.0411],[129.3495,73.0609],[129.1354,73.125]]],[[[119.5818,73.1026],[119.4542,73.0979],[119.4479,73.0729],[119.5646,73.0687],[119.7099,73.0411],[119.7042,73.0708],[119.5818,73.1026]]],[[[122.3771,73.0687],[122.3151,73.0724],[122.3078,73.0255],[122.4104,73.0104],[122.4453,73.0432],[122.3771,73.0687]]],[[[119.9391,73.1547],[119.7833,73.1604],[119.7026,73.1307],[119.6917,73.0958],[119.7937,73.0813],[119.8037,73.0568],[119.7479,73.0354],[119.7833,73.0146],[119.9729,73.0271],[120.2708,73.0042],[120.2818,73.0484],[120.4083,73.0583],[120.4036,73.0766],[120.2312,73.1375],[120.0813,73.1542],[119.9391,73.1547]]],[[[118.4,73.375],[118.3922,73.3924],[118.3038,73.3806],[118.3271,73.3729],[118.4,73.375]]],[[[127.7245,73.5224],[127.6068,73.5057],[127.6604,73.4729],[127.9417,73.4833],[127.8771,73.5062],[127.7245,73.5224]]],[[[125.7901,73.5891],[125.6693,73.5641],[125.7901,73.5484],[125.7901,73.5891]]],[[[126.6958,73.4521],[126.6484,73.4578],[126.5193,73.4099],[126.5729,73.3792],[126.6646,73.3938],[126.6958,73.4521]]],[[[124.0349,73.8047],[123.9255,73.7891],[123.8917,73.7396],[123.9724,73.7432],[123.9797,73.6599],[124.0839,73.6901],[124.0068,73.7328],[124.1026,73.7766],[124.0349,73.8047]]]]},"properties":{"GID_0":"RUS","GID_1":"RUS.60_1","GID_2":"RUS.60.6_1","NAME_1":"Sakha","NAME_2":"Bulunskiyrayon"}},
{"type":"Feature","geometry":{"type":"Polygon","coordinates":[[[133.1009,61.2171],[133.2772,61.2387],[133.392,61.2596],[133.4855,61.2399],[133.5523,61.2525],[133.6412,61.2829],[133.7508,61.3101],[134.0181,61.342],[134.1472,61.3415],[134.3971,61.3519],[134.5274,61.388],[134.5335,61.4688],[134.4592,61.5168],[134.3896,61.5728],[134.3952,61.6835],[134.3507,61.7124],[134.2612,61.7384],[134.2111,61.7913],[134.0475,61.8236],[133.9571,61.83],[133.8832,61.8241],[133.7859,61.8558],[133.5385,61.8513],[133.4011,61.9244],[133.3619,61.8545],[133.299,61.8323],[133.1934,61.8259],[133.1487,61.8492],[133.1054,61.9088],[132.984,61.9234],[132.9603,62.025],[132.9271,62.1136],[132.864,62.183],[132.7296,62.2003],[132.6918,62.2186],[132.7256,62.2644],[132.661,62.3268],[132.7269,62.371],[132.7566,62.4178],[132.6783,62.458],[132.573,62.4721],[132.4315,62.4824],[132.2406,62.4364],[132.1796,62.4063],[132.0558,62.3262],[131.9152,62.2977],[131.7745,62.3035],[131.6504,62.3286],[131.4921,62.3263],[131.371,62.288],[131.4181,62.2639],[131.4611,62.1823],[131.5548,62.1392],[131.4958,62.0825],[131.5884,62.0476],[131.6028,62.0261],[131.5882,61.9751],[131.5336,61.9174],[131.5413,61.8945],[131.6611,61.85],[131.6607,61.7393],[131.6295,61.6914],[131.7088,61.6614],[131.8513,61.6414],[131.8715,61.587],[131.9573,61.5433],[131.9144,61.4912],[131.9631,61.4452],[132.0818,61.4366],[132.2101,61.5133],[132.3494,61.5147],[132.4305,61.5313],[132.5469,61.6273],[132.9043,61.6287],[132.9993,61.6055],[133.0808,61.5594],[133.1244,61.4998],[133.1245,61.4408],[133.0708,61.3942],[132.9964,61.359],[132.9417,61.2839],[132.9544,61.2386],[133.0349,61.2205],[133.1009,61.2171]]]},"properties":{"GID_0":"RUS","GID_1":"RUS.60_1","GID_2":"RUS.60.7_1","NAME_1":"Sakha","NAME_2":"Churapchinskiyrayon"}},
{"type":"Feature","geometry":{"type":"Polygon","coordinates":[[[126.6563,68.7198],[126.9248,68.571],[127.0132,68.5617],[127.062,68.5293],[127.0285,68.4912],[126.9528,68.4666],[126.9285,68.4411],[126.9239,68.3913],[126.804,68.3891],[126.6826,68.3595],[126.5986,68.3092],[126.4714,68.1711],[126.4935,68.1221],[126.6384,68.0984],[126.7529,68.0685],[126.766,68.0196],[126.7204,67.9788],[126.6305,67.9359],[126.5253,67.9021],[126.5141,67.8331],[126.5753,67.7878],[126.5513,67.6724],[126.7638,67.6547],[127.0089,67.6276],[127.1134,67.596],[127.1437,67.5202],[127.1474,67.4278],[127.0795,67.3176],[127.0353,67.2301],[127.0953,67.1492],[127.0778,67.0869],[127.013,66.916],[127.025,66.8261],[127.0556,66.7628],[127.2449,66.6491],[127.4731,66.663],[127.7826,66.6101],[127.8557,66.5736],[127.8743,66.5148],[127.9272,66.4838],[128.0512,66.5118],[128.1965,66.5819],[128.3545,66.595],[128.4959,66.5949],[128.7813,66.5171],[128.9848,66.5094],[129.318,66.5178],[129.4786,66.5063],[129.5547,66.4842],[129.6588,66.491],[129.7918,66.5095],[129.9735,66.4573],[130.1096,66.369],[130.1294,66.2724],[130.3006,66.1477],[130.4896,66.0615],[130.6978,66.0085],[130.826,65.9842],[130.8824,65.9578],[130.8917,65.9113],[130.9486,65.8715],[131.1166,65.8347],[131.112,65.791],[131.1561,65.7679],[131.3307,65.7517],[131.4855,65.7476],[131.6063,65.7156],[131.6417,65.6956],[131.7566,65.7587],[132.5108,66.2709],[133.4784,67.4876],[133.5993,69.2805],[133.214,69.5758],[133.1702,69.5615],[133.0318,69.5633],[132.9417,69.5368],[132.9483,69.4946],[132.7992,69.4461],[132.8087,69.4095],[132.7822,69.3428],[132.7184,69.29],[132.6769,69.2291],[132.7698,69.1536],[132.6914,69.1221],[132.5145,69.1382],[132.3577,69.1239],[132.1621,69.0677],[132.0515,69.0245],[131.8983,69.0196],[131.7113,69.0561],[131.6596,69.1019],[131.5961,69.1253],[131.438,69.1066],[131.2809,69.1018],[131.0702,69.1164],[130.858,69.0512],[130.7754,69.0382],[130.6558,69.0437],[130.5661,69.0359],[130.4284,69.0091],[130.2048,68.9476],[130.1105,68.9375],[129.9213,68.8831],[129.6217,68.7652],[129.4669,68.7219],[129.357,68.7019],[129.0792,68.6995],[128.8997,68.7346],[128.7636,68.7769],[128.5898,68.7901],[128.4028,68.7814],[128.1926,68.7375],[127.9865,68.7167],[127.3158,68.7242],[126.7488,68.7182],[126.6563,68.7198]]]},"properties":{"GID_0":"RUS","GID_1":"RUS.60_1","GID_2":"RUS.60.8_1","NAME_1":"Sakha","NAME_2":"Eveno-Bytantayskiyrayon"}},
{"type":"Feature","geometry":{"type":"Polygon","coordinates":[[[128.7683,62.0107],[128.7408,62.0381],[128.7495,62.0766],[128.795,62.1106],[128.8267,62.1542],[128.8184,62.1953],[128.6791,62.277],[128.6517,62.3208],[128.6458,62.3692],[128.4451,62.3537],[128.3439,62.3367],[128.174,62.3785],[128.136,62.4045],[127.9522,62.4437],[127.9209,62.4919],[128.0318,62.5512],[128.1321,62.5578],[128.2475,62.5566],[128.3126,62.5633],[128.4068,62.6318],[128.5765,62.6637],[128.6155,62.6922],[128.6306,62.7373],[128.4932,62.7851],[128.3964,62.8248],[128.1903,62.8917],[128.0165,62.9646],[127.9263,63.0358],[127.8999,63.0898],[127.8851,63.2276],[127.8113,63.3611],[127.6411,63.4012],[127.5124,63.4148],[127.381,63.416],[127.3282,63.3956],[127.3012,63.3528],[127.1704,63.2827],[126.9594,63.2498],[126.7003,63.2305],[126.3339,63.1761],[126.1367,63.1623],[125.9881,63.159],[125.7726,63.1434],[125.7396,63.0836],[125.6815,63.0514],[125.6218,63.0003],[125.6304,62.9514],[125.7207,62.8621],[125.6773,62.8187],[125.6106,62.7738],[125.4942,62.7704],[125.3142,62.8186],[125.2304,62.8295],[125.1494,62.8254],[125.0483,62.8085],[124.8599,62.7424],[124.7043,62.6686],[124.6131,62.6594],[124.4733,62.6661],[124.3939,62.6797],[124.3471,62.6991],[124.2107,62.6544],[124.1388,62.655],[124.1046,62.6904],[124.0356,62.7106],[123.9329,62.7268],[123.7988,62.731],[123.6691,62.7095],[123.5637,62.6812],[123.4925,62.65],[123.4028,62.699],[123.3226,62.7082],[123.2038,62.7065],[123.0005,62.6508],[122.8647,62.5605],[122.7802,62.5522],[122.7597,62.5839],[122.6947,62.6075],[122.6008,62.6034],[122.5083,62.581],[122.4188,62.5306],[122.3511,62.4777],[122.2947,62.4174],[122.2446,62.3883],[122.2438,62.344],[122.2671,62.2988],[122.3274,62.2524],[122.4037,62.2158],[122.4897,62.205],[122.5893,62.2072],[122.7269,62.1615],[122.8028,62.1152],[122.8397,62.0552],[122.9358,61.9789],[122.9344,61.9384],[122.8436,61.9162],[122.7451,61.9056],[122.7773,61.8738],[122.8313,61.8518],[122.8424,61.8159],[122.8236,61.7194],[122.9004,61.721],[123.0728,61.7003],[123.1939,61.7077],[123.3024,61.7505],[123.3709,61.7504],[123.4703,61.787],[123.5568,61.7858],[123.632,61.7655],[123.6036,61.698],[123.6361,61.6753],[123.7453,61.6444],[123.8364,61.626],[123.859,61.5345],[123.8393,61.4512],[123.904,61.4171],[124.0353,61.3982],[124.0257,61.3732],[124.0932,61.3567],[124.2083,61.3538],[124.2282,61.3188],[124.2858,61.2762],[124.3978,61.2383],[124.4788,61.2211],[124.5075,61.1844],[124.55,61.218],[124.7194,61.2145],[124.7395,61.1898],[124.8367,61.1829],[124.8835,61.2012],[124.938,61.2565],[125.0122,61.2488],[125.1296,61.2112],[125.218,61.2133],[125.322,61.2326],[125.3508,61.2551],[125.2822,61.2878],[125.3152,61.3134],[125.404,61.3105],[125.456,61.3623],[125.4979,61.3806],[125.6287,61.3698],[125.6628,61.3894],[125.7052,61.4574],[125.7906,61.4656],[125.8549,61.5526],[125.9057,61.5739],[125.9838,61.5766],[126.0692,61.5587],[126.0839,61.5068],[126.1669,61.4989],[126.3773,61.5225],[126.4454,61.5018],[126.5495,61.5012],[126.697,61.5094],[126.8057,61.5213],[126.9211,61.5066],[127.014,61.5116],[127.0726,61.5301],[127.1029,61.5552],[127.0367,61.6185],[127.0926,61.6677],[127.2757,61.719],[127.3986,61.6977],[127.4989,61.7293],[127.6091,61.7872],[127.6902,61.7925],[127.7288,61.8247],[127.7013,61.8536],[127.624,61.8767],[127.6263,61.9162],[127.6693,61.9681],[127.749,62.0107],[127.819,62.028],[128.0242,61.99],[128.3007,61.9703],[128.4782,61.983],[128.7683,62.0107]]]},"properties":{"GID_0":"RUS","GID_1":"RUS.60_1","GID_2":"RUS.60.9_1","NAME_1":"Sakha","NAME_2":"Gornyyrayon"}},
{"type":"Feature","geometry":{"type":"Polygon","coordinates":[[[128.961,60.9286],[129.0461,60.9297],[129.2117,60.9128],[129.6425,60.8448],[129.7923,60.8108],[129.8453,60.7878],[129.8551,60.7203],[129.9572,60.7226],[130.0193,60.7449],[130.1394,60.729],[130.1951,60.7369],[130.2613,60.7682],[130.3447,60.8351],[130.3582,60.8597],[130.3491,60.98],[130.3242,61.0701],[130.3609,61.1222],[130.3411,61.2749],[130.2612,61.346],[130.1279,61.3943],[130.0237,61.4229],[129.9465,61.4225],[129.8662,61.4822],[129.6993,61.5057],[129.6348,61.5537],[129.5856,61.6062],[129.5921,61.6543],[129.6712,61.7321],[129.6545,61.7567],[129.5602,61.7923],[129.4897,61.8305],[129.3542,61.8679],[129.1492,61.897],[129.0385,61.9057],[128.87,61.887],[128.8122,61.91],[128.9313,61.9915],[128.9327,62.0257],[128.898,62.033],[128.7683,62.0107],[128.4782,61.983],[128.3007,61.9703],[128.0242,61.99],[127.819,62.028],[127.749,62.0107],[127.6693,61.9681],[127.6263,61.9162],[127.624,61.8767],[127.7013,61.8536],[127.7288,61.8247],[127.6902,61.7925],[127.6091,61.7872],[127.4989,61.7293],[127.3986,61.6977],[127.2757,61.719],[127.0926,61.6677],[127.0367,61.6185],[127.1029,61.5552],[127.0726,61.5301],[127.014,61.5116],[126.9211,61.5066],[126.8057,61.5213],[126.697,61.5094],[126.5495,61.5012],[126.4454,61.5018],[126.3773,61.5225],[126.1669,61.4989],[126.0839,61.5068],[126.0692,61.5587],[125.9838,61.5766],[125.9057,61.5739],[125.8549,61.5526],[125.7906,61.4656],[125.7052,61.4574],[125.6628,61.3894],[125.6287,61.3698],[125.4979,61.3806],[125.456,61.3623],[125.404,61.3105],[125.3152,61.3134],[125.2822,61.2878],[125.3508,61.2551],[125.322,61.2326],[125.218,61.2133],[125.1296,61.2112],[125.0122,61.2488],[124.938,61.2565],[124.8835,61.2012],[124.8367,61.1829],[124.7395,61.1898],[124.7194,61.2145],[124.55,61.218],[124.5075,61.1844],[124.5317,61.1524],[124.5919,61.1015],[124.7224,61.0379],[124.7153,60.9817],[124.7768,60.9486],[124.9526,60.9292],[125.0037,60.9036],[125.0328,60.8705],[125.0115,60.8283],[124.9467,60.7491],[125.0699,60.694],[125.2405,60.6615],[125.3558,60.5623],[125.4439,60.5419],[125.5652,60.5672],[125.6399,60.5915],[125.6431,60.6409],[125.6333,60.7465],[125.6921,60.7922],[125.7583,60.8152],[125.9142,60.8318],[126.0469,60.8959],[126.1231,60.9429],[126.185,60.958],[126.2297,60.9456],[126.2465,60.9163],[126.3481,60.9121],[126.4122,60.9498],[126.5036,60.9706],[126.7549,60.9986],[126.9886,61.0355],[127.0738,61.0359],[127.0977,61.0127],[127.1697,61.0128],[127.5834,61.0445],[127.8027,61.0432],[127.9199,61.0228],[128.0002,60.9963],[128.0929,60.9817],[128.2091,61.0022],[128.3625,60.9785],[128.5914,60.9501],[128.7818,60.9442],[128.961,60.9286]]]},"properties":{"GID_0":"RUS","GID_1":"RUS.60_1","GID_2":"RUS.60.10_1","NAME_1":"Sakha","NAME_2":"Khangalasskiy(Ordzhonikidzkiy)"}},
{"type":"Feature","geometry":{"type":"Polygon","coordinates":[[[127.2449,66.6491],[127.3218,66.5926],[127.26,66.5111],[127.1812,66.4631],[127.0559,66.4339],[126.965,66.3988],[126.915,66.3371],[126.8874,66.249],[126.8915,66.1576],[126.9418,66.0968],[127.021,66.0557],[127.1071,66.037],[127.2568,66.0627],[127.3168,66.0662],[127.4028,66.0365],[127.4898,65.9887],[127.3963,65.9485],[127.2408,65.9587],[127.1924,65.9354],[127.1989,65.9036],[127.2657,65.8624],[127.2556,65.8148],[127.1874,65.7397],[127.0298,65.7343],[126.9706,65.71],[126.9646,65.6519],[126.7983,65.5751],[126.6387,65.5739],[126.546,65.5503],[126.4797,65.5007],[126.4042,65.4702],[126.2319,65.4424],[126.0804,65.4336],[125.9337,65.4042],[125.764,65.3551],[125.5665,65.334],[125.3891,65.3357],[125.2709,65.3208],[125.1328,65.2701],[125.0691,65.2162],[125.0442,65.1559],[124.9345,65.1581],[124.9013,65.1197],[124.9118,65.0665],[124.9596,65.0452],[124.957,64.9979],[124.8619,64.9647],[124.6058,64.9166],[124.5995,64.8788],[124.6491,64.8465],[124.9177,64.757],[124.9897,64.6966],[124.9626,64.6593],[124.9901,64.6081],[125.123,64.5646],[125.211,64.5217],[125.1284,64.4811],[124.9992,64.3774],[124.854,64.293],[124.6876,64.2557],[124.5243,64.2265],[124.4342,64.1399],[124.3232,64.0915],[124.1498,64.0408],[123.9314,64.007],[123.8176,63.9445],[123.7138,63.8153],[123.6339,63.7716],[123.6143,63.6674],[123.7094,63.5831],[123.8247,63.5491],[123.9378,63.4348],[124.1986,63.362],[124.4861,63.2967],[124.7892,63.2424],[125.1593,63.1884],[125.4948,63.1548],[125.7726,63.1434],[125.9881,63.159],[126.1367,63.1623],[126.3339,63.1761],[126.7003,63.2305],[126.9594,63.2498],[127.1704,63.2827],[127.3012,63.3528],[127.3282,63.3956],[127.381,63.416],[127.5124,63.4148],[127.6411,63.4012],[127.8113,63.3611],[127.8851,63.2276],[127.9899,63.2201],[128.056,63.1599],[128.1326,63.1436],[128.2197,63.1571],[128.4319,63.3395],[128.5613,63.4134],[128.6492,63.4809],[128.7789,63.5598],[128.9383,63.6142],[129.163,63.6032],[129.3385,63.5828],[129.4445,63.5347],[129.575,63.5241],[129.7958,63.6208],[129.9457,63.6476],[130.0462,63.6269],[130.1192,63.5958],[130.1902,63.6129],[130.4248,63.7323],[130.5783,63.754],[130.717,63.7236],[130.8922,63.6972],[131.1081,63.6557],[131.2455,63.6409],[131.4459,63.6494],[131.6198,63.6716],[131.9768,63.6944],[132.2735,63.6977],[132.2803,63.7393],[132.3473,63.7831],[132.4385,63.8276],[132.5987,63.9379],[132.5897,64.0366],[132.6404,64.0823],[132.7545,64.1178],[132.7786,64.148],[132.758,64.1669],[132.8827,64.295],[132.859,64.3309],[132.7783,64.3653],[132.7569,64.4119],[132.7478,64.474],[132.7001,64.503],[132.5562,64.548],[132.3067,64.5609],[132.2189,64.6227],[132.2277,64.6665],[132.2901,64.7048],[132.3361,64.761],[132.31,64.8226],[132.0665,64.9665],[131.9767,65.0487],[131.8985,65.1832],[131.7763,65.2506],[131.7098,65.3347],[131.5787,65.3835],[131.4566,65.3946],[131.4263,65.4496],[131.4668,65.5123],[131.5449,65.546],[131.6833,65.6232],[131.692,65.6673],[131.6063,65.7156],[131.4855,65.7476],[131.3307,65.7517],[131.1561,65.7679],[131.112,65.791],[131.1166,65.8347],[130.9486,65.8715],[130.8917,65.9113],[130.8824,65.9578],[130.826,65.9842],[130.6978,66.0085],[130.4896,66.0615],[130.3006,66.1477],[130.1294,66.2724],[130.1096,66.369],[129.9735,66.4573],[129.7918,66.5095],[129.6588,66.491],[129.5547,66.4842],[129.4786,66.5063],[129.318,66.5178],[128.9848,66.5094],[128.7813,66.5171],[128.4959,66.5949],[128.3545,66.595],[128.1965,66.5819],[128.0512,66.5118],[127.9272,66.4838],[127.8743,66.5148],[127.8557,66.5736],[127.7826,66.6101],[127.4731,66.663],[127.2449,66.6491]]]},"properties":{"GID_0":"RUS","GID_1":"RUS.60_1","GID_2":"RUS.60.11_1","NAME_1":"Sakha","NAME_2":"Kobyayskiyrayon"}},
{"type":"Feature","geometry":{"type":"Polygon","coordinates":[[[116.9303,60.169],[116.9554,60.3341],[117.0105,60.3813],[117.1047,60.4172],[117.2116,60.4476],[117.2867,60.4941],[117.3092,60.6449],[117.4078,60.7024],[117.4748,60.7536],[117.5953,60.8315],[117.6033,60.8742],[117.5708,60.9407],[117.391,61.0933],[117.3583,61.1633],[117.3562,61.2324],[117.3366,61.3082],[117.2757,61.363],[117.1968,61.3939],[117.0535,61.4149],[117.0573,61.4553],[117.0266,61.4785],[116.8768,61.4629],[116.8524,61.4807],[116.8934,61.5278],[116.8548,61.5629],[116.7516,61.5408],[116.681,61.5398],[116.626,61.5592],[116.6446,61.6256],[116.5814,61.6524],[116.4562,61.6845],[116.476,61.7221],[116.4245,61.7567],[116.3672,61.7198],[116.3141,61.7074],[116.2855,61.7282],[116.2767,61.7736],[116.2122,61.7957],[116.1363,61.7729],[116.0422,61.7298],[115.9907,61.731],[115.9911,61.7735],[115.9508,61.789],[115.8792,61.7896],[115.8198,61.7676],[115.6817,61.7994],[115.5738,61.7715],[115.5065,61.7124],[115.4389,61.6856],[115.4126,61.6321],[115.3408,61.5864],[115.2425,61.5924],[115.1597,61.6141],[115.124,61.5644],[115.0854,61.551],[115.0329,61.587],[115.0558,61.7246],[114.9973,61.7897],[114.8624,61.7946],[114.8122,61.8283],[114.8374,61.926],[114.7968,61.9421],[114.7443,61.8832],[114.6537,61.8216],[114.5191,61.7525],[114.3587,61.6345],[114.2799,61.6129],[114.1151,61.6394],[114.0042,61.6926],[113.8912,61.7064],[113.7701,61.6841],[113.6807,61.6477],[113.5843,61.5807],[113.5014,61.5041],[113.4712,61.4299],[113.1325,61.3396],[113.0474,61.2906],[112.9167,61.1824],[112.9066,61.1613],[112.79,61.1389],[112.6895,61.1122],[112.6295,61.0635],[112.6195,61.013],[112.5597,60.9468],[112.4167,60.9164],[112.1173,60.9224],[111.9384,60.935],[111.8018,60.9154],[111.5279,60.9427],[111.3905,60.9905],[111.3531,60.9669],[111.2576,60.9526],[111.1339,60.9625],[111.0627,60.9808],[110.9965,61.0226],[110.8443,60.9804],[110.784,60.9777],[110.5635,61.0118],[110.511,61.0156],[110.5014,60.9503],[110.3935,60.8918],[110.2674,60.7918],[110.3187,60.7445],[110.2581,60.6752],[110.0718,60.6594],[110.0592,60.6312],[110.1372,60.602],[110.1317,60.5724],[110.0383,60.5517],[110.024,60.5082],[109.9173,60.463],[109.9311,60.391],[109.8366,60.3594],[109.8007,60.3291],[109.8007,60.28],[109.7189,60.2274],[109.6578,60.096],[109.7303,60.0191],[109.6727,59.9812],[109.6122,59.928],[109.6107,59.8598],[109.5016,59.7789],[109.4448,59.7463],[109.416,59.7118],[109.4599,59.6505],[109.4225,59.5829],[109.309,59.5203],[109.2496,59.4788],[109.2234,59.4285],[109.2815,59.4055],[109.2143,59.369],[109.1965,59.3173],[109.2788,59.2834],[109.3484,59.2896],[109.387,59.2706],[109.4158,59.2084],[109.4878,59.1806],[109.5371,59.1333],[109.5403,59.081],[109.5251,59.0574],[109.5697,59.035],[109.6786,59.0602],[109.7291,59.0137],[109.7233,58.9684],[109.7625,58.9655],[109.8483,58.9923],[110.1349,58.9711],[110.225,58.9827],[110.3457,59.0211],[110.4453,59.0253],[110.5293,59.0719],[110.5993,59.1928],[110.664,59.2353],[110.7607,59.2396],[110.8607,59.2317],[110.9279,59.2135],[111.0519,59.2328],[111.1116,59.1922],[111.1948,59.1881],[111.2422,59.2309],[111.3676,59.2553],[111.4321,59.2554],[111.4963,59.2398],[111.5129,59.2118],[111.5839,59.1994],[111.6387,59.2157],[111.6827,59.2532],[111.8895,59.2765],[111.9637,59.2893],[112.0589,59.3588],[112.0873,59.3976],[112.2317,59.4801],[112.2522,59.4443],[112.3153,59.4092],[112.2969,59.3549],[112.2562,59.2989],[112.2713,59.2746],[112.4061,59.3055],[112.4847,59.2936],[112.6092,59.3059],[112.6072,59.2206],[112.482,59.19],[112.3798,59.1323],[112.4062,59.0343],[112.3676,58.9974],[112.3627,58.9482],[112.402,58.8857],[112.4003,58.8454],[112.471,58.8443],[112.5396,58.8692],[112.5484,58.9383],[112.5322,59.0079],[112.5397,59.0577],[112.6101,59.0861],[112.612,59.0307],[112.6589,58.9996],[112.72,58.9911],[112.7683,59.0086],[112.7852,59.0594],[112.8393,59.08],[112.8515,59.1027],[112.9029,59.1181],[112.9647,59.1112],[113.0384,59.1372],[113.1409,59.1585],[113.2523,59.1521],[113.3452,59.1871],[113.453,59.2464],[113.4738,59.2986],[113.4224,59.3508],[113.4203,59.4007],[113.5613,59.4566],[113.601,59.5364],[113.7138,59.5932],[113.7579,59.5859],[113.8228,59.5987],[113.8262,59.6389],[113.8752,59.6754],[113.97,59.6795],[113.9597,59.722],[114.0127,59.7442],[114.0837,59.7267],[114.1554,59.7405],[114.1539,59.7996],[114.2376,59.8582],[114.4377,59.9405],[114.5459,59.9512],[114.5667,60.0016],[114.5261,60.0178],[114.5192,60.0564],[114.6947,60.1817],[114.7927,60.1841],[114.8907,60.1782],[114.9691,60.2002],[115.0459,60.2676],[115.0605,60.3352],[115.082,60.3735],[115.1743,60.4271],[115.224,60.4752],[115.2957,60.4452],[115.4034,60.4454],[115.5515,60.4853],[115.6744,60.5242],[115.7515,60.5248],[115.7713,60.5059],[115.8748,60.4812],[115.8676,60.4432],[115.9603,60.4354],[116.0345,60.4426],[116.1404,60.4156],[116.1453,60.3826],[116.2579,60.3815],[116.299,60.3452],[116.3889,60.3551],[116.4956,60.3545],[116.5729,60.3212],[116.5982,60.2876],[116.7184,60.275],[116.7309,60.2225],[116.7761,60.2087],[116.8774,60.1983],[116.9303,60.169]]]},"properties":{"GID_0":"RUS","GID_1":"RUS.60_1","GID_2":"RUS.60.12_1","NAME_1":"Sakha","NAME_2":"Lenskiyrayon"}},
{"type":"Feature","geometry":{"type":"Polygon","coordinates":[[[131.6295,61.6914],[131.6607,61.7393],[131.6611,61.85],[131.5413,61.8945],[131.5336,61.9174],[131.5882,61.9751],[131.6028,62.0261],[131.5884,62.0476],[131.4958,62.0825],[131.5548,62.1392],[131.4611,62.1823],[131.4181,62.2639],[131.371,62.288],[131.2034,62.3248],[131.0852,62.33],[130.9858,62.3428],[130.8709,62.3892],[130.8362,62.4112],[130.8202,62.466],[130.7878,62.4894],[130.7276,62.494],[130.6562,62.4761],[130.5496,62.4211],[130.4334,62.4154],[130.3322,62.4181],[130.1601,62.4317],[130.0931,62.4199],[130.0356,62.3935],[130.1267,62.3642],[130.1549,62.3168],[130.1487,62.2742],[130.0138,62.1893],[129.996,62.1563],[129.9986,62.1007],[130.025,62.0509],[129.9691,62.0005],[129.8125,61.9306],[129.7393,61.8881],[129.6899,61.8313],[129.6545,61.7567],[129.6712,61.7321],[129.5921,61.6543],[129.5856,61.6062],[129.6348,61.5537],[129.6993,61.5057],[129.8662,61.4822],[129.9465,61.4225],[130.0237,61.4229],[130.1279,61.3943],[130.2612,61.346],[130.3411,61.2749],[130.3609,61.1222],[130.3242,61.0701],[130.3491,60.98],[130.3582,60.8597],[130.3447,60.8351],[130.2613,60.7682],[130.3308,60.7639],[130.592,60.7245],[130.7599,60.7306],[130.8505,60.7579],[130.8932,60.7945],[130.9174,60.8416],[130.9249,60.9175],[130.9749,60.9775],[130.9737,61.0216],[130.8589,61.1096],[130.9389,61.1675],[130.903,61.2199],[130.9016,61.2882],[130.9384,61.3464],[131.0249,61.3621],[131.2647,61.3654],[131.4381,61.4034],[131.5745,61.4551],[131.6443,61.5229],[131.6808,61.5946],[131.6425,61.6379],[131.6295,61.6914]]]},"properties":{"GID_0":"RUS","GID_1":"RUS.60_1","GID_2":"RUS.60.13_1","NAME_1":"Sakha","NAME_2":"Megino-Kangalasskiyrayon"}},
{"type":"Feature","geometry":{"type":"Polygon","coordinates":[[[110.511,61.0156],[110.5635,61.0118],[110.784,60.9777],[110.8443,60.9804],[110.9965,61.0226],[111.0627,60.9808],[111.1339,60.9625],[111.2576,60.9526],[111.3531,60.9669],[111.3905,60.9905],[111.5279,60.9427],[111.8018,60.9154],[111.9384,60.935],[112.1173,60.9224],[112.4167,60.9164],[112.5597,60.9468],[112.6195,61.013],[112.6295,61.0635],[112.6895,61.1122],[112.79,61.1389],[112.9066,61.1613],[112.9167,61.1824],[113.0474,61.2906],[113.1325,61.3396],[113.4712,61.4299],[113.5014,61.5041],[113.5843,61.5807],[113.6807,61.6477],[113.7701,61.6841],[113.8912,61.7064],[114.0042,61.6926],[114.1151,61.6394],[114.2799,61.6129],[114.3587,61.6345],[114.5191,61.7525],[114.6537,61.8216],[114.7443,61.8832],[114.7968,61.9421],[114.8092,61.9897],[114.8008,62.0503],[114.8381,62.1532],[114.9246,62.2068],[114.8026,62.2469],[114.6955,62.3524],[114.5967,62.3669],[114.5283,62.3884],[114.4318,62.4338],[114.3391,62.5255],[114.3348,62.5901],[114.3641,62.6644],[114.325,62.681],[114.2101,62.7031],[114.1177,62.7724],[114.1624,62.8195],[114.1614,62.8471],[114.0538,62.8986],[113.9619,62.9623],[113.9693,63.0257],[113.9136,63.0749],[113.8119,63.1063],[113.7258,63.1041],[113.6807,63.1182],[113.6634,63.1702],[113.8424,63.185],[113.9772,63.1451],[114.0618,63.1647],[114.1196,63.1602],[114.214,63.1275],[114.2991,63.1323],[114.4277,63.1576],[114.4999,63.1984],[114.4706,63.2536],[114.3154,63.3079],[114.1814,63.3627],[114.0067,63.4267],[113.8803,63.5052],[113.8252,63.5974],[113.7984,63.6705],[113.8817,63.7795],[113.8491,63.844],[113.7645,63.891],[113.6401,63.9433],[113.6285,64.0004],[113.6933,64.0332],[113.8027,64.0438],[113.8856,64.0282],[114.0105,64.0179],[114.0839,64.0323],[114.1462,64.0782],[114.2868,64.116],[114.2965,64.1363],[114.3129,64.2002],[114.2935,64.3348],[114.3198,64.4635],[114.2686,64.4991],[114.2015,64.5163],[114.1341,64.531],[114.0825,64.5864],[114.0732,64.6693],[114.0498,64.7286],[113.9913,64.7615],[113.6773,64.806],[113.5262,64.8022],[113.3657,64.8156],[113.2283,64.8554],[113.062,64.9922],[112.9781,65.0863],[112.8485,65.1121],[112.7512,65.0967],[112.6464,65.1058],[112.5865,65.1563],[112.5709,65.2311],[112.6354,65.2768],[112.7563,65.3088],[112.7942,65.3428],[112.7905,65.3642],[112.7095,65.4036],[112.6682,65.4556],[112.4891,65.4912],[112.3356,65.499],[112.248,65.5395],[112.2786,65.5841],[113.0215,65.8793],[113.1458,65.9157],[113.2119,65.9115],[113.3122,65.8675],[113.4036,65.8602],[113.5073,65.8768],[113.5369,65.9142],[113.3952,66.0088],[113.3391,66.1011],[113.3293,66.1945],[113.3428,66.2702],[113.3233,66.3245],[113.2255,66.3867],[113.0146,66.4344],[112.7379,66.5171],[112.675,66.5717],[112.552,66.5871],[112.4035,66.6505],[112.1938,66.693],[111.8712,66.7079],[111.6326,66.6907],[111.2224,66.6022],[110.6388,66.495],[110.4229,66.4381],[110.2612,66.4054],[110.1888,66.4353],[110.1304,66.4267],[110.0036,66.3386],[109.8034,66.3058],[109.5655,66.2483],[109.4779,66.2127],[109.4451,66.1577],[109.3924,66.145],[109.3082,66.1723],[109.1418,66.1847],[109.107,66.2322],[109.261,66.3149],[109.3363,66.376],[109.3451,66.4213],[109.1927,66.4476],[109.129,66.4911],[109.309,66.5194],[109.342,66.5745],[109.2834,66.6143],[109.1006,66.6291],[108.9408,66.6142],[108.793,66.5931],[108.5721,66.5845],[108.5243,66.6096],[108.5992,66.64],[108.7295,66.6575],[108.8029,66.6759],[108.8371,66.7091],[108.8032,66.7547],[108.6722,66.7747],[108.5844,66.7487],[108.4982,66.739],[108.3443,66.7471],[108.222,66.7105],[108.1534,66.6386],[107.9743,66.5413],[107.857,66.5017],[107.7031,66.5347],[107.611,66.4966],[107.5624,66.5342],[107.3887,66.5423],[107.2538,66.5294],[107.1493,66.507],[107.0171,66.5285],[106.9258,66.5256],[106.6155,66.4704],[106.5753,66.5029],[106.3093,66.4952],[106.291,66.4704],[106.1998,66.4259],[106.186,66.181],[106.2885,66.1635],[106.4496,66.1133],[106.5028,66.0542],[106.5196,65.9846],[106.5004,65.8126],[106.4761,65.7372],[106.4958,65.6887],[106.694,65.6413],[106.7714,65.5757],[106.8527,65.542],[107.006,65.5429],[107.0436,65.5211],[106.9752,65.4918],[106.8717,65.4686],[106.8366,65.3801],[106.7532,65.3955],[106.6383,65.3883],[106.5309,65.3559],[106.4455,65.274],[106.5268,65.2157],[106.416,65.2156],[106.312,65.1436],[106.2007,65.1277],[106.1662,65.0833],[106.0447,65.0787],[106.0049,65.049],[106.0143,64.9993],[106.0909,64.9717],[106.0919,64.9277],[106.1915,64.8928],[106.0829,64.8769],[106.0222,64.9176],[105.969,64.9131],[105.9352,64.865],[105.9697,64.8253],[105.8976,64.7814],[105.8637,64.7443],[105.9033,64.6962],[105.8678,64.672],[105.7257,64.6744],[105.7692,64.5943],[105.7255,64.5704],[105.7955,64.5441],[105.8082,64.5017],[105.8636,64.4796],[105.9276,64.4954],[105.9918,64.5368],[106.1261,64.5207],[106.1417,64.4745],[106.0985,64.4415],[106.1611,64.4071],[106.3052,64.4352],[106.5678,64.449],[106.6132,64.4709],[106.5967,64.5099],[106.6818,64.531],[106.7197,64.512],[106.7295,64.4522],[106.7762,64.4137],[106.9537,64.4195],[107.0107,64.3658],[107.2071,64.3541],[107.2739,64.3555],[107.306,64.2654],[107.4452,64.2651],[107.5185,64.2926],[107.6217,64.2858],[107.7427,64.2514],[107.8539,64.2311],[107.9335,64.1941],[108.0575,64.194],[108.0701,64.2308],[108.18,64.258],[108.3204,64.2321],[108.4375,64.2834],[108.4911,64.2768],[108.5149,64.2489],[108.499,64.2086],[108.5719,64.1825],[108.562,64.14],[108.5189,64.124],[108.5644,64.0363],[108.6064,63.9974],[108.7718,63.9851],[108.839,63.9427],[108.7934,63.8539],[108.8488,63.8369],[108.8529,63.8009],[108.7653,63.7622],[108.5586,63.7477],[108.4318,63.7577],[108.3602,63.7499],[108.3595,63.6833],[108.2963,63.6312],[108.2412,63.5988],[108.1978,63.552],[108.2383,63.5088],[108.3522,63.5206],[108.4762,63.5445],[108.6353,63.5471],[108.8953,63.4888],[108.9854,63.4888],[109.1,63.5018],[109.1651,63.4576],[109.1885,63.4007],[109.2784,63.3614],[109.3057,63.318],[109.4319,63.3356],[109.4419,63.2461],[109.4635,63.1524],[109.5112,63.0399],[109.4936,62.9866],[109.5034,62.9335],[109.5461,62.8829],[109.6491,62.8402],[109.6929,62.8066],[109.683,62.7756],[109.6254,62.7484],[109.5619,62.7352],[109.512,62.7012],[109.4752,62.6248],[109.4007,62.6005],[109.3967,62.5619],[109.322,62.5312],[109.3224,62.4471],[109.3742,62.4013],[109.4462,62.3733],[109.5171,62.3697],[109.5899,62.3823],[109.6952,62.3719],[109.8862,62.3849],[109.9272,62.3695],[109.8983,62.3415],[109.9471,62.3066],[109.9848,62.2625],[109.9417,62.2291],[109.9993,62.1446],[109.9157,62.066],[109.9277,62.0108],[109.8396,61.985],[109.7338,61.9648],[109.6456,61.9126],[109.5942,61.8625],[109.5705,61.8061],[109.6227,61.6959],[109.8515,61.5249],[109.8357,61.4571],[109.839,61.4016],[109.8097,61.3029],[109.8562,61.2581],[109.9224,61.2472],[110.0127,61.2664],[110.1129,61.2232],[110.1444,61.1638],[110.2632,61.1228],[110.4336,61.1351],[110.5093,61.1242],[110.5443,61.0962],[110.511,61.0156]],[[113.8946,62.4939],[113.8195,62.4945],[113.8469,62.5263],[113.8884,62.5224],[113.8946,62.4939]]]},"properties":{"GID_0":"RUS","GID_1":"RUS.60_1","GID_2":"RUS.60.14_1","NAME_1":"Sakha","NAME_2":"Mirninskiyrayon"}},
{"type":"Feature","geometry":{"type":"Polygon","coordinates":[[[113.8946,62.4939],[113.8884,62.5224],[113.8469,62.5263],[113.8195,62.4945],[113.8946,62.4939]]]},"properties":{"GID_0":"RUS","GID_1":"RUS.60_1","GID_2":"RUS.60.15_1","NAME_1":"Sakha","NAME_2":"Mirnyy"}},
{"type":"Feature","geometry":{"type":"Polygon","coordinates":[[[148.3689,64.5286],[148.2663,64.5646],[148.2225,64.5942],[148.2609,64.6317],[148.3311,64.6766],[148.3977,64.7471],[148.4266,64.8535],[148.4806,64.8927],[148.651,64.9189],[148.7399,64.9561],[148.7594,64.9973],[148.8052,65.0447],[148.881,65.0686],[148.981,65.0861],[148.9584,65.114],[148.8815,65.1366],[148.8129,65.1731],[148.8137,65.208],[148.7323,65.2745],[148.6229,65.3305],[148.4975,65.3812],[148.4739,65.4177],[148.4828,65.4858],[148.4202,65.5157],[148.2566,65.5241],[148.2031,65.5529],[148.3218,65.6068],[148.2757,65.6354],[148.1743,65.6524],[148.0635,65.6582],[147.946,65.6939],[147.8174,65.7405],[147.6098,65.8503],[147.4901,65.8954],[147.4353,65.9812],[147.2654,66.0122],[147.1581,66.0739],[147.1896,66.1308],[147.3119,66.2367],[147.5623,66.3563],[147.7874,66.4742],[147.9657,66.5402],[148.2883,66.6083],[148.4973,66.6566],[148.5686,66.7055],[148.5319,66.7726],[148.4739,66.8251],[148.4756,66.8702],[148.5336,66.9118],[148.4796,66.94],[148.4006,66.9392],[148.2967,66.9217],[148.2279,66.9222],[148.1846,66.9658],[148.213,67.0089],[148.3317,67.0721],[148.3863,67.1258],[148.4106,67.1981],[148.3762,67.2325],[148.257,67.2305],[148.1162,67.2501],[148.0107,67.2971],[147.9595,67.344],[147.8617,67.3715],[147.7329,67.3568],[147.631,67.3259],[147.3737,67.2616],[147.235,67.2689],[147.1807,67.3102],[147.2058,67.347],[147.193,67.3713],[146.9954,67.4007],[146.9921,67.4289],[147.0714,67.4695],[147.0631,67.4982],[147.0163,67.5096],[146.9048,67.4922],[146.8049,67.4474],[146.8823,67.3991],[146.8734,67.3725],[147.0017,67.3054],[147.0571,67.2331],[147.0138,67.1562],[146.9512,67.1352],[146.7863,67.1661],[146.6816,67.1527],[146.5532,67.1222],[146.3761,67.1283],[146.2729,67.167],[146.3135,67.2279],[146.1817,67.2473],[145.972,67.2315],[145.635,67.2504],[145.4756,67.2267],[145.3648,67.1705],[145.336,67.0937],[145.2506,67.0031],[145.0206,66.8674],[144.9461,66.8396],[144.9164,66.7807],[144.8134,66.7352],[144.6749,66.7076],[144.5712,66.7107],[144.5207,66.7353],[144.3918,66.7632],[144.2159,66.7696],[144.1511,66.8018],[144.1366,66.853],[143.9207,66.9394],[143.6196,67.0091],[143.538,67.0479],[143.4542,67.1042],[143.3983,67.159],[143.2925,67.21],[143.0973,67.2831],[142.8434,67.3577],[142.778,67.4247],[142.6603,67.4398],[142.4654,67.4786],[142.2252,67.4914],[142.0382,67.4803],[141.8091,67.4516],[141.683,67.4693],[141.6397,67.5166],[141.5405,67.5324],[141.3189,67.5786],[141.2247,67.6347],[141.1768,67.7579],[141.045,67.7586],[140.8833,67.7668],[140.7901,67.7779],[140.6761,67.8175],[140.5693,67.8319],[140.456,67.8205],[140.3369,67.7896],[140.1948,67.7745],[140.0461,67.7456],[139.8159,67.6739],[139.7103,67.6198],[139.5129,67.5408],[139.375,67.5198],[139.2351,67.5113],[139.1079,67.5278],[138.8997,67.5315],[138.7623,67.5154],[138.9342,67.4284],[139.0266,67.3587],[139.027,67.3009],[138.8694,67.2119],[138.8387,67.1663],[138.8869,67.1053],[139.002,67.0656],[139.1768,67.0453],[139.3031,67.023],[139.4247,66.9482],[139.4693,66.8394],[139.5607,66.8092],[139.7729,66.8021],[139.8521,66.7803],[139.9576,66.679],[140.0295,66.6479],[140.2212,66.6045],[140.2747,66.566],[140.4248,66.562],[140.4904,66.5487],[140.4926,66.5205],[140.429,66.4406],[140.3409,66.4148],[140.2283,66.4231],[140.1259,66.4143],[139.8154,66.3391],[139.6644,66.2937],[139.6121,66.2408],[139.6382,66.1835],[139.9775,66.0772],[140.0827,66.0212],[140.0454,65.9511],[140.0192,65.9285],[140.1084,65.8845],[140.2444,65.8329],[140.3695,65.8193],[140.3375,65.7785],[140.2668,65.7386],[140.1848,65.7128],[140.0989,65.6716],[140.1294,65.6345],[140.3287,65.5606],[140.4988,65.5682],[140.647,65.5873],[140.8345,65.623],[140.9367,65.5941],[141.0012,65.5247],[141.3919,65.4891],[141.5459,65.4712],[141.7126,65.4124],[141.8042,65.409],[141.8808,65.4212],[142.0323,65.3999],[142.3921,65.3161],[142.5999,65.2895],[142.7132,65.2991],[142.8261,65.2851],[142.9788,65.2113],[143.0823,65.2133],[143.2286,65.2044],[143.3716,65.1839],[143.6049,65.0893],[143.7342,65.0691],[143.9067,65.052],[144.1416,65.009],[144.174,64.9769],[144.1734,64.9359],[144.3573,64.9028],[144.6058,64.8012],[144.6603,64.7581],[144.6598,64.7157],[144.63,64.6659],[144.5532,64.5926],[144.6359,64.5791],[144.761,64.5904],[144.8374,64.5834],[144.9631,64.5531],[145.1029,64.5512],[145.2345,64.5172],[145.3261,64.4781],[145.4585,64.4504],[145.5859,64.4358],[145.7608,64.3988],[145.9208,64.3492],[146.0412,64.2955],[146.124,64.2292],[146.1961,64.2026],[146.2798,64.1835],[146.3567,64.1539],[146.4153,64.174],[146.5828,64.1388],[146.8899,64.1598],[146.9801,64.14],[147.1127,64.0953],[147.2248,64.0471],[147.3364,64.0439],[147.3661,64.104],[147.469,64.0909],[147.6449,64.1411],[147.7049,64.1139],[147.6746,64.0573],[147.6348,64.0294],[147.6935,64.0062],[147.767,63.9918],[147.8033,63.971],[147.7668,63.9347],[147.8999,63.9358],[147.9417,63.9212],[148.0414,63.9361],[148.029,63.9971],[148.0711,64.0482],[148.1704,64.1246],[148.3009,64.2037],[148.2523,64.2306],[148.1687,64.2585],[148.0856,64.3233],[148.0489,64.403],[148.1633,64.4287],[148.3689,64.5286]]]},"properties":{"GID_0":"RUS","GID_1":"RUS.60_1","GID_2":"RUS.60.16_1","NAME_1":"Sakha","NAME_2":"Momskiyrayon"}},
{"type":"Feature","geometry":{"type":"Polygon","coordinates":[[[128.6458,62.3692],[128.8375,62.3794],[129.1621,62.3257],[129.3617,62.275],[129.5043,62.2726],[129.6366,62.302],[129.7371,62.3512],[129.8395,62.3898],[129.9246,62.3991],[130.0356,62.3935],[130.0408,62.4396],[130.1107,62.5495],[130.1846,62.6187],[130.3295,62.72],[130.3768,62.7653],[130.3703,62.8064],[130.1558,62.8154],[130.0997,62.8482],[130.1311,62.9048],[130.1538,62.9802],[130.0845,63.0484],[130.0155,63.1035],[129.9382,63.1405],[129.9316,63.1864],[129.9638,63.241],[129.9735,63.2846],[129.9383,63.3296],[129.8818,63.3691],[129.8389,63.4354],[129.8645,63.4896],[129.9496,63.5445],[130.0338,63.5658],[130.0923,63.5706],[130.1192,63.5958],[130.0462,63.6269],[129.9457,63.6476],[129.7958,63.6208],[129.575,63.5241],[129.4445,63.5347],[129.3385,63.5828],[129.163,63.6032],[128.9383,63.6142],[128.7789,63.5598],[128.6492,63.4809],[128.5613,63.4134],[128.4319,63.3395],[128.2197,63.1571],[128.1326,63.1436],[128.056,63.1599],[127.9899,63.2201],[127.8851,63.2276],[127.8999,63.0898],[127.9263,63.0358],[128.0165,62.9646],[128.1903,62.8917],[128.3964,62.8248],[128.4932,62.7851],[128.6306,62.7373],[128.6155,62.6922],[128.5765,62.6637],[128.4068,62.6318],[128.3126,62.5633],[128.2475,62.5566],[128.1321,62.5578],[128.0318,62.5512],[127.9209,62.4919],[127.9522,62.4437],[128.136,62.4045],[128.174,62.3785],[128.3439,62.3367],[128.4451,62.3537],[128.6458,62.3692]]]},"properties":{"GID_0":"RUS","GID_1":"RUS.60_1","GID_2":"RUS.60.17_1","NAME_1":"Sakha","NAME_2":"Namskiyrayon"}},
{"type":"Feature","geometry":{"type":"Polygon","coordinates":[[[122.3243,56.6727],[122.4704,56.6298],[122.5802,56.5608],[122.6288,56.5225],[122.6767,56.5056],[122.7703,56.5023],[122.8498,56.5296],[122.8661,56.5749],[122.9063,56.6049],[122.9525,56.596],[123.0286,56.5367],[123.1011,56.4896],[123.2899,56.441],[123.456,56.4149],[123.7434,56.4305],[123.8654,56.4234],[123.9946,56.3776],[124.0772,56.3139],[124.1242,56.2652],[124.142,56.2283],[124.1929,56.2168],[124.2175,56.1766],[124.2721,56.1232],[124.4254,56.0667],[124.4712,55.9504],[124.5444,55.9212],[124.6689,55.9329],[124.7263,55.9265],[124.7324,55.8968],[124.841,55.8882],[124.8741,55.8565],[124.9885,55.8485],[125.0595,55.8517],[125.1319,55.8881],[125.3945,55.8778],[125.4908,55.8407],[125.6091,55.7681],[125.7726,55.7946],[125.8871,55.7797],[125.9888,55.7537],[126.0586,55.7279],[126.0725,55.695],[126.0576,55.6569],[126.0768,55.6228],[126.165,55.6105],[126.2787,55.6219],[126.4012,55.5916],[126.467,55.5972],[126.5339,55.6213],[126.6142,55.666],[126.6556,55.6693],[126.6893,55.6385],[126.7676,55.6201],[126.8874,55.6127],[126.9562,55.6601],[126.9565,55.6819],[127.0743,55.7048],[127.2009,55.6984],[127.3286,55.7007],[127.3402,55.669],[127.4168,55.5995],[127.5979,55.6234],[127.6465,55.6876],[127.6852,55.7131],[127.7671,55.7201],[127.8178,55.7076],[127.8634,55.6633],[127.9283,55.6664],[127.9676,55.6898],[128.0809,55.6757],[128.1416,55.7037],[128.2412,55.6899],[128.3324,55.662],[128.4129,55.6216],[128.4681,55.6106],[128.4884,55.5803],[128.5361,55.5591],[128.613,55.5515],[128.6719,55.5567],[128.7082,55.5282],[128.7921,55.5067],[128.8889,55.5231],[128.9864,55.5009],[129.0645,55.5251],[129.1428,55.5807],[129.1158,55.6332],[129.0354,55.6793],[129.1553,55.7151],[129.2404,55.7092],[129.2997,55.7424],[129.392,55.7304],[129.4638,55.7613],[129.5687,55.749],[129.6323,55.7698],[129.7614,55.754],[129.8193,55.7416],[129.8769,55.766],[129.9422,55.7597],[130.0098,55.7101],[130.1071,55.7339],[130.2254,55.7121],[130.3056,55.7548],[130.3688,55.7468],[130.621,55.7588],[130.7241,55.7734],[130.8407,55.7494],[130.9861,55.7012],[130.9616,55.7425],[130.9851,55.7894],[130.9017,55.8619],[130.8928,55.9219],[130.9395,55.9583],[130.9225,56.001],[130.9753,56.0748],[131.0585,56.1485],[131.1571,56.2539],[131.1819,56.429],[131.2644,56.4978],[131.3437,56.513],[131.3875,56.4958],[131.4255,56.4627],[131.4901,56.4705],[131.5205,56.5115],[131.5701,56.5389],[131.6107,56.5245],[131.6236,56.4859],[131.6645,56.4642],[131.7448,56.4768],[131.7827,56.5136],[131.7062,56.5876],[131.731,56.6302],[131.7185,56.7016],[131.8568,56.7549],[131.8768,56.7967],[131.8316,56.8483],[131.7285,56.9417],[131.5138,57.1018],[131.4348,57.1487],[131.3588,57.1227],[131.2745,57.1085],[131.0828,57.0311],[130.9657,57.0042],[130.7471,56.9347],[130.5971,56.8693],[130.5197,56.8663],[130.435,56.8905],[130.3362,56.9478],[130.2892,56.9499],[130.2654,56.9266],[130.272,56.8833],[130.2347,56.8645],[130.1898,56.8812],[130.1507,56.9279],[130.1415,56.9617],[130.1058,56.9831],[129.9422,57.0332],[129.8059,57.0497],[129.5381,57.0618],[129.3643,57.057],[129.187,57.0297],[129.0582,57.0053],[128.9836,57.0066],[128.7374,57.061],[128.5854,57.088],[128.5074,57.0949],[128.4717,57.0845],[128.4435,57.0532],[128.4382,57.0194],[128.3933,56.9801],[128.3405,56.9658],[128.2399,56.9641],[128.1393,57.0132],[128.0532,57.0348],[127.9452,57.0384],[127.8961,57.076],[127.8237,57.0921],[127.7695,57.0909],[127.7145,57.0679],[127.6775,57.0337],[127.6103,57.0235],[127.5181,57.063],[127.396,57.1531],[127.2307,57.2299],[127.1858,57.3376],[127.1483,57.3799],[127.0544,57.4021],[126.9195,57.4217],[126.8402,57.4206],[126.6016,57.448],[126.3226,57.5221],[126.0721,57.5518],[125.9605,57.6073],[125.8847,57.6234],[125.8313,57.6555],[125.774,57.7139],[125.6677,57.7677],[125.6067,57.7736],[125.5458,57.7648],[125.4956,57.7222],[125.3272,57.5591],[125.2706,57.5297],[125.2082,57.5299],[125.1317,57.5438],[125.0731,57.5803],[125.0091,57.5964],[124.9414,57.5976],[124.8709,57.5796],[124.758,57.5997],[124.6453,57.6273],[124.5864,57.6752],[124.5231,57.7581],[124.451,57.789],[124.3797,57.809],[124.3639,57.8442],[124.3789,57.8705],[124.4286,57.9094],[124.4427,57.9631],[124.4413,58.0655],[124.4761,58.0966],[124.6003,58.1521],[124.6125,58.1974],[124.6457,58.2512],[124.7561,58.3716],[124.8308,58.4376],[124.8946,58.4825],[124.9004,58.5417],[124.8272,58.5327],[124.6919,58.5582],[124.6202,58.543],[124.4133,58.547],[124.3556,58.5281],[124.3638,58.4993],[124.4168,58.4891],[124.4378,58.4637],[124.2549,58.3689],[124.1934,58.3535],[124.1128,58.3651],[124.0227,58.3542],[123.7775,58.2728],[123.6084,58.263],[123.4753,58.2676],[123.374,58.2864],[123.2458,58.2928],[123.0809,58.2536],[122.9742,58.1729],[123.0304,58.1703],[123.1271,58.1236],[123.2159,58.112],[123.3303,58.1101],[123.3555,58.0793],[123.3331,58.0381],[123.2648,57.987],[123.2298,58.0032],[123.112,57.9681],[123.0783,57.9213],[123.0736,57.8893],[123.0108,57.8411],[122.9537,57.7715],[122.9116,57.7059],[122.8308,57.6272],[122.7117,57.4891],[122.7176,57.4474],[122.7912,57.4405],[122.8326,57.4676],[122.8834,57.4784],[122.9319,57.4635],[122.9262,57.4211],[122.8185,57.3484],[122.7805,57.2976],[122.7311,57.272],[122.6223,57.2604],[122.5252,57.289],[122.4331,57.2384],[122.3986,57.1831],[122.3953,57.1499],[122.4295,57.1301],[122.4889,57.1297],[122.5027,57.1001],[122.4715,57.0712],[122.5022,57.0481],[122.5552,57.0324],[122.5729,57.0069],[122.4894,56.8921],[122.5153,56.7848],[122.4379,56.7356],[122.3782,56.7197],[122.3243,56.6727]]]},"properties":{"GID_0":"RUS","GID_1":"RUS.60_1","GID_2":"RUS.60.18_1","NAME_1":"Sakha","NAME_2":"Neryungrigorsovet"}},
{"type":"Feature","geometry":{"type":"MultiPolygon","coordinates":[[[[142.0792,73.9042],[141.8167,73.9021],[141.6417,73.8833],[141.3375,73.8354],[141.2458,73.8375],[141.1646,73.8583],[141.0958,73.85],[140.9458,73.7875],[140.8568,73.7068],[140.8646,73.6958],[140.7391,73.5734],[140.6391,73.5234],[140.3708,73.4437],[140.1521,73.4417],[140.0583,73.4333],[139.8729,73.4354],[139.7713,73.4047],[139.8792,73.3396],[140.0208,73.3458],[140.2729,73.3812],[140.3292,73.4021],[140.5479,73.425],[140.6854,73.4271],[140.9312,73.4083],[141.4667,73.3083],[141.7437,73.2813],[142.0917,73.2542],[142.3313,73.2479],[142.525,73.2188],[142.725,73.2292],[142.9542,73.2021],[143.2146,73.1813],[143.2979,73.1813],[143.4708,73.2125],[143.5974,73.2109],[143.5276,73.2422],[143.4693,73.3568],[143.4818,73.4036],[143.5724,73.4318],[143.4979,73.4854],[143.2828,73.6016],[143.0708,73.6583],[142.9271,73.7083],[142.7625,73.75],[142.6271,73.8083],[142.4974,73.837],[142.2563,73.8542],[142.0792,73.9042]]],[[[146.5042,75.5875],[146.4193,75.5745],[146.3797,75.5411],[146.4167,75.475],[146.3537,75.4339],[146.2651,75.4141],[146.2255,75.3693],[146.2875,75.3104],[146.2901,75.2797],[146.2333,75.25],[146.1234,75.2297],[146.2208,75.1917],[146.3417,75.1604],[146.5562,75.1396],[146.6958,75.1146],[146.9563,75.0542],[147.1396,75],[147.425,74.9729],[147.5958,74.9688],[147.7182,74.9432],[147.7828,74.9099],[147.9411,74.8662],[148.0068,74.8276],[148.1589,74.7859],[148.7021,74.7375],[148.8729,74.7396],[148.9833,74.7292],[149.1771,74.7271],[149.6922,74.7589],[149.7667,74.7813],[149.8625,74.7854],[150.0729,74.8187],[150.4146,74.8417],[150.5167,74.8604],[150.6271,74.8625],[150.6589,74.9266],[150.6995,74.9568],[150.6568,74.987],[150.8037,75.0484],[150.8328,75.0818],[150.962,75.1234],[150.8896,75.1458],[150.7234,75.1307],[150.725,75.1042],[150.6583,75.0875],[150.5562,75.0854],[150.3875,75.1146],[150.2625,75.1833],[150.1146,75.2063],[149.7646,75.2208],[149.5437,75.25],[149.3875,75.2625],[149.1542,75.2417],[149.1354,75.2271],[148.9729,75.2208],[148.7229,75.1937],[148.5604,75.2167],[148.3604,75.2271],[148.5208,75.2479],[148.5255,75.3359],[148.587,75.3505],[148.5646,75.375],[148.3875,75.4021],[147.9958,75.3917],[147.8104,75.4229],[147.6062,75.4396],[147.5271,75.4208],[147.3833,75.4271],[147.1333,75.3187],[146.9146,75.3271],[146.8021,75.3458],[146.7328,75.3953],[146.6484,75.4276],[146.6708,75.475],[146.7484,75.5109],[146.6922,75.5422],[146.5042,75.5875]]],[[[140.7729,74.2688],[140.5042,74.2646],[140.2979,74.2417],[140.1964,74.1995],[140.2021,74.1708],[140.163,74.0839],[140.2026,74.038],[140.3182,73.9828],[140.3297,73.9547],[140.4417,73.9167],[140.5604,73.9354],[140.7729,73.95],[140.8687,73.975],[140.9932,73.9838],[141.0724,74.062],[141.0297,74.1141],[141.1037,74.163],[141.1078,74.1891],[141.0599,74.2328],[140.8833,74.2688],[140.7729,74.2688]]],[[[135.4812,74.2292],[135.4464,74.162],[135.4958,74.1333],[135.6125,74.1271],[135.7057,74.0953],[135.7484,74.038],[136.0224,73.9599],[136.0708,73.9083],[136.1667,73.8771],[136.3099,73.9089],[136.287,73.9474],[136.1047,74.0318],[136.0167,74.0833],[135.7479,74.1625],[135.6,74.2188],[135.4812,74.2292]]],[[[139.0667,76.1958],[138.8521,76.2],[138.8042,76.1854],[138.5708,76.1687],[138.4901,76.1432],[138.4995,76.113],[138.4307,76.0849],[138.3333,76.1271],[138.2563,76.1188],[138.1755,76.0859],[138.1953,76.0589],[138.1146,76.0021],[137.8021,75.9938],[137.6771,75.9958],[137.4917,75.9417],[137.4234,75.8839],[137.5646,75.8271],[137.5838,75.8068],[137.7203,75.7703],[137.5188,75.7396],[137.3646,75.7667],[137.2417,75.7604],[137.1547,75.7266],[137.1479,75.6979],[137.212,75.687],[137.2047,75.6464],[137.2792,75.5667],[137.1984,75.5516],[137.2292,75.5125],[137.287,75.4912],[137.2708,75.45],[137.1672,75.4276],[137.2292,75.3958],[137.375,75.4063],[137.4807,75.3766],[137.4661,75.338],[137.3229,75.3167],[137.2083,75.3208],[137.1229,75.3688],[137.0083,75.3604],[136.9255,75.3411],[136.9766,75.2953],[136.963,75.2505],[137.1766,75.1536],[137.2339,75.1109],[137.3979,75.0458],[137.5396,75.0104],[137.6521,75],[137.7505,74.9609],[137.8896,74.925],[137.9193,74.8901],[138.1833,74.75],[138.2458,74.7542],[138.4667,74.7292],[138.7042,74.7146],[138.8542,74.6854],[138.925,74.6604],[139.0625,74.6333],[139.2958,74.6521],[139.4536,74.7005],[139.6182,74.8307],[139.5089,74.8609],[139.5271,74.9167],[139.7182,74.9807],[139.8167,74.9792],[139.9089,74.9255],[140.0349,74.8776],[140.0276,74.8547],[140.1604,74.8229],[140.2688,74.8146],[140.5896,74.8583],[140.925,74.8917],[141.575,74.9313],[141.6229,74.9583],[141.7745,74.9734],[141.8771,75],[142.1208,74.9958],[142.2412,75.0016],[142.2276,74.9693],[142.3484,74.9276],[142.3021,74.9125],[142.2104,74.9563],[142.0271,74.9604],[141.9833,74.9125],[142.2854,74.8271],[142.4937,74.7896],[142.6286,74.8151],[142.6484,74.8495],[142.7057,74.8547],[142.7354,74.8896],[142.8641,74.8703],[142.9396,74.8917],[143.0604,74.875],[143.25,74.8917],[143.4271,74.8875],[143.5479,74.8979],[143.6812,74.9313],[143.6974,74.9557],[143.5896,74.9958],[143.3958,74.9958],[143.2917,75.025],[143.1417,75.0375],[143.075,75.0563],[142.75,75.0708],[142.6443,75.1026],[142.5641,75.1724],[142.4547,75.2089],[142.4771,75.2625],[142.4396,75.2854],[142.2771,75.3021],[142.1917,75.3625],[142.1463,75.413],[142.1828,75.4849],[142.0984,75.5026],[142.0797,75.538],[142.1932,75.5891],[141.9839,75.6088],[142.0562,75.675],[142.1833,75.6625],[142.4208,75.6667],[142.4047,75.6974],[142.2693,75.7068],[142.3458,75.7333],[142.4729,75.7375],[142.6229,75.7271],[142.7437,75.7458],[142.7979,75.725],[142.9979,75.7208],[143.0891,75.6745],[143.087,75.6214],[143.0234,75.5849],[142.9182,75.5568],[142.8146,75.5437],[142.7125,75.5125],[142.6896,75.4833],[142.6042,75.4542],[142.6162,75.438],[142.5505,75.3932],[142.5417,75.3396],[142.7042,75.3125],[142.7557,75.2911],[142.7401,75.2651],[142.7854,75.225],[142.8792,75.2229],[142.9089,75.1672],[142.9708,75.1375],[143.0479,75.1396],[143.1146,75.1062],[143.2,75.1042],[143.3229,75.0646],[143.4208,75.05],[143.5896,75.0667],[143.7958,75.0667],[143.9208,75.0542],[143.9854,75.0208],[144.0938,75.0354],[144.3813,75.0479],[144.5083,75.0938],[144.7307,75.1536],[144.8125,75.2521],[144.9167,75.2688],[144.7583,75.3167],[144.7854,75.3958],[144.8958,75.4458],[144.8203,75.4724],[145.0125,75.4833],[145.0708,75.5042],[145.3083,75.5042],[145.3662,75.5349],[145.2542,75.5708],[145.0333,75.6146],[144.8687,75.6312],[144.7854,75.65],[144.7391,75.6828],[144.6417,75.7],[144.425,75.7021],[144.2917,75.7271],[144.0583,75.8],[143.8375,75.8333],[143.6146,75.8521],[143.4042,75.8417],[143.338,75.8182],[143.1583,75.7979],[142.9187,75.8146],[142.8604,75.8292],[142.5854,75.8583],[142.4625,75.8875],[142.3,75.9625],[142.0979,76.0062],[142.0016,76.0453],[141.7688,76.1146],[141.6583,76.1208],[141.4042,76.1563],[141.5021,76.1104],[141.5208,76.075],[141.6021,76.0292],[141.4479,76.0208],[141.3938,76.0479],[141.2297,76.0943],[141.1708,76.0542],[140.9901,76.0224],[140.9234,75.9266],[140.9234,75.888],[140.9792,75.875],[140.9359,75.8266],[141.0292,75.8125],[141.013,75.7443],[141.1521,75.6542],[141.1021,75.625],[140.8839,75.6068],[140.8417,75.6208],[140.7088,75.613],[140.7271,75.6417],[140.4599,75.6328],[140.4026,75.6953],[140.5161,75.763],[140.4479,75.7937],[140.225,75.8],[139.9896,75.8333],[139.9208,75.8667],[139.8276,75.8755],[139.8318,75.9016],[139.9661,75.9276],[139.9453,75.9495],[139.8313,75.95],[139.8208,75.9708],[139.6,75.9792],[139.5557,76.0099],[139.4401,76.0339],[139.4208,76.0542],[139.2396,76.0667],[139.0938,76.125],[139.0359,76.1891],[139.0667,76.1958]]],[[[137.037,75.588],[136.9984,75.5776],[137.0979,75.5417],[137.162,75.5484],[137.037,75.588]]],[[[135.7412,75.8662],[135.712,75.7839],[135.6609,75.7495],[135.6109,75.6787],[135.6536,75.6016],[135.6193,75.5214],[135.5005,75.4411],[135.5776,75.3693],[135.8375,75.3688],[135.9787,75.4026],[136.0099,75.4307],[135.9609,75.4859],[136.0224,75.5026],[136.1047,75.5995],[136.2266,75.6234],[136.025,75.6625],[135.8901,75.713],[135.8734,75.7495],[135.8193,75.7672],[135.7412,75.8662]]],[[[141.0542,76.1083],[140.9729,76.1083],[140.9172,76.0776],[141.0833,76.0687],[141.0542,76.1083]]],[[[142.138,75.6568],[142.0568,75.6286],[142.2104,75.6146],[142.2651,75.6432],[142.138,75.6568]]],[[[152.7953,76.1745],[152.6354,76.1792],[152.5484,76.1516],[152.7542,76.0896],[152.8474,76.1026],[152.7953,76.1745]]],[[[149.4479,76.7521],[149.3083,76.7396],[148.8479,76.725],[148.7599,76.6943],[148.575,76.6687],[148.5042,76.6354],[148.7437,76.6396],[148.7547,76.6495],[149.1313,76.65],[149.2151,76.6755],[149.3104,76.7333],[149.4479,76.7521]]]]},"properties":{"GID_0":"RUS","GID_1":"RUS.60_1","GID_2":"RUS.60.19_1","NAME_1":"Sakha","NAME_2":"NewSiberiaIslands"}},
{"type":"Feature","geometry":{"type":"MultiPolygon","coordinates":[[[[158.3844,68.024],[158.4063,68.0456],[158.5896,68.0956],[158.8066,68.0987],[158.959,68.0871],[159.1177,68.1509],[159.2491,68.1736],[159.3466,68.2117],[159.4313,68.1761],[159.5322,68.1746],[159.5887,68.1903],[159.744,68.1636],[159.8111,68.2235],[159.888,68.2542],[159.9906,68.264],[160.2979,68.257],[160.7359,68.2356],[160.95,68.2677],[161.2655,68.3737],[161.4075,68.3858],[162.0237,68.3163],[162.4006,68.2514],[162.4817,68.302],[162.4745,68.3857],[162.5325,68.4251],[162.5203,68.5213],[162.6427,68.5488],[162.628,68.5916],[162.6772,68.6386],[162.564,68.6707],[162.5514,68.7277],[162.6756,68.7571],[162.773,68.8195],[162.6706,68.8986],[162.4992,68.9227],[162.439,68.9634],[162.4635,69.0724],[162.5053,69.1128],[162.7056,69.1291],[162.7004,69.1583],[162.4026,69.2932],[162.4133,69.3401],[162.39,69.369],[162.2619,69.3917],[162.2991,69.4422],[162.1947,69.4963],[162.2938,69.5133],[162.3679,69.5878],[162.3555,69.6288],[162.2542,69.625],[162.2328,69.5964],[162.1479,69.5896],[162.0609,69.562],[162.0745,69.5401],[161.9354,69.5104],[161.8375,69.5021],[161.7068,69.4464],[161.6042,69.3854],[161.5089,69.3786],[161.4422,69.3005],[161.5078,69.263],[161.4453,69.1995],[161.5328,69.1724],[161.5005,69.1349],[161.5266,69.1203],[161.4964,69.0599],[161.5453,69.0391],[161.5755,68.9484],[161.6391,68.9266],[161.5932,68.8672],[161.5021,68.8708],[161.4609,68.8516],[161.4203,68.8047],[161.3214,68.7578],[161.2922,68.7266],[161.3432,68.6974],[161.3109,68.6578],[161.2193,68.5807],[161.1672,68.5995],[161.2266,68.638],[161.2214,68.6953],[161.2516,68.713],[161.238,68.7662],[161.4411,68.9484],[161.4292,68.9771],[161.2854,69.025],[161.1958,69.0396],[161.0313,69.0542],[160.9828,69.0693],[161.0068,69.1036],[161.0849,69.1401],[161.0932,69.1599],[161.0276,69.2245],[161.0974,69.2974],[161.0068,69.3672],[161.0099,69.4193],[160.9625,69.4375],[160.9849,69.4984],[161.0932,69.538],[161.1,69.5771],[161.0068,69.5818],[160.9375,69.6292],[160.7437,69.6438],[160.5792,69.6687],[160.4292,69.6667],[160.3849,69.6328],[160.3349,69.6349],[160.3474,69.6828],[160.1542,69.7229],[160.0526,69.7172],[159.9708,69.7521],[159.8161,69.7891],[159.6776,69.8662],[159.7464,69.9182],[159.8505,69.9724],[159.8818,70.0328],[159.9516,70.0734],[159.7646,70.1],[159.8875,70.1146],[159.925,70.1062],[159.9693,70.1641],[160.0974,70.2422],[160.0599,70.3328],[159.9203,70.4891],[159.8182,70.5682],[159.6984,70.6255],[159.6016,70.6849],[159.4187,70.7458],[159.125,70.8313],[159.0938,70.8313],[158.875,70.8812],[158.6313,70.9271],[158.5245,70.9359],[158.125,70.9938],[157.5625,71.0396],[157.4208,71.0417],[157.3,71.0583],[156.9187,71.0729],[156.6625,71.075],[156.55,71.0687],[156.3146,71.0687],[156.1417,71.0771],[155.9438,71.075],[155.7937,71.0667],[155.6417,71.05],[155.6016,71.0349],[155.4833,71.0354],[154.9375,70.9979],[154.2083,70.925],[153.9833,70.8938],[153.9208,70.8792],[153.8208,70.875],[153.7792,70.8604],[153.5167,70.8604],[153.1354,70.8229],[152.9563,70.8083],[152.6123,70.8167],[152.5635,70.7892],[152.537,70.7724],[152.4875,70.7256],[152.5013,70.6153],[152.4135,70.5783],[152.2893,70.5414],[152.1875,70.4877],[152.2279,70.4301],[152.3343,70.3671],[152.4033,70.2948],[152.4293,70.2468],[152.4131,70.2071],[152.1667,70.1245],[152.0435,70.0914],[152.0261,70.0618],[152.0524,70.0206],[152.2539,69.9256],[152.19,69.8299],[152.0984,69.7298],[152.0094,69.7033],[152.0873,69.6882],[151.9436,69.6187],[151.9874,69.5565],[152.1046,69.5064],[152.2116,69.47],[152.305,69.4208],[152.4408,69.3751],[152.5379,69.3722],[152.7605,69.3987],[152.9478,69.4108],[153.0372,69.3529],[153.1314,69.2552],[153.2485,69.2492],[153.3825,69.2746],[153.5144,69.2892],[153.5976,69.2698],[153.6637,69.2076],[153.7021,69.1319],[153.732,69.1006],[154.0251,69.0317],[154.0978,68.996],[154.1543,68.9479],[154.1744,68.8916],[154.2086,68.8516],[154.2955,68.8442],[154.4297,68.858],[154.6758,68.9102],[154.7509,68.8848],[154.922,68.857],[155.1873,68.8353],[155.3553,68.8366],[155.687,68.9015],[155.767,68.8865],[155.7731,68.8473],[155.6604,68.7905],[155.6581,68.7489],[155.7611,68.7141],[156.0024,68.7325],[156.1294,68.7332],[156.2369,68.7226],[156.3719,68.7482],[156.4447,68.738],[156.5027,68.6907],[156.4917,68.6467],[156.561,68.6282],[156.7359,68.6398],[156.9072,68.6688],[157.0625,68.6286],[157.1904,68.6102],[157.6059,68.6087],[157.7126,68.5818],[158.0429,68.5527],[158.1312,68.5237],[158.2355,68.435],[158.2614,68.3559],[158.3851,68.268],[158.3709,68.238],[158.3141,68.1948],[158.2775,68.1433],[158.3018,68.0855],[158.3844,68.024]]],[[[160.4771,70.9083],[160.5599,70.8828],[160.5474,70.8464],[160.4979,70.8146],[160.5792,70.7958],[160.7583,70.8021],[160.7516,70.8224],[160.6776,70.8443],[160.6724,70.8786],[160.5167,70.9104],[160.4771,70.9083]]],[[[161.4141,69.5286],[161.3109,69.5141],[161.2245,69.4755],[161.0943,69.4474],[161.088,69.4068],[161.1411,69.362],[161.1443,69.3359],[161.1932,69.3047],[161.1432,69.2693],[161.1089,69.2078],[161.1375,69.1271],[161.0521,69.1125],[161.0021,69.0896],[161.0792,69.0583],[161.3188,69.0333],[161.4474,68.9828],[161.5057,68.9422],[161.3901,68.8807],[161.4333,68.8646],[161.537,68.8953],[161.5276,68.9724],[161.4359,69.0609],[161.4484,69.112],[161.4912,69.1484],[161.4766,69.1745],[161.3922,69.1943],[161.3589,69.2391],[161.4287,69.2714],[161.4224,69.2911],[161.3547,69.312],[161.4016,69.3391],[161.338,69.4182],[161.3917,69.425],[161.4432,69.4526],[161.4141,69.5286]]],[[[161.6411,69.4516],[161.5958,69.4521],[161.537,69.413],[161.6104,69.4146],[161.6411,69.4516]]],[[[161.5458,69.6125],[161.4172,69.5787],[161.4193,69.5401],[161.4682,69.5099],[161.4578,69.4505],[161.3568,69.4047],[161.3813,69.3875],[161.5328,69.4172],[161.5859,69.4537],[161.6354,69.4604],[161.6682,69.4891],[161.6214,69.5109],[161.6662,69.5724],[161.6037,69.6057],[161.5458,69.6125]]],[[[161.8922,69.6443],[161.8375,69.6479],[161.6984,69.6234],[161.6922,69.588],[161.7646,69.5354],[161.8687,69.5354],[161.912,69.5526],[161.8776,69.588],[161.8922,69.6443]]],[[[161.5667,70.8083],[161.4922,70.7755],[161.6016,70.762],[161.6391,70.7995],[161.5667,70.8083]]]]},"properties":{"GID_0":"RUS","GID_1":"RUS.60_1","GID_2":"RUS.60.20_1","NAME_1":"Sakha","NAME_2":"Nizhnekolymskiyrayon"}},
{"type":"Feature","geometry":{"type":"Polygon","coordinates":[[[114.2965,64.1363],[114.3981,64.1067],[114.5742,64.1262],[114.6794,64.118],[114.7485,64.0764],[114.8764,64.0835],[115.041,64.0342],[115.1764,63.9684],[115.1964,63.9498],[115.1898,63.8674],[115.3249,63.7755],[115.493,63.6357],[115.6587,63.5135],[115.8472,63.3927],[116.1201,63.2731],[116.2977,63.2035],[116.522,63.1632],[116.8243,63.1303],[117.0987,63.1055],[117.4025,63.0861],[117.675,63.0571],[117.9848,63.0008],[118.213,62.9431],[118.3264,62.8518],[118.3855,62.8352],[118.6022,62.8191],[119.0898,62.7762],[119.2815,62.7482],[119.4767,62.7493],[119.5716,62.7583],[119.5894,62.813],[119.5867,62.8666],[119.5587,62.9171],[119.487,62.9696],[119.4534,63.0377],[119.4565,63.1046],[119.5098,63.1977],[119.649,63.2843],[119.7244,63.352],[119.7676,63.4101],[119.7721,63.463],[119.755,63.5177],[119.669,63.5657],[119.6356,63.6244],[119.6101,63.716],[119.6078,63.8843],[119.5196,63.9765],[119.4062,64.0727],[119.2657,64.1431],[119.1606,64.2343],[119.1177,64.3317],[119.0804,64.4378],[119.1032,64.8282],[119.0694,64.9407],[118.9721,65.1221],[118.8892,65.2264],[118.8192,65.2903],[118.7087,65.3571],[118.5719,65.4269],[118.6323,65.5141],[118.6267,65.5666],[118.5079,65.6954],[118.4551,65.7156],[118.4144,65.7816],[118.3553,65.8091],[118.2887,65.8128],[118.0968,65.7751],[117.8432,65.7544],[117.785,65.7383],[117.7394,65.6822],[117.7028,65.6571],[117.6428,65.6449],[117.5678,65.5799],[117.4225,65.5207],[117.4115,65.4534],[117.4555,65.4073],[117.4369,65.341],[117.3515,65.2725],[117.2334,65.218],[117.1216,65.1955],[117.0531,65.1935],[116.9955,65.1753],[116.9917,65.1421],[116.9378,65.1226],[116.8395,65.1219],[116.7943,65.0567],[116.6965,65.0456],[116.5825,64.9895],[116.4727,64.9721],[116.3912,65.0029],[116.373,65.0421],[116.175,65.0364],[116.0421,65.0797],[115.9698,65.0442],[115.7859,65.0235],[115.6659,65.0475],[115.5549,65.0139],[115.4852,65.0272],[115.4203,65.0187],[115.3945,64.9618],[115.408,64.9215],[115.3484,64.8911],[115.1645,64.8838],[115.0048,64.8639],[114.8891,64.8396],[114.814,64.7875],[114.8072,64.7363],[114.8713,64.6904],[114.8323,64.6321],[114.6936,64.6285],[114.5866,64.6107],[114.5031,64.6139],[114.4492,64.5883],[114.2902,64.5437],[114.2618,64.5223],[114.2015,64.5163],[114.2686,64.4991],[114.3198,64.4635],[114.2935,64.3348],[114.3129,64.2002],[114.2965,64.1363]]]},"properties":{"GID_0":"RUS","GID_1":"RUS.60_1","GID_2":"RUS.60.21_1","NAME_1":"Sakha","NAME_2":"Nyurbinskiyrayon"}},
{"type":"Feature","geometry":{"type":"Polygon","coordinates":[[[122.3243,56.6727],[122.3782,56.7197],[122.4379,56.7356],[122.5153,56.7848],[122.4894,56.8921],[122.5729,57.0069],[122.5552,57.0324],[122.5022,57.0481],[122.4715,57.0712],[122.5027,57.1001],[122.4889,57.1297],[122.4295,57.1301],[122.3953,57.1499],[122.3986,57.1831],[122.4331,57.2384],[122.5252,57.289],[122.6223,57.2604],[122.7311,57.272],[122.7805,57.2976],[122.8185,57.3484],[122.9262,57.4211],[122.9319,57.4635],[122.8834,57.4784],[122.8326,57.4676],[122.7912,57.4405],[122.7176,57.4474],[122.7117,57.4891],[122.8308,57.6272],[122.9116,57.7059],[122.9537,57.7715],[123.0108,57.8411],[123.0736,57.8893],[123.0783,57.9213],[123.112,57.9681],[123.2298,58.0032],[123.2648,57.987],[123.3331,58.0381],[123.3555,58.0793],[123.3303,58.1101],[123.2159,58.112],[123.1271,58.1236],[123.0304,58.1703],[122.9742,58.1729],[122.8477,58.1863],[122.768,58.2315],[122.8091,58.2876],[122.8013,58.3429],[122.8627,58.3761],[122.8789,58.4145],[122.8934,58.5167],[122.9473,58.5743],[122.9507,58.6122],[122.9039,58.6187],[122.8519,58.555],[122.813,58.5533],[122.7842,58.5776],[122.8209,58.6844],[122.8026,58.7606],[122.8805,58.7842],[122.918,58.7813],[122.9792,58.8184],[123.0412,58.8889],[122.9958,58.9143],[122.9957,58.9556],[122.9343,59.0048],[122.8746,58.9867],[122.805,59.0076],[122.7582,59.0513],[122.7431,59.1095],[122.7825,59.1504],[122.8265,59.1762],[122.9153,59.2611],[122.9919,59.2744],[123.0513,59.3347],[123.101,59.3623],[123.1588,59.3712],[123.278,59.4142],[123.3406,59.407],[123.408,59.4237],[123.4393,59.4622],[123.4497,59.512],[123.4316,59.5573],[123.4808,59.6346],[123.5233,59.6511],[123.6204,59.6453],[123.6917,59.625],[123.8348,59.6455],[123.8986,59.6341],[123.9377,59.6098],[124.0706,59.5974],[124.162,59.698],[124.2668,59.7944],[124.3882,59.8406],[124.445,59.914],[124.5502,59.9852],[124.6291,59.9823],[124.7408,59.9888],[124.8873,60.0513],[125.1768,60.0533],[125.3046,60.1093],[125.4114,60.1112],[125.4275,60.1544],[125.5426,60.229],[125.6198,60.2277],[125.8059,60.2402],[125.9791,60.2655],[126.1729,60.3406],[126.27,60.3824],[126.3289,60.393],[126.4644,60.3691],[126.5091,60.3912],[126.5033,60.4445],[126.5594,60.4972],[126.6291,60.5364],[126.707,60.5518],[126.7454,60.5374],[126.7745,60.5045],[126.7847,60.4512],[126.8241,60.3919],[126.8969,60.3636],[126.9557,60.3614],[127.0218,60.3818],[127.0903,60.4377],[127.1848,60.5318],[127.2425,60.5559],[127.6486,60.7579],[127.6612,60.7464],[127.6625,60.6265],[127.7079,60.6248],[127.814,60.6386],[127.926,60.7389],[128.1647,60.7743],[128.1604,60.7967],[128.1142,60.8514],[128.0954,60.9129],[128.0929,60.9817],[128.0002,60.9963],[127.9199,61.0228],[127.8027,61.0432],[127.5834,61.0445],[127.1697,61.0128],[127.0977,61.0127],[127.0738,61.0359],[126.9886,61.0355],[126.7549,60.9986],[126.5036,60.9706],[126.4122,60.9498],[126.3481,60.9121],[126.2465,60.9163],[126.2297,60.9456],[126.185,60.958],[126.1231,60.9429],[126.0469,60.8959],[125.9142,60.8318],[125.7583,60.8152],[125.6921,60.7922],[125.6333,60.7465],[125.6431,60.6409],[125.6399,60.5915],[125.5652,60.5672],[125.4439,60.5419],[125.3558,60.5623],[125.2405,60.6615],[125.0699,60.694],[124.9467,60.7491],[125.0115,60.8283],[125.0328,60.8705],[125.0037,60.9036],[124.9526,60.9292],[124.7768,60.9486],[124.7153,60.9817],[124.7224,61.0379],[124.5919,61.1015],[124.5317,61.1524],[124.4788,61.2211],[124.3978,61.2383],[124.2858,61.2762],[124.2282,61.3188],[124.2083,61.3538],[124.0932,61.3567],[124.0257,61.3732],[124.0353,61.3982],[123.904,61.4171],[123.8393,61.4512],[123.859,61.5345],[123.8364,61.626],[123.7453,61.6444],[123.6361,61.6753],[123.6036,61.698],[123.632,61.7655],[123.5568,61.7858],[123.4703,61.787],[123.3709,61.7504],[123.3024,61.7505],[123.1939,61.7077],[123.0728,61.7003],[122.9004,61.721],[122.8236,61.7194],[122.752,61.7036],[122.707,61.6664],[122.6445,61.6339],[122.5269,61.6245],[122.36,61.6409],[122.1716,61.6728],[122.0158,61.7097],[121.6848,61.6962],[121.6075,61.7081],[121.6143,61.7448],[121.5351,61.773],[121.2924,61.776],[121.1982,61.8156],[121.0879,61.8425],[120.9632,61.8337],[120.849,61.8525],[120.4022,61.8528],[120.2623,61.8447],[120.2154,61.8505],[119.9265,61.8922],[119.8775,61.9075],[119.8926,61.9475],[119.7702,61.986],[119.6756,62.0365],[119.5244,62.0235],[119.4671,61.9771],[119.4503,61.9336],[119.5801,61.8916],[119.5909,61.8499],[119.5479,61.7942],[119.4203,61.7257],[119.3883,61.6637],[119.3538,61.6245],[119.182,61.5535],[119.1001,61.5506],[119.019,61.5335],[118.9494,61.4943],[118.8675,61.482],[118.7903,61.4801],[118.7182,61.4561],[118.6442,61.3978],[118.5072,61.358],[118.4501,61.3357],[118.4018,61.3],[118.4156,61.2562],[118.5209,61.2387],[118.5644,61.2218],[118.5234,61.1945],[118.3556,61.1662],[118.297,61.1011],[118.126,61.0162],[117.9243,60.962],[117.7958,60.8862],[117.673,60.8729],[117.6033,60.8742],[117.5953,60.8315],[117.4748,60.7536],[117.4078,60.7024],[117.3092,60.6449],[117.2867,60.4941],[117.2116,60.4476],[117.1047,60.4172],[117.0105,60.3813],[116.9554,60.3341],[116.9303,60.169],[117.0044,60.1149],[117.0103,60.0389],[117.0599,60.0124],[117.1605,60.0306],[117.2755,60.0385],[117.2708,60.0122],[117.2204,59.9664],[117.1968,59.9256],[117.1524,59.9024],[117.1054,59.9073],[117.0392,59.8634],[117.1297,59.8196],[117.1196,59.7567],[117.1427,59.6915],[117.1433,59.6319],[117.1114,59.58],[117.1483,59.5317],[117.2703,59.4846],[117.3663,59.4779],[117.4635,59.4962],[117.5631,59.475],[117.6309,59.5175],[117.7097,59.5342],[117.7462,59.4838],[117.7617,59.4388],[117.8151,59.415],[117.9226,59.4409],[117.9544,59.5347],[118.0209,59.553],[118.0306,59.5984],[118.0909,59.5884],[118.1748,59.5903],[118.2318,59.6069],[118.3269,59.5502],[118.3301,59.5086],[118.3662,59.4794],[118.462,59.4747],[118.5401,59.4434],[118.7392,59.413],[118.7877,59.3285],[118.8268,59.2949],[118.792,59.2567],[118.6895,59.198],[118.6952,59.1203],[118.743,59.0058],[118.81,58.9832],[118.8004,58.9461],[118.7475,58.9142],[118.7615,58.8559],[118.8167,58.8021],[118.8181,58.7014],[118.7715,58.6406],[118.7645,58.5946],[118.8587,58.5595],[118.8993,58.5592],[118.9715,58.528],[118.9711,58.5102],[119.0755,58.4875],[119.0887,58.4357],[119.0339,58.393],[119.0459,58.3583],[119.1071,58.3069],[119.1223,58.2755],[119.0888,58.2241],[119.1371,58.1275],[119.1069,58.0962],[119.1329,58.0481],[119.0783,57.9838],[119.0813,57.9043],[119.0438,57.7923],[119.0044,57.768],[119.0072,57.7272],[119.1131,57.6972],[119.1458,57.6489],[119.1274,57.5679],[119.1834,57.5132],[119.2391,57.5377],[119.2452,57.6008],[119.3123,57.616],[119.3943,57.6063],[119.4462,57.5795],[119.4297,57.5367],[119.3971,57.4993],[119.3915,57.4182],[119.5122,57.3297],[119.5245,57.2674],[119.5911,57.2107],[119.6626,57.1636],[119.6023,57.1202],[119.5954,57.0562],[119.6371,56.9807],[119.7815,56.9058],[120.0963,56.9213],[120.2665,56.9953],[120.3841,57.0273],[120.5308,57.0324],[120.6743,57.0561],[120.7346,57.0402],[120.8522,57.0527],[120.9397,57.0521],[121.022,57.0342],[121.3078,57.0028],[121.4044,57.0032],[121.487,56.9943],[121.5421,56.9644],[121.5781,56.8765],[121.6398,56.8578],[121.654,56.8245],[121.645,56.7713],[121.7341,56.7659],[121.8789,56.7462],[121.9896,56.7703],[122.0958,56.772],[122.1776,56.7637],[122.2518,56.7104],[122.3243,56.6727]]]},"properties":{"GID_0":"RUS","GID_1":"RUS.60_1","GID_2":"RUS.60.22_1","NAME_1":"Sakha","NAME_2":"Olekminskiyrayon"}},
{"type":"Feature","geometry":{"type":"Polygon","coordinates":[[[106.3093,66.4952],[106.5753,66.5029],[106.6155,66.4704],[106.9258,66.5256],[107.0171,66.5285],[107.1493,66.507],[107.2538,66.5294],[107.3887,66.5423],[107.5624,66.5342],[107.611,66.4966],[107.7031,66.5347],[107.857,66.5017],[107.9743,66.5413],[108.1534,66.6386],[108.222,66.7105],[108.3443,66.7471],[108.4982,66.739],[108.5844,66.7487],[108.6722,66.7747],[108.8032,66.7547],[108.8371,66.7091],[108.8029,66.6759],[108.7295,66.6575],[108.5992,66.64],[108.5243,66.6096],[108.5721,66.5845],[108.793,66.5931],[108.9408,66.6142],[109.1006,66.6291],[109.2834,66.6143],[109.342,66.5745],[109.309,66.5194],[109.129,66.4911],[109.1927,66.4476],[109.3451,66.4213],[109.3363,66.376],[109.261,66.3149],[109.107,66.2322],[109.1418,66.1847],[109.3082,66.1723],[109.3924,66.145],[109.4451,66.1577],[109.4779,66.2127],[109.5655,66.2483],[109.8034,66.3058],[110.0036,66.3386],[110.1304,66.4267],[110.1888,66.4353],[110.2612,66.4054],[110.4229,66.4381],[110.6388,66.495],[111.2224,66.6022],[111.6326,66.6907],[111.8712,66.7079],[112.1938,66.693],[112.4035,66.6505],[112.552,66.5871],[112.675,66.5717],[112.7379,66.5171],[113.0146,66.4344],[113.2255,66.3867],[113.3233,66.3245],[113.3428,66.2702],[113.3293,66.1945],[113.3391,66.1011],[113.3952,66.0088],[113.5369,65.9142],[113.5073,65.8768],[113.4036,65.8602],[113.3122,65.8675],[113.2119,65.9115],[113.1458,65.9157],[113.0215,65.8793],[112.2786,65.5841],[112.248,65.5395],[112.3356,65.499],[112.4891,65.4912],[112.6682,65.4556],[112.7095,65.4036],[112.7905,65.3642],[112.7942,65.3428],[112.7563,65.3088],[112.6354,65.2768],[112.5709,65.2311],[112.5865,65.1563],[112.6464,65.1058],[112.7512,65.0967],[112.8485,65.1121],[112.9781,65.0863],[113.062,64.9922],[113.2283,64.8554],[113.3657,64.8156],[113.5262,64.8022],[113.6773,64.806],[113.9913,64.7615],[114.0498,64.7286],[114.0732,64.6693],[114.0825,64.5864],[114.1341,64.531],[114.2015,64.5163],[114.2618,64.5223],[114.2902,64.5437],[114.4492,64.5883],[114.5031,64.6139],[114.5866,64.6107],[114.6936,64.6285],[114.8323,64.6321],[114.8713,64.6904],[114.8072,64.7363],[114.814,64.7875],[114.8891,64.8396],[115.0048,64.8639],[115.1645,64.8838],[115.3484,64.8911],[115.408,64.9215],[115.3945,64.9618],[115.4203,65.0187],[115.4852,65.0272],[115.5549,65.0139],[115.6659,65.0475],[115.7859,65.0235],[115.9698,65.0442],[116.0421,65.0797],[116.175,65.0364],[116.373,65.0421],[116.3912,65.0029],[116.4727,64.9721],[116.5825,64.9895],[116.6965,65.0456],[116.7943,65.0567],[116.8395,65.1219],[116.9378,65.1226],[116.9917,65.1421],[116.9955,65.1753],[117.0531,65.1935],[117.1216,65.1955],[117.2334,65.218],[117.3515,65.2725],[117.4369,65.341],[117.4555,65.4073],[117.4115,65.4534],[117.4225,65.5207],[117.5678,65.5799],[117.6428,65.6449],[117.7028,65.6571],[117.7394,65.6822],[117.785,65.7383],[117.8432,65.7544],[118.0968,65.7751],[118.0914,65.8058],[118.1446,65.879],[118.3089,65.984],[118.3503,66.0558],[118.3472,66.1061],[118.3092,66.1773],[118.0645,66.2742],[118.0906,66.3581],[118.2071,66.4434],[118.3178,66.4651],[118.4473,66.4554],[118.5438,66.4616],[118.6455,66.4899],[118.7882,66.4841],[118.8445,66.6338],[118.8172,66.7419],[118.7726,66.8339],[118.6697,66.938],[118.5522,66.9453],[118.4501,66.9761],[118.3725,67.0231],[118.2868,67.0615],[118.1403,67.0828],[117.962,67.0856],[117.7879,67.069],[117.6218,67.0824],[117.5797,67.1093],[117.5182,67.1184],[117.4321,67.1553],[117.4177,67.2027],[117.4653,67.2458],[117.6178,67.2932],[117.7691,67.3096],[117.9045,67.3445],[117.9518,67.3753],[117.8961,67.4318],[117.7812,67.4839],[117.7017,67.5361],[117.582,67.5895],[117.5577,67.6266],[117.6857,67.684],[117.7415,67.6943],[117.7978,67.6727],[117.9087,67.6904],[118.0178,67.7234],[118.1336,67.7293],[118.2959,67.7124],[118.3865,67.7349],[118.569,67.7552],[118.7009,67.7901],[118.6919,67.8446],[118.7426,67.8439],[118.7698,67.8937],[118.6837,67.9695],[118.7508,68.0488],[119.1098,68.0623],[119.3773,68.038],[119.4387,68.0106],[119.5427,68.002],[119.6517,68.0201],[119.7166,68.0667],[119.6876,68.1803],[119.6137,68.2214],[119.6216,68.2667],[119.6965,68.2707],[119.8318,68.2596],[119.9302,68.2675],[119.9773,68.2981],[119.9943,68.3624],[120.037,68.4095],[120.096,68.4181],[120.2191,68.4156],[120.3355,68.4233],[120.4401,68.4749],[120.4723,68.5251],[120.4705,68.5774],[120.3672,68.624],[120.2621,68.6897],[120.2144,68.7762],[120.109,68.8304],[119.9061,68.9223],[119.6232,68.9846],[119.4638,69.0108],[119.4269,69.0815],[119.4486,69.1207],[119.5748,69.2367],[119.7595,69.2776],[119.8372,69.3034],[119.9704,69.4225],[120.0474,69.4787],[120.1082,69.5649],[120.1196,69.6186],[120.2265,69.7038],[120.1761,69.7556],[120.2225,69.8767],[120.1674,70.001],[120.0558,70.0364],[119.9402,70.0862],[119.9738,70.1814],[120.2647,70.2814],[120.3857,70.3439],[120.4296,70.4078],[120.4303,70.4573],[120.9093,70.443],[121.1183,70.4559],[121.3557,70.4885],[121.5434,70.5359],[121.5898,70.5901],[121.616,70.6697],[121.7258,70.697],[121.7298,70.7388],[121.6498,70.7418],[121.6177,70.7703],[121.6409,70.8109],[121.7598,70.8786],[121.938,70.9234],[122.1141,70.9202],[122.1645,70.956],[122.1235,71.0319],[122.1546,71.1963],[122.2131,71.2246],[122.3,71.2352],[122.3565,71.2579],[122.3576,71.2936],[122.3122,71.3489],[122.2138,71.383],[122.017,71.4075],[121.9635,71.4356],[121.9721,71.4965],[121.821,71.5437],[121.6492,71.5747],[121.624,71.6257],[121.6537,71.6699],[121.5362,71.7287],[121.3861,71.7677],[121.2216,71.7808],[121.1557,71.8176],[121.0324,71.8486],[120.8589,71.8739],[120.8024,71.9211],[120.8689,71.9705],[120.921,72.0513],[120.8029,72.189],[120.59,72.2382],[120.4382,72.2269],[120.3346,72.2466],[120.3523,72.2789],[120.3103,72.2983],[120.2456,72.3058],[120.063,72.3055],[119.7681,72.2851],[119.5637,72.2318],[119.3991,72.1613],[119.1561,72.1144],[118.8999,72.0876],[118.6767,72.0702],[118.336,72.0245],[118.1525,72.0423],[118.0944,72.1248],[118.0327,72.1807],[117.9149,72.2146],[117.7906,72.2394],[117.6887,72.2335],[117.6203,72.2172],[117.5611,72.1667],[117.2116,72.1514],[117.1559,72.1111],[117.0042,72.1023],[116.8942,72.1149],[116.6891,72.0702],[116.4754,72.1097],[116.3169,72.1019],[116.233,72.0893],[116.2284,72.0147],[116.0584,71.9688],[115.8683,71.9395],[115.789,71.8991],[115.6594,71.8037],[115.4613,71.7645],[115.314,71.7205],[115.2942,71.6748],[115.1746,71.611],[114.9518,71.5817],[114.8575,71.5085],[114.67,71.4748],[114.7004,71.4182],[114.6776,71.3833],[114.3449,71.3931],[114.1693,71.4621],[113.9946,71.4588],[113.8896,71.419],[113.7088,71.4102],[113.6264,71.4351],[113.5729,71.49],[113.4699,71.5367],[113.4349,71.595],[113.5262,71.6258],[113.5155,71.6732],[113.3219,71.7631],[113.3381,71.8024],[113.3871,71.8443],[113.3346,71.8963],[113.2762,72.0219],[113.2936,72.1167],[113.2621,72.1506],[113.1736,72.1616],[113.0716,72.1593],[112.8893,72.1353],[112.6942,72.127],[112.3598,72.1535],[112.1535,72.1388],[112.0149,72.1213],[112.0507,72.0546],[112.0581,71.9277],[112.0277,71.7927],[112.0776,71.6739],[112.1208,71.5286],[112.0925,71.4313],[112.1256,71.3977],[112.3356,71.3652],[112.5111,71.2886],[112.6678,71.2821],[112.7564,71.2618],[112.7549,71.2125],[112.6115,71.2016],[112.5822,71.1475],[112.6204,71.1154],[112.5717,71.0727],[112.4269,71.0674],[112.3753,71.0184],[112.3193,71.0087],[112.24,71.0514],[112.1752,71.0524],[112.0013,70.9724],[111.8586,70.9647],[111.5809,70.9329],[111.4812,70.8726],[111.2757,70.8644],[110.9818,70.7921],[110.7623,70.7766],[110.6124,70.7528],[110.4909,70.7036],[110.3338,70.6938],[110.2112,70.6602],[110.1575,70.625],[110.1949,70.5882],[110.1236,70.5695],[110.1171,70.5101],[110.2982,70.4635],[110.3455,70.4207],[110.1822,70.4039],[109.9492,70.4013],[109.7533,70.3839],[109.6712,70.384],[109.626,70.3586],[109.6652,70.3118],[109.6126,70.2555],[109.4213,70.2293],[109.4051,70.1723],[109.4758,70.1443],[109.4477,70.0641],[109.5833,70.0395],[109.5765,70.0133],[109.5007,69.9847],[109.4758,69.9465],[109.4738,69.8907],[109.3551,69.7836],[109.1719,69.7616],[108.9749,69.773],[108.9255,69.798],[108.9346,69.8479],[108.8518,69.8551],[108.6831,69.8421],[108.4572,69.8468],[108.3366,69.8434],[108.2022,69.8121],[108.1129,69.7782],[108.0266,69.7021],[107.9673,69.687],[107.7846,69.693],[107.657,69.6684],[107.5052,69.6593],[107.3986,69.6229],[107.0457,69.5484],[106.9312,69.5367],[106.6868,69.5363],[106.5109,69.5755],[106.3667,69.535],[106.2873,69.4765],[106.1925,69.4576],[106.1558,69.3913],[106.5408,69.1507],[106.9039,68.877],[106.9601,68.6484],[106.9331,68.1791],[106.8847,67.8931],[106.8133,67.6379],[106.8113,67.4827],[106.7973,67.3757],[106.7516,67.2911],[106.6538,67.2524],[106.5614,67.2705],[106.4726,67.2765],[106.3535,67.244],[106.2923,67.2076],[106.2122,67.1984],[106.0799,67.1956],[106.0539,67.1148],[106.0116,67.0648],[105.927,67.0447],[105.7269,67.0448],[105.6555,67.0388],[105.5472,67.046],[105.5235,67.0146],[105.7095,66.9425],[105.8173,66.9656],[105.9303,66.9564],[105.9507,66.9061],[106.1456,66.9196],[106.1423,66.8673],[106.0652,66.8167],[106.1079,66.7987],[106.2109,66.8098],[106.2307,66.7594],[106.3121,66.7197],[106.271,66.6467],[106.3203,66.5916],[106.3284,66.5196],[106.3093,66.4952]]]},"properties":{"GID_0":"RUS","GID_1":"RUS.60_1","GID_2":"RUS.60.23_1","NAME_1":"Sakha","NAME_2":"Olenekskiyrayon"}},
{"type":"Feature","geometry":{"type":"Polygon","coordinates":[[[140.5222,62.4021],[140.6378,62.3926],[140.7243,62.4051],[140.7794,62.4438],[140.8229,62.4926],[140.9641,62.4935],[141.0242,62.443],[141.1112,62.4542],[141.1501,62.4464],[141.1443,62.3812],[141.2587,62.3771],[141.3515,62.3983],[141.3752,62.3424],[141.4785,62.2698],[141.5973,62.2351],[141.5927,62.1681],[141.6588,62.1225],[141.7507,62.1005],[141.7703,62.0676],[141.8915,62.0525],[141.9639,61.9845],[142.0377,62.0058],[142.1042,62.0073],[142.1634,62.0456],[142.264,62.0469],[142.2976,61.9557],[142.3274,61.9235],[142.4,61.9128],[142.4818,61.8721],[142.5885,61.8787],[142.7167,61.9475],[142.9666,61.9135],[143.0032,61.8641],[143.0916,61.8788],[143.1024,61.9335],[143.2129,61.9958],[143.2063,62.0767],[143.2612,62.1007],[143.3351,62.1025],[143.3401,62.0501],[143.4817,61.9982],[143.5489,62.028],[143.6403,62.019],[143.6857,61.9682],[143.6489,61.9438],[143.7694,61.842],[143.8495,61.9191],[143.9325,61.9296],[144.0031,61.957],[144.0598,61.945],[144.0231,61.9148],[144.0161,61.8833],[144.049,61.8366],[143.9871,61.7893],[144.0053,61.7478],[144.1135,61.7196],[144.1786,61.7419],[144.3298,61.7448],[144.3985,61.7702],[144.4365,61.8135],[144.5272,61.822],[144.5953,61.8396],[144.6693,61.9851],[144.7453,62.0103],[144.7892,62.0412],[144.7769,62.1019],[144.8501,62.1133],[144.9214,62.1595],[144.9762,62.1478],[145.0381,62.1745],[145.0614,62.2198],[145.1544,62.2262],[145.1957,62.281],[145.1932,62.3232],[145.1708,62.3587],[145.2501,62.433],[145.1889,62.4803],[145.2998,62.5296],[145.3376,62.5114],[145.4495,62.5271],[145.4856,62.5531],[145.4144,62.5926],[145.4603,62.6437],[145.4228,62.6527],[145.4788,62.6991],[145.468,62.7133],[145.3922,62.7257],[145.3807,62.7665],[145.4667,62.8285],[145.4492,62.9508],[145.3679,62.9856],[145.2546,63.0224],[145.3225,63.0591],[145.3214,63.1042],[145.2307,63.1603],[145.271,63.2184],[145.4006,63.2943],[145.3877,63.3391],[145.4733,63.4251],[145.4528,63.4772],[145.5069,63.5261],[145.6029,63.5684],[145.6155,63.6274],[145.6727,63.6731],[145.6425,63.7034],[145.6264,63.7934],[145.654,63.8357],[145.8615,63.8623],[146.1374,63.925],[146.2581,63.9986],[146.3013,64.0859],[146.3567,64.1539],[146.2798,64.1835],[146.1961,64.2026],[146.124,64.2292],[146.0412,64.2955],[145.9208,64.3492],[145.7608,64.3988],[145.5859,64.4358],[145.4585,64.4504],[145.3261,64.4781],[145.2345,64.5172],[145.1029,64.5512],[144.9631,64.5531],[144.8374,64.5834],[144.761,64.5904],[144.6359,64.5791],[144.5532,64.5926],[144.63,64.6659],[144.6598,64.7157],[144.6603,64.7581],[144.6058,64.8012],[144.3573,64.9028],[144.1734,64.9359],[144.174,64.9769],[144.1416,65.009],[143.9067,65.052],[143.7342,65.0691],[143.6049,65.0893],[143.3716,65.1839],[143.2286,65.2044],[143.0823,65.2133],[142.9788,65.2113],[142.8261,65.2851],[142.7132,65.2991],[142.5999,65.2895],[142.3921,65.3161],[142.0323,65.3999],[141.8808,65.4212],[141.8042,65.409],[141.7126,65.4124],[141.5459,65.4712],[141.3919,65.4891],[141.0012,65.5247],[140.9367,65.5941],[140.8345,65.623],[140.647,65.5873],[140.4988,65.5682],[140.3287,65.5606],[140.2131,65.53],[140.0574,65.5061],[139.9261,65.4534],[139.7799,65.3588],[139.6593,65.2573],[139.5478,65.099],[139.4413,64.9853],[139.4023,64.9176],[139.4532,64.8686],[139.6168,64.8493],[139.9915,64.7615],[140.0917,64.6639],[140.2471,64.6216],[140.3336,64.5912],[140.4033,64.5424],[140.4019,64.4889],[140.2924,64.4315],[140.2632,64.3696],[140.2966,64.317],[140.2197,64.2306],[140.2695,64.1952],[140.4753,64.1612],[140.5981,64.1294],[140.6755,64.0921],[140.6825,64.0359],[140.6141,63.9625],[140.5338,63.9017],[140.4919,63.8549],[140.4791,63.7953],[140.5426,63.7372],[140.6187,63.6951],[140.6493,63.659],[140.6423,63.5871],[140.573,63.5337],[140.4962,63.5141],[140.413,63.505],[140.278,63.4776],[140.1413,63.4376],[140.0089,63.3381],[139.9352,63.3348],[139.7946,63.2992],[139.7307,63.224],[139.7248,63.1514],[139.7001,63.0724],[139.6477,63.0113],[139.6671,62.9765],[139.7382,62.9233],[139.7354,62.8713],[139.7017,62.8144],[139.7155,62.7587],[139.7698,62.7167],[139.8566,62.6682],[139.956,62.6399],[140.0346,62.6314],[140.1711,62.6835],[140.2136,62.6695],[140.2558,62.6242],[140.2707,62.5718],[140.3566,62.5761],[140.4412,62.5568],[140.4928,62.5083],[140.5222,62.4021]]]},"properties":{"GID_0":"RUS","GID_1":"RUS.60_1","GID_2":"RUS.60.24_1","NAME_1":"Sakha","NAME_2":"Oymyakonskiyrayon"}},
{"type":"Feature","geometry":{"type":"Polygon","coordinates":[[[158.3844,68.024],[158.3018,68.0855],[158.2775,68.1433],[158.3141,68.1948],[158.3709,68.238],[158.3851,68.268],[158.2614,68.3559],[158.2355,68.435],[158.1312,68.5237],[158.0429,68.5527],[157.7126,68.5818],[157.6059,68.6087],[157.1904,68.6102],[157.0625,68.6286],[156.9072,68.6688],[156.7359,68.6398],[156.561,68.6282],[156.4917,68.6467],[156.5027,68.6907],[156.4447,68.738],[156.3719,68.7482],[156.2369,68.7226],[156.1294,68.7332],[156.0024,68.7325],[155.7611,68.7141],[155.6581,68.7489],[155.6604,68.7905],[155.7731,68.8473],[155.767,68.8865],[155.687,68.9015],[155.3553,68.8366],[155.1873,68.8353],[154.922,68.857],[154.7509,68.8848],[154.6758,68.9102],[154.4297,68.858],[154.2955,68.8442],[154.2086,68.8516],[154.1744,68.8916],[154.1543,68.9479],[154.0978,68.996],[154.0251,69.0317],[153.732,69.1006],[153.7021,69.1319],[153.6637,69.2076],[153.5976,69.2698],[153.5144,69.2892],[153.3825,69.2746],[153.2485,69.2492],[153.1314,69.2552],[153.0372,69.3529],[152.9478,69.4108],[152.7605,69.3987],[152.5379,69.3722],[152.4408,69.3751],[152.305,69.4208],[152.2116,69.47],[152.1046,69.5064],[151.9874,69.5565],[151.9436,69.6187],[152.0873,69.6882],[152.0094,69.7033],[151.9418,69.7133],[151.7736,69.7046],[151.6196,69.7159],[151.3386,69.8038],[151.2069,69.8292],[151.0046,69.7898],[150.8344,69.7747],[150.6746,69.7502],[150.5219,69.7068],[150.2619,69.6643],[150.0571,69.6074],[149.8022,69.5667],[149.44,69.5342],[149.1858,69.5219],[149.2012,69.4796],[149.0829,69.4007],[149.143,69.3648],[149.2449,69.3399],[149.211,69.262],[149.1709,69.2035],[149.0908,69.1635],[148.9538,69.1609],[148.862,69.1405],[148.7776,69.0609],[148.5567,68.9774],[148.5363,68.9349],[148.6288,68.913],[148.8405,68.8937],[148.8648,68.8438],[148.8641,68.7742],[148.9283,68.7219],[148.8795,68.6856],[148.7318,68.6595],[148.475,68.6468],[148.2224,68.6477],[147.832,68.6367],[147.7855,68.5586],[147.79,68.512],[147.8396,68.4698],[147.9151,68.4448],[147.855,68.3972],[147.8982,68.324],[147.8411,68.2873],[147.8349,68.2512],[147.9209,68.2047],[148.0325,68.1655],[148.0536,68.1468],[147.9879,68.0712],[148.0394,68.0439],[148.1415,68.0324],[148.2706,68.036],[148.3766,67.986],[148.4047,67.936],[148.3883,67.8947],[148.4754,67.848],[148.4875,67.8032],[148.3997,67.7601],[148.2751,67.7399],[148.1637,67.7095],[148.0777,67.6671],[148.0044,67.6433],[148.166,67.6382],[148.3145,67.6227],[148.437,67.6242],[148.5865,67.6863],[148.7598,67.7045],[148.9058,67.6907],[149.0439,67.614],[149.0618,67.5656],[149.109,67.5314],[149.291,67.5096],[149.3777,67.458],[149.4914,67.4032],[149.7017,67.3768],[149.8831,67.3712],[150.0547,67.3553],[150.1128,67.3288],[150.2178,67.2339],[150.3621,67.195],[150.5844,67.1514],[150.733,67.1128],[150.7895,67.0563],[150.9086,66.9819],[151.14,66.9146],[151.5548,66.797],[151.6917,66.7519],[151.8344,66.6803],[152.0437,66.5524],[152.1822,66.494],[152.3375,66.4441],[152.497,66.3985],[152.5739,66.3415],[152.6314,66.2522],[152.9454,66.251],[153.058,66.2331],[153.1414,66.201],[153.1604,66.1649],[153.2641,66.1191],[153.4193,66.0925],[153.5541,66.0623],[153.6183,66.006],[153.6676,65.9439],[153.7748,65.8682],[153.957,65.8606],[154.088,65.8742],[154.1423,65.8475],[154.1221,65.7914],[154.2506,65.794],[154.3498,65.8419],[154.4319,65.9064],[154.4105,65.9484],[154.4414,65.9803],[154.3952,66.0118],[154.3116,66.0282],[154.2838,66.0728],[154.458,66.1173],[154.4626,66.1644],[154.5548,66.1798],[154.6178,66.2035],[154.7078,66.1926],[154.7711,66.1632],[154.8754,66.1603],[154.9197,66.1084],[155.0537,66.1231],[155.1226,66.1752],[155.235,66.185],[155.2961,66.1371],[155.4309,66.1354],[155.5192,66.1512],[155.7338,66.1242],[155.9059,66.1692],[155.9579,66.1011],[156.0534,66.0836],[156.0902,66.0577],[156.2113,66.0667],[156.3226,66.0623],[156.4229,66.0412],[156.5256,66.0689],[156.5477,66.1257],[156.6868,66.1904],[156.7308,66.1831],[156.7647,66.1027],[157.0154,66.0362],[157.0269,65.9942],[156.9491,65.9662],[157.1351,65.9057],[157.2522,65.8959],[157.4411,65.8991],[157.4858,65.9237],[157.4639,65.9627],[157.6091,66.0118],[157.7247,66.0887],[157.9195,66.0994],[158.0248,66.1242],[158.1465,66.1413],[158.2839,66.1268],[158.3557,66.0725],[158.4353,66.0849],[158.5577,66.0731],[158.6169,66.0996],[158.4587,66.2243],[158.487,66.26],[158.5754,66.3175],[158.496,66.3599],[158.4982,66.3842],[158.456,66.426],[158.575,66.4594],[158.6126,66.5244],[158.6846,66.5783],[158.7884,66.6278],[158.7785,66.6767],[158.8444,66.7297],[158.9966,66.7639],[158.9762,66.7984],[158.8171,66.878],[158.8595,66.9705],[158.8251,67.0324],[158.665,67.0683],[158.5216,67.0919],[158.3474,67.1028],[158.285,67.1477],[158.2075,67.162],[158.1546,67.2039],[157.9698,67.2269],[157.9402,67.2554],[157.9683,67.3709],[157.8513,67.4528],[157.8305,67.5441],[157.8715,67.6032],[157.882,67.6797],[158.043,67.6944],[158.1691,67.6862],[158.3071,67.7092],[158.3614,67.7449],[158.352,67.7644],[158.2256,67.7897],[158.1702,67.8416],[158.3189,67.9145],[158.3237,67.9623],[158.3844,68.024]]]},"properties":{"GID_0":"RUS","GID_1":"RUS.60_1","GID_2":"RUS.60.25_1","NAME_1":"Sakha","NAME_2":"Srednekolymskiyrayon"}},
{"type":"Feature","geometry":{"type":"Polygon","coordinates":[[[117.6033,60.8742],[117.673,60.8729],[117.7958,60.8862],[117.9243,60.962],[118.126,61.0162],[118.297,61.1011],[118.3556,61.1662],[118.5234,61.1945],[118.5644,61.2218],[118.5209,61.2387],[118.4156,61.2562],[118.4018,61.3],[118.4501,61.3357],[118.5072,61.358],[118.6442,61.3978],[118.7182,61.4561],[118.7903,61.4801],[118.8675,61.482],[118.9494,61.4943],[119.019,61.5335],[119.1001,61.5506],[119.182,61.5535],[119.3538,61.6245],[119.3883,61.6637],[119.4203,61.7257],[119.5479,61.7942],[119.5909,61.8499],[119.5801,61.8916],[119.4503,61.9336],[119.4671,61.9771],[119.5244,62.0235],[119.6756,62.0365],[119.7702,61.986],[119.8926,61.9475],[119.8775,61.9075],[119.9265,61.8922],[120.2154,61.8505],[120.255,61.8954],[120.3008,61.9855],[120.343,62.0376],[120.3925,62.0661],[120.4452,62.1214],[120.4886,62.1931],[120.4695,62.2492],[120.3697,62.2981],[120.3608,62.3219],[120.3903,62.3515],[120.3852,62.3785],[120.3246,62.402],[120.2393,62.3831],[120.1109,62.417],[120.0928,62.4532],[120.0977,62.5209],[120.081,62.5719],[120.0115,62.6115],[119.9356,62.6126],[119.8966,62.5917],[119.8004,62.6198],[119.872,62.6718],[119.7743,62.6889],[119.6659,62.7176],[119.5716,62.7583],[119.4767,62.7493],[119.2815,62.7482],[119.0898,62.7762],[118.6022,62.8191],[118.3855,62.8352],[118.3264,62.8518],[118.213,62.9431],[117.9848,63.0008],[117.675,63.0571],[117.4025,63.0861],[117.0987,63.1055],[116.8243,63.1303],[116.522,63.1632],[116.2977,63.2035],[116.1201,63.2731],[115.8472,63.3927],[115.6587,63.5135],[115.493,63.6357],[115.3249,63.7755],[115.1898,63.8674],[115.1964,63.9498],[115.1764,63.9684],[115.041,64.0342],[114.8764,64.0835],[114.7485,64.0764],[114.6794,64.118],[114.5742,64.1262],[114.3981,64.1067],[114.2965,64.1363],[114.2868,64.116],[114.1462,64.0782],[114.0839,64.0323],[114.0105,64.0179],[113.8856,64.0282],[113.8027,64.0438],[113.6933,64.0332],[113.6285,64.0004],[113.6401,63.9433],[113.7645,63.891],[113.8491,63.844],[113.8817,63.7795],[113.7984,63.6705],[113.8252,63.5974],[113.8803,63.5052],[114.0067,63.4267],[114.1814,63.3627],[114.3154,63.3079],[114.4706,63.2536],[114.4999,63.1984],[114.4277,63.1576],[114.2991,63.1323],[114.214,63.1275],[114.1196,63.1602],[114.0618,63.1647],[113.9772,63.1451],[113.8424,63.185],[113.6634,63.1702],[113.6807,63.1182],[113.7258,63.1041],[113.8119,63.1063],[113.9136,63.0749],[113.9693,63.0257],[113.9619,62.9623],[114.0538,62.8986],[114.1614,62.8471],[114.1624,62.8195],[114.1177,62.7724],[114.2101,62.7031],[114.325,62.681],[114.3641,62.6644],[114.3348,62.5901],[114.3391,62.5255],[114.4318,62.4338],[114.5283,62.3884],[114.5967,62.3669],[114.6955,62.3524],[114.8026,62.2469],[114.9246,62.2068],[114.8381,62.1532],[114.8008,62.0503],[114.8092,61.9897],[114.7968,61.9421],[114.8374,61.926],[114.8122,61.8283],[114.8624,61.7946],[114.9973,61.7897],[115.0558,61.7246],[115.0329,61.587],[115.0854,61.551],[115.124,61.5644],[115.1597,61.6141],[115.2425,61.5924],[115.3408,61.5864],[115.4126,61.6321],[115.4389,61.6856],[115.5065,61.7124],[115.5738,61.7715],[115.6817,61.7994],[115.8198,61.7676],[115.8792,61.7896],[115.9508,61.789],[115.9911,61.7735],[115.9907,61.731],[116.0422,61.7298],[116.1363,61.7729],[116.2122,61.7957],[116.2767,61.7736],[116.2855,61.7282],[116.3141,61.7074],[116.3672,61.7198],[116.4245,61.7567],[116.476,61.7221],[116.4562,61.6845],[116.5814,61.6524],[116.6446,61.6256],[116.626,61.5592],[116.681,61.5398],[116.7516,61.5408],[116.8548,61.5629],[116.8934,61.5278],[116.8524,61.4807],[116.8768,61.4629],[117.0266,61.4785],[117.0573,61.4553],[117.0535,61.4149],[117.1968,61.3939],[117.2757,61.363],[117.3366,61.3082],[117.3562,61.2324],[117.3583,61.1633],[117.391,61.0933],[117.5708,60.9407],[117.6033,60.8742]]]},"properties":{"GID_0":"RUS","GID_1":"RUS.60_1","GID_2":"RUS.60.26_1","NAME_1":"Sakha","NAME_2":"Suntarskiyrayon"}},
{"type":"Feature","geometry":{"type":"Polygon","coordinates":[[[134.5274,61.388],[134.6252,61.3791],[134.7927,61.4024],[134.9008,61.3833],[135.0813,61.3803],[135.27,61.4432],[135.3371,61.4969],[135.422,61.519],[135.559,61.5728],[135.5536,61.6158],[135.4767,61.6225],[135.4073,61.6026],[135.3157,61.592],[135.2615,61.6152],[135.2503,61.6596],[135.2986,61.7369],[135.3604,61.7652],[135.4754,61.7909],[135.5345,61.8188],[135.5621,61.8654],[135.6185,61.8983],[135.7191,61.9319],[135.7749,61.9951],[135.72,62.0575],[135.6074,62.1579],[135.4329,62.2702],[135.2719,62.3619],[135.177,62.4342],[135.097,62.4621],[134.9665,62.4904],[134.5774,62.5956],[134.4854,62.5826],[134.4059,62.5964],[134.2034,62.6512],[134.044,62.7022],[134.015,62.7804],[134.0364,62.909],[134.0348,63.0495],[134.0896,63.1773],[134.0557,63.2722],[134.0859,63.3143],[134.08,63.3859],[134.012,63.457],[133.9665,63.4639],[133.8888,63.4239],[133.7547,63.3677],[133.5746,63.3349],[133.3535,63.3282],[133.0966,63.3593],[132.9847,63.3417],[132.8435,63.3396],[132.8358,63.2914],[132.8031,63.2133],[132.6942,63.0778],[132.543,62.9462],[132.4672,62.7291],[132.4665,62.5961],[132.4315,62.4824],[132.573,62.4721],[132.6783,62.458],[132.7566,62.4178],[132.7269,62.371],[132.661,62.3268],[132.7256,62.2644],[132.6918,62.2186],[132.7296,62.2003],[132.864,62.183],[132.9271,62.1136],[132.9603,62.025],[132.984,61.9234],[133.1054,61.9088],[133.1487,61.8492],[133.1934,61.8259],[133.299,61.8323],[133.3619,61.8545],[133.4011,61.9244],[133.5385,61.8513],[133.7859,61.8558],[133.8832,61.8241],[133.9571,61.83],[134.0475,61.8236],[134.2111,61.7913],[134.2612,61.7384],[134.3507,61.7124],[134.3952,61.6835],[134.3896,61.5728],[134.4592,61.5168],[134.5335,61.4688],[134.5274,61.388]]]},"properties":{"GID_0":"RUS","GID_1":"RUS.60_1","GID_2":"RUS.60.27_1","NAME_1":"Sakha","NAME_2":"Tattinskiyrayon"}},
{"type":"Feature","geometry":{"type":"Polygon","coordinates":[[[132.2735,63.6977],[132.3805,63.6846],[132.5065,63.6539],[132.6529,63.5949],[132.7227,63.5167],[132.7581,63.4432],[132.8435,63.3396],[132.9847,63.3417],[133.0966,63.3593],[133.3535,63.3282],[133.5746,63.3349],[133.7547,63.3677],[133.8888,63.4239],[133.9665,63.4639],[134.012,63.457],[134.08,63.3859],[134.0859,63.3143],[134.0557,63.2722],[134.0896,63.1773],[134.0348,63.0495],[134.0364,62.909],[134.015,62.7804],[134.044,62.7022],[134.2034,62.6512],[134.4059,62.5964],[134.4854,62.5826],[134.5774,62.5956],[134.9665,62.4904],[135.097,62.4621],[135.177,62.4342],[135.2719,62.3619],[135.4329,62.2702],[135.6074,62.1579],[135.72,62.0575],[135.7749,61.9951],[135.7191,61.9319],[135.6185,61.8983],[135.5621,61.8654],[135.5345,61.8188],[135.4754,61.7909],[135.3604,61.7652],[135.2986,61.7369],[135.2503,61.6596],[135.2615,61.6152],[135.3157,61.592],[135.4073,61.6026],[135.4767,61.6225],[135.5536,61.6158],[135.7276,61.745],[135.9365,61.8079],[136.1603,61.8071],[136.2328,61.7834],[136.2968,61.7264],[136.416,61.6752],[136.5851,61.6759],[136.8549,61.6315],[136.9549,61.6382],[137.012,61.6915],[137.1227,61.6908],[137.2839,61.7063],[137.4845,61.6775],[137.6682,61.7305],[137.6952,61.7767],[137.677,61.8243],[137.7168,61.8595],[137.7793,61.8945],[137.8318,62.0576],[137.7572,62.1213],[137.7989,62.2589],[137.8646,62.2764],[137.9167,62.2403],[138.0076,62.2229],[138.1872,62.2447],[138.4122,62.3578],[138.5411,62.439],[138.712,62.506],[138.8853,62.523],[139.0064,62.5111],[139.1317,62.4614],[139.2522,62.4451],[139.4378,62.4352],[139.5958,62.4473],[139.8223,62.4755],[139.962,62.5536],[139.956,62.6399],[139.8566,62.6682],[139.7698,62.7167],[139.7155,62.7587],[139.7017,62.8144],[139.7354,62.8713],[139.7382,62.9233],[139.6671,62.9765],[139.6477,63.0113],[139.7001,63.0724],[139.7248,63.1514],[139.7307,63.224],[139.7946,63.2992],[139.9352,63.3348],[140.0089,63.3381],[140.1413,63.4376],[140.278,63.4776],[140.413,63.505],[140.4962,63.5141],[140.573,63.5337],[140.6423,63.5871],[140.6493,63.659],[140.6187,63.6951],[140.5426,63.7372],[140.4791,63.7953],[140.4919,63.8549],[140.5338,63.9017],[140.6141,63.9625],[140.6825,64.0359],[140.6755,64.0921],[140.5981,64.1294],[140.4753,64.1612],[140.2695,64.1952],[140.2197,64.2306],[140.2966,64.317],[140.2632,64.3696],[140.2924,64.4315],[140.4019,64.4889],[140.4033,64.5424],[140.3336,64.5912],[140.2471,64.6216],[140.0917,64.6639],[139.9915,64.7615],[139.6168,64.8493],[139.4532,64.8686],[139.4023,64.9176],[139.4413,64.9853],[139.5478,65.099],[139.6593,65.2573],[139.7799,65.3588],[139.9261,65.4534],[140.0574,65.5061],[140.2131,65.53],[140.3287,65.5606],[140.1294,65.6345],[140.0989,65.6716],[140.1848,65.7128],[140.2668,65.7386],[140.3375,65.7785],[140.3695,65.8193],[140.2444,65.8329],[140.1084,65.8845],[140.0192,65.9285],[139.9432,65.9151],[139.8934,65.876],[139.7664,65.872],[139.6434,65.9084],[139.4328,66.0226],[139.2963,66.0544],[139.1257,66.047],[138.9244,66.0093],[138.7211,65.9786],[138.5668,65.9686],[138.3596,66.0424],[138.2737,66.0621],[138.1587,66.0503],[137.8841,66.0721],[137.5901,66.1024],[137.317,66.1333],[137.0339,66.1798],[136.8135,66.1881],[136.6426,66.1875],[136.3832,66.1068],[136.261,66.0784],[136.1591,66.0739],[135.9638,65.9716],[135.7749,65.8912],[135.6875,65.8715],[135.568,65.873],[135.3201,65.7967],[135.2189,65.7759],[134.8673,65.7379],[134.7794,65.7076],[134.5927,65.557],[134.4453,65.4571],[134.3816,65.3677],[134.3006,65.3808],[134.2167,65.382],[134.093,65.2846],[133.9937,65.2541],[133.9002,65.2399],[133.7871,65.2053],[133.5372,65.1817],[133.4073,65.2022],[133.3177,65.2065],[133.2027,65.1979],[133.04,65.1219],[132.97,65.1168],[132.912,65.0947],[132.8799,64.981],[132.8096,64.93],[132.7633,64.8645],[132.8095,64.8105],[132.9678,64.7429],[133.1961,64.6368],[133.2236,64.5978],[133.1806,64.5655],[133.075,64.5584],[132.9811,64.5405],[132.8637,64.4799],[132.7478,64.474],[132.7569,64.4119],[132.7783,64.3653],[132.859,64.3309],[132.8827,64.295],[132.758,64.1669],[132.7786,64.148],[132.7545,64.1178],[132.6404,64.0823],[132.5897,64.0366],[132.5987,63.9379],[132.4385,63.8276],[132.3473,63.7831],[132.2803,63.7393],[132.2735,63.6977]]]},"properties":{"GID_0":"RUS","GID_1":"RUS.60_1","GID_2":"RUS.60.28_1","NAME_1":"Sakha","NAME_2":"Tomponskiyrayon"}},
{"type":"Feature","geometry":{"type":"Polygon","coordinates":[[[132.4315,62.4824],[132.4665,62.5961],[132.4672,62.7291],[132.543,62.9462],[132.6942,63.0778],[132.8031,63.2133],[132.8358,63.2914],[132.8435,63.3396],[132.7581,63.4432],[132.7227,63.5167],[132.6529,63.5949],[132.5065,63.6539],[132.3805,63.6846],[132.2735,63.6977],[131.9768,63.6944],[131.6198,63.6716],[131.4459,63.6494],[131.2455,63.6409],[131.1081,63.6557],[130.8922,63.6972],[130.717,63.7236],[130.5783,63.754],[130.4248,63.7323],[130.1902,63.6129],[130.1192,63.5958],[130.0923,63.5706],[130.0338,63.5658],[129.9496,63.5445],[129.8645,63.4896],[129.8389,63.4354],[129.8818,63.3691],[129.9383,63.3296],[129.9735,63.2846],[129.9638,63.241],[129.9316,63.1864],[129.9382,63.1405],[130.0155,63.1035],[130.0845,63.0484],[130.1538,62.9802],[130.1311,62.9048],[130.0997,62.8482],[130.1558,62.8154],[130.3703,62.8064],[130.3768,62.7653],[130.3295,62.72],[130.1846,62.6187],[130.1107,62.5495],[130.0408,62.4396],[130.0356,62.3935],[130.0931,62.4199],[130.1601,62.4317],[130.3322,62.4181],[130.4334,62.4154],[130.5496,62.4211],[130.6562,62.4761],[130.7276,62.494],[130.7878,62.4894],[130.8202,62.466],[130.8362,62.4112],[130.8709,62.3892],[130.9858,62.3428],[131.0852,62.33],[131.2034,62.3248],[131.371,62.288],[131.4921,62.3263],[131.6504,62.3286],[131.7745,62.3035],[131.9152,62.2977],[132.0558,62.3262],[132.1796,62.4063],[132.2406,62.4364],[132.4315,62.4824]]]},"properties":{"GID_0":"RUS","GID_1":"RUS.60_1","GID_2":"RUS.60.29_1","NAME_1":"Sakha","NAME_2":"Ust'-Aldanskiyrayon"}},
{"type":"Feature","geometry":{"type":"Polygon","coordinates":[[[132.6249,58.8861],[132.8498,58.9102],[132.8947,58.966],[132.8,59.0166],[132.8404,59.0595],[132.861,59.0995],[132.937,59.0884],[133.0226,59.1081],[133.0554,59.1824],[133.1446,59.2051],[133.2769,59.1928],[133.4026,59.2137],[133.5458,59.25],[133.6664,59.215],[133.749,59.2208],[133.8651,59.2449],[133.9493,59.237],[134.0106,59.2536],[134.1474,59.2268],[134.2539,59.1887],[134.3449,59.204],[134.377,59.1806],[134.4505,59.1557],[134.5586,59.1547],[134.6769,59.2052],[134.7343,59.2032],[134.7807,59.1795],[134.7953,59.1444],[134.8566,59.1276],[134.9168,59.1391],[134.9787,59.1294],[135.0664,59.1027],[135.1615,59.0914],[135.2516,59.1167],[135.251,59.1427],[135.3503,59.1974],[135.3494,59.2621],[135.3913,59.2964],[135.5016,59.347],[135.5306,59.3936],[135.6639,59.4812],[135.7751,59.4972],[135.9147,59.4848],[136.0089,59.443],[136.1154,59.4266],[136.1275,59.3988],[136.2059,59.3834],[136.3194,59.3813],[136.3766,59.3586],[136.4823,59.3514],[136.5974,59.3507],[136.7535,59.3013],[136.8228,59.304],[136.8933,59.3485],[137.0045,59.3909],[137.1171,59.3938],[137.2188,59.4095],[137.2481,59.4278],[137.4,59.4934],[137.4962,59.5396],[137.5379,59.5731],[137.5179,59.638],[137.5977,59.6862],[137.6804,59.7209],[137.8796,59.7293],[138.0451,59.7184],[138.1125,59.7473],[138.153,59.7011],[138.1322,59.6446],[138.246,59.6468],[138.2838,59.6797],[138.3252,59.6954],[138.3216,59.718],[138.2495,59.7379],[138.2237,59.8223],[138.3283,59.9041],[138.2488,59.9542],[138.2724,59.9995],[138.271,60.0497],[138.227,60.1091],[138.2651,60.1403],[138.2664,60.2319],[138.3743,60.3138],[138.4152,60.3692],[138.352,60.4446],[138.418,60.4889],[138.4393,60.5169],[138.4321,60.5539],[138.4972,60.5985],[138.5481,60.6748],[138.4964,60.7074],[138.358,60.7724],[138.2423,60.8518],[138.2827,60.9203],[138.3893,61.0148],[138.3533,61.0647],[138.3844,61.0864],[138.4761,61.0754],[138.533,61.1065],[138.6113,61.1245],[138.7153,61.1766],[138.7588,61.214],[138.7135,61.2723],[138.7732,61.3231],[138.8235,61.286],[138.8907,61.3106],[138.9906,61.3199],[139.0817,61.3112],[139.1344,61.3414],[139.1321,61.3985],[139.1966,61.4306],[139.3268,61.4098],[139.4603,61.4562],[139.6531,61.4766],[139.6824,61.5077],[139.7947,61.5958],[139.8834,61.616],[139.8981,61.6724],[139.9968,61.7637],[140.0545,61.8569],[140.0047,61.9323],[140.0966,61.9539],[140.2555,61.9415],[140.2852,61.9486],[140.2984,61.9838],[140.3941,62.0337],[140.3347,62.0762],[140.3676,62.2263],[140.3967,62.3165],[140.4308,62.3692],[140.5222,62.4021],[140.4928,62.5083],[140.4412,62.5568],[140.3566,62.5761],[140.2707,62.5718],[140.2558,62.6242],[140.2136,62.6695],[140.1711,62.6835],[140.0346,62.6314],[139.956,62.6399],[139.962,62.5536],[139.8223,62.4755],[139.5958,62.4473],[139.4378,62.4352],[139.2522,62.4451],[139.1317,62.4614],[139.0064,62.5111],[138.8853,62.523],[138.712,62.506],[138.5411,62.439],[138.4122,62.3578],[138.1872,62.2447],[138.0076,62.2229],[137.9167,62.2403],[137.8646,62.2764],[137.7989,62.2589],[137.7572,62.1213],[137.8318,62.0576],[137.7793,61.8945],[137.7168,61.8595],[137.677,61.8243],[137.6952,61.7767],[137.6682,61.7305],[137.4845,61.6775],[137.2839,61.7063],[137.1227,61.6908],[137.012,61.6915],[136.9549,61.6382],[136.8549,61.6315],[136.5851,61.6759],[136.416,61.6752],[136.2968,61.7264],[136.2328,61.7834],[136.1603,61.8071],[135.9365,61.8079],[135.7276,61.745],[135.5536,61.6158],[135.559,61.5728],[135.422,61.519],[135.3371,61.4969],[135.27,61.4432],[135.0813,61.3803],[134.9008,61.3833],[134.7927,61.4024],[134.6252,61.3791],[134.5274,61.388],[134.3971,61.3519],[134.1472,61.3415],[134.0181,61.342],[133.7508,61.3101],[133.6412,61.2829],[133.5523,61.2525],[133.4855,61.2399],[133.392,61.2596],[133.2772,61.2387],[133.1009,61.2171],[133.1214,61.148],[133.0901,61.0585],[133.0751,60.9589],[133.0993,60.8849],[133.146,60.8123],[133.1651,60.7517],[133.0644,60.6853],[132.9009,60.6429],[132.6866,60.562],[132.6145,60.5309],[132.5535,60.5765],[132.5081,60.5819],[132.4361,60.5677],[132.3754,60.5367],[132.2625,60.3319],[132.1583,60.1081],[132.0886,59.9902],[132.0108,59.9044],[131.9476,59.9544],[131.8701,59.9498],[131.7916,59.9234],[131.7778,59.8146],[131.7716,59.6317],[131.8162,59.5],[131.8201,59.4328],[131.8508,59.3748],[131.9563,59.3178],[131.9998,59.2363],[132.0142,59.1601],[132.1313,59.136],[132.1284,59.1096],[132.2945,59.1118],[132.2903,59.0857],[132.2218,59.0662],[132.2177,59.0361],[132.2639,58.9897],[132.2736,58.9458],[132.2192,58.8652],[132.2922,58.84],[132.3906,58.8879],[132.5226,58.9309],[132.5891,58.9133],[132.6249,58.8861]]]},"properties":{"GID_0":"RUS","GID_1":"RUS.60_1","GID_2":"RUS.60.30_1","NAME_1":"Sakha","NAME_2":"Ust'-Mayskiyrayon"}},
{"type":"Feature","geometry":{"type":"MultiPolygon","coordinates":[[[[141.1768,67.7579],[141.1225,67.8155],[141.0301,67.8663],[140.9451,67.9414],[140.9321,68.0088],[140.9921,68.0748],[141.0876,68.1327],[141.0843,68.1755],[141.0035,68.2119],[140.9431,68.2649],[141.0628,68.3994],[141.1611,68.426],[141.3696,68.4308],[141.4648,68.4603],[141.745,68.5859],[141.84,68.6522],[141.8187,68.69],[141.5202,68.9075],[141.5214,68.9614],[141.5031,69.0778],[141.505,69.1481],[141.569,69.1917],[141.7025,69.22],[141.9044,69.2265],[142.0417,69.217],[142.1563,69.1921],[142.3007,69.185],[142.5509,69.2006],[142.6695,69.2156],[142.7237,69.2787],[142.5047,69.3747],[142.5446,69.4092],[142.5019,69.4593],[142.3511,69.48],[142.3018,69.5283],[142.3966,69.5633],[142.1378,69.5532],[142.0102,69.5776],[141.9915,69.6167],[142.0918,69.6583],[142.1194,69.6948],[142.0866,69.7442],[142.1204,69.7636],[142.2608,69.7941],[142.2454,69.8347],[142.1717,69.8565],[142.0521,69.8563],[141.9514,69.8724],[141.8387,69.8736],[141.609,69.8238],[141.414,69.8262],[141.3342,69.9052],[141.2023,69.957],[141.0926,69.9657],[140.9562,69.928],[140.819,69.9453],[140.8141,69.9937],[140.8626,70.1877],[140.945,70.264],[141.2242,70.3646],[141.5404,70.5251],[141.7398,70.6172],[141.8037,70.6965],[141.8239,70.7676],[141.9073,70.8287],[142.0657,70.896],[142.3075,70.9613],[142.495,71.0315],[142.6124,71.1132],[142.6317,71.192],[142.564,71.2701],[142.5327,71.3809],[142.565,71.4781],[142.6351,71.5909],[142.8011,71.6521],[142.9828,71.6983],[143.0596,71.7526],[143.0972,71.8232],[143.1241,71.9281],[143.2082,72.0004],[143.4086,72.0691],[143.611,72.1089],[143.82,72.1726],[144.1009,72.2444],[144.2579,72.2339],[144.288,72.2786],[144.3693,72.2714],[144.5042,72.2292],[144.7047,72.3641],[144.7937,72.4042],[144.9542,72.4313],[145.0667,72.4208],[145.1438,72.4],[145.2271,72.4292],[145.3021,72.4063],[145.3891,72.3432],[145.4479,72.3542],[145.85,72.3396],[146.1833,72.3438],[146.3979,72.3375],[146.5104,72.3438],[146.7292,72.3354],[146.6812,72.3688],[146.4729,72.3958],[146.1083,72.4542],[146.0313,72.4729],[145.9438,72.475],[145.7271,72.5083],[145.4776,72.5297],[145.325,72.5521],[144.875,72.5833],[144.6146,72.6125],[144.3104,72.6396],[144,72.6583],[143.7583,72.6583],[143.4771,72.6854],[142.9417,72.6896],[142.2813,72.7042],[142.0333,72.7125],[141.8583,72.725],[141.5833,72.7646],[141.4484,72.8005],[141.4224,72.8266],[141.3042,72.8479],[141.0375,72.8562],[140.8667,72.8771],[140.7542,72.8667],[140.7318,72.8318],[140.763,72.7984],[140.8328,72.787],[140.9021,72.7417],[140.962,72.7245],[141.013,72.688],[141.0958,72.6792],[141.1662,72.6536],[141.1307,72.612],[141.0193,72.5807],[140.9917,72.5542],[140.9109,72.5234],[140.7625,72.4979],[140.5229,72.4688],[140.2375,72.4708],[140.0813,72.4854],[139.9625,72.4854],[139.8583,72.4958],[139.6083,72.4917],[139.5359,72.4703],[139.2401,72.3411],[139.2276,72.3151],[139.1568,72.2807],[139.163,72.2109],[139.2104,72.1583],[139.3333,72.1229],[139.3938,72.1333],[139.5505,72.2057],[139.6354,72.2271],[139.8208,72.2188],[140.0146,72.2333],[140.1167,72.2146],[140.2536,72.2078],[140.2833,72.1792],[140.2333,72.15],[140.1479,72.1333],[140.0375,72.15],[140.1458,72.1708],[140.075,72.1917],[139.9318,72.1661],[139.9016,72.1109],[139.7526,72.0537],[139.7042,71.9958],[139.6042,71.9563],[139.4359,71.9734],[139.5036,72.0276],[139.4479,72.0396],[139.3729,71.9812],[139.4312,71.9437],[139.7292,71.9167],[139.762,71.9016],[139.7901,71.8495],[139.7797,71.7786],[139.7995,71.7599],[139.7776,71.6984],[139.8005,71.6547],[139.85,71.6292],[139.8646,71.5917],[139.913,71.5568],[140.0313,71.5208],[139.9401,71.4838],[139.7932,71.4578],[139.7417,71.4792],[139.4771,71.4938],[139.4287,71.4234],[139.3313,71.4063],[139.2333,71.4021],[139.1609,71.4391],[139.1849,71.4568],[139.1318,71.5599],[139.1646,71.5958],[139.0938,71.6125],[139.0172,71.6526],[139.0245,71.6745],[138.9604,71.6896],[138.8375,71.6708],[138.7167,71.6229],[138.5771,71.6208],[138.2729,71.5875],[138.1255,71.5891],[138.1005,71.562],[138.137,71.5443],[138.1037,71.4859],[138.0109,71.4328],[137.9474,71.3703],[138.125,71.3313],[138.0318,71.2943],[138.1125,71.2833],[138.175,71.275],[138.2937,71.2854],[138.3557,71.2714],[138.2896,71.2354],[138.1521,71.2396],[138.0958,71.2146],[138.0193,71.213],[137.9245,71.2474],[137.8089,71.2391],[137.7943,71.2151],[137.9812,71.2104],[138.0437,71.2],[138.1662,71.1391],[138.1208,71.1083],[138.0146,71.1146],[137.9229,71.1042],[137.8474,71.1109],[137.8537,71.1495],[137.8089,71.163],[137.7672,71.2193],[137.7786,71.2807],[137.7292,71.2813],[137.6667,71.2479],[137.5464,71.2734],[137.5516,71.2974],[137.4995,71.3432],[137.3771,71.3604],[137.387,71.3932],[137.3229,71.4063],[137.1854,71.4125],[137.0922,71.4297],[137.0521,71.4563],[136.9792,71.4646],[136.875,71.5333],[136.7292,71.5354],[136.5974,71.4964],[136.5437,71.5104],[136.6833,71.5604],[136.7495,71.5693],[136.5734,71.6109],[136.5,71.6104],[136.4708,71.5875],[136.3583,71.5792],[136.2937,71.6167],[136.1682,71.6099],[136.0792,71.6333],[135.9708,71.6417],[135.7875,71.6375],[135.6812,71.6271],[135.575,71.6021],[135.4646,71.5938],[135.2083,71.5458],[135.0188,71.5167],[134.8479,71.4729],[134.8193,71.4526],[134.8651,71.4255],[134.975,71.4021],[134.9438,71.3812],[134.8474,71.3662],[134.6583,71.4],[134.5813,71.3792],[134.4396,71.3625],[134.3396,71.3625],[134.0771,71.3792],[133.7833,71.4187],[133.4958,71.4792],[133.3568,71.5193],[133.1839,71.5859],[133.1141,71.6453],[133.013,71.6922],[132.9438,71.7417],[132.85,71.7438],[132.7609,71.7755],[132.75,71.8],[132.7964,71.8505],[132.7818,71.912],[132.8542,71.9396],[132.7542,71.9479],[132.6547,71.9203],[132.5464,71.8662],[132.462,71.788],[132.3505,71.7266],[132.2818,71.6682],[132.1734,71.5432],[132.0401,71.3109],[132.0516,71.288],[131.9953,71.2703],[132.0188,71.2271],[131.9089,71.1953],[131.8583,71.1583],[131.9292,71.1542],[131.8917,71.1208],[131.8146,71.1104],[131.8193,71.0661],[131.7901,71.038],[131.9786,70.9779],[132.1119,70.9299],[132.2117,70.8803],[132.1761,70.8258],[132.0211,70.7486],[132.0879,70.678],[132.1077,70.555],[131.9898,70.476],[132.0329,70.436],[132.3175,70.3514],[132.5343,70.3352],[132.8421,70.3407],[133.0765,70.3012],[133.191,70.219],[133.1591,70.1333],[133.0977,70.0642],[133.038,70.0257],[132.8881,69.9614],[132.8672,69.8995],[132.9299,69.8739],[133.0247,69.864],[133.1398,69.8831],[133.1844,69.8771],[133.2237,69.835],[133.1773,69.8034],[133.1903,69.7672],[133.3337,69.745],[133.5328,69.7453],[133.6572,69.7387],[133.8284,69.7686],[134.0572,69.8248],[134.197,69.8637],[134.2964,69.9536],[134.3774,69.9963],[134.4924,70.0005],[134.5464,69.9591],[134.6434,69.9426],[134.7787,69.8813],[134.9017,69.8035],[134.9828,69.7388],[135.0959,69.7104],[135.2151,69.7297],[135.3411,69.7644],[135.5445,69.7596],[135.7223,69.7628],[136.0866,69.8069],[136.3525,69.8433],[136.5134,69.8725],[136.6362,69.8642],[136.7366,69.8002],[136.7327,69.7641],[136.5548,69.686],[136.5445,69.6459],[136.5929,69.6137],[136.5651,69.5447],[136.6395,69.5029],[136.7421,69.4645],[136.6871,69.4233],[136.6674,69.38],[136.7199,69.3436],[136.8028,69.3093],[136.7217,69.2125],[136.8426,69.1636],[136.8582,69.1149],[136.8981,69.0895],[137.3045,69.0325],[137.4465,69.0355],[137.6857,69.0702],[137.8304,69.0467],[137.9148,68.9854],[138.0877,68.8838],[138.1886,68.7991],[138.2507,68.7365],[138.2716,68.6597],[138.2168,68.5692],[138.205,68.4968],[138.2867,68.4413],[138.4648,68.3759],[138.7984,68.3304],[138.8619,68.3055],[138.8539,68.2771],[138.9571,68.2632],[138.9695,68.2256],[138.8726,68.1949],[138.7168,68.1933],[138.6334,68.1755],[138.6226,68.1273],[138.6828,68.1021],[138.836,68.0707],[138.888,68.0408],[138.9078,67.9527],[138.8678,67.8812],[138.879,67.8177],[138.7338,67.696],[138.6588,67.6568],[138.6501,67.6145],[138.7141,67.5457],[138.7623,67.5154],[138.8997,67.5315],[139.1079,67.5278],[139.2351,67.5113],[139.375,67.5198],[139.5129,67.5408],[139.7103,67.6198],[139.8159,67.6739],[140.0461,67.7456],[140.1948,67.7745],[140.3369,67.7896],[140.456,67.8205],[140.5693,67.8319],[140.6761,67.8175],[140.7901,67.7779],[140.8833,67.7668],[141.045,67.7586],[141.1768,67.7579]]],[[[138.8271,71.9688],[138.7437,71.9688],[138.6,71.9458],[138.4339,71.8995],[138.3599,71.8359],[138.2661,71.7714],[138.238,71.7109],[138.3438,71.6729],[138.4375,71.6729],[138.5083,71.65],[138.5958,71.6542],[138.6313,71.6292],[138.7063,71.6375],[138.7401,71.6682],[138.8833,71.6937],[138.9276,71.7328],[139.0661,71.7714],[138.9984,71.7963],[138.9995,71.8745],[138.9307,71.9495],[138.8271,71.9688]]],[[[137.1563,71.4708],[137.1854,71.4292],[137.2536,71.4432],[137.1563,71.4708]]],[[[137.8188,71.5958],[137.7188,71.5792],[137.6146,71.5896],[137.4479,71.5917],[137.2708,71.5771],[137.1708,71.5479],[137.0521,71.5375],[137.0151,71.4943],[137.0667,71.475],[137.1776,71.4838],[137.45,71.4208],[137.4875,71.4688],[137.6125,71.475],[137.6417,71.4437],[137.7813,71.4104],[137.8958,71.4375],[138.0005,71.4953],[138.0307,71.5307],[137.9812,71.5729],[137.8188,71.5958]]],[[[144.284,72.1977],[144.2671,72.1817],[144.3558,72.1453],[144.5671,72.1462],[144.7204,72.1773],[144.826,72.2172],[144.6438,72.1708],[144.5375,72.1521],[144.4187,72.1563],[144.3313,72.1729],[144.284,72.1977]]],[[[145.6785,72.2704],[145.5542,72.2729],[145.4292,72.2625],[145.1417,72.2521],[144.8745,72.2207],[145.338,72.254],[145.6785,72.2704]]],[[[146.8092,72.262],[146.8938,72.2712],[146.9539,72.2988],[146.8438,72.3083],[146.5271,72.3125],[146.3687,72.3021],[146.0938,72.2958],[145.6967,72.2712],[146.1068,72.2753],[146.5029,72.2823],[146.8092,72.262]]]]},"properties":{"GID_0":"RUS","GID_1":"RUS.60_1","GID_2":"RUS.60.31_1","NAME_1":"Sakha","NAME_2":"Ust'-Yanskiyrayon"}},
{"type":"Feature","geometry":{"type":"Polygon","coordinates":[[[153.7748,65.8682],[153.6676,65.9439],[153.6183,66.006],[153.5541,66.0623],[153.4193,66.0925],[153.2641,66.1191],[153.1604,66.1649],[153.1414,66.201],[153.058,66.2331],[152.9454,66.251],[152.6314,66.2522],[152.5739,66.3415],[152.497,66.3985],[152.3375,66.4441],[152.1822,66.494],[152.0437,66.5524],[151.8344,66.6803],[151.6917,66.7519],[151.5548,66.797],[151.14,66.9146],[150.9086,66.9819],[150.7895,67.0563],[150.733,67.1128],[150.5844,67.1514],[150.3621,67.195],[150.2178,67.2339],[150.1128,67.3288],[150.0547,67.3553],[149.8831,67.3712],[149.7017,67.3768],[149.4914,67.4032],[149.3777,67.458],[149.291,67.5096],[149.109,67.5314],[149.0618,67.5656],[149.0439,67.614],[148.9058,67.6907],[148.7598,67.7045],[148.5865,67.6863],[148.437,67.6242],[148.3145,67.6227],[148.166,67.6382],[148.0044,67.6433],[147.8817,67.6167],[147.824,67.577],[147.8621,67.5312],[147.9465,67.482],[147.7329,67.3568],[147.8617,67.3715],[147.9595,67.344],[148.0107,67.2971],[148.1162,67.2501],[148.257,67.2305],[148.3762,67.2325],[148.4106,67.1981],[148.3863,67.1258],[148.3317,67.0721],[148.213,67.0089],[148.1846,66.9658],[148.2279,66.9222],[148.2967,66.9217],[148.4006,66.9392],[148.4796,66.94],[148.5336,66.9118],[148.4756,66.8702],[148.4739,66.8251],[148.5319,66.7726],[148.5686,66.7055],[148.4973,66.6566],[148.2883,66.6083],[147.9657,66.5402],[147.7874,66.4742],[147.5623,66.3563],[147.3119,66.2367],[147.1896,66.1308],[147.1581,66.0739],[147.2654,66.0122],[147.4353,65.9812],[147.4901,65.8954],[147.6098,65.8503],[147.8174,65.7405],[147.946,65.6939],[148.0635,65.6582],[148.1743,65.6524],[148.2757,65.6354],[148.3218,65.6068],[148.2031,65.5529],[148.2566,65.5241],[148.4202,65.5157],[148.4828,65.4858],[148.4739,65.4177],[148.4975,65.3812],[148.6229,65.3305],[148.7323,65.2745],[148.8137,65.208],[148.8129,65.1731],[148.8815,65.1366],[148.9584,65.114],[148.981,65.0861],[148.881,65.0686],[148.8052,65.0447],[148.7594,64.9973],[148.7399,64.9561],[148.651,64.9189],[148.4806,64.8927],[148.4266,64.8535],[148.3977,64.7471],[148.3311,64.6766],[148.2609,64.6317],[148.2225,64.5942],[148.2663,64.5646],[148.3689,64.5286],[148.4835,64.5036],[148.502,64.4484],[148.6504,64.415],[148.7646,64.4492],[148.8816,64.4057],[148.9269,64.4515],[149.0697,64.4332],[149.18,64.3821],[149.3149,64.3762],[149.2921,64.4205],[149.4086,64.3985],[149.4808,64.4145],[149.6019,64.474],[149.6611,64.4804],[149.7561,64.5097],[149.8048,64.5534],[149.9454,64.544],[149.9437,64.505],[150.1034,64.4666],[150.0966,64.4297],[149.9976,64.3922],[150.0385,64.3549],[150.0224,64.2995],[150.1765,64.2428],[150.2128,64.1922],[150.3584,64.2006],[150.5101,64.159],[150.6194,64.1569],[150.6064,64.2947],[150.6642,64.335],[150.7413,64.3349],[150.8812,64.3117],[151.0444,64.3202],[151.1476,64.3572],[151.1941,64.3318],[151.2993,64.3679],[151.4099,64.3057],[151.4852,64.3175],[151.5356,64.3498],[151.5383,64.3944],[151.5938,64.4221],[151.6894,64.423],[151.7856,64.4542],[151.869,64.4526],[151.9092,64.4664],[152.0219,64.4575],[152.0991,64.4301],[152.041,64.3675],[152.1098,64.35],[152.356,64.3765],[152.4015,64.4254],[152.3756,64.4635],[152.2892,64.5013],[152.319,64.5273],[152.4125,64.5276],[152.5038,64.565],[152.5517,64.6182],[152.647,64.6308],[152.751,64.6681],[152.7966,64.7148],[152.7783,64.7433],[152.6236,64.7777],[152.5653,64.8836],[152.4938,64.9973],[152.6222,65.0277],[152.634,65.1364],[152.7172,65.1819],[152.716,65.2147],[152.7608,65.2311],[152.8631,65.2312],[152.9917,65.2749],[153.1575,65.2523],[153.2398,65.2647],[153.2406,65.3021],[153.303,65.3294],[153.4182,65.3292],[153.5018,65.3777],[153.5208,65.426],[153.4062,65.4688],[153.4341,65.5238],[153.5292,65.5584],[153.5866,65.6025],[153.5502,65.6373],[153.6021,65.6967],[153.5921,65.7178],[153.5215,65.7288],[153.5508,65.8159],[153.702,65.8356],[153.7748,65.8682]]]},"properties":{"GID_0":"RUS","GID_1":"RUS.60_1","GID_2":"RUS.60.32_1","NAME_1":"Sakha","NAME_2":"Verkhnekolymskiyrayon"}},
{"type":"Feature","geometry":{"type":"Polygon","coordinates":[[[122.2446,62.3883],[122.2023,62.4612],[122.2135,62.5143],[122.2572,62.6495],[122.2345,62.6937],[122.1412,62.7696],[122.0012,62.8392],[121.9231,62.8899],[121.8811,62.9407],[121.8586,63.0094],[121.86,63.0763],[121.9719,63.231],[121.9592,63.2936],[121.9045,63.3359],[121.7966,63.3557],[121.6924,63.4289],[121.6053,63.4719],[121.5131,63.4929],[121.3049,63.5116],[121.1952,63.5537],[121.0839,63.612],[121.0137,63.6625],[120.9707,63.7299],[120.9931,63.8015],[121.0634,63.8266],[121.2848,63.8068],[121.3658,63.8189],[121.4209,63.8509],[121.4272,63.9343],[121.4548,63.9626],[121.5311,63.9982],[121.5264,64.0425],[121.476,64.098],[121.3991,64.1639],[121.3502,64.2552],[121.2944,64.3018],[121.1784,64.3237],[121.0538,64.3173],[120.9589,64.2801],[120.8549,64.2177],[120.7535,64.1767],[120.6733,64.1725],[120.5749,64.1906],[120.4049,64.238],[120.3459,64.2817],[120.2915,64.3985],[120.3116,64.4497],[120.3619,64.4865],[120.3005,64.5089],[120.1751,64.4998],[120.0303,64.5424],[119.9161,64.6704],[119.938,64.8075],[119.9944,64.9478],[119.9703,64.9868],[119.9119,65.0369],[119.7101,65.0785],[119.5788,65.1233],[119.5227,65.1624],[119.4948,65.267],[119.4351,65.3027],[119.2488,65.3964],[119.2139,65.4412],[119.2644,65.5987],[119.3145,65.6381],[119.5022,65.7242],[119.6211,65.8045],[119.7014,65.8962],[119.7285,65.9811],[119.7259,66.045],[119.6504,66.1709],[119.5674,66.2179],[119.4607,66.2581],[119.2854,66.3083],[119.1296,66.3748],[118.8965,66.4652],[118.7882,66.4841],[118.6455,66.4899],[118.5438,66.4616],[118.4473,66.4554],[118.3178,66.4651],[118.2071,66.4434],[118.0906,66.3581],[118.0645,66.2742],[118.3092,66.1773],[118.3472,66.1061],[118.3503,66.0558],[118.3089,65.984],[118.1446,65.879],[118.0914,65.8058],[118.0968,65.7751],[118.2887,65.8128],[118.3553,65.8091],[118.4144,65.7816],[118.4551,65.7156],[118.5079,65.6954],[118.6267,65.5666],[118.6323,65.5141],[118.5719,65.4269],[118.7087,65.3571],[118.8192,65.2903],[118.8892,65.2264],[118.9721,65.1221],[119.0694,64.9407],[119.1032,64.8282],[119.0804,64.4378],[119.1177,64.3317],[119.1606,64.2343],[119.2657,64.1431],[119.4062,64.0727],[119.5196,63.9765],[119.6078,63.8843],[119.6101,63.716],[119.6356,63.6244],[119.669,63.5657],[119.755,63.5177],[119.7721,63.463],[119.7676,63.4101],[119.7244,63.352],[119.649,63.2843],[119.5098,63.1977],[119.4565,63.1046],[119.4534,63.0377],[119.487,62.9696],[119.5587,62.9171],[119.5867,62.8666],[119.5894,62.813],[119.5716,62.7583],[119.6659,62.7176],[119.7743,62.6889],[119.872,62.6718],[119.8004,62.6198],[119.8966,62.5917],[119.9356,62.6126],[120.0115,62.6115],[120.081,62.5719],[120.0977,62.5209],[120.0928,62.4532],[120.1109,62.417],[120.2393,62.3831],[120.3246,62.402],[120.3852,62.3785],[120.3903,62.3515],[120.3608,62.3219],[120.3697,62.2981],[120.4695,62.2492],[120.4886,62.1931],[120.4452,62.1214],[120.3925,62.0661],[120.343,62.0376],[120.3008,61.9855],[120.255,61.8954],[120.2154,61.8505],[120.2623,61.8447],[120.4022,61.8528],[120.849,61.8525],[120.9632,61.8337],[121.0879,61.8425],[121.1982,61.8156],[121.2924,61.776],[121.5351,61.773],[121.6143,61.7448],[121.6075,61.7081],[121.6848,61.6962],[122.0158,61.7097],[122.1716,61.6728],[122.36,61.6409],[122.5269,61.6245],[122.6445,61.6339],[122.707,61.6664],[122.752,61.7036],[122.8236,61.7194],[122.8424,61.8159],[122.8313,61.8518],[122.7773,61.8738],[122.7451,61.9056],[122.8436,61.9162],[122.9344,61.9384],[122.9358,61.9789],[122.8397,62.0552],[122.8028,62.1152],[122.7269,62.1615],[122.5893,62.2072],[122.4897,62.205],[122.4037,62.2158],[122.3274,62.2524],[122.2671,62.2988],[122.2438,62.344],[122.2446,62.3883]]]},"properties":{"GID_0":"RUS","GID_1":"RUS.60_1","GID_2":"RUS.60.33_1","NAME_1":"Sakha","NAME_2":"Verkhnevilyuyskiyrayon"}},
{"type":"Feature","geometry":{"type":"Polygon","coordinates":[[[133.214,69.5758],[133.5993,69.2805],[133.4784,67.4876],[132.5108,66.2709],[131.7566,65.7587],[131.6417,65.6956],[131.692,65.6673],[131.6833,65.6232],[131.5449,65.546],[131.4668,65.5123],[131.4263,65.4496],[131.4566,65.3946],[131.5787,65.3835],[131.7098,65.3347],[131.7763,65.2506],[131.8985,65.1832],[131.9767,65.0487],[132.0665,64.9665],[132.31,64.8226],[132.3361,64.761],[132.2901,64.7048],[132.2277,64.6665],[132.2189,64.6227],[132.3067,64.5609],[132.5562,64.548],[132.7001,64.503],[132.7478,64.474],[132.8637,64.4799],[132.9811,64.5405],[133.075,64.5584],[133.1806,64.5655],[133.2236,64.5978],[133.1961,64.6368],[132.9678,64.7429],[132.8095,64.8105],[132.7633,64.8645],[132.8096,64.93],[132.8799,64.981],[132.912,65.0947],[132.97,65.1168],[133.04,65.1219],[133.2027,65.1979],[133.3177,65.2065],[133.4073,65.2022],[133.5372,65.1817],[133.7871,65.2053],[133.9002,65.2399],[133.9937,65.2541],[134.093,65.2846],[134.2167,65.382],[134.3006,65.3808],[134.3816,65.3677],[134.4453,65.4571],[134.5927,65.557],[134.7794,65.7076],[134.8673,65.7379],[135.2189,65.7759],[135.3201,65.7967],[135.568,65.873],[135.6875,65.8715],[135.7749,65.8912],[135.9638,65.9716],[136.1591,66.0739],[136.261,66.0784],[136.3832,66.1068],[136.6426,66.1875],[136.8135,66.1881],[137.0339,66.1798],[137.317,66.1333],[137.5901,66.1024],[137.8841,66.0721],[138.1587,66.0503],[138.2737,66.0621],[138.3596,66.0424],[138.5668,65.9686],[138.7211,65.9786],[138.9244,66.0093],[139.1257,66.047],[139.2963,66.0544],[139.4328,66.0226],[139.6434,65.9084],[139.7664,65.872],[139.8934,65.876],[139.9432,65.9151],[140.0192,65.9285],[140.0454,65.9511],[140.0827,66.0212],[139.9775,66.0772],[139.6382,66.1835],[139.6121,66.2408],[139.6644,66.2937],[139.8154,66.3391],[140.1259,66.4143],[140.2283,66.4231],[140.3409,66.4148],[140.429,66.4406],[140.4926,66.5205],[140.4904,66.5487],[140.4248,66.562],[140.2747,66.566],[140.2212,66.6045],[140.0295,66.6479],[139.9576,66.679],[139.8521,66.7803],[139.7729,66.8021],[139.5607,66.8092],[139.4693,66.8394],[139.4247,66.9482],[139.3031,67.023],[139.1768,67.0453],[139.002,67.0656],[138.8869,67.1053],[138.8387,67.1663],[138.8694,67.2119],[139.027,67.3009],[139.0266,67.3587],[138.9342,67.4284],[138.7623,67.5154],[138.7141,67.5457],[138.6501,67.6145],[138.6588,67.6568],[138.7338,67.696],[138.879,67.8177],[138.8678,67.8812],[138.9078,67.9527],[138.888,68.0408],[138.836,68.0707],[138.6828,68.1021],[138.6226,68.1273],[138.6334,68.1755],[138.7168,68.1933],[138.8726,68.1949],[138.9695,68.2256],[138.9571,68.2632],[138.8539,68.2771],[138.8619,68.3055],[138.7984,68.3304],[138.4648,68.3759],[138.2867,68.4413],[138.205,68.4968],[138.2168,68.5692],[138.2716,68.6597],[138.2507,68.7365],[138.1886,68.7991],[138.0877,68.8838],[137.9148,68.9854],[137.8304,69.0467],[137.6857,69.0702],[137.4465,69.0355],[137.3045,69.0325],[136.8981,69.0895],[136.8582,69.1149],[136.8426,69.1636],[136.7217,69.2125],[136.8028,69.3093],[136.7199,69.3436],[136.6674,69.38],[136.6871,69.4233],[136.7421,69.4645],[136.6395,69.5029],[136.5651,69.5447],[136.5929,69.6137],[136.5445,69.6459],[136.5548,69.686],[136.7327,69.7641],[136.7366,69.8002],[136.6362,69.8642],[136.5134,69.8725],[136.3525,69.8433],[136.0866,69.8069],[135.7223,69.7628],[135.5445,69.7596],[135.3411,69.7644],[135.2151,69.7297],[135.0959,69.7104],[134.9828,69.7388],[134.9017,69.8035],[134.7787,69.8813],[134.6434,69.9426],[134.5464,69.9591],[134.4924,70.0005],[134.3774,69.9963],[134.2964,69.9536],[134.197,69.8637],[134.0572,69.8248],[133.8284,69.7686],[133.6572,69.7387],[133.6291,69.6945],[133.4703,69.6509],[133.3003,69.6577],[133.2649,69.5923],[133.214,69.5758]]]},"properties":{"GID_0":"RUS","GID_1":"RUS.60_1","GID_2":"RUS.60.34_1","NAME_1":"Sakha","NAME_2":"Verkhoyanskiyrayon"}},
{"type":"Feature","geometry":{"type":"Polygon","coordinates":[[[125.7726,63.1434],[125.4948,63.1548],[125.1593,63.1884],[124.7892,63.2424],[124.4861,63.2967],[124.1986,63.362],[123.9378,63.4348],[123.8247,63.5491],[123.7094,63.5831],[123.6143,63.6674],[123.6339,63.7716],[123.7138,63.8153],[123.8176,63.9445],[123.9314,64.007],[124.1498,64.0408],[124.3232,64.0915],[124.4342,64.1399],[124.5243,64.2265],[124.6876,64.2557],[124.854,64.293],[124.9992,64.3774],[125.1284,64.4811],[125.211,64.5217],[125.123,64.5646],[124.9901,64.6081],[124.9626,64.6593],[124.9897,64.6966],[124.9177,64.757],[124.6491,64.8465],[124.5995,64.8788],[124.6058,64.9166],[124.309,64.8943],[124.2165,64.8393],[124.1724,64.7708],[124.1349,64.7401],[123.9624,64.7074],[123.6208,64.7146],[123.3481,64.7317],[123.1232,64.8111],[122.986,64.8413],[122.9061,64.7688],[122.75,64.7777],[122.3907,64.8803],[122.1311,64.9704],[121.798,65.0787],[121.5563,65.1591],[121.267,65.3103],[121.0838,65.4656],[120.7848,65.6528],[120.5019,65.8589],[120.409,66.0192],[120.4734,66.193],[120.4449,66.3214],[120.2878,66.4009],[120.2665,66.4312],[120.2895,66.4712],[120.2176,66.4981],[120.0786,66.5275],[119.9529,66.6188],[119.8296,66.6954],[119.6988,66.7603],[119.5293,66.7992],[119.2849,66.8248],[118.9017,66.9139],[118.7796,66.9333],[118.6697,66.938],[118.7726,66.8339],[118.8172,66.7419],[118.8445,66.6338],[118.7882,66.4841],[118.8965,66.4652],[119.1296,66.3748],[119.2854,66.3083],[119.4607,66.2581],[119.5674,66.2179],[119.6504,66.1709],[119.7259,66.045],[119.7285,65.9811],[119.7014,65.8962],[119.6211,65.8045],[119.5022,65.7242],[119.3145,65.6381],[119.2644,65.5987],[119.2139,65.4412],[119.2488,65.3964],[119.4351,65.3027],[119.4948,65.267],[119.5227,65.1624],[119.5788,65.1233],[119.7101,65.0785],[119.9119,65.0369],[119.9703,64.9868],[119.9944,64.9478],[119.938,64.8075],[119.9161,64.6704],[120.0303,64.5424],[120.1751,64.4998],[120.3005,64.5089],[120.3619,64.4865],[120.3116,64.4497],[120.2915,64.3985],[120.3459,64.2817],[120.4049,64.238],[120.5749,64.1906],[120.6733,64.1725],[120.7535,64.1767],[120.8549,64.2177],[120.9589,64.2801],[121.0538,64.3173],[121.1784,64.3237],[121.2944,64.3018],[121.3502,64.2552],[121.3991,64.1639],[121.476,64.098],[121.5264,64.0425],[121.5311,63.9982],[121.4548,63.9626],[121.4272,63.9343],[121.4209,63.8509],[121.3658,63.8189],[121.2848,63.8068],[121.0634,63.8266],[120.9931,63.8015],[120.9707,63.7299],[121.0137,63.6625],[121.0839,63.612],[121.1952,63.5537],[121.3049,63.5116],[121.5131,63.4929],[121.6053,63.4719],[121.6924,63.4289],[121.7966,63.3557],[121.9045,63.3359],[121.9592,63.2936],[121.9719,63.231],[121.86,63.0763],[121.8586,63.0094],[121.8811,62.9407],[121.9231,62.8899],[122.0012,62.8392],[122.1412,62.7696],[122.2345,62.6937],[122.2572,62.6495],[122.2135,62.5143],[122.2023,62.4612],[122.2446,62.3883],[122.2947,62.4174],[122.3511,62.4777],[122.4188,62.5306],[122.5083,62.581],[122.6008,62.6034],[122.6947,62.6075],[122.7597,62.5839],[122.7802,62.5522],[122.8647,62.5605],[123.0005,62.6508],[123.2038,62.7065],[123.3226,62.7082],[123.4028,62.699],[123.4925,62.65],[123.5637,62.6812],[123.6691,62.7095],[123.7988,62.731],[123.9329,62.7268],[124.0356,62.7106],[124.1046,62.6904],[124.1388,62.655],[124.2107,62.6544],[124.3471,62.6991],[124.3939,62.6797],[124.4733,62.6661],[124.6131,62.6594],[124.7043,62.6686],[124.8599,62.7424],[125.0483,62.8085],[125.1494,62.8254],[125.2304,62.8295],[125.3142,62.8186],[125.4942,62.7704],[125.6106,62.7738],[125.6773,62.8187],[125.7207,62.8621],[125.6304,62.9514],[125.6218,63.0003],[125.6815,63.0514],[125.7396,63.0836],[125.7726,63.1434]]]},"properties":{"GID_0":"RUS","GID_1":"RUS.60_1","GID_2":"RUS.60.35_1","NAME_1":"Sakha","NAME_2":"Vilyuyskiyrayon"}},
{"type":"Feature","geometry":{"type":"Polygon","coordinates":[[[128.7683,62.0107],[128.898,62.033],[128.9327,62.0257],[128.9313,61.9915],[128.8122,61.91],[128.87,61.887],[129.0385,61.9057],[129.1492,61.897],[129.3542,61.8679],[129.4897,61.8305],[129.5602,61.7923],[129.6545,61.7567],[129.6899,61.8313],[129.7393,61.8881],[129.8125,61.9306],[129.9691,62.0005],[130.025,62.0509],[129.9986,62.1007],[129.996,62.1563],[130.0138,62.1893],[130.1487,62.2742],[130.1549,62.3168],[130.1267,62.3642],[130.0356,62.3935],[129.9246,62.3991],[129.8395,62.3898],[129.7371,62.3512],[129.6366,62.302],[129.5043,62.2726],[129.3617,62.275],[129.1621,62.3257],[128.8375,62.3794],[128.6458,62.3692],[128.6517,62.3208],[128.6791,62.277],[128.8184,62.1953],[128.8267,62.1542],[128.795,62.1106],[128.7495,62.0766],[128.7408,62.0381],[128.7683,62.0107]]]},"properties":{"GID_0":"RUS","GID_1":"RUS.60_1","GID_2":"RUS.60.36_1","NAME_1":"Sakha","NAME_2":"Yakutskgorsovet"}},
{"type":"Feature","geometry":{"type":"Polygon","coordinates":[[[119.7595,69.2776],[119.5748,69.2367],[119.4486,69.1207],[119.4269,69.0815],[119.4638,69.0108],[119.6232,68.9846],[119.9061,68.9223],[120.109,68.8304],[120.2144,68.7762],[120.2621,68.6897],[120.3672,68.624],[120.4705,68.5774],[120.4723,68.5251],[120.4401,68.4749],[120.3355,68.4233],[120.2191,68.4156],[120.096,68.4181],[120.037,68.4095],[119.9943,68.3624],[119.9773,68.2981],[119.9302,68.2675],[119.8318,68.2596],[119.6965,68.2707],[119.6216,68.2667],[119.6137,68.2214],[119.6876,68.1803],[119.7166,68.0667],[119.6517,68.0201],[119.5427,68.002],[119.4387,68.0106],[119.3773,68.038],[119.1098,68.0623],[118.7508,68.0488],[118.6837,67.9695],[118.7698,67.8937],[118.7426,67.8439],[118.6919,67.8446],[118.7009,67.7901],[118.569,67.7552],[118.3865,67.7349],[118.2959,67.7124],[118.1336,67.7293],[118.0178,67.7234],[117.9087,67.6904],[117.7978,67.6727],[117.7415,67.6943],[117.6857,67.684],[117.5577,67.6266],[117.582,67.5895],[117.7017,67.5361],[117.7812,67.4839],[117.8961,67.4318],[117.9518,67.3753],[117.9045,67.3445],[117.7691,67.3096],[117.6178,67.2932],[117.4653,67.2458],[117.4177,67.2027],[117.4321,67.1553],[117.5182,67.1184],[117.5797,67.1093],[117.6218,67.0824],[117.7879,67.069],[117.962,67.0856],[118.1403,67.0828],[118.2868,67.0615],[118.3725,67.0231],[118.4501,66.9761],[118.5522,66.9453],[118.6697,66.938],[118.7796,66.9333],[118.9017,66.9139],[119.2849,66.8248],[119.5293,66.7992],[119.6988,66.7603],[119.8296,66.6954],[119.9529,66.6188],[120.0786,66.5275],[120.2176,66.4981],[120.2895,66.4712],[120.2665,66.4312],[120.2878,66.4009],[120.4449,66.3214],[120.4734,66.193],[120.409,66.0192],[120.5019,65.8589],[120.7848,65.6528],[121.0838,65.4656],[121.267,65.3103],[121.5563,65.1591],[121.798,65.0787],[122.1311,64.9704],[122.3907,64.8803],[122.75,64.7777],[122.9061,64.7688],[122.986,64.8413],[123.1232,64.8111],[123.3481,64.7317],[123.6208,64.7146],[123.9624,64.7074],[124.1349,64.7401],[124.1724,64.7708],[124.2165,64.8393],[124.309,64.8943],[124.6058,64.9166],[124.8619,64.9647],[124.957,64.9979],[124.9596,65.0452],[124.9118,65.0665],[124.9013,65.1197],[124.9345,65.1581],[125.0442,65.1559],[125.0691,65.2162],[125.1328,65.2701],[125.2709,65.3208],[125.3891,65.3357],[125.5665,65.334],[125.764,65.3551],[125.9337,65.4042],[126.0804,65.4336],[126.2319,65.4424],[126.4042,65.4702],[126.4797,65.5007],[126.546,65.5503],[126.6387,65.5739],[126.7983,65.5751],[126.9646,65.6519],[126.9706,65.71],[127.0298,65.7343],[127.1874,65.7397],[127.2556,65.8148],[127.2657,65.8624],[127.1989,65.9036],[127.1924,65.9354],[127.2408,65.9587],[127.3963,65.9485],[127.4898,65.9887],[127.4028,66.0365],[127.3168,66.0662],[127.2568,66.0627],[127.1071,66.037],[127.021,66.0557],[126.9418,66.0968],[126.8915,66.1576],[126.8874,66.249],[126.915,66.3371],[126.965,66.3988],[127.0559,66.4339],[127.1812,66.4631],[127.26,66.5111],[127.3218,66.5926],[127.2449,66.6491],[127.0556,66.7628],[127.025,66.8261],[127.013,66.916],[127.0778,67.0869],[127.0953,67.1492],[127.0353,67.2301],[127.0795,67.3176],[127.1474,67.4278],[127.1437,67.5202],[127.1134,67.596],[127.0089,67.6276],[126.7638,67.6547],[126.5513,67.6724],[126.5753,67.7878],[126.5141,67.8331],[126.5253,67.9021],[126.6305,67.9359],[126.7204,67.9788],[126.766,68.0196],[126.7529,68.0685],[126.6384,68.0984],[126.4935,68.1221],[126.4714,68.1711],[126.5986,68.3092],[126.6826,68.3595],[126.804,68.3891],[126.9239,68.3913],[126.9285,68.4411],[126.9528,68.4666],[127.0285,68.4912],[127.062,68.5293],[127.0132,68.5617],[126.9248,68.571],[126.6563,68.7198],[126.563,68.7216],[126.2523,68.7381],[125.7378,68.7603],[125.525,68.8014],[125.3243,68.8687],[125.2006,68.9239],[125.1068,68.9912],[124.9454,69.0553],[124.8771,69.0675],[124.7734,69.0691],[124.7422,68.9871],[124.7324,68.909],[124.6236,68.8647],[124.4468,68.8443],[124.3609,68.8423],[124.1314,68.7128],[124.0114,68.6913],[123.9115,68.7441],[123.7767,68.7745],[123.6875,68.7727],[123.6338,68.8115],[123.4897,68.8456],[123.3794,68.8599],[123.2651,68.9457],[122.7851,69.0196],[122.4033,69.0408],[122.226,69.0423],[122.0608,69.0565],[121.8914,69.0967],[121.7541,69.1673],[121.5534,69.2355],[121.403,69.3052],[121.3288,69.3622],[121.2451,69.3908],[121.1299,69.3791],[121.0234,69.3474],[120.9684,69.3137],[120.6288,69.2945],[120.4914,69.2538],[120.1705,69.1827],[120.023,69.175],[119.8861,69.1906],[119.7798,69.2217],[119.7595,69.2776]]]},"properties":{"GID_0":"RUS","GID_1":"RUS.60_1","GID_2":"RUS.60.37_1","NAME_1":"Sakha","NAME_2":"Zhiganskiyrayon"}}
]}