{"type":"FeatureCollection", "features": [
{"type":"Feature","geometry":{"type":"Polygon","coordinates":[[[97.3363,57.1588],[97.2718,57.1573],[97.2123,57.186],[97.1469,57.2365],[96.941,57.3326],[96.7831,57.3667],[96.4844,57.4367],[96.3444,57.4516],[96.2865,57.4324],[96.2212,57.4212],[96.1553,57.4337],[96.0636,57.4837],[95.9987,57.5738],[95.9332,57.5734],[95.8651,57.5554],[95.9123,57.5333],[95.9066,57.4966],[95.9123,57.4474],[95.9296,57.4033],[95.981,57.3594],[95.9674,57.2575],[96.0052,57.1438],[95.9505,57.1035],[95.9202,57.0605],[96.004,57.0661],[96.0797,57.055],[96.0957,57.0308],[96.0393,57.0071],[95.9568,56.9915],[95.8554,56.9962],[95.5939,56.9858],[95.5642,56.9528],[95.6019,56.9222],[95.6669,56.9164],[95.6707,56.8846],[95.5972,56.8436],[95.5893,56.7749],[95.6061,56.7363],[95.552,56.685],[95.4856,56.6433],[95.5075,56.5958],[95.5373,56.5057],[95.604,56.4954],[95.7074,56.5056],[95.7886,56.5049],[95.8394,56.4848],[95.9078,56.4416],[95.9765,56.4348],[96.0319,56.4704],[96.1148,56.4768],[96.1824,56.4918],[96.2135,56.5256],[96.2618,56.5573],[96.3237,56.5665],[96.4382,56.5545],[96.5434,56.5367],[96.7234,56.551],[96.831,56.5767],[96.892,56.5984],[96.912,56.6318],[97.0494,56.629],[97.1602,56.6536],[97.2969,56.7025],[97.3453,56.8048],[97.4321,56.8086],[97.3926,56.8434],[97.4059,56.8883],[97.5211,56.9229],[97.5494,56.9737],[97.2716,57.055],[97.3363,57.1588]]]},"properties":{"GID_0":"RUS","GID_1":"RUS.35_1","GID_2":"RUS.35.1_1","NAME_1":"Krasnoyarsk","NAME_2":"Abanskiyrayon"}},
{"type":"Feature","geometry":{"type":"Polygon","coordinates":[[[90.9291,55.9572],[90.9283,56.0048],[90.8983,56.0382],[90.8773,56.0796],[90.9087,56.1179],[90.9575,56.1576],[90.9808,56.1999],[90.9467,56.2587],[90.9968,56.2966],[91.0814,56.3464],[91.2396,56.3375],[91.2744,56.3824],[91.2184,56.4947],[91.2371,56.5201],[91.0708,56.5109],[90.8655,56.4911],[90.7145,56.4496],[90.6644,56.4217],[90.6055,56.3755],[90.5018,56.3707],[90.4478,56.3846],[90.4238,56.4332],[90.4289,56.4723],[90.3457,56.516],[90.2476,56.5133],[90.0285,56.4781],[89.9523,56.4614],[89.9639,56.3851],[90.0895,56.3351],[90.1505,56.2925],[90.1718,56.2308],[90.1606,56.1039],[90.1254,56.0815],[90.1497,56.0505],[90.2149,56.0184],[90.3139,56.0011],[90.427,56.0281],[90.5031,56.0225],[90.6487,55.9675],[90.7383,55.9592],[90.8049,55.9793],[90.8803,55.9753],[90.9291,55.9572]]]},"properties":{"GID_0":"RUS","GID_1":"RUS.35_1","GID_2":"RUS.35.2_1","NAME_1":"Krasnoyarsk","NAME_2":"Achinskiyrayon"}},
{"type":"Feature","geometry":{"type":"Polygon","coordinates":[[[91.0685,55.6145],[91.0284,55.6123],[90.9532,55.587],[90.8754,55.5542],[90.8347,55.5234],[90.7853,55.512],[90.7151,55.4751],[90.6496,55.4285],[90.7047,55.4111],[90.69,55.3411],[90.6679,55.3036],[90.6733,55.2509],[90.6993,55.1898],[90.7061,55.1492],[90.7289,55.0879],[90.8364,55.0446],[90.9342,55.0453],[91.0159,55.1087],[91.0307,55.1401],[91.1617,55.1689],[91.2403,55.144],[91.2647,55.1157],[91.4703,55.1637],[91.53,55.1363],[91.5348,55.0955],[91.5697,55.0818],[91.5857,55.0272],[91.6054,54.993],[91.5246,54.9631],[91.5897,54.9014],[91.6507,54.8951],[91.7032,54.8807],[91.7327,54.8354],[91.7934,54.8355],[91.915,54.86],[92.0069,54.8467],[92.074,54.846],[92.1764,54.8571],[92.1691,54.883],[92.1322,54.9205],[92.1519,54.9412],[92.2134,54.9738],[92.2235,54.9928],[92.2737,55.01],[92.4191,54.9426],[92.5041,54.932],[92.614,54.9413],[92.6891,54.961],[92.759,54.9556],[92.7996,54.9683],[92.9352,54.9425],[93.0017,54.9048],[93.0725,54.8765],[93.1602,54.883],[93.1157,54.9868],[93.08,55.0566],[93.0251,55.1398],[93.0205,55.1879],[93.0257,55.2411],[92.9855,55.2349],[92.9507,55.2473],[92.9232,55.2884],[92.8778,55.3155],[92.7986,55.3496],[92.7606,55.338],[92.7028,55.3369],[92.6366,55.3718],[92.6255,55.4021],[92.6382,55.4249],[92.6412,55.4707],[92.6271,55.5766],[92.6352,55.6319],[92.5406,55.7115],[92.5387,55.7433],[92.4712,55.7671],[92.3047,55.7338],[92.2376,55.7063],[92.0078,55.7166],[91.9358,55.695],[91.8435,55.701],[91.7861,55.695],[91.6959,55.6774],[91.6127,55.6913],[91.5516,55.6565],[91.4679,55.6502],[91.3811,55.6271],[91.305,55.591],[91.1797,55.5867],[91.1216,55.6114],[91.0685,55.6145]]]},"properties":{"GID_0":"RUS","GID_1":"RUS.35_1","GID_2":"RUS.35.3_1","NAME_1":"Krasnoyarsk","NAME_2":"Balakhtinskiyrayon"}},
{"type":"Feature","geometry":{"type":"Polygon","coordinates":[[[91.6702,60.7658],[91.9573,60.7873],[92.0699,60.8115],[92.0869,60.8436],[92.1197,60.9599],[92.162,60.9816],[92.281,60.9822],[92.384,61.0027],[92.3974,61.0619],[92.3589,61.1264],[92.3847,61.1553],[92.5025,61.1738],[92.6355,61.1657],[92.7635,61.0769],[92.8301,61.0696],[92.8384,61.1384],[92.773,61.2151],[92.7163,61.2613],[92.6618,61.2875],[92.6045,61.3017],[92.6429,61.344],[92.7513,61.3635],[92.8387,61.3719],[92.919,61.3533],[93.0169,61.3657],[93.0909,61.3295],[93.0643,61.2898],[93.081,61.2652],[93.145,61.2284],[93.2358,61.1164],[93.2765,61.0984],[93.4331,61.0935],[93.5205,61.1061],[93.5716,61.104],[93.653,61.0697],[93.7178,61.051],[93.8776,61.0585],[93.9649,61.0107],[94.0273,61.0072],[94.0981,61.0777],[94.1675,61.1072],[94.32,61.1247],[94.4302,61.1558],[94.5635,61.1632],[94.6951,61.1532],[94.879,61.1314],[95.0274,61.1036],[95.1797,61.0159],[95.2339,60.9689],[95.2992,60.9377],[95.3547,60.8844],[95.3218,60.8206],[95.2991,60.7961],[95.3045,60.7582],[95.3536,60.7437],[95.3713,60.6862],[95.2806,60.6438],[95.2199,60.6062],[95.1983,60.5508],[95.2362,60.4832],[95.2154,60.4479],[95.0911,60.424],[95.0191,60.393],[94.8288,60.2797],[94.9266,60.241],[94.9345,60.1894],[94.8968,60.1678],[94.9421,60.0923],[94.9854,60.0622],[94.9236,59.9841],[95.043,59.8532],[95.0365,59.7855],[95.0476,59.7504],[95.1167,59.6694],[95.1873,59.6494],[95.3208,59.6482],[95.4133,59.6518],[95.4766,59.6204],[95.4974,59.5838],[95.5763,59.5694],[95.6809,59.566],[95.6835,59.6016],[95.8557,59.6387],[95.9144,59.6243],[95.9264,59.5855],[96.0165,59.5648],[96.0839,59.5661],[96.1107,59.6135],[96.1693,59.629],[96.1967,59.609],[96.1981,59.5844],[96.2566,59.5499],[96.2317,59.5154],[96.2817,59.4723],[96.3454,59.4597],[96.4095,59.4817],[96.4174,59.5148],[96.3794,59.5418],[96.4525,59.5568],[96.5872,59.5444],[96.7011,59.5677],[96.8079,59.5534],[96.9992,59.5156],[97.0762,59.545],[97.1088,59.5922],[97.1047,59.6404],[97.2229,59.6633],[97.3413,59.6952],[97.3708,59.715],[97.4421,59.7339],[97.5139,59.7082],[97.5613,59.6811],[97.6579,59.6904],[97.7257,59.71],[97.8585,59.7181],[97.9359,59.7359],[97.9879,59.7587],[98.0847,59.7577],[98.132,59.7367],[98.2476,59.7323],[98.3047,59.7578],[98.3559,59.7595],[98.4241,59.7505],[98.5601,59.7752],[98.6456,59.7864],[98.6557,59.8038],[98.7627,59.8025],[98.8404,59.7671],[98.9645,59.794],[99.0199,59.8264],[99.0486,59.922],[99.129,59.9573],[99.2147,59.9862],[99.2673,60.0103],[99.2737,60.0548],[99.3453,60.0862],[99.4712,60.098],[99.6134,60.0908],[99.7155,60.0778],[99.7686,60.0835],[99.813,60.1344],[99.7454,60.2508],[99.7878,60.2718],[99.7891,60.326],[99.9235,60.3636],[99.9441,60.36],[99.9571,60.3113],[100.0017,60.2473],[100.1658,60.3398],[100.1848,60.404],[100.3474,60.4537],[100.4943,60.6195],[100.5494,60.6672],[100.5393,60.7149],[100.434,60.77],[100.3405,60.833],[100.2351,60.8834],[100.1616,60.9247],[100.0629,60.9246],[99.9925,60.9074],[99.9356,60.8793],[99.8505,60.8719],[99.6853,60.9064],[99.6076,60.9096],[99.4982,60.8586],[99.3913,60.8273],[99.2508,60.8425],[99.1824,60.8654],[99.1505,60.9273],[99.0682,61.0158],[99.0863,61.0781],[99.1615,61.1093],[99.2237,61.1197],[99.32,61.0754],[99.3912,61.0335],[99.3981,61.0786],[99.3622,61.1657],[99.3687,61.2314],[99.441,61.249],[99.3018,61.3417],[99.3464,61.3968],[99.5804,61.4592],[99.6114,61.4845],[99.5974,61.5232],[99.4936,61.6009],[99.4857,61.6251],[99.528,61.6712],[99.4452,61.7391],[99.339,61.806],[99.2898,61.8462],[99.3823,61.8934],[99.491,61.9605],[99.6171,62.0329],[99.642,62.13],[99.6845,62.176],[99.7675,62.2364],[99.8048,62.3003],[99.8579,62.357],[99.9707,62.3957],[100.1275,62.3957],[100.3196,62.4062],[100.4019,62.4491],[100.4046,62.5165],[100.3775,62.5902],[100.356,62.6262],[100.3067,62.6605],[100.2394,62.7271],[100.0999,62.8271],[99.9171,62.8911],[99.9052,62.9469],[99.9068,63.0144],[99.5877,63.0106],[99.4688,62.9896],[99.3006,62.9323],[99.237,62.8869],[99.2,62.8336],[99.2496,62.7834],[99.3203,62.7333],[99.2806,62.7007],[98.9507,62.7214],[98.9246,62.7203],[98.8807,62.7767],[98.7993,62.7464],[98.6926,62.6987],[98.4424,62.7161],[98.2742,62.7052],[98.1864,62.7754],[97.959,62.9304],[97.7891,62.9975],[97.6592,63.0018],[97.5943,62.9828],[97.5501,62.9549],[97.4778,62.9501],[97.4146,62.9815],[97.3357,62.9783],[97.236,62.9395],[97.1218,62.9743],[97.0464,62.9864],[96.902,62.9897],[96.8394,62.9531],[96.7178,62.8718],[96.5694,62.8656],[96.392,62.864],[96.254,62.8713],[96.2032,62.8374],[96.1049,62.8149],[96.0796,62.7753],[96.0083,62.7489],[95.9015,62.7648],[95.8396,62.859],[95.7813,62.9823],[95.7646,63.0515],[95.7097,63.0825],[95.6035,63.0558],[95.4979,63.0372],[95.2873,63.0613],[95.2212,63.1398],[95.0436,63.2018],[94.9535,63.2296],[94.9233,63.2794],[94.844,63.3129],[94.6727,63.333],[94.4712,63.3092],[94.3479,63.319],[94.268,63.3376],[94.1478,63.3428],[94.0945,63.3335],[94.0531,63.309],[93.9602,63.3116],[93.7449,63.337],[93.5523,63.3532],[93.4737,63.4006],[93.3527,63.4179],[93.2994,63.4628],[93.336,63.4854],[93.4325,63.5025],[93.524,63.532],[93.6152,63.5715],[93.6563,63.6279],[93.6593,63.6936],[93.5952,63.7729],[93.4799,63.8244],[93.3754,63.8809],[93.2955,63.9011],[93.1312,63.8992],[93.0078,63.8579],[92.8398,63.8182],[92.699,63.7896],[92.5312,63.7779],[92.4149,63.7776],[92.3606,63.7676],[92.2805,63.718],[92.2073,63.6987],[92.1848,63.6629],[92.0903,63.6443],[92.0221,63.6562],[91.8656,63.6096],[91.7486,63.5466],[91.6945,63.497],[91.7523,63.4691],[91.7602,63.4229],[91.6786,63.3764],[91.6726,63.3076],[91.6965,63.2011],[91.7133,63.0906],[91.7431,63.0347],[91.7171,62.962],[91.6177,62.8942],[91.4849,62.8527],[91.2683,62.8061],[91.1207,62.7633],[91.036,62.7087],[90.9134,62.5701],[90.7854,62.5116],[90.6188,62.4935],[90.4445,62.4645],[90.3994,62.4385],[90.3997,62.412],[90.379,62.3665],[90.3323,62.3616],[90.2908,62.3175],[90.126,62.2574],[90.0903,62.2182],[90.1581,62.1505],[90.2537,62.103],[90.3813,62.0651],[90.4905,62.022],[90.5609,61.9618],[90.632,61.9244],[90.7228,61.9149],[90.808,61.9297],[90.8828,61.9108],[90.9333,61.7777],[90.9256,61.7286],[90.8406,61.6662],[90.7185,61.6452],[90.6867,61.5798],[90.6515,61.5471],[90.5844,61.5214],[90.5968,61.4792],[90.6631,61.4278],[90.702,61.3754],[90.7192,61.3289],[90.709,61.298],[90.7297,61.2471],[90.7792,61.1964],[90.9172,61.171],[90.9816,61.0873],[91.0352,61.0606],[91.1307,61.0019],[91.2471,60.951],[91.3074,60.9064],[91.3371,60.8598],[91.3445,60.8034],[91.4163,60.7788],[91.6702,60.7658]]]},"properties":{"GID_0":"RUS","GID_1":"RUS.35_1","GID_2":"RUS.35.4_1","NAME_1":"Krasnoyarsk","NAME_2":"Baykitskiyrayon"}},
{"type":"Feature","geometry":{"type":"Polygon","coordinates":[[[93.0257,55.2411],[93.1102,55.2683],[93.1738,55.296],[93.2021,55.3671],[93.1624,55.4294],[93.1079,55.4543],[93.1042,55.4814],[93.1346,55.4961],[93.2539,55.5153],[93.2939,55.5342],[93.2971,55.6184],[93.2875,55.6671],[93.3865,55.7087],[93.3922,55.7373],[93.3528,55.7596],[93.3546,55.7989],[93.2515,55.8439],[93.2236,55.886],[93.2448,55.9284],[93.3068,55.9632],[93.3921,55.9848],[93.42,56.0796],[93.4811,56.1006],[93.5518,56.0828],[93.621,56.0731],[93.6968,56.0701],[93.7671,56.0869],[93.8183,56.1135],[93.8696,56.1548],[94.004,56.2088],[93.8846,56.2525],[93.8759,56.3178],[93.8461,56.339],[93.7844,56.3337],[93.704,56.3118],[93.6066,56.3236],[93.5779,56.3521],[93.4912,56.3224],[93.4359,56.3282],[93.3881,56.3464],[93.3338,56.3359],[93.3292,56.2844],[93.3472,56.2581],[93.3357,56.2254],[93.2704,56.1986],[93.1469,56.2075],[93.1051,56.2013],[93.0891,56.1765],[93.1459,56.1215],[93.1075,56.1018],[92.9954,56.1195],[92.9081,56.0911],[92.7824,56.0409],[92.655,56.0061],[92.5731,55.9916],[92.3933,55.9977],[92.3077,55.9699],[92.2492,55.9312],[92.2354,55.8927],[92.2613,55.8049],[92.3622,55.7826],[92.4712,55.7671],[92.5387,55.7433],[92.5406,55.7115],[92.6352,55.6319],[92.6271,55.5766],[92.6412,55.4707],[92.6382,55.4249],[92.6255,55.4021],[92.6366,55.3718],[92.7028,55.3369],[92.7606,55.338],[92.7986,55.3496],[92.8778,55.3155],[92.9232,55.2884],[92.9507,55.2473],[92.9855,55.2349],[93.0257,55.2411]],[[92.4334,55.9373],[92.4039,55.9354],[92.3852,55.9631],[92.4429,55.961],[92.4334,55.9373]],[[93.0389,55.944],[92.9937,55.9356],[92.7931,55.9634],[92.784,56.0365],[93.0163,56.0914],[93.0757,56.0674],[93.0389,55.944]],[[93.3815,56.1415],[93.3427,56.1394],[93.3061,56.154],[93.3229,56.191],[93.3433,56.1943],[93.3948,56.1697],[93.3815,56.1415]]]},"properties":{"GID_0":"RUS","GID_1":"RUS.35_1","GID_2":"RUS.35.5_1","NAME_1":"Krasnoyarsk","NAME_2":"Berezovskiyrayon"}},
{"type":"Feature","geometry":{"type":"Polygon","coordinates":[[[91.6981,57.0125],[91.6112,57.009],[91.504,57.049],[91.4307,57.1107],[91.4028,57.1914],[91.439,57.2345],[91.5274,57.2694],[91.5694,57.323],[91.5625,57.3832],[91.6411,57.4458],[91.6346,57.4692],[91.5747,57.4833],[91.4892,57.4799],[91.4036,57.493],[91.3355,57.5091],[91.2629,57.5737],[91.2755,57.6169],[91.3147,57.6842],[91.2753,57.7015],[91.2109,57.7097],[91.1175,57.6898],[91.0576,57.6936],[91.0293,57.7071],[90.9857,57.7318],[90.9226,57.699],[90.849,57.7026],[90.7636,57.637],[90.6165,57.6172],[90.5293,57.6545],[90.5126,57.7352],[90.5066,57.8047],[90.5712,57.8633],[90.6102,57.9281],[90.5621,57.9611],[90.4815,57.9603],[90.3209,57.9345],[90.175,57.9043],[89.9879,57.8805],[89.7892,57.8389],[89.7636,57.8053],[89.6959,57.7654],[89.6737,57.7146],[89.6776,57.6485],[89.7051,57.5881],[89.7742,57.4741],[89.7851,57.4113],[89.7712,57.3585],[89.7783,57.2788],[89.7746,57.1614],[89.7219,57.1162],[89.6608,57.0813],[89.6015,57.0586],[89.582,57.0274],[89.6362,56.9805],[89.7122,56.9503],[89.7771,56.9448],[89.8395,56.9254],[89.9101,56.878],[90.0184,56.7444],[90.0951,56.7546],[90.1426,56.7476],[90.1383,56.7232],[90.0937,56.6578],[90.1046,56.6228],[90.1355,56.5913],[90.198,56.58],[90.2709,56.588],[90.308,56.6169],[90.2907,56.6992],[90.3282,56.7437],[90.3996,56.7819],[90.591,56.8343],[90.6543,56.8596],[90.7532,56.8455],[90.8517,56.8073],[90.9642,56.7912],[91.1338,56.8135],[91.2304,56.8117],[91.3242,56.7995],[91.3752,56.7666],[91.3704,56.7193],[91.3988,56.6618],[91.4599,56.6535],[91.5104,56.659],[91.5598,56.6765],[91.6734,56.6839],[91.7513,56.6748],[91.7967,56.6872],[91.8096,56.7028],[91.7862,56.7425],[91.7265,56.7859],[91.7315,56.8203],[91.6961,56.8618],[91.6936,56.9185],[91.6772,56.9559],[91.6981,57.0125]]]},"properties":{"GID_0":"RUS","GID_1":"RUS.35_1","GID_2":"RUS.35.6_1","NAME_1":"Krasnoyarsk","NAME_2":"Birilyusskiyrayon"}},
{"type":"Feature","geometry":{"type":"Polygon","coordinates":[[[89.625,56.2239],[89.6193,56.2394],[89.5648,56.2456],[89.5623,56.2171],[89.625,56.2239]]]},"properties":{"GID_0":"RUS","GID_1":"RUS.35_1","GID_2":"RUS.35.7_1","NAME_1":"Krasnoyarsk","NAME_2":"Bogotol"}},
{"type":"Feature","geometry":{"type":"Polygon","coordinates":[[[89.3571,55.8761],[89.3749,55.9137],[89.5411,55.9555],[89.5838,55.9778],[89.6745,56.0025],[89.7415,56.0388],[89.8103,56.0486],[89.9493,56.0378],[90.0467,56.0554],[90.1254,56.0815],[90.1606,56.1039],[90.1718,56.2308],[90.1505,56.2925],[90.0895,56.3351],[89.9639,56.3851],[89.9523,56.4614],[89.8926,56.4498],[89.8294,56.448],[89.7949,56.4616],[89.7497,56.5424],[89.6946,56.5615],[89.5891,56.507],[89.5552,56.4431],[89.4903,56.429],[89.3783,56.417],[89.3122,56.4027],[89.2508,56.4054],[89.1629,56.3908],[89.0302,56.3434],[88.8975,56.3321],[88.931,56.2935],[89.0709,56.288],[89.0853,56.2183],[89.1139,56.186],[89.1706,56.1479],[89.2217,56.1277],[89.2554,56.093],[89.2681,56.0555],[89.2474,56.015],[89.2783,55.9535],[89.337,55.8798],[89.3571,55.8761]],[[89.625,56.2239],[89.5623,56.2171],[89.5648,56.2456],[89.6193,56.2394],[89.625,56.2239]]]},"properties":{"GID_0":"RUS","GID_1":"RUS.35_1","GID_2":"RUS.35.8_1","NAME_1":"Krasnoyarsk","NAME_2":"Bogotol'skiyrayon"}},
{"type":"Feature","geometry":{"type":"Polygon","coordinates":[[[99.5624,58.0738],[99.5217,58.1092],[99.4542,58.1884],[99.4332,58.223],[99.3945,58.2346],[99.3176,58.2212],[99.219,58.192],[99.1557,58.1932],[99.0375,58.246],[98.9863,58.3077],[99.0135,58.3537],[99.0474,58.3769],[99.114,58.4041],[99.125,58.4381],[99.1152,58.4727],[99.081,58.5153],[99.0303,58.5423],[98.9328,58.6235],[98.8975,58.6642],[98.8889,58.718],[99.0113,58.7678],[99.155,58.793],[99.3391,58.8413],[99.62,58.8971],[99.8349,58.985],[99.9421,59.0329],[100.0173,59.1208],[100.0433,59.2195],[100.0217,59.3097],[100.0213,59.3854],[99.9903,59.5038],[99.9561,59.5592],[99.9052,59.5845],[99.8722,59.6463],[99.8059,59.6869],[99.7239,59.6874],[99.623,59.6959],[99.5825,59.7284],[99.5654,59.7792],[99.5947,59.8058],[99.6458,59.8324],[99.7889,59.8804],[99.8417,59.8943],[99.8562,59.9415],[99.8488,59.9896],[99.8044,60.0329],[99.7155,60.0778],[99.6134,60.0908],[99.4712,60.098],[99.3453,60.0862],[99.2737,60.0548],[99.2673,60.0103],[99.2147,59.9862],[99.129,59.9573],[99.0486,59.922],[99.0199,59.8264],[98.9645,59.794],[98.8404,59.7671],[98.7627,59.8025],[98.6557,59.8038],[98.6456,59.7864],[98.5601,59.7752],[98.4241,59.7505],[98.3559,59.7595],[98.3047,59.7578],[98.2476,59.7323],[98.132,59.7367],[98.0847,59.7577],[97.9879,59.7587],[97.9359,59.7359],[97.8585,59.7181],[97.7257,59.71],[97.6579,59.6904],[97.5613,59.6811],[97.5139,59.7082],[97.4421,59.7339],[97.3708,59.715],[97.3413,59.6952],[97.2229,59.6633],[97.1047,59.6404],[97.1088,59.5922],[97.0762,59.545],[96.9992,59.5156],[96.8079,59.5534],[96.7011,59.5677],[96.5872,59.5444],[96.4525,59.5568],[96.3794,59.5418],[96.4174,59.5148],[96.4095,59.4817],[96.3454,59.4597],[96.2817,59.4723],[96.2317,59.5154],[96.2566,59.5499],[96.1981,59.5844],[96.1967,59.609],[96.1693,59.629],[96.1107,59.6135],[96.0839,59.5661],[96.0165,59.5648],[95.9264,59.5855],[95.9144,59.6243],[95.8557,59.6387],[95.6835,59.6016],[95.6809,59.566],[95.6248,59.4354],[95.5241,59.365],[95.3534,59.2783],[95.2325,59.227],[95.1928,59.2016],[95.2216,59.1398],[95.2637,59.0976],[95.3513,59.0846],[95.4165,59.0689],[95.4203,59.0152],[95.4392,58.9958],[95.4027,58.9377],[95.4277,58.8729],[95.4665,58.826],[95.4658,58.7638],[95.4079,58.6437],[95.3995,58.5776],[95.434,58.5442],[95.4332,58.4984],[95.3883,58.4409],[95.4398,58.3835],[95.4762,58.3236],[95.5578,58.239],[95.5769,58.1986],[95.5455,58.1233],[95.4978,58.063],[95.4346,58.0277],[95.3797,57.9734],[95.3684,57.9154],[95.2948,57.885],[95.181,57.7973],[95.1783,57.7441],[95.2874,57.7513],[95.4259,57.7467],[95.5302,57.6922],[95.5688,57.6343],[95.5675,57.5392],[95.6212,57.5046],[95.7155,57.4935],[95.8148,57.5308],[95.8651,57.5554],[95.9332,57.5734],[95.9987,57.5738],[96.0636,57.4837],[96.1553,57.4337],[96.2212,57.4212],[96.2865,57.4324],[96.3444,57.4516],[96.4844,57.4367],[96.7831,57.3667],[96.941,57.3326],[97.1469,57.2365],[97.2123,57.186],[97.2718,57.1573],[97.3363,57.1588],[97.6726,57.571],[97.851,57.8077],[98.2522,57.8012],[98.3924,57.7961],[98.6997,57.7903],[98.7605,57.7334],[98.8984,57.7277],[98.9923,57.7397],[99.0639,57.7862],[99.1558,57.7761],[99.2085,57.7885],[99.362,57.8016],[99.3677,57.8767],[99.4281,57.8991],[99.4268,57.9576],[99.5269,57.9922],[99.5624,58.0738]]]},"properties":{"GID_0":"RUS","GID_1":"RUS.35_1","GID_2":"RUS.35.9_1","NAME_1":"Krasnoyarsk","NAME_2":"Boguchanskiyrayon"}},
{"type":"Feature","geometry":{"type":"Polygon","coordinates":[[[91.6936,56.9185],[91.8539,56.8767],[92.0307,56.8561],[92.0909,56.8235],[92.3312,56.7629],[92.419,56.7678],[92.4972,56.7409],[92.5694,56.6953],[92.648,56.6866],[92.6613,56.6582],[92.7404,56.6404],[92.8319,56.67],[92.9844,56.6677],[93.0675,56.6619],[93.1472,56.696],[93.1916,56.6749],[93.248,56.6737],[93.3036,56.7073],[93.3091,56.7607],[93.3454,56.782],[93.398,56.7943],[93.5294,56.8138],[93.6456,56.8378],[93.8924,56.9446],[94.017,56.985],[93.9034,57.0704],[93.8484,57.1424],[93.796,57.2246],[93.7326,57.3071],[93.587,57.2598],[93.5041,57.2258],[93.4276,57.2434],[93.3944,57.29],[93.3321,57.313],[93.3684,57.3508],[93.3548,57.3931],[93.2769,57.3913],[93.1954,57.3975],[93.1225,57.3941],[93.0627,57.3731],[93.0288,57.3216],[93.001,57.2934],[92.9068,57.2867],[92.8553,57.3046],[92.7991,57.28],[92.7296,57.2811],[92.693,57.3073],[92.6207,57.3174],[92.5425,57.2958],[92.4904,57.2906],[92.4463,57.3043],[92.3668,57.289],[92.2791,57.2832],[92.2616,57.2361],[92.1732,57.2136],[92.0431,57.169],[91.9632,57.1258],[91.8396,57.0924],[91.7651,57.0651],[91.6981,57.0125],[91.6772,56.9559],[91.6936,56.9185]]]},"properties":{"GID_0":"RUS","GID_1":"RUS.35_1","GID_2":"RUS.35.10_1","NAME_1":"Krasnoyarsk","NAME_2":"Bol'shemurtinskiyrayon"}},
{"type":"Feature","geometry":{"type":"Polygon","coordinates":[[[91.2371,56.5201],[91.2957,56.5447],[91.3924,56.6107],[91.3988,56.6618],[91.3704,56.7193],[91.3752,56.7666],[91.3242,56.7995],[91.2304,56.8117],[91.1338,56.8135],[90.9642,56.7912],[90.8517,56.8073],[90.7532,56.8455],[90.6543,56.8596],[90.591,56.8343],[90.3996,56.7819],[90.3282,56.7437],[90.2907,56.6992],[90.308,56.6169],[90.2709,56.588],[90.198,56.58],[90.1355,56.5913],[90.1046,56.6228],[90.0937,56.6578],[90.1383,56.7232],[90.1426,56.7476],[90.0951,56.7546],[90.0184,56.7444],[89.9783,56.6875],[89.9578,56.6434],[89.9481,56.5762],[89.9717,56.5046],[89.9523,56.4614],[90.0285,56.4781],[90.2476,56.5133],[90.3457,56.516],[90.4289,56.4723],[90.4238,56.4332],[90.4478,56.3846],[90.5018,56.3707],[90.6055,56.3755],[90.6644,56.4217],[90.7145,56.4496],[90.8655,56.4911],[91.0708,56.5109],[91.2371,56.5201]]]},"properties":{"GID_0":"RUS","GID_1":"RUS.35_1","GID_2":"RUS.35.11_1","NAME_1":"Krasnoyarsk","NAME_2":"Bol'sheuluyskiyrayon"}},
{"type":"Feature","geometry":{"type":"Polygon","coordinates":[[[94.9644,55.8846],[94.9504,55.9114],[94.9074,55.9038],[94.9074,55.8844],[94.9644,55.8846]]]},"properties":{"GID_0":"RUS","GID_1":"RUS.35_1","GID_2":"RUS.35.12_1","NAME_1":"Krasnoyarsk","NAME_2":"Borodino"}},
{"type":"Feature","geometry":{"type":"MultiPolygon","coordinates":[[[[80.3854,73.5229],[80.2786,73.5286],[80.2625,73.5042],[80.2937,73.4833],[80.3734,73.4964],[80.3854,73.5229]]],[[[82.3195,72.3104],[82.2703,72.2984],[82.2487,72.258],[82.3053,72.2829],[82.3195,72.3104]]],[[[83.9833,74.025],[83.8734,74.0182],[83.9,73.9979],[84.0375,73.9979],[84.2688,73.9604],[84.3562,73.9625],[84.3536,73.9953],[84.2333,74.0083],[84.0917,74.0042],[83.9833,74.025]]],[[[82.6392,74.141],[82.5667,74.1438],[82.438,74.1016],[82.4359,74.0818],[82.4875,74.0583],[82.7104,74.0521],[82.7792,74.0833],[82.6392,74.141]]],[[[83.3979,74.1333],[83.1734,74.1297],[83.0646,74.1125],[83.075,74.0917],[83.275,74.0563],[83.3562,74.0521],[83.425,74.0938],[83.5417,74.0917],[83.5604,74.1167],[83.3979,74.1333]]],[[[79.4641,74.6036],[79.3026,74.5557],[79.2984,74.5401],[79.5083,74.5125],[79.5354,74.6],[79.4641,74.6036]]],[[[87.1979,73.6625],[86.9792,73.6333],[87.0104,73.6188],[87.1396,73.6271],[87.1979,73.6625]]],[[[87.2083,73.7458],[87.1214,73.7203],[87.0021,73.7021],[86.9625,73.675],[86.888,73.6641],[86.8896,73.6354],[87.0188,73.6521],[87.1443,73.6849],[87.2104,73.7271],[87.2083,73.7458]]],[[[86.6661,73.6547],[86.5563,73.6458],[86.5958,73.6208],[86.6495,73.6297],[86.6661,73.6547]]],[[[87.062,73.7609],[86.9812,73.7708],[86.9083,73.7542],[86.8646,73.7292],[86.9688,73.7312],[87.062,73.7609]]],[[[86.6078,73.9505],[86.5833,73.9292],[86.6729,73.9187],[86.8812,73.9292],[86.8208,73.9542],[86.6078,73.9505]]],[[[86.8599,74.0484],[86.8005,74.0255],[86.8938,73.9938],[86.9682,73.9943],[86.9063,74.0396],[86.8599,74.0484]]],[[[85.5255,74.1859],[85.5375,74.1417],[85.5938,74.1292],[85.6937,74.1438],[85.7214,74.1651],[85.5255,74.1859]]],[[[85.3625,74.4354],[85.1943,74.4213],[85.4292,74.4083],[85.575,74.4083],[85.5125,74.4313],[85.3625,74.4354]]],[[[84.5521,74.4646],[84.4943,74.4703],[84.4422,74.4505],[84.475,74.4354],[84.6062,74.4229],[84.7688,74.425],[84.7312,74.4458],[84.5521,74.4646]]],[[[86.6729,74.1042],[86.6417,74.0792],[86.725,74.0771],[86.7562,74.0979],[86.6729,74.1042]]],[[[86.0104,74.5896],[85.8,74.5771],[85.7568,74.5516],[85.7641,74.513],[85.6729,74.475],[85.7667,74.4792],[85.8292,74.4583],[85.9396,74.4854],[86.0557,74.4922],[85.9641,74.5255],[86.1125,74.5188],[86.1193,74.4922],[86.2099,74.5089],[86.2146,74.5396],[86.1333,74.55],[86.0891,74.5724],[86.0104,74.5896]]],[[[84.9729,74.5104],[84.8375,74.5104],[84.7521,74.5],[84.6396,74.4979],[84.6458,74.4771],[84.7688,74.4771],[84.8812,74.4688],[84.9537,74.4797],[84.9729,74.5104]]],[[[85.3411,74.5703],[85.2792,74.575],[85.2063,74.5542],[85.1568,74.5245],[85.1932,74.5026],[85.1771,74.4812],[85.2932,74.4745],[85.3562,74.4521],[85.4495,74.4589],[85.4672,74.5036],[85.5521,74.4979],[85.6682,74.5255],[85.5687,74.5396],[85.5104,74.5708],[85.3411,74.5703]]],[[[103.8938,76.3271],[103.9032,76.3292],[103.8542,76.3562],[103.7562,76.375],[103.7083,76.3958],[103.5979,76.3958],[103.5417,76.3667],[103.4354,76.3646],[103.3693,76.3484],[103.2583,76.3562],[103.0792,76.3583],[103.0687,76.3375],[102.9771,76.325],[102.8266,76.3193],[102.6271,76.2896],[102.4812,76.2896],[102.2979,76.3271],[102.2125,76.3271],[101.9917,76.3583],[101.7833,76.4063],[101.4854,76.4187],[101.3396,76.4479],[101.2896,76.4313],[101.0875,76.425],[101.1099,76.4578],[100.9505,76.4797],[100.9563,76.5167],[100.8542,76.4958],[100.5687,76.4604],[100.3068,76.4464],[100.2896,76.4583],[100.0667,76.4625],[99.9042,76.4479],[99.6937,76.4396],[99.4104,76.4458],[99.3146,76.4625],[99.1854,76.4729],[99.0062,76.5],[98.9021,76.4875],[98.8609,76.4703],[98.9458,76.4271],[99.0245,76.4078],[99.0917,76.3396],[99.2958,76.3375],[99.4099,76.2995],[99.4125,76.2708],[99.5208,76.2562],[99.612,76.2599],[99.6318,76.1901],[99.7146,76.1792],[99.7891,76.1484],[99.7963,76.1234],[99.8896,76.0917],[99.8651,76.0578],[99.9495,76.0036],[99.9953,75.9339],[99.9333,75.9187],[99.8667,75.8792],[99.7714,75.8557],[99.7354,75.8229],[99.8229,75.8042],[99.8917,75.8167],[99.9411,75.7943],[99.7771,75.7979],[99.6583,75.7854],[99.6146,75.7688],[99.3979,75.7771],[99.2839,75.738],[99.1979,75.7354],[99.3271,75.7854],[99.5021,75.7958],[99.5578,75.8214],[99.5167,75.8438],[99.6266,75.8734],[99.6755,75.9099],[99.6526,75.9411],[99.6734,75.9661],[99.8,75.9979],[99.85,76.0271],[99.5938,76.0458],[99.5813,76.0813],[99.4526,76.088],[99.5083,76.1146],[99.4292,76.1312],[99.3562,76.1188],[99.2562,76.1188],[99.1859,76.1443],[99.3354,76.2021],[99.0875,76.2063],[98.9542,76.1979],[98.7813,76.2],[98.8391,76.2338],[98.8292,76.2562],[98.6646,76.2292],[98.3896,76.1646],[98.2458,76.1583],[98.1354,76.1292],[98.025,76.1312],[97.9625,76.1062],[98.1062,76.1083],[98.2662,76.087],[98.1854,76.0708],[98.1,76.0729],[97.9688,76.0437],[97.7958,76.0813],[97.7354,76.0792],[97.6125,76.05],[97.675,76.025],[97.7875,76.0313],[97.7943,76.0109],[97.8786,75.9755],[97.7521,75.9771],[97.4979,75.9917],[97.4021,75.9812],[97.3172,75.9484],[97.3042,75.925],[97.1755,75.9276],[97.2662,75.9526],[97.1734,75.9755],[97.0667,75.9812],[96.9958,75.9646],[96.9458,75.9187],[96.8417,75.8958],[96.6776,75.8953],[96.6625,75.8792],[96.5417,75.8729],[96.5224,75.888],[96.5755,75.9182],[96.6536,75.938],[96.7099,75.9703],[96.5667,75.9708],[96.4318,76.0016],[96.3557,75.9766],[96.3542,75.9479],[96.2495,75.9453],[96.1167,75.9563],[95.9859,75.9318],[95.8193,75.8703],[95.8063,75.8438],[95.7271,75.8292],[95.6088,75.8786],[95.6771,75.8812],[95.7562,75.9021],[95.7833,75.9333],[95.8453,75.9401],[95.9151,75.9786],[96.1,76.0396],[96,76.0646],[96.1088,76.0766],[96.1646,76.0958],[96.025,76.1083],[95.8979,76.1396],[95.675,76.1354],[95.6479,76.1479],[95.5062,76.15],[95.45,76.1604],[95.3484,76.1307],[95.3453,76.1088],[95.263,76.1068],[95.1896,76.1229],[95.0542,76.0917],[94.9042,76.1354],[94.9042,76.1563],[94.5667,76.1521],[94.5833,76.1354],[94.7583,76.1375],[94.8,76.1146],[94.6271,76.1104],[94.6953,76.0818],[94.5146,76.0687],[94.5099,76.0953],[94.4167,76.1],[94.4187,76.1292],[94.325,76.125],[94.1979,76.0979],[94.1432,76.1182],[93.9167,76.1104],[93.8125,76.1229],[93.725,76.1208],[93.7292,76.0958],[93.8625,76.0958],[93.9792,76.0458],[93.7312,76.0563],[93.4521,76.0125],[93.4786,76.0349],[93.4401,76.0568],[93.512,76.0901],[93.4083,76.1125],[93.3547,76.0974],[93.2974,76.0443],[93.1958,76.0125],[93,76.05],[92.9792,75.9833],[92.8839,75.9724],[92.9474,75.9151],[92.9396,75.8979],[93.1167,75.8896],[93.1229,75.9542],[93.2021,75.9542],[93.2875,75.9833],[93.3521,75.9313],[93.475,75.8729],[93.5563,75.8729],[93.5109,75.9068],[93.6286,75.9224],[93.6214,75.8964],[93.675,75.8854],[93.7667,75.8896],[93.8146,75.9063],[93.9271,75.9208],[94.1162,75.9276],[94.0146,75.9],[93.9313,75.8979],[93.8651,75.8745],[93.688,75.8672],[93.6021,75.8458],[93.4938,75.8438],[93.4437,75.8292],[93.3063,75.8146],[93.1583,75.8167],[92.9729,75.7917],[92.875,75.7917],[92.6854,75.7708],[92.5271,75.7792],[92.4333,75.7458],[92.1917,75.7396],[92.0349,75.7203],[91.8104,75.7208],[91.7271,75.7292],[91.7161,75.7005],[91.6422,75.6911],[91.687,75.6703],[91.6104,75.6333],[91.425,75.6458],[91.4063,75.6292],[91.2214,75.6214],[91.2286,75.6484],[91.1479,75.6542],[90.9896,75.5958],[90.8891,75.6464],[90.8063,75.6354],[90.7188,75.6375],[90.6667,75.5979],[90.5583,75.5979],[90.4437,75.5813],[90.3396,75.5917],[90.1354,75.5646],[90.0354,75.5604],[90.0099,75.5328],[90.1047,75.5089],[90.0125,75.4958],[89.8609,75.4974],[89.7208,75.4854],[89.6604,75.4396],[89.4271,75.425],[89.4083,75.4458],[89.3042,75.4583],[89.2646,75.4896],[89.1839,75.4703],[89.1875,75.4458],[89.0625,75.4396],[89.0458,75.3979],[88.9479,75.3792],[88.8662,75.3776],[88.6208,75.325],[88.5714,75.2995],[88.6453,75.2578],[88.6047,75.2484],[88.5042,75.2792],[88.3724,75.2172],[88.2839,75.1932],[88.3411,75.1547],[88.175,75.1125],[88.0938,75.1188],[88.0958,75.0854],[87.9146,75.0854],[87.8146,75.1104],[87.6229,75.1208],[87.2792,75.1458],[87.1042,75.1458],[86.9896,75.1312],[86.9151,75.0901],[87.0771,75.0792],[87.2391,75.0599],[87.3422,75.0359],[87.4896,75.0396],[87.5891,75.0297],[87.7021,75.0375],[87.8161,75.0099],[87.7438,74.975],[87.6396,74.9708],[87.5672,74.9537],[87.4005,74.9484],[87.4703,74.9891],[87.4,75.0021],[87.2521,74.9958],[87.188,74.9776],[87.2896,74.9479],[87.3167,74.925],[87.275,74.8979],[87.1458,74.8688],[87.0547,74.8287],[87.0542,74.775],[87.1182,74.7609],[86.9964,74.7234],[86.9333,74.7396],[86.8432,74.7443],[86.825,74.7125],[86.7542,74.6958],[86.8,74.6771],[86.8854,74.6771],[86.8771,74.6354],[86.7604,74.625],[86.7161,74.6328],[86.7412,74.6599],[86.6167,74.6563],[86.662,74.687],[86.6417,74.7083],[86.5583,74.7063],[86.5479,74.7271],[86.3292,74.7292],[86.2526,74.7516],[86.4078,74.7589],[86.3958,74.7813],[86.3146,74.7854],[86.238,74.8068],[86.1833,74.7896],[86.1193,74.8026],[86.1328,74.8307],[86.0083,74.8313],[86.0396,74.7917],[86.1703,74.7786],[86.1036,74.7578],[86.0432,74.7224],[85.9292,74.7333],[85.8417,74.7188],[85.9036,74.6859],[85.7854,74.6417],[85.9833,74.6354],[86.0417,74.6208],[86.2021,74.6229],[86.4078,74.6078],[86.3922,74.5839],[86.4792,74.5833],[86.5005,74.5651],[86.7771,74.5625],[86.6745,74.5339],[86.6646,74.5125],[86.7104,74.4583],[86.8083,74.4292],[87.1088,74.4432],[87.0422,74.4172],[87.1438,74.3938],[87.0276,74.3786],[87.0953,74.3328],[87.0995,74.2995],[87.0026,74.3057],[86.9818,74.3432],[86.8901,74.3391],[86.8875,74.3104],[86.7354,74.3208],[86.962,74.3714],[86.987,74.4099],[86.7875,74.4125],[86.6417,74.4083],[86.663,74.4401],[86.5646,74.4771],[86.4328,74.4609],[86.3536,74.4609],[86.1641,74.4224],[86.2828,74.4099],[86.2776,74.3974],[86.3516,74.3536],[86.2354,74.3604],[86.1854,74.3854],[86.0896,74.3958],[85.9667,74.3958],[85.913,74.3641],[85.913,74.3297],[85.9646,74.3042],[86.1312,74.2833],[86.2312,74.2854],[86.387,74.2786],[86.4563,74.2521],[86.6292,74.2542],[86.7167,74.2333],[86.7953,74.2016],[86.7932,74.1672],[86.7338,74.137],[86.8682,74.0984],[86.8297,74.0797],[86.8938,74.0667],[86.9583,74.0729],[87.1438,74.0708],[87.2646,74.0563],[87.2729,74.0458],[87.0646,74.0521],[86.9484,74.0245],[86.9875,74.0042],[87.0995,73.9745],[87.1271,73.9479],[87.1964,73.9328],[87.1651,73.9047],[87.2359,73.8568],[87.3854,73.8146],[87.4401,73.8182],[87.4807,73.7839],[87.4203,73.7526],[87.3588,73.7432],[87.3833,73.7104],[87.2958,73.6542],[87.2526,73.6474],[87.1792,73.6104],[87.0958,73.6],[86.9542,73.6125],[86.8063,73.5771],[86.7021,73.5729],[86.5687,73.5792],[86.3875,73.5604],[86.3585,73.6021],[86.4208,73.6167],[86.4792,73.6667],[86.6333,73.6708],[86.7354,73.6979],[86.8438,73.7458],[86.9292,73.7708],[87.05,73.7813],[87.1307,73.8255],[87.1318,73.8484],[87.0188,73.8604],[86.8625,73.8854],[86.7562,73.8896],[86.6646,73.8708],[86.5604,73.8688],[86.4875,73.8812],[86.3667,73.8667],[86.0979,73.8583],[86.0229,73.8354],[85.9125,73.8167],[85.7438,73.8229],[85.5625,73.7937],[85.4922,73.738],[85.5062,73.7146],[85.3604,73.7063],[85.2708,73.6937],[85.1417,73.7063],[85.0167,73.7021],[85.0083,73.7208],[84.9042,73.7208],[84.8271,73.7542],[84.7063,73.75],[84.5604,73.7229],[84.4396,73.7083],[84.2771,73.7042],[83.9333,73.6792],[83.6458,73.65],[83.3771,73.6375],[83.2771,73.6396],[83.1167,73.6333],[82.9208,73.6417],[82.5333,73.6396],[82.3458,73.6479],[82.1875,73.6333],[81.8958,73.6354],[81.7417,73.6208],[81.65,73.6229],[81.55,73.6083],[81.4167,73.6021],[81.3708,73.5729],[81.1026,73.5766],[81.0479,73.5625],[80.925,73.5604],[80.8417,73.5417],[80.7958,73.5625],[80.5396,73.5542],[80.5682,73.537],[80.5234,73.512],[80.5646,73.4854],[80.6937,73.4917],[80.7083,73.4667],[80.6464,73.4578],[80.6792,73.4063],[80.55,73.375],[80.5724,73.362],[80.4255,73.3474],[80.4203,73.3193],[80.3745,73.2922],[80.4437,73.275],[80.6292,73.2604],[80.675,73.2396],[80.7042,73.1896],[80.4812,73.1792],[80.4146,73.1896],[80.425,73.15],[80.5729,73.1417],[80.6412,73.1245],[80.6396,73.0646],[80.7354,73.05],[80.8266,73.0162],[80.8026,73.0016],[80.8807,72.9537],[80.8651,72.9099],[80.8828,72.8776],[80.8297,72.8391],[80.8401,72.7922],[80.7703,72.7464],[80.6922,72.7255],[80.7089,72.6318],[80.7542,72.6146],[80.8625,72.6229],[80.8932,72.5995],[80.8766,72.5797],[80.8172,72.5641],[80.8578,72.5443],[80.7859,72.5307],[80.7672,72.5078],[80.8516,72.4745],[80.8453,72.4557],[80.9125,72.4208],[80.9854,72.4187],[81.1208,72.375],[81.3104,72.3479],[81.4078,72.3474],[81.5396,72.3354],[81.6563,72.3375],[81.6792,72.3292],[81.8146,72.3271],[81.9729,72.2937],[82.075,72.2813],[82.2167,72.2833],[82.3217,72.3146],[82.3335,72.3374],[82.4905,72.355],[82.6176,72.3978],[82.842,72.4123],[83.0173,72.4368],[83.4591,72.511],[83.5554,72.5055],[83.7458,72.4358],[83.8606,72.3772],[84.0935,72.3576],[84.3035,72.3695],[84.4742,72.3676],[84.5945,72.3741],[84.7226,72.4134],[84.7023,72.4681],[84.8404,72.4234],[84.9535,72.3796],[85.0738,72.3107],[85.2087,72.2714],[85.4171,72.229],[85.6171,72.2389],[85.7087,72.2673],[85.7712,72.304],[85.7763,72.3366],[85.7536,72.3881],[85.6962,72.4323],[85.4897,72.5608],[85.4135,72.6428],[85.3372,72.6905],[85.2266,72.7823],[85.2481,72.8514],[85.3519,72.9141],[85.4941,72.9594],[85.6278,72.9621],[85.8577,72.9525],[86.1265,72.951],[86.3919,72.9375],[86.4973,72.9654],[86.7347,72.9818],[86.9478,72.9719],[87.2339,72.989],[87.6366,73.0165],[87.8846,73.0633],[88.2012,73.1674],[88.3867,73.2015],[88.6159,73.2264],[88.8589,73.2377],[89.0904,73.2341],[89.3502,73.2354],[89.6235,73.2446],[89.9466,73.2249],[90.1249,73.2269],[90.3135,73.2545],[90.4781,73.2715],[90.7164,73.27],[91.0217,73.2789],[91.2441,73.3099],[91.6217,73.4215],[91.7483,73.4313],[91.8651,73.407],[92.2425,73.3897],[92.4294,73.352],[92.5918,73.2899],[92.7656,73.2383],[93.0097,73.2132],[93.1763,73.2515],[93.5005,73.2825],[93.7802,73.3023],[93.9798,73.2934],[94.1266,73.2578],[94.2733,73.2026],[94.5689,73.1661],[94.8807,73.1651],[95.2516,73.1715],[95.5257,73.1964],[95.7885,73.2505],[95.8502,73.2982],[95.8333,73.3562],[95.9124,73.4135],[95.9384,73.4558],[95.9264,73.5481],[96.0005,73.5996],[96.1023,73.6294],[96.4306,73.681],[96.6046,73.7295],[96.8286,73.8155],[96.9856,73.8974],[97.1243,73.9586],[97.2387,73.9742],[97.3954,73.9856],[97.5075,74.0102],[97.5996,74.1237],[97.6877,74.1469],[97.8351,74.1488],[98.0284,74.1979],[98.1261,74.2055],[98.4056,74.1983],[98.5847,74.1724],[98.7754,74.1511],[99.0008,74.197],[99.2912,74.2081],[99.4797,74.2505],[99.6721,74.3257],[99.7235,74.3873],[99.298,74.3942],[99.054,74.4456],[99.1064,74.4779],[99.3271,74.483],[99.5382,74.4814],[99.6874,74.5068],[99.7986,74.4991],[99.9729,74.4568],[100.1078,74.5001],[100.3368,74.5908],[100.3813,74.6655],[100.3346,74.7662],[100.2107,74.829],[100.1319,74.9121],[100.2052,74.9761],[100.339,75.0004],[100.3657,75.0392],[100.2781,75.0721],[100.0864,75.0742],[99.9808,75.1069],[100.0271,75.1624],[100.0055,75.2005],[99.8544,75.2985],[99.6307,75.3866],[99.6533,75.4306],[99.8014,75.4443],[100.0464,75.4543],[100.3712,75.5077],[100.5789,75.5773],[100.9967,75.6292],[101.5095,75.7174],[101.9593,75.7897],[102.4869,75.8511],[102.8947,75.9146],[103.0478,76.0021],[103.2486,76.1226],[103.5484,76.1862],[103.8448,76.2319],[103.8256,76.3119],[103.8938,76.3271]]],[[[92.8792,75.8583],[92.6875,75.8375],[92.8125,75.8271],[92.888,75.8328],[92.8792,75.8583]]],[[[95.0776,76.2703],[94.9703,76.2662],[94.8958,76.25],[94.8354,76.2542],[94.8604,76.2312],[94.8292,76.2104],[94.6667,76.2188],[94.5458,76.1958],[94.7271,76.1958],[94.8542,76.1875],[94.9307,76.2203],[94.8771,76.2396],[94.925,76.2479],[95,76.25],[95.0776,76.2703]]],[[[94.0266,76.5828],[94.1417,76.5417],[94.2271,76.5563],[94.1042,76.5792],[94.0266,76.5828]]],[[[86.5563,74.825],[86.5042,74.7958],[86.5474,74.7807],[86.538,74.7516],[86.6667,74.7438],[86.6234,74.7828],[86.7396,74.7625],[86.7922,74.7932],[86.6896,74.8],[86.6062,74.825],[86.5563,74.825]]],[[[87.0396,74.9833],[86.8292,74.9708],[86.8021,74.9563],[86.6417,74.9563],[86.5349,74.9287],[86.6646,74.9083],[86.6208,74.8896],[86.4938,74.8854],[86.4396,74.9021],[86.2953,74.9089],[86.2318,74.8912],[86.3271,74.8479],[86.5521,74.8479],[86.6979,74.8271],[86.8292,74.8271],[86.8771,74.8021],[86.9974,74.8318],[86.8396,74.8354],[86.7849,74.8693],[86.7068,74.8974],[86.8333,74.9125],[86.9417,74.8708],[86.9958,74.8854],[87.1125,74.8875],[87.1849,74.9318],[87.0734,74.9547],[87.0396,74.9833]]],[[[90.0729,77.1229],[89.9104,77.1292],[89.9484,77.1047],[90.1708,77.0813],[90.2078,77.1005],[90.0729,77.1229]]],[[[88.7963,77.112],[88.6964,77.0891],[88.7104,77.0521],[88.8375,77.05],[88.9313,77.075],[88.7963,77.112]]],[[[95.4432,76.5443],[95.3422,76.5307],[95.3958,76.5062],[95.4724,76.5318],[95.4432,76.5443]]],[[[95.1818,76.6651],[95.1208,76.6458],[94.9854,76.65],[94.9437,76.6333],[94.8417,76.6333],[94.863,76.6026],[94.9542,76.6146],[95.3375,76.6125],[95.4161,76.6318],[95.1937,76.6417],[95.1818,76.6651]]],[[[96.4396,76.6792],[96.3255,76.6682],[96.225,76.6854],[96.1568,76.6724],[96.1245,76.6339],[95.9812,76.6375],[95.8922,76.6286],[95.9458,76.6083],[96.2224,76.5911],[96.2917,76.6062],[96.3229,76.6542],[96.425,76.6542],[96.4396,76.6792]]],[[[95.5463,76.6693],[95.4792,76.6583],[95.4828,76.6359],[95.575,76.6188],[95.7312,76.625],[95.8557,76.6505],[95.8479,76.6667],[95.7037,76.662],[95.6438,76.6375],[95.5463,76.6693]]],[[[97.4474,76.6849],[97.3068,76.6755],[97.462,76.6453],[97.4474,76.6849]]],[[[97.6245,76.7714],[97.4333,76.7667],[97.2625,76.7562],[97.2396,76.7333],[97.4354,76.7354],[97.4917,76.725],[97.6245,76.7714]]],[[[97.8479,76.8292],[97.7229,76.825],[97.7667,76.7937],[97.8516,76.7911],[97.9307,76.8109],[97.8479,76.8292]]],[[[95.8255,76.7099],[95.6917,76.7208],[95.7063,76.6875],[95.7979,76.6896],[95.8255,76.7099]]],[[[96.2068,76.9141],[96.0005,76.9057],[96.0271,76.8667],[96.1563,76.8625],[96.3021,76.875],[96.3682,76.8922],[96.2068,76.9141]]],[[[95.8667,76.9646],[95.7651,76.9359],[95.7896,76.9187],[95.9161,76.9505],[95.8667,76.9646]]],[[[96.0172,76.713],[95.9474,76.6776],[96.0354,76.6687],[96.0724,76.6901],[96.0172,76.713]]],[[[93.8599,78.2297],[93.7458,78.2292],[93.65,78.2146],[93.6109,78.187],[93.6646,78.1479],[93.8516,78.1609],[93.7891,78.1787],[93.7646,78.2167],[93.8599,78.2297]]],[[[91.9479,77.6542],[91.8464,77.6495],[91.8854,77.6],[92.0917,77.6021],[92.1495,77.613],[92.0833,77.6354],[91.9479,77.6542]]],[[[89.5667,77.3021],[89.4229,77.3],[89.3229,77.2896],[89.2234,77.2516],[89.1964,77.2068],[89.2203,77.187],[89.4521,77.1521],[89.5896,77.1708],[89.7203,77.2349],[89.6339,77.2443],[89.6333,77.2667],[89.5667,77.3021]]],[[[92.8646,79.4313],[92.7458,79.4271],[92.7521,79.3917],[92.8854,79.3854],[93.0411,79.4089],[92.9708,79.4313],[92.8646,79.4313]]],[[[92.5109,79.438],[92.4896,79.4479],[92.2604,79.4354],[92.1396,79.4146],[92.2125,79.3896],[92.3542,79.3854],[92.3193,79.4172],[92.5109,79.438]]],[[[93.9953,79.4786],[93.8333,79.4812],[93.7917,79.4667],[93.9333,79.4375],[94.0391,79.4464],[93.9953,79.4786]]],[[[85.5266,74.787],[85.4667,74.7979],[85.3812,74.7708],[85.2021,74.7625],[85.1896,74.7333],[85.2792,74.7354],[85.3667,74.75],[85.5333,74.7125],[85.5833,74.7438],[85.6568,74.7401],[85.6286,74.7911],[85.5266,74.787]]],[[[85.887,74.8724],[85.8109,74.8599],[85.8141,74.8109],[85.8958,74.8187],[85.887,74.8724]]],[[[81.9625,75.4354],[81.9995,75.3953],[81.9521,75.3625],[81.7937,75.3729],[81.6922,75.4036],[81.6286,75.3682],[81.6167,75.3396],[81.7286,75.3307],[81.6578,75.3089],[81.6755,75.288],[81.8125,75.2833],[81.8313,75.3042],[81.9287,75.2932],[81.9276,75.2589],[81.9766,75.2214],[82.1021,75.2562],[82.0422,75.3141],[82.2708,75.3313],[82.3109,75.3547],[82.2412,75.4005],[82.15,75.4042],[82.0583,75.4354],[81.9625,75.4354]]],[[[82.0682,75.8797],[82.1813,75.8625],[82.3828,75.8568],[82.3396,75.875],[82.0682,75.8797]]],[[[82.6458,75.9854],[82.5818,75.963],[82.6958,75.9375],[82.7958,75.9354],[82.9021,75.95],[83.0146,75.925],[83.1479,75.925],[83.2146,75.9146],[83.2807,75.9297],[83.25,75.95],[83.1271,75.9583],[82.9542,75.9583],[82.85,75.9729],[82.6458,75.9854]]],[[[82.3354,77.525],[82.1797,77.5214],[82.3708,77.4729],[82.5417,77.4708],[82.575,77.4938],[82.4667,77.5229],[82.3354,77.525]]],[[[76.2859,79.6568],[76.2146,79.6563],[76.1505,79.6193],[76.3438,79.5687],[76.4854,79.5437],[76.6958,79.5417],[76.7526,79.5005],[76.8313,79.4854],[77.275,79.4875],[77.3938,79.4812],[77.488,79.4901],[77.5286,79.5141],[77.4187,79.5313],[77.1542,79.5521],[76.9167,79.5979],[76.7271,79.6125],[76.6563,79.6333],[76.4208,79.6333],[76.2859,79.6568]]],[[[79.5979,80.8958],[79.4667,80.9021],[79.2521,80.8771],[79.1208,80.8771],[78.9313,80.8458],[78.8276,80.7818],[78.9229,80.7479],[79.0729,80.7417],[79.7083,80.7417],[79.8599,80.7505],[80.1146,80.8042],[80.1995,80.8443],[80.1146,80.8729],[79.825,80.8729],[79.5979,80.8958]]],[[[99.6708,75.8625],[99.6,75.8583],[99.5484,75.837],[99.6021,75.825],[99.7203,75.8464],[99.6708,75.8625]]],[[[99.8562,75.9771],[99.7792,75.9792],[99.7172,75.9505],[99.8146,75.8875],[99.8662,75.9005],[99.8339,75.9203],[99.888,75.9453],[99.8562,75.9771]]],[[[95.1729,76.2104],[95.1375,76.2083],[95.0214,76.1651],[95.125,76.15],[95.2021,76.1937],[95.1729,76.2104]]],[[[95.9,76.3063],[95.7792,76.3],[95.663,76.2662],[95.662,76.2443],[95.5042,76.2562],[95.55,76.2813],[95.3938,76.275],[95.3786,76.2401],[95.4297,76.2099],[95.5625,76.2188],[95.6026,76.1943],[95.7396,76.1896],[95.7068,76.1724],[95.7937,76.1583],[95.9271,76.15],[96.1979,76.1583],[96.3458,76.1354],[96.3917,76.1083],[96.4557,76.1151],[96.4729,76.1729],[96.4083,76.1979],[96.325,76.1958],[96.2792,76.2146],[96.3896,76.2208],[96.3964,76.2568],[96.4745,76.2974],[96.4229,76.3083],[96.2833,76.2979],[96.2495,76.2484],[96.1312,76.225],[96.1578,76.287],[96.0062,76.2896],[95.9,76.3063]]],[[[97.35,76.0938],[97.1937,76.0833],[96.925,76.0417],[96.8354,76.0167],[96.7396,76.0042],[96.7771,75.9771],[96.8458,75.9771],[96.9875,76],[97.1312,76.0021],[97.2078,76.0109],[97.2005,76.0349],[97.3438,76.0813],[97.35,76.0938]]],[[[96.5542,76.275],[96.488,76.2786],[96.513,76.238],[96.5745,76.2089],[96.6563,76.2167],[96.7037,76.238],[96.6667,76.2583],[96.5542,76.275]]],[[[97.063,76.3224],[96.8505,76.3057],[96.8182,76.2734],[96.7109,76.212],[96.7167,76.1729],[96.7937,76.1708],[96.8458,76.2],[97.087,76.2286],[96.9838,76.2505],[96.9068,76.2453],[96.7958,76.1937],[96.7547,76.212],[96.9458,76.2854],[97.0667,76.2667],[97.1266,76.2901],[97.063,76.3224]]],[[[96.6625,76.3417],[96.4688,76.3292],[96.687,76.3078],[96.7682,76.3297],[96.6625,76.3417]]],[[[99.6766,76.0828],[99.6146,76.0792],[99.6188,76.0521],[99.775,76.0375],[99.8037,76.0516],[99.6766,76.0828]]],[[[103.9312,76.3354],[104.1014,76.3734],[104.4574,76.3951],[104.8713,76.3845],[105.2529,76.3275],[105.5634,76.2951],[106.1945,76.4096],[106.5339,76.4854],[106.5318,76.4974],[106.463,76.5255],[106.4537,76.5599],[106.412,76.5766],[106.487,76.5953],[106.5787,76.5932],[106.6547,76.5557],[106.7229,76.5729],[106.7734,76.6172],[106.7672,76.6495],[106.8432,76.6651],[106.7943,76.6818],[106.7995,76.7078],[106.9505,76.737],[107.0271,76.7375],[107.0672,76.7953],[107.2729,76.8083],[107.2896,76.8229],[107.2063,76.8417],[107.3729,76.8562],[107.3313,76.8875],[107.4958,76.9021],[107.5255,76.9141],[107.3313,76.9396],[107.2958,76.9625],[107.2958,77.0042],[107.1188,77],[106.9396,77.0125],[106.9354,77.0375],[106.7917,77.0479],[106.6672,77.0151],[106.5042,77.0021],[106.4104,77.0437],[106.2438,77.0542],[106.1333,77.0396],[105.9542,76.9896],[105.7708,76.9854],[105.6458,76.9688],[105.4896,76.9833],[105.4646,77.0062],[105.5062,77.0208],[105.6292,77.025],[105.7188,77.0167],[105.7875,77.0271],[105.7896,77.0563],[105.8917,77.0604],[105.8833,77.0958],[105.725,77.0854],[105.6729,77.1],[105.4917,77.0708],[105.3083,77.0687],[105.2438,77.0813],[105.1146,77.0563],[104.8958,77.0667],[104.8146,77.0833],[104.5771,77.0729],[104.3771,77.0729],[104.2479,77.0833],[104.275,77.1021],[104.4583,77.1229],[104.5333,77.1167],[104.65,77.1563],[104.8375,77.1646],[104.9313,77.1542],[105.1229,77.175],[105.3771,77.1958],[105.4063,77.2208],[105.5307,77.2255],[105.6146,77.2562],[105.625,77.275],[105.7771,77.325],[105.8354,77.3625],[106.1417,77.3458],[106.2125,77.3646],[106.1937,77.3833],[106.0458,77.4021],[105.9708,77.4521],[105.9109,77.4661],[105.9464,77.5141],[105.8734,77.5401],[105.6042,77.5354],[105.2667,77.5396],[105.0708,77.5792],[104.9792,77.5563],[104.9146,77.5896],[104.8042,77.5917],[104.7167,77.6062],[104.8292,77.6292],[104.8146,77.6687],[104.6729,77.6813],[104.6229,77.6667],[104.4604,77.6542],[104.3443,77.6578],[104.3187,77.7083],[104.1687,77.7021],[104.0813,77.7083],[103.9333,77.6792],[103.7104,77.6188],[103.5875,77.6083],[103.3979,77.6021],[103.2854,77.6292],[103.1693,77.6016],[103,77.5333],[102.6401,77.4891],[102.4484,77.4078],[102.4521,77.3917],[102.3313,77.3562],[102.0854,77.3375],[102.0417,77.3104],[101.8708,77.2583],[101.7412,77.2255],[101.5224,77.1443],[101.4026,77.1141],[101.2818,77.0537],[101.3438,77.0396],[101.3318,76.9672],[101.2583,76.9479],[101.1729,76.9604],[101.0771,76.9583],[101.0787,76.9318],[101.0099,76.8901],[100.9255,76.8578],[100.9859,76.8391],[100.9568,76.8245],[101.0693,76.7547],[101.1854,76.7562],[101.2703,76.7391],[101.3057,76.7026],[101.1755,76.662],[101.1828,76.6318],[101.1266,76.5526],[101.0854,76.5333],[100.9938,76.5333],[101.0333,76.5062],[101.1354,76.4854],[101.2063,76.4979],[101.45,76.4917],[101.5938,76.4812],[101.7375,76.4792],[101.8562,76.45],[102.0271,76.3875],[102.1354,76.3854],[102.2896,76.3667],[102.3912,76.3693],[102.3693,76.3912],[102.5437,76.4187],[102.65,76.4083],[102.6682,76.3839],[102.5568,76.3662],[102.5083,76.3417],[102.4026,76.3443],[102.4167,76.3083],[102.5583,76.2979],[102.6729,76.3167],[102.7562,76.3167],[102.8125,76.3354],[102.9917,76.3438],[103.0651,76.3703],[103.2646,76.3812],[103.5042,76.3771],[103.5542,76.4042],[103.7646,76.4063],[103.8068,76.3776],[103.8812,76.3729],[103.9312,76.3354]]],[[[105.9776,77.2755],[105.8375,77.275],[105.8396,77.2396],[105.9646,77.2542],[105.9776,77.2755]]],[[[107.45,77.3375],[107.313,77.2963],[107.3099,77.2745],[107.4714,77.2641],[107.4521,77.2104],[107.5792,77.2479],[107.7125,77.2521],[107.6672,77.2786],[107.7625,77.3],[107.7021,77.3313],[107.6396,77.3104],[107.45,77.3375]]],[[[106.8292,77.4521],[106.7562,77.4563],[106.6937,77.4208],[106.6203,77.4099],[106.6646,77.3708],[106.7458,77.3708],[106.7708,77.4042],[106.8651,77.4161],[106.9083,77.4354],[106.8292,77.4521]]],[[[107.5875,78.175],[107.4708,78.1771],[107.325,78.1604],[107.0417,78.1479],[106.8688,78.1667],[106.6104,78.1458],[106.525,78.1167],[106.8229,78.0875],[107,78.0875],[107.0854,78.0771],[107.2625,78.0771],[107.4771,78.0625],[107.5271,78.0417],[107.6083,78.0479],[107.7724,78.1234],[107.762,78.1391],[107.5875,78.175]]],[[[106.6953,78.3182],[106.5479,78.325],[106.4755,78.2995],[106.4641,78.2526],[106.1667,78.2479],[106.1255,78.2214],[106.1563,78.1896],[106.2958,78.1771],[106.6708,78.2667],[106.8307,78.2672],[106.8068,78.2974],[106.6953,78.3182]]],[[[102.4458,79.4187],[102.3229,79.4125],[102.213,79.3578],[102.1974,79.3172],[102.2662,79.2662],[102.2724,79.237],[102.1917,79.2271],[101.9812,79.2458],[101.9875,79.2729],[101.937,79.337],[101.8375,79.3542],[101.6396,79.3333],[101.5839,79.2995],[101.637,79.2682],[101.6167,79.2396],[101.338,79.2037],[101.1266,79.0776],[101.0724,79.0537],[101.0578,79.0172],[100.9943,79.0089],[100.9453,78.9422],[100.8187,78.8812],[100.8203,78.8547],[100.8833,78.8333],[100.8187,78.7958],[100.6958,78.7979],[100.4609,78.7245],[100.4266,78.688],[100.3672,78.6641],[100.3875,78.5958],[100.3688,78.5708],[100.2505,78.5328],[100.2417,78.4917],[100.2703,78.4589],[100.1734,78.4266],[100.0708,78.4063],[100.0859,78.363],[100.1578,78.3484],[100.0401,78.3245],[100.0266,78.2963],[99.8854,78.2625],[99.7271,78.1833],[99.6479,78.1729],[99.5463,78.1224],[99.4891,78.063],[99.4068,78.0245],[99.5286,77.9953],[99.488,77.9609],[99.6062,77.925],[99.6729,77.95],[99.8083,77.9563],[100.0313,77.9417],[100.1521,77.9667],[100.5625,78.0354],[100.7312,78.0708],[100.9,78.0833],[101.1771,78.1542],[101.3708,78.1771],[101.6604,78.1813],[101.725,78.1729],[101.8453,78.1932],[102.0854,78.1708],[102.3083,78.1958],[102.4542,78.1917],[102.55,78.2],[102.7234,78.1984],[102.8479,78.1875],[102.8458,78.1563],[102.9083,78.1521],[102.9812,78.1875],[103.1438,78.1937],[103.5104,78.2354],[103.8833,78.2438],[104.1854,78.2917],[104.3896,78.3125],[104.5542,78.3063],[104.7771,78.325],[104.9208,78.3187],[105.0604,78.3542],[105.2599,78.4359],[105.3641,78.5526],[105.3641,78.5839],[105.2963,78.6641],[105.362,78.6922],[105.2995,78.7745],[105.1813,78.775],[105.1557,78.812],[105.0229,78.8354],[104.8979,78.8458],[104.7708,78.8333],[104.7078,78.8891],[104.5807,78.9057],[104.5557,78.9391],[104.4708,78.9563],[104.4661,78.9912],[104.0458,79.0458],[104.1,79.1208],[104.0146,79.1292],[103.9078,79.163],[103.6833,79.175],[103.4625,79.175],[103.4964,79.1932],[103.3479,79.2021],[103.2984,79.1818],[103.4292,79.1646],[103.4464,79.1151],[103.25,79.0708],[103.1958,79.0458],[103.0938,79.0354],[102.9734,79.0432],[102.9682,78.9838],[102.8422,78.9474],[102.7297,78.8807],[102.7234,78.8422],[102.5818,78.8182],[102.5646,78.8021],[102.45,78.7833],[102.3568,78.8172],[102.4708,78.8479],[102.5667,78.8604],[102.5755,78.8912],[102.6438,78.9333],[102.7099,78.9391],[102.675,79.0208],[102.7807,79.0463],[102.8172,79.0891],[102.8724,79.1047],[102.8568,79.1724],[103.0563,79.2542],[103.1917,79.2813],[103.1792,79.3063],[103.0141,79.3307],[102.8833,79.3708],[102.55,79.4021],[102.4458,79.4187]]],[[[96.4938,77.175],[96.2901,77.1495],[96.2042,77.1188],[95.9724,77.0797],[95.9271,77.0604],[95.8229,77.0521],[95.6021,77.0479],[95.4604,77.0167],[95.5255,76.9797],[95.825,76.9896],[95.9771,77.0021],[96.0589,76.9828],[96.1271,76.9938],[96.2536,76.9932],[96.3479,77.0521],[96.4396,77.0542],[96.5432,77.0901],[96.5771,77.125],[96.5286,77.1339],[96.4938,77.175]]],[[[97.5563,80.1625],[97.0729,80.1583],[96.5792,80.1104],[96.2604,80.1],[96.1271,80.1125],[95.6417,80.1104],[95.5208,80.1021],[95.4089,80.062],[95.375,80.0292],[95.075,80.0646],[95.1224,80.0766],[95.0396,80.1104],[94.9276,80.088],[94.9995,80.0651],[94.8005,80.0245],[94.7104,79.9854],[94.5583,79.9771],[94.4542,79.9563],[94.4786,79.9276],[94.35,79.9187],[94.3505,79.888],[94.55,79.8396],[94.7208,79.8208],[94.5062,79.7833],[94.1708,79.7771],[94.0625,79.7583],[93.8422,79.6953],[93.8026,79.6589],[93.4026,79.5787],[93.35,79.5333],[93.375,79.5062],[93.1995,79.4724],[93.2917,79.4479],[93.4729,79.475],[93.4958,79.4979],[93.4109,79.5109],[93.5203,79.5339],[93.7755,79.6141],[93.8958,79.5979],[93.7896,79.5667],[94.0349,79.4974],[94.1667,79.4812],[94.3375,79.4833],[94.4359,79.4537],[94.4229,79.4187],[94.3583,79.3938],[94.4141,79.3536],[94.3047,79.3307],[94.3167,79.2917],[94.4234,79.2776],[94.4021,79.2333],[94.7354,79.1792],[94.6859,79.1495],[94.8276,79.0714],[94.9417,79.0396],[95.0938,79.025],[95.1995,79.0328],[95.4458,79.0792],[95.5104,79.1021],[95.6229,79.0979],[95.6521,79.0604],[95.7354,79.0625],[95.7229,78.9958],[96.0104,78.9979],[96.0333,78.9792],[96.1813,78.9854],[96.3562,79.0146],[96.4,78.9938],[96.8,78.9875],[96.9042,79.0042],[96.9854,78.9771],[96.9776,78.9453],[97.0729,78.9271],[97.187,78.8859],[97.3187,78.8833],[97.4625,78.8417],[97.6312,78.8042],[97.9917,78.825],[98.0417,78.8083],[98.15,78.8208],[98.1958,78.8042],[98.3063,78.8083],[98.375,78.7688],[98.5292,78.7813],[98.6312,78.7708],[98.675,78.8042],[99.1062,78.7979],[99.3354,78.8229],[99.3708,78.8104],[99.5292,78.8167],[99.6667,78.8646],[99.9578,78.9276],[99.875,78.9979],[99.9182,79.0401],[99.8557,79.0891],[99.6104,79.1062],[99.5714,79.1245],[99.6807,79.1391],[99.6458,79.1604],[99.3818,79.1953],[99.3042,79.2167],[99.3063,79.2375],[99.4125,79.2479],[99.6646,79.2396],[99.8037,79.2734],[99.8141,79.3172],[99.7547,79.3776],[99.7521,79.4042],[99.6339,79.4047],[99.6917,79.4542],[99.8662,79.5026],[99.8568,79.5391],[99.8026,79.5651],[99.85,79.5813],[100.0125,79.5833],[100.0661,79.5953],[100.1188,79.6375],[100.3104,79.6583],[100.3042,79.6729],[100.1479,79.6833],[100.1292,79.6958],[99.9688,79.7083],[99.9313,79.7375],[100.0521,79.75],[100.0776,79.7807],[99.9922,79.8109],[99.9828,79.8318],[99.8714,79.8662],[99.8104,79.9167],[99.5813,79.9479],[99.4771,79.975],[99.4583,80.0146],[99.2729,80.0229],[99.3,80.0437],[99.1771,80.0521],[98.8625,80.0396],[98.775,80.0687],[98.6125,80.0813],[98.4708,80],[97.9708,80],[98.0495,80.037],[97.9938,80.0729],[97.6375,80.1604],[97.5563,80.1625]]],[[[91.9688,80.0813],[91.5813,80.0687],[91.2312,80.0521],[91.3557,80.0109],[91.2688,79.9771],[91.138,79.9589],[91.3568,79.9245],[91.3229,79.8875],[91.1563,79.8771],[91.1359,79.8599],[91.3042,79.8438],[91.3,79.8313],[91.8167,79.8125],[91.8708,79.8042],[92.1146,79.8104],[92.3562,79.7729],[92.3912,79.7432],[92.3396,79.7229],[92.225,79.7438],[92.1062,79.7417],[92.0042,79.7208],[92.0167,79.6979],[92.2708,79.6687],[92.5167,79.6667],[92.7417,79.675],[92.8875,79.6917],[93.1417,79.7042],[93.2432,79.7276],[93.25,79.7479],[93.4042,79.7646],[93.5646,79.8125],[93.7182,79.8359],[93.8583,79.9042],[93.8417,79.9208],[93.7021,79.9292],[93.5833,79.9563],[93.4812,79.9583],[93.4495,79.9786],[92.9896,80.0271],[92.7125,80.0188],[92.5833,80.0083],[92.5208,80.0354],[92.1937,80.0375],[91.9688,80.0813]]],[[[94.1292,80.0271],[93.9901,79.9995],[94.0625,79.975],[94.2167,80],[94.1292,80.0271]]],[[[91.3021,79.7375],[91.2,79.7292],[91.325,79.6854],[91.5396,79.6687],[91.6479,79.6479],[91.8167,79.65],[91.9771,79.6687],[91.8224,79.7255],[91.3896,79.7312],[91.3021,79.7375]]],[[[90.8917,81.2292],[90.775,81.2312],[90.5479,81.2021],[90.4146,81.2042],[90.1958,81.1813],[90.1589,81.1172],[90.2417,81.0854],[90.4375,81.0625],[90.5125,81.0437],[90.6271,81.0479],[90.7792,81.0333],[91.0729,81.0292],[91.3016,81.0401],[91.5188,81.0625],[91.6099,81.0849],[91.6563,81.1229],[91.5229,81.1813],[91.4375,81.1979],[91.1729,81.2271],[90.8917,81.2292]]],[[[95.7625,81.2708],[95.4005,81.2682],[95.1208,81.2542],[95.1318,81.2297],[95.2396,81.2188],[95.4604,81.2125],[95.2188,81.1563],[95.0104,81.1271],[94.8141,81.0651],[94.6151,81.0359],[94.7292,81],[94.4943,81.0026],[94.3958,81.05],[94.1943,81.0182],[93.8896,81.0146],[93.7875,80.9854],[93.1651,80.9495],[93.1937,80.9146],[93.4854,80.8854],[93.1833,80.8854],[92.9833,80.8604],[92.9208,80.8396],[92.9807,80.8172],[92.7583,80.7813],[92.6141,80.7714],[92.5891,80.7401],[92.6458,80.7146],[93.0807,80.7307],[93.1937,80.7438],[93.3542,80.7792],[93.4641,80.7807],[93.3953,80.7068],[93.2271,80.6937],[92.9453,80.6172],[92.8714,80.5484],[92.8938,80.5125],[92.6964,80.5078],[92.7292,80.4708],[92.3729,80.4563],[92.2188,80.4333],[92.1484,80.4036],[92.275,80.3979],[92.5021,80.3688],[92.6687,80.3667],[92.6729,80.3417],[92.4021,80.3625],[92.3521,80.3438],[92,80.3542],[91.9104,80.3417],[91.7604,80.3458],[91.6667,80.3271],[91.4984,80.2755],[91.7583,80.2604],[92.0104,80.2729],[92.55,80.2646],[92.5255,80.2245],[92.7167,80.1896],[92.8646,80.2],[92.9146,80.1521],[92.7479,80.1771],[92.2833,80.1833],[92.2188,80.1583],[92.3771,80.1583],[92.5625,80.1417],[92.6854,80.1417],[93.0604,80.1167],[93.0708,80.1062],[93.3646,80.0583],[93.4896,80.0458],[93.4875,80.025],[93.5917,80.0104],[93.8479,80.0021],[94.0167,80.0271],[94.3083,80.0542],[94.5349,80.113],[94.5062,80.1375],[94.7833,80.1312],[94.8583,80.1458],[95.1563,80.15],[95.825,80.2146],[96.5396,80.2146],[96.85,80.2292],[97.1896,80.2396],[97.3125,80.2521],[97.6,80.2958],[97.5521,80.3313],[97.4875,80.3458],[97.4979,80.3938],[97.4724,80.4349],[97.3641,80.4838],[97.2375,80.5146],[97.3896,80.5437],[97.3005,80.5682],[97.4063,80.5979],[97.6833,80.6521],[97.8458,80.6521],[97.9896,80.6646],[98.0042,80.6917],[97.7458,80.7917],[97.4604,80.8125],[97.4104,80.8292],[97.2667,80.8417],[97.0938,80.8938],[96.9229,80.9021],[96.8255,80.9213],[96.738,80.9568],[96.7083,81.0021],[96.5563,81.0354],[96.5167,81.0604],[96.4083,81.0729],[96.4938,81.1146],[96.3187,81.175],[96.0104,81.2583],[95.7625,81.2708]]],[[[100.0396,79.4396],[99.9776,79.4391],[99.9812,79.4],[100.1193,79.4287],[100.0396,79.4396]]]]},"properties":{"GID_0":"RUS","GID_1":"RUS.35_1","GID_2":"RUS.35.13_1","NAME_1":"Krasnoyarsk","NAME_2":"Diksonskiyrayon"}},
{"type":"Feature","geometry":{"type":"Polygon","coordinates":[[[92.4334,55.9373],[92.4429,55.961],[92.3852,55.9631],[92.4039,55.9354],[92.4334,55.9373]]]},"properties":{"GID_0":"RUS","GID_1":"RUS.35_1","GID_2":"RUS.35.14_1","NAME_1":"Krasnoyarsk","NAME_2":"Divnogorsk"}},
{"type":"Feature","geometry":{"type":"Polygon","coordinates":[[[85.7536,72.3881],[85.9609,72.4028],[86.0674,72.4216],[86.171,72.4592],[86.2963,72.4735],[86.656,72.4553],[86.9428,72.4997],[87.1175,72.4185],[87.4619,72.4622],[87.6868,72.4687],[87.8232,72.4422],[87.8895,72.4086],[88.0413,72.4121],[88.1678,72.3661],[88.3635,72.3457],[88.4842,72.3424],[88.5974,72.2803],[88.7477,72.2383],[88.8204,72.0849],[88.9041,71.9726],[88.8486,71.9151],[88.7524,71.8853],[88.6081,71.8854],[88.5318,71.8565],[88.4875,71.7772],[88.5429,71.6878],[88.6951,71.6303],[88.8518,71.5899],[88.9764,71.5503],[88.9976,71.5208],[88.9121,71.4794],[88.8061,71.4705],[88.696,71.4734],[88.5867,71.4465],[88.4766,71.369],[88.4208,71.3058],[88.2648,71.2357],[88.1773,71.2173],[88.1969,71.1662],[88.3512,71.1206],[88.5053,71.0964],[88.6361,70.9681],[88.7276,70.9223],[88.7991,70.8707],[88.9261,70.8093],[88.8458,70.7562],[88.7119,70.7343],[88.6668,70.6683],[88.5512,70.6269],[88.3404,70.6],[88.1873,70.5719],[88.0971,70.5308],[87.9958,70.4676],[87.9047,70.4626],[87.7895,70.4934],[87.6904,70.5121],[87.4595,70.5081],[87.2731,70.4938],[87.0299,70.5697],[87.0134,70.6161],[86.9731,70.6516],[86.8362,70.6628],[86.6091,70.6675],[86.6149,70.7043],[86.4554,70.7107],[86.1584,70.7015],[86.0194,70.7024],[85.8042,70.6733],[85.865,70.6218],[86.0461,70.5894],[86.1694,70.5434],[86.234,70.4874],[86.235,70.4247],[86.1587,70.349],[86.2938,70.2811],[86.3221,70.2045],[86.2801,70.1301],[86.1299,70.0747],[85.845,70.0198],[85.5395,69.9776],[85.3179,69.95],[85.1261,69.934],[84.9676,69.9075],[84.6598,69.8763],[84.8883,69.7792],[84.9492,69.7109],[84.9609,69.6328],[84.8971,69.5671],[84.7888,69.5003],[84.6845,69.4488],[84.6465,69.4229],[84.6682,69.3975],[84.7439,69.3552],[84.7754,69.3062],[84.7205,69.2845],[84.6345,69.2365],[84.5633,69.1595],[84.5213,69.0523],[84.523,68.8776],[84.5006,68.7393],[84.4571,68.6676],[84.3835,68.6072],[83.9952,68.5455],[83.8415,68.5374],[83.7837,68.5055],[83.8748,68.4568],[83.8609,68.4084],[83.7736,68.399],[83.623,68.4023],[83.4319,68.4815],[83.3126,68.498],[83.173,68.5001],[82.9809,68.4968],[82.8407,68.5166],[82.7212,68.5506],[82.7287,68.5005],[82.7815,68.4172],[82.7846,68.3873],[82.7543,68.3523],[82.8588,68.3014],[82.9541,68.2731],[83.0665,68.2484],[83.1056,68.2089],[83.101,68.1538],[83.132,68.1418],[83.2164,68.1397],[83.2766,68.0787],[83.069,67.9781],[83.1334,67.927],[83.2454,67.9381],[83.3232,67.8883],[83.4395,67.8809],[83.4287,67.8244],[83.5562,67.7691],[83.642,67.6881],[83.6566,67.619],[83.9698,67.622],[84.1927,67.5436],[84.2644,67.4659],[84.3782,67.4438],[84.3862,67.3414],[84.5716,67.3137],[84.6619,67.2097],[84.8208,67.2121],[84.9358,67.2806],[85.0488,67.317],[85.0055,67.3365],[84.916,67.3537],[84.9666,67.4257],[85.0535,67.4559],[85.059,67.4817],[85.2312,67.5138],[85.3084,67.5757],[85.1834,67.6526],[85.2504,67.7371],[85.2695,67.7827],[85.3852,67.7833],[85.3875,67.848],[85.5177,67.8722],[85.6042,68.0197],[85.7605,68.0393],[86.1512,68.0451],[86.3319,68.0809],[86.4977,68.0651],[86.5975,67.9612],[86.7062,67.8384],[86.9478,67.5956],[87.1949,67.499],[87.363,67.3871],[87.5114,67.3386],[87.5994,67.3628],[87.7781,67.3544],[87.9029,67.4098],[88.0212,67.4164],[88.1144,67.3738],[88.307,67.389],[88.3878,67.4158],[88.4958,67.3768],[88.6249,67.4142],[88.7039,67.4278],[88.8158,67.3852],[89.014,67.3768],[89.1638,67.4077],[89.1992,67.4904],[89.301,67.5134],[89.3366,67.4555],[89.506,67.4225],[89.6471,67.4597],[89.8345,67.4478],[89.9763,67.4894],[90.0443,67.486],[90.1746,67.4537],[90.6182,67.4028],[90.9044,67.4117],[91.0505,67.4258],[91.1893,67.4523],[91.3082,67.4463],[91.5459,67.5041],[91.8233,67.6443],[91.972,67.7716],[92.029,67.8707],[92.2693,67.9732],[92.7788,68.1617],[92.8694,68.2808],[92.9558,68.3658],[93.1295,68.4376],[93.3393,68.4601],[93.6104,68.4516],[93.7851,68.4211],[93.9234,68.4149],[94.0561,68.3818],[94.2211,68.4037],[94.2986,68.4647],[94.2919,68.502],[94.2218,68.5364],[94.2224,68.568],[94.146,68.5956],[94.1182,68.633],[94.1083,68.7407],[94.0301,68.8129],[93.9038,68.8514],[93.711,68.8873],[93.4407,68.9155],[93.2261,68.9337],[93.0353,68.9581],[92.8353,68.9911],[92.6399,69.0425],[92.5459,69.1081],[92.4925,69.1655],[92.3615,69.2507],[92.2757,69.2763],[92.1177,69.2958],[92.0087,69.3396],[91.9264,69.4213],[91.905,69.4718],[91.9379,69.5166],[92.0115,69.5567],[92.0997,69.5938],[92.1218,69.6554],[91.9421,69.7551],[91.8666,69.8216],[91.8411,69.8812],[91.9583,69.9151],[92.1588,69.9608],[92.422,70.0025],[92.6281,70.0304],[92.8695,70.0329],[93.0568,70.0503],[93.1968,70.0309],[93.4302,70.0388],[93.5306,70.1078],[93.5014,70.1894],[93.5525,70.2235],[93.5766,70.263],[93.4729,70.3586],[93.482,70.405],[93.5676,70.432],[93.5534,70.472],[93.4716,70.4754],[93.4552,70.5154],[93.3345,70.5764],[93.2879,70.6632],[93.3752,70.6645],[93.45,70.6838],[93.639,70.7892],[93.7601,70.8856],[93.748,70.971],[93.6722,71.0321],[93.5891,71.1225],[93.5462,71.231],[93.5693,71.3317],[93.5289,71.3655],[93.4123,71.3716],[93.3444,71.4201],[93.4582,71.5195],[93.4998,71.5775],[93.4818,71.6603],[93.1617,71.9097],[93.0407,72.0707],[93.0571,72.1327],[92.9906,72.1786],[92.64,72.2001],[92.3231,72.2065],[92.2621,72.2571],[92.1336,72.3209],[91.977,72.3258],[91.9529,72.3537],[91.864,72.3715],[91.8558,72.4103],[91.949,72.4272],[91.9409,72.4828],[91.7789,72.5433],[91.7064,72.6149],[91.652,72.6864],[91.4323,72.7491],[91.2427,72.8474],[91.1412,72.9598],[91.0779,73.0767],[90.9693,73.1907],[90.7164,73.27],[90.4781,73.2715],[90.3135,73.2545],[90.1249,73.2269],[89.9466,73.2249],[89.6235,73.2446],[89.3502,73.2354],[89.0904,73.2341],[88.8589,73.2377],[88.6159,73.2264],[88.3867,73.2015],[88.2012,73.1674],[87.8846,73.0633],[87.6366,73.0165],[87.2339,72.989],[86.9478,72.9719],[86.7347,72.9818],[86.4973,72.9654],[86.3919,72.9375],[86.1265,72.951],[85.8577,72.9525],[85.6278,72.9621],[85.4941,72.9594],[85.3519,72.9141],[85.2481,72.8514],[85.2266,72.7823],[85.3372,72.6905],[85.4135,72.6428],[85.4897,72.5608],[85.6962,72.4323],[85.7536,72.3881]]]},"properties":{"GID_0":"RUS","GID_1":"RUS.35_1","GID_2":"RUS.35.15_1","NAME_1":"Krasnoyarsk","NAME_2":"Dudinkagorsovet"}},
{"type":"Feature","geometry":{"type":"Polygon","coordinates":[[[95.8554,56.9962],[95.8043,57.0126],[95.7816,57.0474],[95.7803,57.0848],[95.7219,57.0891],[95.6832,57.0521],[95.6018,57.0391],[95.4341,57.0811],[95.3569,57.1155],[95.2407,57.0981],[95.1652,57.0567],[95.0962,57.032],[94.9481,57.0166],[94.7622,57.0194],[94.6697,56.9943],[94.5943,56.9917],[94.5048,57.0067],[94.4841,56.9993],[94.494,56.966],[94.5263,56.9219],[94.4958,56.905],[94.4246,56.8979],[94.2932,56.8988],[94.2401,56.9072],[94.2353,56.8447],[94.2937,56.7875],[94.3701,56.7603],[94.4289,56.7477],[94.4503,56.7086],[94.4359,56.6833],[94.535,56.6398],[94.5703,56.6032],[94.5901,56.6278],[94.6402,56.6355],[94.7109,56.6333],[94.8724,56.5583],[95.0041,56.5456],[95.034,56.5797],[95.084,56.5836],[95.1987,56.56],[95.2856,56.548],[95.348,56.5668],[95.4153,56.5986],[95.552,56.685],[95.6061,56.7363],[95.5893,56.7749],[95.5972,56.8436],[95.6707,56.8846],[95.6669,56.9164],[95.6019,56.9222],[95.5642,56.9528],[95.5939,56.9858],[95.8554,56.9962]]]},"properties":{"GID_0":"RUS","GID_1":"RUS.35_1","GID_2":"RUS.35.16_1","NAME_1":"Krasnoyarsk","NAME_2":"Dzerzhinskiyrayon"}},
{"type":"Feature","geometry":{"type":"Polygon","coordinates":[[[92.4712,55.7671],[92.3622,55.7826],[92.2613,55.8049],[92.2354,55.8927],[92.2492,55.9312],[92.3077,55.9699],[92.3933,55.9977],[92.5731,55.9916],[92.655,56.0061],[92.7824,56.0409],[92.9081,56.0911],[92.9954,56.1195],[93.1075,56.1018],[93.1459,56.1215],[93.0891,56.1765],[93.1051,56.2013],[93.1469,56.2075],[93.2704,56.1986],[93.3357,56.2254],[93.3472,56.2581],[93.3292,56.2844],[93.3338,56.3359],[93.3117,56.3145],[93.1969,56.2865],[93.0844,56.2475],[93.0204,56.2609],[93.0082,56.283],[93.0159,56.3164],[92.9809,56.3252],[92.8189,56.3433],[92.7528,56.3592],[92.6896,56.4045],[92.4716,56.4634],[92.4105,56.5051],[92.4159,56.5321],[92.3719,56.5493],[92.3176,56.5474],[92.3057,56.5714],[92.3578,56.5896],[92.4971,56.5925],[92.5541,56.6127],[92.5446,56.6506],[92.4458,56.7247],[92.419,56.7678],[92.3312,56.7629],[92.0909,56.8235],[92.0307,56.8561],[91.8539,56.8767],[91.6936,56.9185],[91.6961,56.8618],[91.7315,56.8203],[91.7265,56.7859],[91.7862,56.7425],[91.8096,56.7028],[91.7967,56.6872],[91.7513,56.6748],[91.7373,56.6169],[91.6788,56.5631],[91.6093,56.4598],[91.5623,56.4086],[91.5158,56.3832],[91.4731,56.302],[91.5104,56.1608],[91.5599,56.126],[91.6274,56.1191],[91.7084,56.1187],[91.7885,56.1337],[91.8484,56.1261],[91.8735,56.0959],[91.8553,56.0698],[91.8208,56.0472],[91.8397,56.0183],[91.9181,55.9764],[91.9373,55.9512],[91.917,55.926],[91.8538,55.9214],[91.7115,55.9366],[91.6562,55.9481],[91.5829,55.9308],[91.6139,55.8836],[91.5704,55.8419],[91.7342,55.7507],[91.7861,55.695],[91.8435,55.701],[91.9358,55.695],[92.0078,55.7166],[92.2376,55.7063],[92.3047,55.7338],[92.4712,55.7671]]]},"properties":{"GID_0":"RUS","GID_1":"RUS.35_1","GID_2":"RUS.35.17_1","NAME_1":"Krasnoyarsk","NAME_2":"Emel'yanovskiyrayon"}},
{"type":"Feature","geometry":{"type":"Polygon","coordinates":[[[85.9691,61.5052],[85.9643,61.4684],[85.7987,61.4486],[85.7171,61.4233],[85.6537,61.3934],[85.6785,61.3262],[85.6618,61.2593],[84.9414,61.0552],[84.5658,60.9565],[84.253,60.844],[84.28,60.7882],[84.3443,60.7797],[84.3977,60.7456],[84.4473,60.6782],[84.5624,60.5782],[84.7319,60.4468],[84.826,60.3349],[84.7746,60.2973],[84.7657,60.2626],[84.6977,60.2119],[84.655,60.2013],[84.6392,60.1574],[84.6689,60.1019],[84.6558,60.0564],[84.5769,59.9817],[84.5925,59.9442],[84.6444,59.8734],[84.78,59.8741],[84.911,59.8806],[85.0208,59.8799],[85.2652,59.8858],[85.4575,59.8817],[85.5425,59.8854],[85.6468,59.9098],[85.8718,59.9301],[86.1721,59.9373],[86.3285,59.946],[86.4583,59.9462],[86.6878,59.9191],[86.8198,59.8979],[86.9641,59.8842],[87.0784,59.8601],[87.1247,59.8135],[87.1404,59.7584],[87.1446,59.6706],[87.2573,59.6731],[87.3667,59.6707],[87.4257,59.6754],[87.4824,59.665],[87.6547,59.4411],[87.6931,59.3872],[87.7454,59.3347],[87.8259,59.2662],[87.8655,59.243],[87.9622,59.2455],[88.2134,59.262],[88.4026,59.2827],[88.5494,59.2865],[88.5754,59.2638],[88.5695,59.2226],[88.5914,59.1802],[88.7009,59.1112],[88.7823,59.0748],[88.8024,59.0516],[88.801,59.0136],[88.6419,58.9617],[88.5214,58.9381],[88.4498,58.8771],[88.305,58.7658],[88.0061,58.6001],[87.9187,58.5325],[87.9028,58.5023],[87.9353,58.4015],[87.9538,58.2707],[87.9637,58.2532],[88.0278,58.2176],[88.0616,58.1781],[88.0751,58.109],[88.1907,58.0829],[88.3464,58.0734],[88.5689,58.0495],[88.6319,58.0468],[88.6909,58.0023],[88.7378,57.9769],[88.8064,57.9507],[88.9494,57.9237],[89.0238,57.9275],[89.1612,57.9424],[89.2502,57.9288],[89.3133,57.901],[89.3664,57.8668],[89.3835,57.8001],[89.452,57.8172],[89.5952,57.8186],[89.7892,57.8389],[89.9879,57.8805],[90.175,57.9043],[90.3209,57.9345],[90.4815,57.9603],[90.5621,57.9611],[90.6102,57.9281],[90.5712,57.8633],[90.5066,57.8047],[90.5126,57.7352],[90.5293,57.6545],[90.6165,57.6172],[90.7636,57.637],[90.849,57.7026],[90.9226,57.699],[91.0164,57.7475],[91.0433,57.7827],[91.0259,57.832],[91.0938,57.8896],[91.1533,57.8756],[91.2757,57.8285],[91.4057,57.804],[91.531,57.7238],[91.6143,57.7169],[91.6794,57.7877],[91.7885,57.9322],[91.8604,57.9417],[91.9487,58.001],[92.0619,58.0233],[92.2294,58.0087],[92.3628,57.9678],[92.4524,57.8909],[92.5222,57.8578],[92.6982,57.8771],[92.8173,57.8331],[92.956,57.8405],[93.0321,57.8597],[93.0513,57.8829],[92.9958,57.9217],[92.9702,57.9523],[93.0309,58.0036],[93.0503,58.0661],[93.0482,58.1852],[93.0244,58.2461],[93.0747,58.3306],[93.0823,58.3704],[93.0294,58.4104],[92.9703,58.407],[92.917,58.4249],[92.9146,58.5082],[92.8557,58.545],[92.7404,58.6564],[92.7178,58.7238],[92.6575,58.7229],[92.5214,58.7027],[92.4193,58.6972],[92.3471,58.6991],[92.2687,58.7217],[92.2101,58.7638],[92.135,58.8957],[92.0112,59.0326],[91.92,59.1661],[91.8211,59.3541],[91.7547,59.4011],[91.5687,59.5171],[91.2797,59.6608],[91.1183,59.7634],[91.0809,59.8177],[91.0748,59.8907],[91.103,59.9918],[91.1265,60.0403],[91.1733,60.0931],[91.3848,60.1414],[91.4336,60.1832],[91.4696,60.2379],[91.4531,60.2725],[91.4566,60.3076],[91.3679,60.31],[91.2948,60.3289],[91.3389,60.3749],[91.3131,60.4558],[91.3609,60.4745],[91.4573,60.4901],[91.4661,60.5649],[91.5821,60.6155],[91.5948,60.6593],[91.6307,60.6973],[91.6702,60.7658],[91.4163,60.7788],[91.3445,60.8034],[91.3371,60.8598],[91.3074,60.9064],[91.2471,60.951],[91.1307,61.0019],[90.6683,60.9607],[90.3107,60.9814],[90.1135,61.1048],[89.9213,61.2589],[89.6789,61.3097],[89.3011,61.3268],[89.1648,61.3468],[89.0462,61.3145],[88.7837,61.324],[88.6864,61.2778],[88.4749,61.2563],[88.2446,61.2675],[88.0933,61.2392],[87.6894,61.2804],[87.5466,61.3137],[87.2884,61.4099],[86.836,61.4631],[86.5031,61.4898],[86.2764,61.5602],[85.9691,61.5052]]]},"properties":{"GID_0":"RUS","GID_1":"RUS.35_1","GID_2":"RUS.35.18_1","NAME_1":"Krasnoyarsk","NAME_2":"Eniseyskiyrayon"}},
{"type":"Feature","geometry":{"type":"Polygon","coordinates":[[[91.0105,51.9246],[91.0607,51.9166],[91.1197,51.8672],[91.2259,51.8735],[91.3835,51.8923],[91.4619,51.8859],[91.5544,51.8472],[91.6087,51.835],[91.7483,51.8574],[91.8202,51.8252],[91.8485,51.7765],[91.9503,51.7595],[92.0748,51.7692],[92.1391,51.7898],[92.2012,51.7954],[92.2547,51.8152],[92.3262,51.8178],[92.3877,51.7964],[92.5635,51.8352],[92.6448,51.8577],[92.7601,51.8612],[92.8262,51.852],[92.8986,51.9143],[92.9796,51.9624],[93.0305,51.964],[93.1297,52.0431],[93.1779,52.0469],[93.2493,52.1098],[93.3244,52.1451],[93.3659,52.1542],[93.415,52.1841],[93.5953,52.2057],[93.6365,52.3345],[93.7432,52.3834],[93.7463,52.4877],[93.8513,52.5611],[93.8996,52.5787],[93.9066,52.6536],[93.9874,52.6813],[94.0427,52.7911],[94.0639,52.8123],[94.0055,52.8256],[93.9565,52.866],[93.9303,52.9057],[93.8186,52.9138],[93.7551,52.8953],[93.6871,52.8894],[93.6168,52.9007],[93.5005,52.9036],[93.4795,52.8518],[93.4347,52.8233],[93.3712,52.8266],[93.325,52.8475],[93.2995,52.8799],[93.295,52.9181],[93.2691,52.9688],[93.2436,53.0405],[93.1892,53.1112],[93.185,53.1439],[93.2464,53.1955],[93.2508,53.2215],[93.2157,53.2549],[93.1555,53.2822],[93.0145,53.2775],[92.9546,53.2963],[92.8881,53.3075],[92.7925,53.3028],[92.7287,53.2938],[92.6691,53.3254],[92.5892,53.4315],[92.5372,53.4819],[92.4716,53.5321],[92.4072,53.5449],[92.3445,53.5377],[92.3462,53.5085],[92.3079,53.4865],[92.2061,53.4653],[92.1054,53.456],[92.0571,53.445],[91.9933,53.3403],[91.9694,53.2807],[91.9581,53.2084],[91.9725,53.1379],[91.9958,53.0736],[92.0506,52.8794],[92.0915,52.8219],[92.1167,52.7613],[92.1191,52.6805],[92.1006,52.6138],[92.1064,52.5167],[92.1537,52.3793],[92.143,52.3389],[92.0892,52.2831],[92.0054,52.2241],[91.8408,52.1928],[91.6355,52.1616],[91.5686,52.1617],[91.4383,52.127],[91.2991,52.0803],[91.2076,52.0457],[91.1457,52.0062],[91.0732,51.9751],[91.041,51.9686],[91.0105,51.9246]]]},"properties":{"GID_0":"RUS","GID_1":"RUS.35_1","GID_2":"RUS.35.19_1","NAME_1":"Krasnoyarsk","NAME_2":"Ermakovskiyrayon"}},
{"type":"Feature","geometry":{"type":"Polygon","coordinates":[[[91.7327,54.8354],[91.7135,54.8166],[91.7191,54.7421],[91.6998,54.6895],[91.7258,54.6457],[91.7682,54.6188],[91.808,54.5688],[91.8248,54.5317],[91.7965,54.4829],[91.7751,54.4173],[91.7842,54.3641],[91.8169,54.3172],[91.8542,54.277],[91.8469,54.239],[91.8705,54.1841],[91.9763,54.1719],[92.0891,54.1794],[92.1987,54.1928],[92.2527,54.2114],[92.3659,54.2596],[92.4432,54.2861],[92.5922,54.3165],[92.6556,54.3482],[92.8225,54.3613],[93.0238,54.39],[93.0958,54.4886],[93.1039,54.5594],[93.0892,54.6286],[93.0544,54.6939],[93.0066,54.7118],[92.9463,54.7115],[92.864,54.6724],[92.8197,54.6878],[92.7771,54.726],[92.7765,54.7843],[92.8265,54.8415],[92.8486,54.8839],[92.8237,54.9279],[92.759,54.9556],[92.6891,54.961],[92.614,54.9413],[92.5041,54.932],[92.4191,54.9426],[92.2737,55.01],[92.2235,54.9928],[92.2134,54.9738],[92.1519,54.9412],[92.1322,54.9205],[92.1691,54.883],[92.1764,54.8571],[92.074,54.846],[92.0069,54.8467],[91.915,54.86],[91.7934,54.8355],[91.7327,54.8354]]]},"properties":{"GID_0":"RUS","GID_1":"RUS.35_1","GID_2":"RUS.35.20_1","NAME_1":"Krasnoyarsk","NAME_2":"Idrinskiyrayon"}},
{"type":"Feature","geometry":{"type":"Polygon","coordinates":[[[85.0055,67.3365],[85.238,67.3572],[85.2986,67.3308],[85.307,67.2783],[85.244,67.2231],[85.3407,67.1242],[85.3231,67.0488],[85.4219,66.9931],[85.5501,66.9362],[85.5988,66.8266],[85.5407,66.7627],[85.5826,66.6982],[85.4522,66.6475],[85.5054,66.6102],[85.6625,66.5868],[85.7087,66.5368],[85.6579,66.4558],[85.7142,66.4086],[85.9046,66.3824],[86.0252,66.3239],[86.2962,66.2028],[86.3706,66.1255],[86.6793,66.0704],[86.9356,66.0635],[87.0906,66.192],[87.1587,66.2299],[87.301,66.3199],[87.5474,66.4436],[87.4851,66.5168],[87.389,66.5884],[87.3715,66.7281],[87.4003,66.8315],[87.533,66.9019],[87.679,66.9322],[87.8661,66.9784],[88.0695,67.0784],[88.4958,67.3768],[88.3878,67.4158],[88.307,67.389],[88.1144,67.3738],[88.0212,67.4164],[87.9029,67.4098],[87.7781,67.3544],[87.5994,67.3628],[87.5114,67.3386],[87.363,67.3871],[87.1949,67.499],[86.9478,67.5956],[86.7062,67.8384],[86.5975,67.9612],[86.4977,68.0651],[86.3319,68.0809],[86.1512,68.0451],[85.7605,68.0393],[85.6042,68.0197],[85.5177,67.8722],[85.3875,67.848],[85.3852,67.7833],[85.2695,67.7827],[85.2504,67.7371],[85.1834,67.6526],[85.3084,67.5757],[85.2312,67.5138],[85.059,67.4817],[85.0535,67.4559],[84.9666,67.4257],[84.916,67.3537],[85.0055,67.3365]]]},"properties":{"GID_0":"RUS","GID_1":"RUS.35_1","GID_2":"RUS.35.21_1","NAME_1":"Krasnoyarsk","NAME_2":"Igarkagorsovet"}},
{"type":"Feature","geometry":{"type":"Polygon","coordinates":[[[96.676,55.7888],[96.6238,55.7781],[96.5307,55.7799],[96.4752,55.7646],[96.3936,55.7666],[96.3318,55.782],[96.2652,55.9199],[96.2717,55.9492],[96.3185,56.0189],[96.2992,56.0547],[96.165,56.084],[96.1308,56.1248],[96.1368,56.1705],[96.1693,56.2044],[96.2783,56.2289],[96.2858,56.2682],[96.2184,56.2788],[96.1494,56.2748],[96.1159,56.3074],[96.1965,56.3255],[96.3157,56.3366],[96.3512,56.3641],[96.3615,56.4036],[96.3429,56.4386],[96.2576,56.4614],[96.1824,56.4918],[96.1148,56.4768],[96.0319,56.4704],[95.9765,56.4348],[95.9078,56.4416],[95.8394,56.4848],[95.7886,56.5049],[95.7074,56.5056],[95.7339,56.492],[95.6877,56.4638],[95.6867,56.4346],[95.7495,56.4059],[95.7428,56.3811],[95.6963,56.3557],[95.6994,56.3193],[95.7166,56.2908],[95.7651,56.2716],[95.8013,56.2346],[95.8191,56.1551],[95.8272,56.0925],[95.8134,56.0182],[95.8341,55.8815],[95.8181,55.81],[95.7844,55.7696],[95.8267,55.732],[95.8889,55.7643],[95.9357,55.7587],[95.9434,55.7198],[95.8605,55.706],[95.8745,55.6582],[95.9257,55.6519],[95.9523,55.6201],[96.0152,55.595],[96.0748,55.5871],[96.1226,55.5933],[96.2558,55.6477],[96.395,55.6921],[96.4539,55.6785],[96.4554,55.6331],[96.4844,55.6049],[96.5286,55.5845],[96.5932,55.5892],[96.6486,55.6162],[96.662,55.6421],[96.6491,55.6571],[96.6913,55.6902],[96.6563,55.7473],[96.676,55.7888]]]},"properties":{"GID_0":"RUS","GID_1":"RUS.35_1","GID_2":"RUS.35.22_1","NAME_1":"Krasnoyarsk","NAME_2":"Ilanskiyrayon"}},
{"type":"Feature","geometry":{"type":"Polygon","coordinates":[[[104.8946,61.3247],[104.9188,61.3432],[104.9847,61.3698],[105.1432,61.394],[105.2473,61.4146],[105.2654,61.4535],[105.3663,61.4984],[105.4916,61.5369],[105.5705,61.5664],[105.6177,61.6114],[105.701,61.6172],[105.8069,61.613],[105.8707,61.6293],[105.9473,61.664],[105.9488,61.7],[105.9007,61.7344],[105.8864,61.7926],[105.9649,61.8345],[106.1407,61.9173],[106.2686,61.9813],[106.3585,62.0062],[106.3987,62.0829],[106.4361,62.175],[106.3735,62.2012],[106.367,62.2339],[106.4537,62.2843],[106.4761,62.3338],[106.5407,62.3562],[106.6539,62.4134],[106.7465,62.4678],[106.7336,62.5199],[106.8015,62.5511],[106.8076,62.5779],[106.677,62.5892],[106.5527,62.612],[106.4822,62.6566],[106.5279,62.7097],[106.4891,62.7439],[106.45,62.7583],[106.3897,62.8196],[106.2741,62.8588],[106.2037,62.9006],[106.2096,62.9636],[106.1746,63.0229],[106.3256,63.0302],[106.3965,63.0534],[106.4219,63.0858],[106.4454,63.1644],[106.3566,63.2098],[106.3954,63.2734],[106.4781,63.2925],[106.5854,63.257],[106.6884,63.2824],[106.7431,63.3234],[106.708,63.3585],[106.6407,63.3996],[106.5683,63.429],[106.5251,63.4844],[106.651,63.5615],[106.6392,63.6183],[106.6681,63.6879],[106.7192,63.7283],[106.7595,63.7929],[106.7425,63.8555],[106.6924,63.9296],[106.7347,63.9478],[106.8423,63.9293],[106.9841,63.8947],[107.1135,63.8577],[107.1728,63.8841],[107.224,63.9172],[107.2828,63.9007],[107.3712,63.85],[107.528,63.8386],[107.6014,63.8604],[107.6406,63.9287],[107.8158,63.9507],[107.9738,63.9425],[108.211,63.959],[108.2906,63.9199],[108.367,63.9842],[108.4198,64.0408],[108.3914,64.067],[108.2879,64.1084],[108.2689,64.1506],[108.2249,64.1997],[108.0701,64.2308],[108.0575,64.194],[107.9335,64.1941],[107.8539,64.2311],[107.7427,64.2514],[107.6217,64.2858],[107.5185,64.2926],[107.4452,64.2651],[107.306,64.2654],[107.2739,64.3555],[107.2071,64.3541],[107.0107,64.3658],[106.9537,64.4195],[106.7762,64.4137],[106.7295,64.4522],[106.7197,64.512],[106.6818,64.531],[106.5967,64.5099],[106.6132,64.4709],[106.5678,64.449],[106.4564,64.4409],[106.3052,64.4352],[106.1611,64.4071],[106.0985,64.4415],[106.1417,64.4745],[106.1261,64.5207],[105.9918,64.5368],[105.9276,64.4954],[105.8636,64.4796],[105.8082,64.5017],[105.7955,64.5441],[105.7255,64.5704],[105.7692,64.5943],[105.7257,64.6744],[105.8678,64.672],[105.9033,64.6962],[105.8637,64.7443],[105.8976,64.7814],[105.9697,64.8253],[105.9352,64.865],[105.969,64.9131],[106.0222,64.9176],[106.0829,64.8769],[106.1915,64.8928],[106.0919,64.9277],[106.0909,64.9717],[106.0143,64.9993],[106.0049,65.049],[106.0447,65.0787],[106.1662,65.0833],[106.2007,65.1277],[106.312,65.1436],[106.416,65.2156],[106.5268,65.2157],[106.4455,65.274],[106.4739,65.3114],[106.5309,65.3559],[106.6383,65.3883],[106.7532,65.3955],[106.8366,65.3801],[106.8717,65.4686],[106.9752,65.4918],[107.0436,65.5211],[107.006,65.5429],[106.8527,65.542],[106.7714,65.5757],[106.694,65.6413],[106.4958,65.6887],[106.4761,65.7372],[106.5004,65.8126],[106.5196,65.9846],[106.5028,66.0542],[106.4496,66.1133],[106.2885,66.1635],[106.186,66.181],[106.1998,66.4259],[106.291,66.4704],[106.3284,66.5196],[106.3203,66.5916],[106.271,66.6467],[106.3121,66.7197],[106.2307,66.7594],[106.2109,66.8098],[106.1079,66.7987],[106.0652,66.8167],[106.1423,66.8673],[106.1456,66.9196],[106.0478,66.9092],[105.9507,66.9061],[105.9303,66.9564],[105.8173,66.9656],[105.7095,66.9425],[105.5235,67.0146],[105.5472,67.046],[105.6555,67.0388],[105.7269,67.0448],[105.927,67.0447],[106.0116,67.0648],[106.0539,67.1148],[106.0799,67.1956],[106.2122,67.1984],[106.2923,67.2076],[106.3535,67.244],[106.4726,67.2765],[106.5614,67.2705],[106.6538,67.2524],[106.7516,67.2911],[106.7973,67.3757],[106.8113,67.4827],[106.8133,67.6379],[106.8847,67.8931],[106.9331,68.1791],[106.9601,68.6484],[106.9039,68.877],[106.5408,69.1507],[106.1558,69.3913],[106.1925,69.4576],[106.2873,69.4765],[106.3667,69.535],[106.2001,69.5349],[106.0966,69.5573],[105.9778,69.5026],[105.8422,69.5076],[105.8441,69.4464],[105.547,69.3375],[105.4068,69.3633],[105.2968,69.3134],[105.2223,69.3683],[105.2528,69.4158],[105.1299,69.4336],[105.0307,69.4362],[104.9563,69.4663],[104.7611,69.4411],[104.6498,69.4656],[104.5354,69.4765],[104.4922,69.4155],[104.4091,69.3655],[104.2412,69.3364],[104.0744,69.3372],[103.9115,69.285],[103.7642,69.276],[103.6461,69.3255],[103.5632,69.3762],[103.5282,69.4223],[103.4331,69.4258],[103.3526,69.4126],[103.2017,69.4406],[103.0665,69.4272],[102.9558,69.3725],[102.8241,69.3589],[102.6172,69.389],[102.4909,69.4361],[102.3059,69.4355],[102.2041,69.4812],[102.2155,69.5312],[102.0534,69.5665],[101.9554,69.6012],[101.7635,69.622],[101.5702,69.5861],[101.4508,69.6152],[101.2368,69.6366],[100.907,69.6836],[100.6765,69.6507],[100.524,69.6],[100.3635,69.6494],[100.441,69.6985],[100.4311,69.7523],[100.2962,69.777],[100.283,69.7989],[100.3166,69.8407],[100.0585,69.8718],[100.0055,69.9173],[99.8694,69.9007],[99.5076,69.9418],[99.3528,69.8866],[99.2972,69.8043],[99.3123,69.756],[99.1288,69.7323],[98.9795,69.7533],[98.8718,69.7363],[98.7435,69.7517],[98.607,69.7461],[98.4706,69.7578],[98.2026,69.8146],[97.974,69.792],[97.8536,69.7212],[97.6775,69.6926],[97.4767,69.6999],[97.269,69.6604],[97.2409,69.6243],[97.0666,69.5686],[96.8493,69.575],[96.7025,69.5541],[96.6412,69.4982],[96.4256,69.4767],[96.249,69.3945],[95.8909,69.3456],[95.4876,69.3096],[95.3125,69.2283],[95.0894,69.1969],[95.0794,69.1499],[94.8374,69.092],[95.0189,68.9681],[94.7995,68.8988],[94.7268,68.841],[94.6785,68.8386],[94.6168,68.7783],[94.5427,68.776],[94.4121,68.6879],[94.223,68.5995],[94.2218,68.5364],[94.2919,68.502],[94.2986,68.4647],[94.2211,68.4037],[94.0561,68.3818],[93.9234,68.4149],[93.7851,68.4211],[93.6104,68.4516],[93.3393,68.4601],[93.1295,68.4376],[92.9558,68.3658],[92.8694,68.2808],[92.7788,68.1617],[92.2693,67.9732],[92.029,67.8707],[91.972,67.7716],[91.8233,67.6443],[91.5459,67.5041],[91.3082,67.4463],[91.3182,67.3585],[91.1192,67.2976],[90.9172,67.1738],[90.714,67.0172],[90.6919,66.9662],[90.4493,66.8274],[90.3029,66.7536],[90.2076,66.6715],[89.9596,66.6208],[89.8633,66.6067],[89.8381,66.5433],[89.88,66.4592],[89.846,66.4129],[89.6252,66.4305],[89.3876,66.4542],[89.2091,66.4315],[89.0496,66.3287],[88.973,66.1906],[89.0172,66.0431],[89.0311,65.8872],[88.9411,65.8238],[88.6905,65.6569],[88.5774,65.5317],[88.7005,65.4961],[88.8056,65.4713],[89.0279,65.4775],[89.1228,65.4314],[89.2677,65.4127],[89.2821,65.3879],[89.27,65.3419],[89.3372,65.3078],[89.4122,65.3174],[89.4399,65.2962],[89.4111,65.2473],[89.327,65.2261],[89.4529,65.17],[89.4177,65.1023],[89.3749,65.0608],[89.3826,65.0033],[89.1897,64.922],[89.1008,64.8763],[89.0668,64.8186],[89.1212,64.7488],[89.24,64.7257],[89.3694,64.7641],[89.5085,64.7707],[89.5546,64.8033],[89.6391,64.8208],[89.7528,64.7925],[89.7916,64.7573],[89.7052,64.7268],[89.696,64.7078],[89.8082,64.6959],[89.9839,64.7164],[90.0074,64.7511],[90.1015,64.7515],[90.1642,64.7151],[90.072,64.6881],[90.0453,64.6506],[90.169,64.6483],[90.2319,64.5908],[90.3073,64.5477],[90.2874,64.507],[90.4085,64.498],[90.4088,64.5568],[90.4498,64.6061],[90.5895,64.5862],[90.6523,64.5459],[90.5526,64.4885],[90.5804,64.4691],[90.687,64.4774],[90.7315,64.4608],[90.6944,64.4191],[90.7589,64.4056],[90.9129,64.4339],[91.0955,64.4106],[91.1587,64.3437],[91.2639,64.3386],[91.3272,64.3825],[91.4408,64.3613],[91.5116,64.356],[91.5826,64.381],[91.761,64.342],[91.7507,64.3021],[91.8339,64.2553],[91.8097,64.2256],[91.9327,64.2001],[91.9687,64.1617],[92.1137,64.1546],[92.1596,64.1093],[92.1575,64.0681],[92.111,64.0337],[92.045,64.0075],[91.9521,63.9496],[92.007,63.9104],[92.1283,63.9094],[92.1583,63.8753],[92.1598,63.8178],[92.2073,63.6987],[92.2805,63.718],[92.3606,63.7676],[92.4149,63.7776],[92.5312,63.7779],[92.699,63.7896],[92.8398,63.8182],[93.0078,63.8579],[93.1312,63.8992],[93.2955,63.9011],[93.3754,63.8809],[93.4799,63.8244],[93.5952,63.7729],[93.6593,63.6936],[93.6563,63.6279],[93.6152,63.5715],[93.524,63.532],[93.4325,63.5025],[93.336,63.4854],[93.2994,63.4628],[93.3527,63.4179],[93.4737,63.4006],[93.5523,63.3532],[93.7449,63.337],[93.9602,63.3116],[94.0531,63.309],[94.0945,63.3335],[94.1478,63.3428],[94.268,63.3376],[94.3479,63.319],[94.4712,63.3092],[94.6727,63.333],[94.844,63.3129],[94.9233,63.2794],[94.9535,63.2296],[95.0436,63.2018],[95.2212,63.1398],[95.2873,63.0613],[95.4979,63.0372],[95.6035,63.0558],[95.7097,63.0825],[95.7646,63.0515],[95.7813,62.9823],[95.8396,62.859],[95.9015,62.7648],[96.0083,62.7489],[96.0796,62.7753],[96.1049,62.8149],[96.2032,62.8374],[96.254,62.8713],[96.392,62.864],[96.5694,62.8656],[96.7178,62.8718],[96.8394,62.9531],[96.902,62.9897],[97.0464,62.9864],[97.1218,62.9743],[97.236,62.9395],[97.3357,62.9783],[97.4146,62.9815],[97.4778,62.9501],[97.5501,62.9549],[97.5943,62.9828],[97.6592,63.0018],[97.7891,62.9975],[97.959,62.9304],[98.1864,62.7754],[98.2742,62.7052],[98.4424,62.7161],[98.6926,62.6987],[98.7993,62.7464],[98.8807,62.7767],[98.9246,62.7203],[98.9507,62.7214],[99.2806,62.7007],[99.3203,62.7333],[99.2496,62.7834],[99.2,62.8336],[99.237,62.8869],[99.3006,62.9323],[99.4688,62.9896],[99.5877,63.0106],[99.9068,63.0144],[99.9636,63.0351],[99.9397,63.099],[99.8666,63.1342],[99.8037,63.2189],[100.0906,63.2727],[100.1265,63.2014],[100.1402,63.1006],[100.2264,63.0599],[100.6089,63.0459],[100.6824,63.0707],[100.7126,63.1497],[100.822,63.2093],[100.9169,63.2545],[101.065,63.2894],[101.2037,63.2856],[101.3084,63.2452],[101.3833,63.1952],[101.5268,63.1688],[101.6445,63.1605],[101.7669,63.1638],[101.9107,63.1731],[101.9795,63.1912],[102.0328,63.1942],[102.1105,63.1663],[102.2604,63.1707],[102.3524,63.2235],[102.3551,63.2865],[102.3792,63.3249],[102.4597,63.3581],[102.4807,63.2353],[102.5175,63.1951],[102.6028,63.1578],[102.6647,63.0786],[102.6818,62.9946],[102.7216,62.8977],[102.722,62.859],[102.6925,62.8244],[102.7951,62.8156],[102.9928,62.8355],[103.0291,62.8942],[103.0893,62.9201],[103.1353,62.8958],[103.2122,62.8259],[103.3908,62.8079],[103.6127,62.8075],[103.7206,62.8429],[103.7862,62.8945],[103.8461,62.9192],[103.9351,62.9044],[104.0561,62.7905],[104.2634,62.6445],[104.4354,62.6243],[104.5142,62.559],[104.6074,62.4617],[104.6601,62.3755],[104.7049,62.2903],[104.6692,62.1916],[104.6303,62.1316],[104.5886,62.1032],[104.6508,61.8647],[104.7045,61.7929],[104.7077,61.7388],[104.6702,61.6698],[104.5974,61.6397],[104.512,61.628],[104.5234,61.5701],[104.4589,61.474],[104.3985,61.4039],[104.3841,61.3728],[104.4215,61.3366],[104.5096,61.3313],[104.5842,61.3523],[104.6854,61.3482],[104.7588,61.336],[104.8946,61.3247]]]},"properties":{"GID_0":"RUS","GID_1":"RUS.35_1","GID_2":"RUS.35.23_1","NAME_1":"Krasnoyarsk","NAME_2":"Ilimpiyskiyrayon"}},
{"type":"Feature","geometry":{"type":"Polygon","coordinates":[[[95.6936,54.4246],[95.7763,54.4287],[95.8872,54.4448],[95.9244,54.4771],[95.9488,54.5334],[96.0088,54.5738],[96.0721,54.5597],[96.149,54.5507],[96.2287,54.5671],[96.2956,54.563],[96.3658,54.5408],[96.4494,54.5436],[96.4423,54.5942],[96.512,54.7208],[96.5815,54.781],[96.6158,54.8628],[96.6036,54.9341],[96.5317,54.9809],[96.5294,55.0153],[96.5968,55.0701],[96.5833,55.1359],[96.6186,55.1796],[96.5673,55.2697],[96.641,55.2728],[96.6748,55.302],[96.797,55.3155],[96.8192,55.3352],[96.7257,55.4305],[96.746,55.5046],[96.7125,55.5482],[96.7519,55.5892],[96.7448,55.6109],[96.662,55.6421],[96.6486,55.6162],[96.5932,55.5892],[96.5286,55.5845],[96.4844,55.6049],[96.4554,55.6331],[96.4539,55.6785],[96.395,55.6921],[96.2558,55.6477],[96.1226,55.5933],[96.0748,55.5871],[96.0152,55.595],[95.9523,55.6201],[95.9257,55.6519],[95.8745,55.6582],[95.8605,55.706],[95.9434,55.7198],[95.9357,55.7587],[95.8889,55.7643],[95.8267,55.732],[95.7844,55.7696],[95.8181,55.81],[95.7178,55.8536],[95.638,55.8543],[95.5814,55.8248],[95.5217,55.8089],[95.4423,55.8322],[95.4268,55.858],[95.4114,55.9375],[95.3193,55.9521],[95.2445,55.9472],[95.1603,55.931],[95.1047,55.8994],[95.1058,55.8685],[95.1639,55.829],[95.1865,55.7953],[95.1621,55.7615],[95.094,55.7577],[95.0467,55.7702],[94.9798,55.7719],[94.9255,55.7649],[94.9053,55.7494],[94.8939,55.717],[94.9349,55.6805],[95.0111,55.6621],[95.0438,55.6161],[95.0423,55.5578],[95.0131,55.5474],[95.0383,55.5084],[95.1369,55.4772],[95.2961,55.4575],[95.3384,55.4311],[95.3324,55.3799],[95.282,55.3723],[95.2523,55.3565],[95.2496,55.2864],[95.2396,55.2286],[95.2995,55.192],[95.3281,55.1232],[95.3092,55.0997],[95.3183,55.0683],[95.3684,55.0422],[95.4303,54.9729],[95.4638,54.917],[95.4728,54.862],[95.5023,54.8077],[95.5568,54.7672],[95.6158,54.7505],[95.6605,54.6878],[95.7404,54.6727],[95.8007,54.6323],[95.7839,54.5917],[95.7067,54.5051],[95.7157,54.4718],[95.6936,54.4246]]]},"properties":{"GID_0":"RUS","GID_1":"RUS.35_1","GID_2":"RUS.35.24_1","NAME_1":"Krasnoyarsk","NAME_2":"Irbeyskiyrayon"}},
{"type":"Feature","geometry":{"type":"Polygon","coordinates":[[[95.7312,56.1523],[95.7447,56.1708],[95.7304,56.1933],[95.6625,56.2046],[95.6361,56.1849],[95.6401,56.1512],[95.7079,56.14],[95.7312,56.1523]]]},"properties":{"GID_0":"RUS","GID_1":"RUS.35_1","GID_2":"RUS.35.25_1","NAME_1":"Krasnoyarsk","NAME_2":"Kansk"}},
{"type":"Feature","geometry":{"type":"Polygon","coordinates":[[[95.4856,56.6433],[95.4153,56.5986],[95.348,56.5668],[95.2856,56.548],[95.1987,56.56],[95.084,56.5836],[95.034,56.5797],[95.0041,56.5456],[94.8724,56.5583],[94.7109,56.6333],[94.6402,56.6355],[94.5901,56.6278],[94.5703,56.6032],[94.5977,56.557],[94.5674,56.5156],[94.5161,56.4621],[94.4528,56.4278],[94.548,56.4297],[94.5943,56.4008],[94.6169,56.3635],[94.6097,56.3083],[94.6436,56.2522],[94.6775,56.2127],[94.7354,56.2035],[94.8402,56.1972],[94.9579,56.1777],[95.0656,56.1404],[95.1789,56.1077],[95.3542,56.03],[95.4114,55.9375],[95.4268,55.858],[95.4423,55.8322],[95.5217,55.8089],[95.5814,55.8248],[95.638,55.8543],[95.7178,55.8536],[95.8181,55.81],[95.8341,55.8815],[95.8134,56.0182],[95.8272,56.0925],[95.8191,56.1551],[95.8013,56.2346],[95.7651,56.2716],[95.7166,56.2908],[95.6994,56.3193],[95.6963,56.3557],[95.7428,56.3811],[95.7495,56.4059],[95.6867,56.4346],[95.6877,56.4638],[95.7339,56.492],[95.7074,56.5056],[95.604,56.4954],[95.5373,56.5057],[95.5075,56.5958],[95.4856,56.6433]],[[95.7312,56.1523],[95.7079,56.14],[95.6401,56.1512],[95.6361,56.1849],[95.6625,56.2046],[95.7304,56.1933],[95.7447,56.1708],[95.7312,56.1523]]]},"properties":{"GID_0":"RUS","GID_1":"RUS.35_1","GID_2":"RUS.35.26_1","NAME_1":"Krasnoyarsk","NAME_2":"Kanskiyrayon"}},
{"type":"Feature","geometry":{"type":"Polygon","coordinates":[[[94.0639,52.8123],[94.1347,52.8835],[94.2494,52.9202],[94.3894,52.9223],[94.4669,52.9365],[94.5179,53.0089],[94.5345,53.1161],[94.5707,53.2177],[94.6477,53.2528],[94.6479,53.2884],[94.5661,53.3345],[94.6667,53.3872],[94.5983,53.4239],[94.4942,53.4341],[94.4471,53.4608],[94.4216,53.4887],[94.3811,53.5112],[94.2248,53.4918],[94.1546,53.4897],[94.0967,53.5167],[94.0677,53.5607],[94.0292,53.5878],[93.9785,53.6068],[93.8984,53.6159],[93.8357,53.6954],[93.7594,53.6982],[93.6543,53.7185],[93.5988,53.7671],[93.5752,53.8324],[93.527,53.8833],[93.4206,53.8978],[93.3588,53.8784],[93.2938,53.847],[93.2772,53.8203],[93.2342,53.8103],[93.1742,53.8156],[93.141,53.829],[93.0859,53.8647],[93.0044,53.8859],[92.8735,53.8818],[92.7148,53.8244],[92.6667,53.8247],[92.58,53.8553],[92.5125,53.8515],[92.536,53.7983],[92.5065,53.7862],[92.4535,53.7806],[92.4204,53.7984],[92.4107,53.7703],[92.3628,53.7549],[92.3887,53.7211],[92.4908,53.6836],[92.3758,53.6424],[92.379,53.6061],[92.3028,53.5951],[92.2654,53.5685],[92.299,53.5481],[92.3445,53.5377],[92.4072,53.5449],[92.4716,53.5321],[92.5372,53.4819],[92.5892,53.4315],[92.6691,53.3254],[92.7287,53.2938],[92.7925,53.3028],[92.8881,53.3075],[92.9546,53.2963],[93.0145,53.2775],[93.1555,53.2822],[93.2157,53.2549],[93.2508,53.2215],[93.2464,53.1955],[93.185,53.1439],[93.1892,53.1112],[93.2436,53.0405],[93.2691,52.9688],[93.295,52.9181],[93.2995,52.8799],[93.325,52.8475],[93.3712,52.8266],[93.4347,52.8233],[93.4795,52.8518],[93.5005,52.9036],[93.6168,52.9007],[93.6871,52.8894],[93.7551,52.8953],[93.8186,52.9138],[93.9303,52.9057],[93.9565,52.866],[94.0055,52.8256],[94.0639,52.8123]]]},"properties":{"GID_0":"RUS","GID_1":"RUS.35_1","GID_2":"RUS.35.27_1","NAME_1":"Krasnoyarsk","NAME_2":"Karatuzskiyrayon"}},
{"type":"Feature","geometry":{"type":"Polygon","coordinates":[[[93.7326,57.3071],[93.6931,57.3388],[93.5988,57.3574],[93.6371,57.4263],[93.7216,57.5307],[93.8134,57.6728],[93.8998,57.7478],[94.002,57.8199],[94.113,57.9069],[94.0157,57.9157],[93.8475,57.9071],[93.7225,57.9426],[93.565,57.967],[93.3652,57.9853],[93.1998,57.9777],[93.0803,57.9909],[93.0309,58.0036],[92.9702,57.9523],[92.9958,57.9217],[93.0513,57.8829],[93.0321,57.8597],[92.956,57.8405],[92.8173,57.8331],[92.6982,57.8771],[92.5222,57.8578],[92.5872,57.7784],[92.5203,57.732],[92.4421,57.7095],[92.3884,57.6813],[92.4116,57.6571],[92.4498,57.6632],[92.5086,57.6376],[92.4987,57.5755],[92.4712,57.5315],[92.4329,57.5116],[92.376,57.5144],[92.3146,57.4828],[92.3334,57.4097],[92.3199,57.3794],[92.2708,57.3551],[92.2791,57.2832],[92.3668,57.289],[92.4463,57.3043],[92.4904,57.2906],[92.5425,57.2958],[92.6207,57.3174],[92.693,57.3073],[92.7296,57.2811],[92.7991,57.28],[92.8553,57.3046],[92.9068,57.2867],[93.001,57.2934],[93.0288,57.3216],[93.0627,57.3731],[93.1225,57.3941],[93.1954,57.3975],[93.2769,57.3913],[93.3548,57.3931],[93.3684,57.3508],[93.3321,57.313],[93.3944,57.29],[93.4276,57.2434],[93.5041,57.2258],[93.587,57.2598],[93.7326,57.3071]]]},"properties":{"GID_0":"RUS","GID_1":"RUS.35_1","GID_2":"RUS.35.28_1","NAME_1":"Krasnoyarsk","NAME_2":"Kazachinskiyrayon"}},
{"type":"Feature","geometry":{"type":"Polygon","coordinates":[[[99.5624,58.0738],[99.6982,58.0901],[99.7421,58.0666],[99.8031,58.0614],[99.9314,58.0902],[99.9909,58.0657],[100.0448,58.0301],[99.9905,57.987],[99.9685,57.9485],[100.0167,57.8992],[100.0049,57.8635],[100.0578,57.838],[100.1531,57.8346],[100.2571,57.8155],[100.2464,57.7761],[100.3233,57.7405],[100.2865,57.6837],[100.3658,57.6389],[100.3206,57.6051],[100.3439,57.584],[100.3441,57.5502],[100.4633,57.5008],[100.5501,57.4869],[100.5972,57.4274],[100.6625,57.4254],[100.6816,57.4628],[100.7369,57.4892],[100.8276,57.477],[100.8729,57.5015],[100.8488,57.5739],[100.7671,57.6007],[100.7171,57.6814],[100.7304,57.7207],[100.7743,57.7827],[100.7218,57.8314],[100.7144,57.8863],[100.7774,57.8925],[100.8566,57.8703],[100.9743,57.8789],[100.9596,57.9101],[100.9776,57.9384],[101.0465,57.9691],[101.148,58.0463],[101.0653,58.0733],[101.0772,58.1163],[101.1759,58.1422],[101.2477,58.1985],[101.3416,58.2325],[101.4699,58.247],[101.5485,58.314],[101.5792,58.3732],[101.6186,58.4231],[101.7013,58.4626],[101.8127,58.4668],[101.9421,58.4808],[102.0785,58.5129],[102.1598,58.5521],[102.2094,58.6026],[102.2595,58.6412],[102.4318,58.6907],[102.4961,58.7518],[102.4913,58.8259],[102.4708,58.8884],[102.4179,58.924],[102.3609,58.9724],[102.3209,59.0443],[102.3526,59.1188],[102.4009,59.1673],[102.3256,59.195],[102.2959,59.2365],[102.4092,59.3059],[102.363,59.3459],[102.386,59.3857],[102.4353,59.3949],[102.5204,59.3953],[102.5549,59.4157],[102.5743,59.461],[102.399,59.5204],[102.3652,59.5774],[102.4205,59.6139],[102.4163,59.6622],[102.3146,59.6611],[102.2012,59.6655],[102.1193,59.6047],[102.0355,59.6104],[101.9605,59.6405],[101.853,59.6737],[101.7549,59.683],[101.7228,59.727],[101.5405,59.7451],[101.4138,59.7362],[101.3399,59.7131],[101.2517,59.7065],[101.0769,59.7157],[100.8541,59.7367],[100.8018,59.775],[100.7201,59.7953],[100.6226,59.7691],[100.5866,59.8055],[100.4615,59.7983],[100.4218,59.8401],[100.158,59.8608],[99.9945,59.9012],[99.9781,59.9674],[99.9411,60.0089],[99.8044,60.0329],[99.8488,59.9896],[99.8562,59.9415],[99.8417,59.8943],[99.7889,59.8804],[99.6458,59.8324],[99.5947,59.8058],[99.5654,59.7792],[99.5825,59.7284],[99.623,59.6959],[99.7239,59.6874],[99.8059,59.6869],[99.8722,59.6463],[99.9052,59.5845],[99.9561,59.5592],[99.9903,59.5038],[100.0213,59.3854],[100.0217,59.3097],[100.0433,59.2195],[100.0173,59.1208],[99.9421,59.0329],[99.8349,58.985],[99.62,58.8971],[99.3391,58.8413],[99.155,58.793],[99.0113,58.7678],[98.8889,58.718],[98.8975,58.6642],[98.9328,58.6235],[99.0303,58.5423],[99.081,58.5153],[99.1152,58.4727],[99.125,58.4381],[99.114,58.4041],[99.0474,58.3769],[99.0135,58.3537],[98.9863,58.3077],[99.0375,58.246],[99.1557,58.1932],[99.219,58.192],[99.3176,58.2212],[99.3945,58.2346],[99.4332,58.223],[99.4542,58.1884],[99.5217,58.1092],[99.5624,58.0738]]]},"properties":{"GID_0":"RUS","GID_1":"RUS.35_1","GID_2":"RUS.35.29_1","NAME_1":"Krasnoyarsk","NAME_2":"Kezhemskiyrayon"}},
{"type":"Feature","geometry":{"type":"MultiPolygon","coordinates":[[[[103.8938,76.3271],[103.8256,76.3119],[103.8448,76.2319],[103.5484,76.1862],[103.2486,76.1226],[103.0478,76.0021],[102.8947,75.9146],[102.4869,75.8511],[101.9593,75.7897],[101.5095,75.7174],[100.9967,75.6292],[100.5789,75.5773],[100.3712,75.5077],[100.0464,75.4543],[99.8014,75.4443],[99.6533,75.4306],[99.6307,75.3866],[99.8544,75.2985],[100.0055,75.2005],[100.0271,75.1624],[99.9808,75.1069],[100.0864,75.0742],[100.2781,75.0721],[100.3657,75.0392],[100.339,75.0004],[100.2052,74.9761],[100.1319,74.9121],[100.2107,74.829],[100.3346,74.7662],[100.3813,74.6655],[100.3368,74.5908],[100.1078,74.5001],[99.9729,74.4568],[99.7986,74.4991],[99.6874,74.5068],[99.5382,74.4814],[99.3271,74.483],[99.1064,74.4779],[99.054,74.4456],[99.298,74.3942],[99.7235,74.3873],[99.6721,74.3257],[99.4797,74.2505],[99.2912,74.2081],[99.0008,74.197],[98.7754,74.1511],[98.5847,74.1724],[98.4056,74.1983],[98.1261,74.2055],[98.0284,74.1979],[97.8351,74.1488],[97.6877,74.1469],[97.5996,74.1237],[97.5075,74.0102],[97.3954,73.9856],[97.2387,73.9742],[97.1243,73.9586],[96.9856,73.8974],[96.8286,73.8155],[96.6046,73.7295],[96.4306,73.681],[96.1023,73.6294],[96.0005,73.5996],[95.9264,73.5481],[95.9384,73.4558],[95.9124,73.4135],[95.8333,73.3562],[95.8502,73.2982],[95.7885,73.2505],[95.5257,73.1964],[95.2516,73.1715],[94.8807,73.1651],[94.5689,73.1661],[94.2733,73.2026],[94.1266,73.2578],[93.9798,73.2934],[93.7802,73.3023],[93.5005,73.2825],[93.1763,73.2515],[93.0097,73.2132],[92.7656,73.2383],[92.5918,73.2899],[92.4294,73.352],[92.2425,73.3897],[91.8651,73.407],[91.7483,73.4313],[91.6217,73.4215],[91.2441,73.3099],[91.0217,73.2789],[90.7164,73.27],[90.9693,73.1907],[91.0779,73.0767],[91.1412,72.9598],[91.2427,72.8474],[91.4323,72.7491],[91.652,72.6864],[91.7064,72.6149],[91.7789,72.5433],[91.9409,72.4828],[91.949,72.4272],[91.8558,72.4103],[91.864,72.3715],[91.9529,72.3537],[91.977,72.3258],[92.1336,72.3209],[92.2621,72.2571],[92.3231,72.2065],[92.64,72.2001],[92.9906,72.1786],[93.0571,72.1327],[93.0407,72.0707],[93.1617,71.9097],[93.4818,71.6603],[93.4998,71.5775],[93.4582,71.5195],[93.3444,71.4201],[93.4123,71.3716],[93.5289,71.3655],[93.5693,71.3317],[93.5462,71.231],[93.5891,71.1225],[93.6722,71.0321],[93.748,70.971],[93.7601,70.8856],[93.639,70.7892],[93.45,70.6838],[93.3752,70.6645],[93.2879,70.6632],[93.3345,70.5764],[93.4552,70.5154],[93.4716,70.4754],[93.5534,70.472],[93.5676,70.432],[93.482,70.405],[93.4729,70.3586],[93.5766,70.263],[93.5525,70.2235],[93.5014,70.1894],[93.5306,70.1078],[93.4302,70.0388],[93.1968,70.0309],[93.0568,70.0503],[92.8695,70.0329],[92.6281,70.0304],[92.422,70.0025],[92.1588,69.9608],[91.9583,69.9151],[91.8411,69.8812],[91.8666,69.8216],[91.9421,69.7551],[92.1218,69.6554],[92.0997,69.5938],[92.0115,69.5567],[91.9379,69.5166],[91.905,69.4718],[91.9264,69.4213],[92.0087,69.3396],[92.1177,69.2958],[92.2757,69.2763],[92.3615,69.2507],[92.4925,69.1655],[92.5459,69.1081],[92.6399,69.0425],[92.8353,68.9911],[93.0353,68.9581],[93.2261,68.9337],[93.4407,68.9155],[93.711,68.8873],[93.9038,68.8514],[94.0301,68.8129],[94.1083,68.7407],[94.1182,68.633],[94.146,68.5956],[94.2224,68.568],[94.223,68.5995],[94.4121,68.6879],[94.5427,68.776],[94.6168,68.7783],[94.6785,68.8386],[94.7268,68.841],[94.7995,68.8988],[95.0189,68.9681],[94.8374,69.092],[95.0794,69.1499],[95.0894,69.1969],[95.3125,69.2283],[95.4876,69.3096],[95.8909,69.3456],[96.249,69.3945],[96.4256,69.4767],[96.6412,69.4982],[96.7025,69.5541],[96.8493,69.575],[97.0666,69.5686],[97.2409,69.6243],[97.269,69.6604],[97.4767,69.6999],[97.6775,69.6926],[97.8536,69.7212],[97.974,69.792],[98.2026,69.8146],[98.4706,69.7578],[98.607,69.7461],[98.7435,69.7517],[98.8718,69.7363],[98.9795,69.7533],[99.1288,69.7323],[99.3123,69.756],[99.2972,69.8043],[99.3528,69.8866],[99.5076,69.9418],[99.8694,69.9007],[100.0055,69.9173],[100.0585,69.8718],[100.3166,69.8407],[100.283,69.7989],[100.2962,69.777],[100.4311,69.7523],[100.441,69.6985],[100.3635,69.6494],[100.524,69.6],[100.6765,69.6507],[100.907,69.6836],[101.2368,69.6366],[101.4508,69.6152],[101.5702,69.5861],[101.7635,69.622],[101.9554,69.6012],[102.0534,69.5665],[102.2155,69.5312],[102.2041,69.4812],[102.3059,69.4355],[102.4909,69.4361],[102.6172,69.389],[102.8241,69.3589],[102.9558,69.3725],[103.0665,69.4272],[103.2017,69.4406],[103.3526,69.4126],[103.4331,69.4258],[103.5282,69.4223],[103.5632,69.3762],[103.6461,69.3255],[103.7642,69.276],[103.9115,69.285],[104.0744,69.3372],[104.2412,69.3364],[104.4091,69.3655],[104.4922,69.4155],[104.5354,69.4765],[104.6498,69.4656],[104.7611,69.4411],[104.9563,69.4663],[105.0307,69.4362],[105.1299,69.4336],[105.2528,69.4158],[105.2223,69.3683],[105.2968,69.3134],[105.4068,69.3633],[105.547,69.3375],[105.8441,69.4464],[105.8422,69.5076],[105.9778,69.5026],[106.0966,69.5573],[106.2001,69.5349],[106.3667,69.535],[106.5109,69.5755],[106.6868,69.5363],[106.9312,69.5367],[107.0457,69.5484],[107.1787,69.5795],[107.3986,69.6229],[107.5052,69.6593],[107.657,69.6684],[107.7846,69.693],[107.9673,69.687],[108.0266,69.7021],[108.1129,69.7782],[108.2022,69.8121],[108.3366,69.8434],[108.4572,69.8468],[108.6831,69.8421],[108.8518,69.8551],[108.9346,69.8479],[108.9255,69.798],[108.9749,69.773],[109.1719,69.7616],[109.3551,69.7836],[109.4738,69.8907],[109.4758,69.9465],[109.5007,69.9847],[109.5765,70.0133],[109.5833,70.0395],[109.4477,70.0641],[109.4758,70.1443],[109.4051,70.1723],[109.4213,70.2293],[109.6126,70.2555],[109.6652,70.3118],[109.626,70.3586],[109.6712,70.384],[109.7533,70.3839],[109.9492,70.4013],[110.1822,70.4039],[110.3455,70.4207],[110.2982,70.4635],[110.1171,70.5101],[110.1236,70.5695],[110.1949,70.5882],[110.1575,70.625],[110.2112,70.6602],[110.3338,70.6938],[110.4909,70.7036],[110.6124,70.7528],[110.7623,70.7766],[110.9818,70.7921],[111.2757,70.8644],[111.4812,70.8726],[111.5809,70.9329],[111.8586,70.9647],[112.0013,70.9724],[112.1752,71.0524],[112.24,71.0514],[112.3193,71.0087],[112.3753,71.0184],[112.4269,71.0674],[112.5717,71.0727],[112.6204,71.1154],[112.5822,71.1475],[112.6115,71.2016],[112.7549,71.2125],[112.7564,71.2618],[112.6678,71.2821],[112.5111,71.2886],[112.3356,71.3652],[112.2337,71.385],[112.1256,71.3977],[112.0925,71.4313],[112.1208,71.5286],[112.0776,71.6739],[112.0277,71.7927],[112.0581,71.9277],[112.0507,72.0546],[112.0149,72.1213],[111.8241,72.142],[111.7584,72.1821],[111.6478,72.1917],[111.692,72.2372],[111.6896,72.2899],[111.5808,72.3322],[111.4296,72.3307],[111.3487,72.3667],[111.1462,72.3638],[111.0625,72.4073],[111.1123,72.4471],[111.2132,72.4796],[111.2161,72.5387],[111.1131,72.5757],[110.9145,72.5901],[110.9398,72.6405],[110.8705,72.6552],[110.7803,72.651],[110.7422,72.7298],[110.719,72.808],[110.7583,72.8428],[110.7624,72.8896],[110.848,72.9373],[110.881,72.9856],[110.7123,72.9954],[110.7848,73.0353],[110.9162,73.0432],[110.9269,73.0851],[110.8408,73.1286],[110.9051,73.1652],[110.8645,73.1897],[110.6819,73.2047],[110.4673,73.1806],[110.3623,73.2285],[110.5693,73.2926],[110.549,73.3481],[110.3304,73.3766],[110.1348,73.4076],[110.1962,73.4388],[110.6829,73.4408],[110.814,73.5299],[110.8977,73.6192],[110.9977,73.6212],[111.1107,73.6],[111.166,73.6125],[111.1528,73.6375],[111.0736,73.6855],[110.9151,73.6953],[110.7979,73.6583],[110.6563,73.6542],[110.6104,73.6312],[110.4583,73.6354],[110.3588,73.612],[110.3734,73.5964],[110.2917,73.5667],[110.1604,73.5583],[110.1578,73.5193],[110.0917,73.4896],[110,73.4917],[109.8891,73.4484],[109.75,73.4333],[109.6729,73.4333],[109.6104,73.4479],[109.5167,73.4521],[109.413,73.4776],[109.2943,73.5255],[109.2646,73.55],[109.2146,73.5521],[109.188,73.5203],[109.2042,73.4958],[109.3104,73.4979],[109.4437,73.4375],[109.3938,73.4313],[109.25,73.4708],[109.2318,73.4234],[109.3141,73.3943],[109.1875,73.3812],[109.1458,73.3688],[109.0375,73.3646],[108.9333,73.3375],[108.8208,73.3396],[108.6563,73.3146],[108.3854,73.2958],[108.25,73.2896],[108.2047,73.2682],[108.2937,73.2562],[108.3688,73.2583],[108.4057,73.2234],[108.2792,73.2063],[108.1667,73.2354],[108.0917,73.2354],[107.9812,73.2167],[107.8521,73.1646],[107.7958,73.1542],[107.4667,73.1583],[107.3292,73.1479],[107.1563,73.1646],[107.0188,73.1625],[106.8792,73.1292],[106.6833,73.1375],[106.5833,73.1604],[106.4229,73.1833],[106.3521,73.1875],[106.3349,73.1589],[106.2286,73.1088],[106.2089,73.0537],[106.2391,73.0141],[106.2214,72.9828],[106.2396,72.9604],[106.3208,72.9542],[106.4979,72.9187],[106.6083,72.8875],[106.7042,72.8958],[106.6937,72.8583],[106.6438,72.85],[106.5563,72.8771],[106.4333,72.875],[106.1687,72.9042],[106.0708,72.9458],[106.0047,72.9161],[105.9734,72.8818],[105.8938,72.8688],[105.7979,72.8396],[105.7536,72.8026],[105.6979,72.7979],[105.5833,72.7562],[105.4917,72.7396],[105.425,72.7479],[105.275,72.7521],[105.2438,72.7854],[105.3812,72.7854],[105.4854,72.7917],[105.5,72.8271],[105.5708,72.8583],[105.6563,72.875],[105.8453,72.8818],[105.8995,72.9495],[105.8193,72.9693],[105.9245,73.0047],[105.8943,73.0526],[105.9047,73.1026],[105.9505,73.1276],[106.0661,73.1453],[106.0453,73.1797],[105.9875,73.1875],[106.0229,73.2125],[106.0849,73.2026],[106.1151,73.2662],[106.2057,73.2859],[106.2771,73.3208],[106.4896,73.3083],[106.5729,73.3083],[106.6292,73.2958],[106.8021,73.3187],[106.8536,73.3422],[106.8526,73.3818],[106.9234,73.4453],[107.1792,73.5292],[107.1682,73.5901],[107.2891,73.5755],[107.3307,73.6016],[107.5875,73.6292],[107.7312,73.6292],[107.7979,73.6167],[107.9625,73.6458],[108.0188,73.6667],[108.2083,73.6646],[108.2984,73.712],[108.4891,73.7714],[108.612,73.8359],[108.6526,73.8682],[108.763,73.9307],[108.8995,73.9755],[108.9964,74.0162],[109.1,74.0458],[109.2458,74.0687],[109.5437,74.0813],[109.6833,74.1396],[109.8083,74.1625],[109.9099,74.2026],[109.9557,74.2568],[109.9396,74.3146],[109.8271,74.2937],[109.6813,74.2854],[109.6167,74.3],[109.4755,74.3057],[109.6771,74.3333],[109.8396,74.3271],[109.9313,74.3396],[110.1042,74.3854],[110.2354,74.3771],[110.3021,74.4042],[110.4161,74.4318],[110.4083,74.4875],[110.2604,74.4917],[110.3938,74.5021],[110.5792,74.4875],[110.7042,74.5021],[110.8479,74.5313],[111.0458,74.5542],[111.1286,74.5797],[111.1229,74.6062],[111.2438,74.6292],[111.3917,74.6771],[111.5042,74.6896],[111.6771,74.6792],[111.7911,74.6557],[111.8464,74.6932],[111.9641,74.7318],[112.112,74.8276],[112.1625,74.8771],[112.3854,74.8979],[112.5792,74.9229],[112.7458,74.9354],[112.8432,74.9609],[112.9255,75.0203],[113.1021,75.0604],[113.2151,75.1162],[113.3453,75.1547],[113.5286,75.2172],[113.6807,75.3068],[113.6875,75.3854],[113.5542,75.375],[113.5297,75.3912],[113.6229,75.4146],[113.7292,75.4125],[113.7516,75.4484],[113.7286,75.4912],[113.5458,75.5],[113.3812,75.5167],[113.3005,75.5589],[113.2839,75.5828],[113.3349,75.6234],[113.2755,75.6568],[113.1312,75.6375],[112.9797,75.5911],[113.037,75.5703],[112.9708,75.5396],[112.8667,75.5354],[112.7979,75.5437],[112.7776,75.5693],[112.8005,75.5995],[112.8703,75.613],[112.8786,75.637],[112.7984,75.6464],[112.8125,75.675],[112.8828,75.6922],[112.8912,75.7109],[112.8083,75.75],[112.6667,75.7708],[112.5854,75.7688],[112.5016,75.7818],[112.4682,75.8224],[112.5021,75.8438],[112.6625,75.8229],[112.8688,75.7604],[113.0891,75.7266],[113.1589,75.7016],[113.1297,75.6849],[113.3229,75.6813],[113.5396,75.6604],[113.5974,75.6474],[113.6151,75.6203],[113.5807,75.5943],[113.4042,75.5479],[113.4224,75.538],[113.5625,75.5375],[113.5839,75.5599],[113.6891,75.5901],[113.7516,75.6359],[113.7589,75.6682],[113.812,75.7161],[113.8828,75.7547],[113.9224,75.8234],[113.8786,75.9141],[113.7958,75.9292],[113.7714,75.9036],[113.6042,75.9125],[113.6396,75.8917],[113.6479,75.85],[113.5667,75.8583],[113.5641,75.9057],[113.4755,75.9224],[113.5755,75.9547],[113.5276,76.0016],[113.5463,76.0224],[113.5062,76.0583],[113.4464,76.0609],[113.4901,76.1172],[113.4661,76.162],[113.4,76.2],[113.3396,76.2063],[113.3078,76.2432],[113.2271,76.2583],[113.0078,76.2245],[113.0313,76.1896],[113.1687,76.1854],[113.2047,76.163],[113.0813,76.1479],[113.0229,76.1271],[113.0542,76.0875],[112.8812,76.0479],[112.7854,76.0563],[112.7083,76.0458],[112.8807,76.0922],[112.8688,76.1229],[112.7943,76.1422],[112.7708,76.1771],[112.6708,76.175],[112.5484,76.213],[112.7063,76.2146],[112.6958,76.2417],[112.725,76.2479],[112.7286,76.2953],[112.7953,76.3245],[112.6687,76.3396],[112.5354,76.3812],[112.4818,76.388],[112.3104,76.4417],[112.05,76.3542],[111.9729,76.3604],[112.0828,76.388],[112.2224,76.4578],[112.1333,76.4958],[111.9672,76.5359],[111.925,76.5646],[111.75,76.5958],[111.5547,76.5964],[111.5203,76.6088],[111.6224,76.6641],[111.3292,76.6875],[111.1713,76.6828],[111.1214,76.7099],[111.2208,76.7438],[111.1438,76.7521],[111.0021,76.7375],[111.0255,76.7224],[110.8583,76.7104],[110.6713,76.7214],[110.6693,76.7453],[110.4375,76.7396],[110.088,76.6807],[110.0354,76.6896],[109.9167,76.6729],[109.6651,76.7068],[109.6557,76.7203],[109.5396,76.7292],[109.4812,76.7208],[109.3958,76.7417],[109.1787,76.7161],[108.987,76.7037],[108.8625,76.7042],[108.7474,76.6943],[108.5625,76.6979],[108.4667,76.7063],[108.3016,76.6984],[108.25,76.7312],[108.0333,76.7354],[107.9505,76.7224],[107.9859,76.6859],[107.9609,76.6578],[108.0391,76.6339],[108.0068,76.6182],[107.9995,76.5651],[107.8896,76.5271],[107.7167,76.4958],[107.5917,76.4979],[107.4458,76.525],[107.3271,76.5229],[106.975,76.4896],[106.8812,76.4979],[106.8807,76.4609],[106.7963,76.4672],[106.7521,76.4938],[106.6021,76.4833],[106.5318,76.4974],[106.5339,76.4854],[106.1945,76.4096],[105.5634,76.2951],[105.2529,76.3275],[104.8713,76.3845],[104.4574,76.3951],[104.1014,76.3734],[103.9312,76.3354],[103.8938,76.3271]]],[[[106.1974,72.9391],[106.2271,72.9208],[106.3021,72.9208],[106.3729,72.8896],[106.4437,72.9083],[106.3208,72.9354],[106.1974,72.9391]]],[[[111.0144,73.8161],[111.23,73.8569],[111.2548,73.887],[111.2172,73.9745],[111.3063,73.9896],[111.4875,74],[111.6057,74.013],[111.5787,74.0411],[111.4542,74.0521],[111.2396,74.0417],[111.1708,74.0292],[111.0693,73.9828],[111.0979,73.9354],[110.9875,73.9063],[110.8854,73.9167],[110.8771,73.9292],[110.7292,73.9583],[110.5854,73.9938],[110.325,74.0167],[110.1937,74.0146],[109.975,74],[109.9276,73.9745],[109.8536,73.8755],[109.675,73.8313],[109.5505,73.8182],[109.538,73.8037],[109.5734,73.7276],[109.6547,73.6776],[109.7354,73.6563],[109.7771,73.6896],[109.9646,73.6896],[110.1375,73.7021],[110.2479,73.6813],[110.4292,73.7312],[110.5167,73.75],[110.5938,73.75],[110.6438,73.7833],[110.7146,73.7896],[110.7729,73.7708],[110.8943,73.7651],[110.8458,73.7167],[110.915,73.7144],[110.9353,73.783],[111.0144,73.8161]]],[[[111.1854,74.3167],[111.0818,74.3109],[111.0964,74.2818],[111.2,74.2729],[111.2141,74.3078],[111.1854,74.3167]]],[[[112.1453,74.5453],[112.0151,74.5432],[112.0068,74.4922],[112.0208,74.4417],[112.0724,74.4266],[112.0255,74.3932],[112.0229,74.3583],[111.9266,74.3359],[111.8167,74.3438],[111.7417,74.3667],[111.6521,74.3667],[111.5318,74.3411],[111.5172,74.2901],[111.6708,74.2396],[111.8167,74.2354],[111.9542,74.2188],[112.1646,74.1438],[112.2312,74.1312],[112.4625,74.1188],[112.6375,74.0875],[112.8333,74.0792],[112.862,74.088],[112.9479,74.15],[112.9672,74.1766],[113.0521,74.2],[113.1333,74.1979],[113.2141,74.2089],[113.2672,74.2599],[113.3896,74.3167],[113.3938,74.3917],[113.4599,74.4089],[113.4328,74.4391],[113.3187,74.4771],[113.1542,74.5021],[113.0729,74.5083],[112.7813,74.5062],[112.3604,74.525],[112.1453,74.5453]]],[[[112.175,76.6146],[112.0208,76.6062],[112.0667,76.5813],[112.0875,76.5292],[112.2542,76.5271],[112.3557,76.5016],[112.3859,76.4714],[112.4745,76.4474],[112.4729,76.4333],[112.5896,76.425],[112.6099,76.4922],[112.5151,76.5307],[112.4776,76.5776],[112.4849,76.6057],[112.2771,76.6062],[112.175,76.6146]]],[[[113.2813,76.425],[113.188,76.3953],[113.1713,76.3609],[113.2208,76.35],[113.4479,76.3479],[113.2901,76.3797],[113.2813,76.425]]],[[[112.6771,76.4437],[112.6641,76.4193],[112.6,76.3958],[112.7203,76.3859],[112.7255,76.4245],[112.6771,76.4437]]]]},"properties":{"GID_0":"RUS","GID_1":"RUS.35_1","GID_2":"RUS.35.30_1","NAME_1":"Krasnoyarsk","NAME_2":"Khatangskiyrayon"}},
{"type":"Feature","geometry":{"type":"Polygon","coordinates":[[[90.9291,55.9572],[90.9484,55.9092],[90.9356,55.8193],[90.9809,55.7725],[91.0524,55.7342],[91.0694,55.6485],[91.0685,55.6145],[91.1216,55.6114],[91.1797,55.5867],[91.305,55.591],[91.3811,55.6271],[91.4679,55.6502],[91.5516,55.6565],[91.6127,55.6913],[91.6959,55.6774],[91.7861,55.695],[91.7342,55.7507],[91.5704,55.8419],[91.6139,55.8836],[91.5829,55.9308],[91.6562,55.9481],[91.7115,55.9366],[91.8538,55.9214],[91.917,55.926],[91.9373,55.9512],[91.9181,55.9764],[91.8397,56.0183],[91.8208,56.0472],[91.8553,56.0698],[91.8735,56.0959],[91.8484,56.1261],[91.7885,56.1337],[91.7084,56.1187],[91.6274,56.1191],[91.5599,56.126],[91.5104,56.1608],[91.4731,56.302],[91.5158,56.3832],[91.5623,56.4086],[91.6093,56.4598],[91.6788,56.5631],[91.7373,56.6169],[91.7513,56.6748],[91.6734,56.6839],[91.5598,56.6765],[91.5104,56.659],[91.4599,56.6535],[91.3988,56.6618],[91.3924,56.6107],[91.2957,56.5447],[91.2371,56.5201],[91.2184,56.4947],[91.2744,56.3824],[91.2396,56.3375],[91.0814,56.3464],[90.9968,56.2966],[90.9467,56.2587],[90.9808,56.1999],[90.9575,56.1576],[90.9087,56.1179],[90.8773,56.0796],[90.8983,56.0382],[90.9283,56.0048],[90.9291,55.9572]]]},"properties":{"GID_0":"RUS","GID_1":"RUS.35_1","GID_2":"RUS.35.31_1","NAME_1":"Krasnoyarsk","NAME_2":"Kozul'skiyrayon"}},
{"type":"Feature","geometry":{"type":"Polygon","coordinates":[[[90.9664,54.5747],[91.0948,54.5239],[91.159,54.4879],[91.1868,54.4389],[91.2095,54.3383],[91.2517,54.2749],[91.3117,54.223],[91.4125,54.1166],[91.4639,54.0566],[91.4651,53.9661],[91.4216,53.893],[91.3622,53.8553],[91.4423,53.8645],[91.5113,53.8956],[91.6086,53.8914],[91.684,53.8744],[91.7727,53.8812],[91.7986,53.9436],[91.8424,53.9644],[91.9022,53.968],[92.0038,53.993],[92.0279,54.0314],[92.0022,54.1117],[92.0138,54.1299],[91.9763,54.1719],[91.8705,54.1841],[91.8469,54.239],[91.8542,54.277],[91.8169,54.3172],[91.7842,54.3641],[91.7751,54.4173],[91.7965,54.4829],[91.8248,54.5317],[91.808,54.5688],[91.7682,54.6188],[91.7258,54.6457],[91.6998,54.6895],[91.7191,54.7421],[91.7135,54.8166],[91.7327,54.8354],[91.7032,54.8807],[91.6507,54.8951],[91.6433,54.8652],[91.6007,54.841],[91.5429,54.8365],[91.5122,54.8186],[91.5179,54.7733],[91.5472,54.7299],[91.5373,54.6981],[91.4849,54.6931],[91.4399,54.6082],[91.3087,54.5686],[91.2621,54.6152],[91.2216,54.6055],[91.1799,54.5765],[91.1101,54.5709],[91.0936,54.6117],[91.0408,54.5927],[90.9664,54.5747]]]},"properties":{"GID_0":"RUS","GID_1":"RUS.35_1","GID_2":"RUS.35.32_1","NAME_1":"Krasnoyarsk","NAME_2":"Krasnoturanskiyrayon"}},
{"type":"Feature","geometry":{"type":"Polygon","coordinates":[[[93.0389,55.944],[93.0757,56.0674],[93.0163,56.0914],[92.784,56.0365],[92.7931,55.9634],[92.9937,55.9356],[93.0389,55.944]]]},"properties":{"GID_0":"RUS","GID_1":"RUS.35_1","GID_2":"RUS.35.33_1","NAME_1":"Krasnoyarsk","NAME_2":"Krasnoyarsk"}},
{"type":"Feature","geometry":{"type":"Polygon","coordinates":[[[95.5929,54.3124],[95.5518,54.3289],[95.5115,54.3736],[95.4481,54.3655],[95.3915,54.3331],[95.3147,54.3244],[95.2734,54.3599],[95.1326,54.3791],[94.9516,54.3299],[94.8757,54.3536],[94.8312,54.4089],[94.7773,54.4554],[94.6962,54.4824],[94.631,54.5365],[94.5533,54.5518],[94.4908,54.5977],[94.3812,54.6003],[94.3244,54.5528],[94.2829,54.5388],[94.2297,54.556],[94.2133,54.6161],[94.1207,54.6321],[94.0319,54.66],[93.9281,54.6406],[93.7874,54.6518],[93.7045,54.6278],[93.6506,54.6466],[93.5985,54.6836],[93.5506,54.7282],[93.4782,54.7439],[93.4411,54.7909],[93.3652,54.8036],[93.3131,54.845],[93.258,54.8681],[93.1602,54.883],[93.0725,54.8765],[93.0017,54.9048],[92.9352,54.9425],[92.7996,54.9683],[92.759,54.9556],[92.8237,54.9279],[92.8486,54.8839],[92.8265,54.8415],[92.7765,54.7843],[92.7771,54.726],[92.8197,54.6878],[92.864,54.6724],[92.9463,54.7115],[93.0066,54.7118],[93.0544,54.6939],[93.0892,54.6286],[93.1039,54.5594],[93.0958,54.4886],[93.0238,54.39],[92.8225,54.3613],[92.6556,54.3482],[92.5922,54.3165],[92.4432,54.2861],[92.3659,54.2596],[92.2527,54.2114],[92.1987,54.1928],[92.0891,54.1794],[91.9763,54.1719],[92.0138,54.1299],[92.0022,54.1117],[92.0279,54.0314],[92.0038,53.993],[91.9022,53.968],[91.9327,53.9556],[91.9423,53.8877],[92.0008,53.8821],[92.0626,53.9169],[92.1496,53.9114],[92.1816,53.879],[92.1942,53.8424],[92.2576,53.8424],[92.3378,53.851],[92.3854,53.8315],[92.4204,53.7984],[92.4535,53.7806],[92.5065,53.7862],[92.536,53.7983],[92.5125,53.8515],[92.58,53.8553],[92.6667,53.8247],[92.7148,53.8244],[92.8735,53.8818],[93.0044,53.8859],[93.0859,53.8647],[93.141,53.829],[93.1742,53.8156],[93.2342,53.8103],[93.2772,53.8203],[93.2938,53.847],[93.3588,53.8784],[93.4206,53.8978],[93.527,53.8833],[93.5752,53.8324],[93.5988,53.7671],[93.6543,53.7185],[93.7594,53.6982],[93.8357,53.6954],[93.8984,53.6159],[93.9785,53.6068],[94.0292,53.5878],[94.0677,53.5607],[94.0967,53.5167],[94.1546,53.4897],[94.2248,53.4918],[94.3811,53.5112],[94.4216,53.4887],[94.4471,53.4608],[94.4942,53.4341],[94.5983,53.4239],[94.6667,53.3872],[94.9028,53.4062],[94.9679,53.4084],[94.9772,53.3896],[95.0392,53.4054],[95.1278,53.4624],[95.2125,53.4371],[95.3175,53.3988],[95.4225,53.4153],[95.4594,53.4497],[95.5425,53.4587],[95.6573,53.511],[95.6921,53.4795],[95.7978,53.5029],[95.9034,53.4979],[95.9955,53.4713],[96.0356,53.4865],[96.0558,53.5228],[96.1496,53.5363],[96.1741,53.5891],[96.3558,53.5372],[96.4772,53.555],[96.6255,53.5953],[96.6574,53.6729],[96.5171,53.6821],[96.427,53.7055],[96.3262,53.7995],[96.2345,53.8337],[96.089,53.9859],[96.0213,53.9925],[95.9815,54.0238],[95.976,54.0818],[95.9007,54.1108],[95.77,54.1685],[95.6947,54.2347],[95.582,54.2465],[95.5929,54.3124]]]},"properties":{"GID_0":"RUS","GID_1":"RUS.35_1","GID_2":"RUS.35.34_1","NAME_1":"Krasnoyarsk","NAME_2":"Kuraginskiyrayon"}},
{"type":"Feature","geometry":{"type":"Polygon","coordinates":[[[93.1602,54.883],[93.258,54.8681],[93.3131,54.845],[93.3652,54.8036],[93.4411,54.7909],[93.5117,54.8461],[93.5416,54.8807],[93.6312,54.8933],[93.6983,54.9099],[93.7577,54.9416],[93.8051,54.978],[93.8494,55.026],[93.9113,55.045],[93.9598,55.0805],[93.9802,55.1171],[93.9742,55.1614],[94.0144,55.1983],[94.0554,55.2187],[94.0476,55.2475],[94.0189,55.2833],[93.9664,55.3242],[93.9026,55.3516],[93.8935,55.3839],[93.9413,55.4139],[93.9285,55.4488],[93.8578,55.4595],[93.8447,55.4952],[94.0003,55.6014],[93.9605,55.6557],[93.9264,55.6721],[93.8761,55.6812],[93.8448,55.7032],[93.7722,55.8078],[93.7459,55.8629],[93.7058,55.9154],[93.7513,56.0029],[93.7485,56.0375],[93.6968,56.0701],[93.621,56.0731],[93.5518,56.0828],[93.4811,56.1006],[93.42,56.0796],[93.3921,55.9848],[93.3068,55.9632],[93.2448,55.9284],[93.2236,55.886],[93.2515,55.8439],[93.3546,55.7989],[93.3528,55.7596],[93.3922,55.7373],[93.3865,55.7087],[93.2875,55.6671],[93.2971,55.6184],[93.2939,55.5342],[93.2539,55.5153],[93.1346,55.4961],[93.1042,55.4814],[93.1079,55.4543],[93.1624,55.4294],[93.2021,55.3671],[93.1738,55.296],[93.1102,55.2683],[93.0257,55.2411],[93.0205,55.1879],[93.0251,55.1398],[93.08,55.0566],[93.1157,54.9868],[93.1602,54.883]]]},"properties":{"GID_0":"RUS","GID_1":"RUS.35_1","GID_2":"RUS.35.35_1","NAME_1":"Krasnoyarsk","NAME_2":"Manskiyrayon"}},
{"type":"Feature","geometry":{"type":"Polygon","coordinates":[[[91.7098,53.7309],[91.719,53.7518],[91.6828,53.7716],[91.6452,53.7573],[91.6612,53.7281],[91.7098,53.7309]]]},"properties":{"GID_0":"RUS","GID_1":"RUS.35_1","GID_2":"RUS.35.36_1","NAME_1":"Krasnoyarsk","NAME_2":"Minusinsk"}},
{"type":"Feature","geometry":{"type":"Polygon","coordinates":[[[91.7261,53.4535],[91.7459,53.5055],[91.8466,53.5289],[91.9057,53.5591],[92.0092,53.5734],[92.0465,53.556],[92.101,53.5528],[92.151,53.5775],[92.2654,53.5685],[92.3028,53.5951],[92.379,53.6061],[92.3758,53.6424],[92.4908,53.6836],[92.3887,53.7211],[92.3628,53.7549],[92.4107,53.7703],[92.4204,53.7984],[92.3854,53.8315],[92.3378,53.851],[92.2576,53.8424],[92.1942,53.8424],[92.1816,53.879],[92.1496,53.9114],[92.0626,53.9169],[92.0008,53.8821],[91.9423,53.8877],[91.9327,53.9556],[91.9022,53.968],[91.8424,53.9644],[91.7986,53.9436],[91.7727,53.8812],[91.684,53.8744],[91.6086,53.8914],[91.5113,53.8956],[91.4423,53.8645],[91.3622,53.8553],[91.3266,53.8167],[91.3333,53.7577],[91.4135,53.668],[91.4544,53.6062],[91.4724,53.5673],[91.4697,53.5139],[91.5502,53.48],[91.6528,53.4808],[91.7261,53.4535]],[[91.7098,53.7309],[91.6612,53.7281],[91.6452,53.7573],[91.6828,53.7716],[91.719,53.7518],[91.7098,53.7309]]]},"properties":{"GID_0":"RUS","GID_1":"RUS.35_1","GID_2":"RUS.35.37_1","NAME_1":"Krasnoyarsk","NAME_2":"Minusinskiyrayon"}},
{"type":"Feature","geometry":{"type":"Polygon","coordinates":[[[95.1873,59.6494],[95.1317,59.5916],[95.0403,59.5678],[94.9561,59.5589],[94.896,59.5098],[94.8375,59.4982],[94.7926,59.4735],[94.7399,59.3681],[94.6975,59.3197],[94.5761,59.2942],[94.4231,59.3001],[94.2708,59.3021],[94.2045,59.3583],[94.1743,59.3551],[94.154,59.3285],[94.2004,59.2476],[94.1963,59.1816],[94.1774,59.1158],[94.0225,58.9748],[93.9231,58.9039],[93.7683,58.8604],[93.6447,58.8329],[93.5627,58.8047],[93.4959,58.7654],[93.4345,58.742],[93.3551,58.7276],[93.289,58.7385],[93.2384,58.7247],[93.2208,58.6871],[93.2216,58.6423],[93.139,58.6046],[92.9845,58.5141],[92.9149,58.4679],[92.917,58.4249],[92.9703,58.407],[93.0294,58.4104],[93.0823,58.3704],[93.0747,58.3306],[93.0244,58.2461],[93.0482,58.1852],[93.0503,58.0661],[93.0309,58.0036],[93.0803,57.9909],[93.1998,57.9777],[93.3652,57.9853],[93.565,57.967],[93.7225,57.9426],[93.8475,57.9071],[94.0157,57.9157],[94.113,57.9069],[94.1663,57.8483],[94.232,57.7994],[94.3073,57.7729],[94.4147,57.7616],[94.5371,57.771],[94.6099,57.7707],[94.6942,57.7498],[94.8132,57.7405],[94.9168,57.7478],[95.0072,57.7663],[95.0686,57.7506],[95.1419,57.7417],[95.1783,57.7441],[95.181,57.7973],[95.2948,57.885],[95.3684,57.9154],[95.3797,57.9734],[95.4346,58.0277],[95.4978,58.063],[95.5455,58.1233],[95.5769,58.1986],[95.5578,58.239],[95.4762,58.3236],[95.4398,58.3835],[95.3883,58.4409],[95.4332,58.4984],[95.434,58.5442],[95.3995,58.5776],[95.4079,58.6437],[95.4658,58.7638],[95.4665,58.826],[95.4277,58.8729],[95.4027,58.9377],[95.4392,58.9958],[95.4203,59.0152],[95.4165,59.0689],[95.3513,59.0846],[95.2637,59.0976],[95.2216,59.1398],[95.1928,59.2016],[95.2325,59.227],[95.3534,59.2783],[95.5241,59.365],[95.6248,59.4354],[95.6809,59.566],[95.5763,59.5694],[95.4974,59.5838],[95.4766,59.6204],[95.4133,59.6518],[95.3208,59.6482],[95.1873,59.6494]]]},"properties":{"GID_0":"RUS","GID_1":"RUS.35_1","GID_2":"RUS.35.38_1","NAME_1":"Krasnoyarsk","NAME_2":"Motyginskiyrayon"}},
{"type":"Feature","geometry":{"type":"Polygon","coordinates":[[[89.2147,55.7006],[89.2482,55.6948],[89.3623,55.6567],[89.4788,55.5976],[89.5142,55.5503],[89.5368,55.5579],[89.5702,55.5821],[89.6459,55.5807],[89.6909,55.5912],[89.7481,55.6193],[89.8403,55.6239],[89.8671,55.5877],[89.9191,55.5822],[90.0109,55.583],[90.1124,55.5597],[90.1572,55.5223],[90.2814,55.522],[90.3181,55.5472],[90.3977,55.5494],[90.4462,55.5214],[90.5544,55.5424],[90.5847,55.5633],[90.5993,55.5947],[90.6508,55.5853],[90.6635,55.5552],[90.6029,55.5245],[90.6019,55.4492],[90.6496,55.4285],[90.7151,55.4751],[90.7853,55.512],[90.8347,55.5234],[90.8754,55.5542],[90.9532,55.587],[91.0284,55.6123],[91.0685,55.6145],[91.0694,55.6485],[91.0524,55.7342],[90.9809,55.7725],[90.9356,55.8193],[90.9484,55.9092],[90.9291,55.9572],[90.8803,55.9753],[90.8049,55.9793],[90.7383,55.9592],[90.6487,55.9675],[90.5031,56.0225],[90.427,56.0281],[90.3139,56.0011],[90.2149,56.0184],[90.1497,56.0505],[90.1254,56.0815],[90.0467,56.0554],[89.9493,56.0378],[89.8103,56.0486],[89.7415,56.0388],[89.6745,56.0025],[89.5838,55.9778],[89.5411,55.9555],[89.3749,55.9137],[89.3571,55.8761],[89.4392,55.8531],[89.4098,55.8101],[89.4231,55.7801],[89.2645,55.7392],[89.2147,55.7006]]]},"properties":{"GID_0":"RUS","GID_1":"RUS.35_1","GID_2":"RUS.35.39_1","NAME_1":"Krasnoyarsk","NAME_2":"Nazarovskiyrayon"}},
{"type":"Feature","geometry":{"type":"Polygon","coordinates":[[[97.4321,56.8086],[97.3453,56.8048],[97.2969,56.7025],[97.1602,56.6536],[97.0494,56.629],[96.912,56.6318],[96.892,56.5984],[96.831,56.5767],[96.7234,56.551],[96.5434,56.5367],[96.4382,56.5545],[96.3237,56.5665],[96.2618,56.5573],[96.2135,56.5256],[96.1824,56.4918],[96.2576,56.4614],[96.3429,56.4386],[96.3615,56.4036],[96.3512,56.3641],[96.3157,56.3366],[96.1965,56.3255],[96.1159,56.3074],[96.1494,56.2748],[96.2184,56.2788],[96.2858,56.2682],[96.2783,56.2289],[96.1693,56.2044],[96.1368,56.1705],[96.1308,56.1248],[96.165,56.084],[96.2992,56.0547],[96.3185,56.0189],[96.2717,55.9492],[96.2652,55.9199],[96.3318,55.782],[96.3936,55.7666],[96.4752,55.7646],[96.5307,55.7799],[96.6238,55.7781],[96.676,55.7888],[96.7503,55.83],[96.859,55.8839],[96.8981,56.0213],[97.0269,56.0302],[97.0655,56.1076],[97.1079,56.0959],[97.1898,56.0979],[97.2458,56.0602],[97.2953,56.0786],[97.3602,56.1247],[97.3574,56.1956],[97.3738,56.2205],[97.4797,56.2156],[97.4583,56.2789],[97.4629,56.3855],[97.5404,56.3953],[97.8157,56.411],[97.791,56.4834],[97.8331,56.5534],[97.8147,56.5759],[97.7604,56.5657],[97.6791,56.5869],[97.7026,56.6594],[97.7228,56.7984],[97.6198,56.8109],[97.5373,56.7918],[97.4321,56.8086]]]},"properties":{"GID_0":"RUS","GID_1":"RUS.35_1","GID_2":"RUS.35.40_1","NAME_1":"Krasnoyarsk","NAME_2":"Nizhneingashskiyrayon"}},
{"type":"Feature","geometry":{"type":"Polygon","coordinates":[[[90.9664,54.5747],[91.0408,54.5927],[91.0936,54.6117],[91.1101,54.5709],[91.1799,54.5765],[91.2216,54.6055],[91.2621,54.6152],[91.3087,54.5686],[91.4399,54.6082],[91.4849,54.6931],[91.5373,54.6981],[91.5472,54.7299],[91.5179,54.7733],[91.5122,54.8186],[91.5429,54.8365],[91.6007,54.841],[91.6433,54.8652],[91.6507,54.8951],[91.5897,54.9014],[91.5246,54.9631],[91.6054,54.993],[91.5857,55.0272],[91.5697,55.0818],[91.5348,55.0955],[91.53,55.1363],[91.4703,55.1637],[91.2647,55.1157],[91.2403,55.144],[91.1617,55.1689],[91.0307,55.1401],[91.0159,55.1087],[90.9342,55.0453],[90.8364,55.0446],[90.7289,55.0879],[90.6883,55.0946],[90.5113,55.0577],[90.4356,55.0164],[90.4827,54.9279],[90.4485,54.8947],[90.4583,54.8708],[90.534,54.8855],[90.6849,54.9047],[90.7235,54.8713],[90.7149,54.8312],[90.8405,54.8389],[90.9153,54.7911],[90.855,54.6268],[90.9664,54.5747]]]},"properties":{"GID_0":"RUS","GID_1":"RUS.35_1","GID_2":"RUS.35.41_1","NAME_1":"Krasnoyarsk","NAME_2":"Novoselovskiyrayon"}},
{"type":"Feature","geometry":{"type":"Polygon","coordinates":[[[94.6962,54.4824],[94.7855,54.5277],[94.7948,54.5791],[94.8556,54.5947],[94.8713,54.6245],[94.8145,54.6765],[94.7709,54.6844],[94.7424,54.7249],[94.622,54.7645],[94.6075,54.8075],[94.6802,54.8419],[94.6734,54.8835],[94.6208,54.8955],[94.5608,54.8725],[94.4834,54.8814],[94.4637,54.9241],[94.433,54.948],[94.3705,54.9694],[94.2891,54.9706],[94.2455,55.0512],[94.2922,55.0956],[94.2183,55.099],[94.1473,55.0734],[94.1065,55.1185],[94.1065,55.1814],[94.1566,55.236],[94.2182,55.2593],[94.2727,55.2312],[94.351,55.2252],[94.4397,55.2506],[94.5855,55.3089],[94.6389,55.347],[94.6413,55.3863],[94.6254,55.4465],[94.6064,55.4839],[94.5587,55.5089],[94.5424,55.5318],[94.568,55.5914],[94.5528,55.6363],[94.4883,55.6358],[94.3566,55.6101],[94.2383,55.6095],[94.087,55.5878],[94.0003,55.6014],[93.8447,55.4952],[93.8578,55.4595],[93.9285,55.4488],[93.9413,55.4139],[93.8935,55.3839],[93.9026,55.3516],[93.9664,55.3242],[94.0189,55.2833],[94.0476,55.2475],[94.0554,55.2187],[94.0144,55.1983],[93.9742,55.1614],[93.9802,55.1171],[93.9598,55.0805],[93.9113,55.045],[93.8494,55.026],[93.8051,54.978],[93.7577,54.9416],[93.6983,54.9099],[93.6312,54.8933],[93.5416,54.8807],[93.5117,54.8461],[93.4411,54.7909],[93.4782,54.7439],[93.5506,54.7282],[93.5985,54.6836],[93.6506,54.6466],[93.7045,54.6278],[93.7874,54.6518],[93.9281,54.6406],[94.0319,54.66],[94.1207,54.6321],[94.2133,54.6161],[94.2297,54.556],[94.2829,54.5388],[94.3244,54.5528],[94.3812,54.6003],[94.4908,54.5977],[94.5533,54.5518],[94.631,54.5365],[94.6962,54.4824]]]},"properties":{"GID_0":"RUS","GID_1":"RUS.35_1","GID_2":"RUS.35.42_1","NAME_1":"Krasnoyarsk","NAME_2":"Partizanskiyrayon"}},
{"type":"Feature","geometry":{"type":"Polygon","coordinates":[[[91.6981,57.0125],[91.7651,57.0651],[91.8396,57.0924],[91.9632,57.1258],[92.0431,57.169],[92.1732,57.2136],[92.2616,57.2361],[92.2791,57.2832],[92.2708,57.3551],[92.3199,57.3794],[92.3334,57.4097],[92.3146,57.4828],[92.376,57.5144],[92.4329,57.5116],[92.4712,57.5315],[92.4987,57.5755],[92.5086,57.6376],[92.4498,57.6632],[92.4116,57.6571],[92.3884,57.6813],[92.4421,57.7095],[92.5203,57.732],[92.5872,57.7784],[92.5222,57.8578],[92.4524,57.8909],[92.3628,57.9678],[92.2294,58.0087],[92.0619,58.0233],[91.9487,58.001],[91.8604,57.9417],[91.7885,57.9322],[91.6794,57.7877],[91.6143,57.7169],[91.531,57.7238],[91.4057,57.804],[91.2757,57.8285],[91.1533,57.8756],[91.0938,57.8896],[91.0259,57.832],[91.0433,57.7827],[91.0164,57.7475],[90.9857,57.7318],[91.0293,57.7071],[91.0576,57.6936],[91.1175,57.6898],[91.2109,57.7097],[91.2753,57.7015],[91.3147,57.6842],[91.2755,57.6169],[91.2629,57.5737],[91.3355,57.5091],[91.4036,57.493],[91.4892,57.4799],[91.5747,57.4833],[91.6346,57.4692],[91.6411,57.4458],[91.5625,57.3832],[91.5694,57.323],[91.5274,57.2694],[91.439,57.2345],[91.4028,57.1914],[91.4307,57.1107],[91.504,57.049],[91.6112,57.009],[91.6981,57.0125]]]},"properties":{"GID_0":"RUS","GID_1":"RUS.35_1","GID_2":"RUS.35.43_1","NAME_1":"Krasnoyarsk","NAME_2":"Pirovskiyrayon"}},
{"type":"Feature","geometry":{"type":"Polygon","coordinates":[[[95.4114,55.9375],[95.3542,56.03],[95.1789,56.1077],[95.0656,56.1404],[94.9579,56.1777],[94.8402,56.1972],[94.7354,56.2035],[94.6775,56.2127],[94.6436,56.2522],[94.6097,56.3083],[94.6169,56.3635],[94.5943,56.4008],[94.548,56.4297],[94.4528,56.4278],[94.3457,56.3858],[94.2579,56.3594],[94.2042,56.3365],[94.0882,56.2544],[94.004,56.2088],[94.0583,56.1523],[94.2031,56.0768],[94.2259,56.0561],[94.3067,56.0447],[94.3291,56.0175],[94.3038,55.9816],[94.3392,55.9578],[94.4304,55.9569],[94.4766,55.9372],[94.4708,55.8831],[94.4998,55.8535],[94.5949,55.8207],[94.6253,55.772],[94.5742,55.6856],[94.5528,55.6363],[94.568,55.5914],[94.5424,55.5318],[94.5587,55.5089],[94.6064,55.4839],[94.6254,55.4465],[94.7044,55.5287],[94.7885,55.5381],[94.845,55.558],[94.9675,55.6173],[95.0111,55.6621],[94.9349,55.6805],[94.8939,55.717],[94.9053,55.7494],[94.9255,55.7649],[94.9798,55.7719],[95.0467,55.7702],[95.094,55.7577],[95.1621,55.7615],[95.1865,55.7953],[95.1639,55.829],[95.1058,55.8685],[95.1047,55.8994],[95.1603,55.931],[95.2445,55.9472],[95.3193,55.9521],[95.4114,55.9375]],[[94.9644,55.8846],[94.9074,55.8844],[94.9074,55.9038],[94.9504,55.9114],[94.9644,55.8846]],[[94.7461,55.9265],[94.7086,55.9256],[94.6938,55.948],[94.7505,55.9598],[94.7461,55.9265]]]},"properties":{"GID_0":"RUS","GID_1":"RUS.35_1","GID_2":"RUS.35.44_1","NAME_1":"Krasnoyarsk","NAME_2":"Rybinskiyrayon"}},
{"type":"Feature","geometry":{"type":"Polygon","coordinates":[[[95.6936,54.4246],[95.7157,54.4718],[95.7067,54.5051],[95.7839,54.5917],[95.8007,54.6323],[95.7404,54.6727],[95.6605,54.6878],[95.6158,54.7505],[95.5568,54.7672],[95.5023,54.8077],[95.4728,54.862],[95.4638,54.917],[95.4303,54.9729],[95.3684,55.0422],[95.3183,55.0683],[95.3092,55.0997],[95.3281,55.1232],[95.2995,55.192],[95.2396,55.2286],[95.2496,55.2864],[95.2523,55.3565],[95.282,55.3723],[95.3324,55.3799],[95.3384,55.4311],[95.2961,55.4575],[95.1369,55.4772],[95.0383,55.5084],[95.0131,55.5474],[95.0423,55.5578],[95.0438,55.6161],[95.0111,55.6621],[94.9675,55.6173],[94.845,55.558],[94.7885,55.5381],[94.7044,55.5287],[94.6254,55.4465],[94.6413,55.3863],[94.6389,55.347],[94.5855,55.3089],[94.4397,55.2506],[94.351,55.2252],[94.2727,55.2312],[94.2182,55.2593],[94.1566,55.236],[94.1065,55.1814],[94.1065,55.1185],[94.1473,55.0734],[94.2183,55.099],[94.2922,55.0956],[94.2455,55.0512],[94.2891,54.9706],[94.3705,54.9694],[94.433,54.948],[94.4637,54.9241],[94.4834,54.8814],[94.5608,54.8725],[94.6208,54.8955],[94.6734,54.8835],[94.6802,54.8419],[94.6075,54.8075],[94.622,54.7645],[94.7424,54.7249],[94.7709,54.6844],[94.8145,54.6765],[94.8713,54.6245],[94.8556,54.5947],[94.7948,54.5791],[94.7855,54.5277],[94.6962,54.4824],[94.7773,54.4554],[94.8312,54.4089],[94.8757,54.3536],[94.9516,54.3299],[95.1326,54.3791],[95.2734,54.3599],[95.3147,54.3244],[95.3915,54.3331],[95.4481,54.3655],[95.5115,54.3736],[95.5518,54.3289],[95.5929,54.3124],[95.5991,54.3518],[95.6308,54.4012],[95.6936,54.4246]]]},"properties":{"GID_0":"RUS","GID_1":"RUS.35_1","GID_2":"RUS.35.45_1","NAME_1":"Krasnoyarsk","NAME_2":"Sayanskiyrayon"}},
{"type":"Feature","geometry":{"type":"Polygon","coordinates":[[[91.6702,60.7658],[91.6307,60.6973],[91.5948,60.6593],[91.5821,60.6155],[91.4661,60.5649],[91.4573,60.4901],[91.3609,60.4745],[91.3131,60.4558],[91.3389,60.3749],[91.2948,60.3289],[91.3679,60.31],[91.4566,60.3076],[91.4531,60.2725],[91.4696,60.2379],[91.4336,60.1832],[91.3848,60.1414],[91.1733,60.0931],[91.1265,60.0403],[91.103,59.9918],[91.0748,59.8907],[91.0809,59.8177],[91.1183,59.7634],[91.2797,59.6608],[91.5687,59.5171],[91.7547,59.4011],[91.8211,59.3541],[91.92,59.1661],[92.0112,59.0326],[92.135,58.8957],[92.2101,58.7638],[92.2687,58.7217],[92.3471,58.6991],[92.4193,58.6972],[92.5214,58.7027],[92.6575,58.7229],[92.7178,58.7238],[92.7404,58.6564],[92.8557,58.545],[92.9146,58.5082],[92.9149,58.4679],[92.9845,58.5141],[93.139,58.6046],[93.2216,58.6423],[93.2208,58.6871],[93.2384,58.7247],[93.289,58.7385],[93.3551,58.7276],[93.4345,58.742],[93.4959,58.7654],[93.5627,58.8047],[93.6447,58.8329],[93.7683,58.8604],[93.9231,58.9039],[94.0225,58.9748],[94.1774,59.1158],[94.1963,59.1816],[94.2004,59.2476],[94.154,59.3285],[94.1743,59.3551],[94.2045,59.3583],[94.2708,59.3021],[94.4231,59.3001],[94.5761,59.2942],[94.6975,59.3197],[94.7399,59.3681],[94.7926,59.4735],[94.8375,59.4982],[94.896,59.5098],[94.9561,59.5589],[95.0403,59.5678],[95.1317,59.5916],[95.1873,59.6494],[95.1167,59.6694],[95.0476,59.7504],[95.0365,59.7855],[95.043,59.8532],[94.9236,59.9841],[94.9854,60.0622],[94.9421,60.0923],[94.8968,60.1678],[94.9345,60.1894],[94.9266,60.241],[94.8288,60.2797],[95.0191,60.393],[95.0911,60.424],[95.2154,60.4479],[95.2362,60.4832],[95.1983,60.5508],[95.2199,60.6062],[95.2806,60.6438],[95.3713,60.6862],[95.3536,60.7437],[95.3045,60.7582],[95.2991,60.7961],[95.3218,60.8206],[95.3547,60.8844],[95.2992,60.9377],[95.2339,60.9689],[95.1797,61.0159],[95.0274,61.1036],[94.879,61.1314],[94.6951,61.1532],[94.5635,61.1632],[94.4302,61.1558],[94.32,61.1247],[94.1675,61.1072],[94.0981,61.0777],[94.0273,61.0072],[93.9649,61.0107],[93.8776,61.0585],[93.7178,61.051],[93.653,61.0697],[93.5716,61.104],[93.5205,61.1061],[93.4331,61.0935],[93.2765,61.0984],[93.2358,61.1164],[93.145,61.2284],[93.081,61.2652],[93.0643,61.2898],[93.0909,61.3295],[93.0169,61.3657],[92.919,61.3533],[92.8387,61.3719],[92.7513,61.3635],[92.6429,61.344],[92.6045,61.3017],[92.6618,61.2875],[92.7163,61.2613],[92.773,61.2151],[92.8384,61.1384],[92.8301,61.0696],[92.7635,61.0769],[92.6355,61.1657],[92.5025,61.1738],[92.3847,61.1553],[92.3589,61.1264],[92.3974,61.0619],[92.384,61.0027],[92.281,60.9822],[92.162,60.9816],[92.1197,60.9599],[92.0869,60.8436],[92.0699,60.8115],[91.9573,60.7873],[91.6702,60.7658]]]},"properties":{"GID_0":"RUS","GID_1":"RUS.35_1","GID_2":"RUS.35.46_1","NAME_1":"Krasnoyarsk","NAME_2":"Severo-Eniseyskiyrayon"}},
{"type":"Feature","geometry":{"type":"Polygon","coordinates":[[[89.2147,55.7006],[89.1933,55.6841],[89.1206,55.6673],[89.023,55.6556],[88.9611,55.6535],[88.9177,55.6329],[88.8653,55.5968],[88.7662,55.5093],[88.7113,55.4784],[88.6361,55.4248],[88.6909,55.411],[88.7598,55.3441],[88.8222,55.3475],[88.8769,55.3096],[88.9502,55.2891],[88.9698,55.2312],[88.9661,55.1848],[89.0671,55.1321],[89.0379,55.0842],[89.1474,55.0764],[89.2008,54.9904],[89.3467,54.9998],[89.3917,54.9737],[89.4254,54.9861],[89.4472,55.0386],[89.55,55.0464],[89.5672,55.0581],[89.6271,55.0315],[89.6578,55.0031],[89.648,55.0601],[89.6306,55.098],[89.5627,55.1303],[89.5034,55.1771],[89.555,55.1948],[89.6017,55.1954],[89.5953,55.2187],[89.554,55.2819],[89.4762,55.3088],[89.3792,55.3328],[89.2491,55.3205],[89.2475,55.3526],[89.2768,55.3857],[89.3308,55.4184],[89.5399,55.5076],[89.5368,55.5579],[89.5142,55.5503],[89.4788,55.5976],[89.3623,55.6567],[89.2482,55.6948],[89.2147,55.7006]]]},"properties":{"GID_0":"RUS","GID_1":"RUS.35_1","GID_2":"RUS.35.47_1","NAME_1":"Krasnoyarsk","NAME_2":"Sharypovskiyrayon"}},
{"type":"Feature","geometry":{"type":"Polygon","coordinates":[[[91.7261,53.4535],[91.744,53.4468],[91.8186,53.3874],[91.8464,53.352],[91.8413,53.2883],[91.7856,53.2363],[91.7274,53.1969],[91.6599,53.1585],[91.5739,53.1223],[91.512,53.1063],[91.4119,53.0989],[91.3511,53.0775],[91.3779,53.0237],[91.408,52.9471],[91.3963,52.868],[91.3265,52.7988],[91.2419,52.7475],[91.1359,52.699],[91.038,52.6603],[90.9955,52.6013],[90.8992,52.5773],[90.7984,52.5278],[90.7003,52.4582],[90.6266,52.3806],[90.6062,52.3326],[90.5281,52.2572],[90.452,52.1634],[90.508,52.1409],[90.546,52.0926],[90.6506,52.0597],[90.7942,51.8794],[90.9823,51.9292],[91.0105,51.9246],[91.041,51.9686],[91.0732,51.9751],[91.1457,52.0062],[91.2076,52.0457],[91.2991,52.0803],[91.4383,52.127],[91.5686,52.1617],[91.6355,52.1616],[91.8408,52.1928],[92.0054,52.2241],[92.0892,52.2831],[92.143,52.3389],[92.1537,52.3793],[92.1064,52.5167],[92.1006,52.6138],[92.1191,52.6805],[92.1167,52.7613],[92.0915,52.8219],[92.0506,52.8794],[91.9958,53.0736],[91.9725,53.1379],[91.9581,53.2084],[91.9694,53.2807],[91.9933,53.3403],[92.0571,53.445],[92.1054,53.456],[92.2061,53.4653],[92.3079,53.4865],[92.3462,53.5085],[92.3445,53.5377],[92.299,53.5481],[92.2654,53.5685],[92.151,53.5775],[92.101,53.5528],[92.0465,53.556],[92.0092,53.5734],[91.9057,53.5591],[91.8466,53.5289],[91.7459,53.5055],[91.7261,53.4535]]]},"properties":{"GID_0":"RUS","GID_1":"RUS.35_1","GID_2":"RUS.35.48_1","NAME_1":"Krasnoyarsk","NAME_2":"Shushenskiyrayon"}},
{"type":"Feature","geometry":{"type":"Polygon","coordinates":[[[93.3815,56.1415],[93.3948,56.1697],[93.3433,56.1943],[93.3229,56.191],[93.3061,56.154],[93.3427,56.1394],[93.3815,56.1415]]]},"properties":{"GID_0":"RUS","GID_1":"RUS.35_1","GID_2":"RUS.35.49_1","NAME_1":"Krasnoyarsk","NAME_2":"Sosnovoborsk"}},
{"type":"Feature","geometry":{"type":"Polygon","coordinates":[[[94.004,56.2088],[94.0882,56.2544],[94.2042,56.3365],[94.2579,56.3594],[94.3457,56.3858],[94.4528,56.4278],[94.5161,56.4621],[94.5674,56.5156],[94.5977,56.557],[94.5703,56.6032],[94.535,56.6398],[94.4359,56.6833],[94.4503,56.7086],[94.4289,56.7477],[94.3701,56.7603],[94.2937,56.7875],[94.2353,56.8447],[94.2401,56.9072],[94.1883,56.9154],[94.069,56.9458],[94.017,56.985],[93.8924,56.9446],[93.6456,56.8378],[93.5294,56.8138],[93.398,56.7943],[93.3454,56.782],[93.3091,56.7607],[93.3036,56.7073],[93.248,56.6737],[93.1916,56.6749],[93.1472,56.696],[93.0675,56.6619],[92.9844,56.6677],[92.8319,56.67],[92.7404,56.6404],[92.6613,56.6582],[92.648,56.6866],[92.5694,56.6953],[92.4972,56.7409],[92.419,56.7678],[92.4458,56.7247],[92.5446,56.6506],[92.5541,56.6127],[92.4971,56.5925],[92.3578,56.5896],[92.3057,56.5714],[92.3176,56.5474],[92.3719,56.5493],[92.4159,56.5321],[92.4105,56.5051],[92.4716,56.4634],[92.6896,56.4045],[92.7528,56.3592],[92.8189,56.3433],[92.9809,56.3252],[93.0159,56.3164],[93.0082,56.283],[93.0204,56.2609],[93.0844,56.2475],[93.1969,56.2865],[93.3117,56.3145],[93.3338,56.3359],[93.3881,56.3464],[93.4359,56.3282],[93.4912,56.3224],[93.5779,56.3521],[93.6066,56.3236],[93.704,56.3118],[93.7844,56.3337],[93.8461,56.339],[93.8759,56.3178],[93.8846,56.2525],[94.004,56.2088]]]},"properties":{"GID_0":"RUS","GID_1":"RUS.35_1","GID_2":"RUS.35.50_1","NAME_1":"Krasnoyarsk","NAME_2":"Sukhobuzimskiyrayon"}},
{"type":"Feature","geometry":{"type":"Polygon","coordinates":[[[95.8651,57.5554],[95.8148,57.5308],[95.7155,57.4935],[95.6212,57.5046],[95.5675,57.5392],[95.5688,57.6343],[95.5302,57.6922],[95.4259,57.7467],[95.2874,57.7513],[95.1419,57.7417],[95.0686,57.7506],[95.0072,57.7663],[94.9168,57.7478],[94.8132,57.7405],[94.6942,57.7498],[94.6099,57.7707],[94.5371,57.771],[94.4147,57.7616],[94.3073,57.7729],[94.232,57.7994],[94.1663,57.8483],[94.113,57.9069],[94.002,57.8199],[93.8998,57.7478],[93.8134,57.6728],[93.7216,57.5307],[93.6371,57.4263],[93.5988,57.3574],[93.6931,57.3388],[93.7326,57.3071],[93.796,57.2246],[93.8484,57.1424],[93.9034,57.0704],[94.069,56.9458],[94.1883,56.9154],[94.2932,56.8988],[94.4246,56.8979],[94.4958,56.905],[94.5263,56.9219],[94.494,56.966],[94.4841,56.9993],[94.5048,57.0067],[94.5943,56.9917],[94.6697,56.9943],[94.7622,57.0194],[94.9481,57.0166],[95.0962,57.032],[95.1652,57.0567],[95.2407,57.0981],[95.3569,57.1155],[95.4341,57.0811],[95.6018,57.0391],[95.6832,57.0521],[95.7219,57.0891],[95.7803,57.0848],[95.7816,57.0474],[95.8043,57.0126],[95.8554,56.9962],[95.9568,56.9915],[96.0393,57.0071],[96.0957,57.0308],[96.0797,57.055],[96.004,57.0661],[95.9202,57.0605],[95.9505,57.1035],[96.0052,57.1438],[95.9674,57.2575],[95.981,57.3594],[95.9296,57.4033],[95.9123,57.4474],[95.9066,57.4966],[95.9123,57.5333],[95.8651,57.5554]]]},"properties":{"GID_0":"RUS","GID_1":"RUS.35_1","GID_2":"RUS.35.51_1","NAME_1":"Krasnoyarsk","NAME_2":"Taseevskiyrayon"}},
{"type":"Feature","geometry":{"type":"Polygon","coordinates":[[[104.8946,61.3247],[104.7588,61.336],[104.6854,61.3482],[104.5842,61.3523],[104.5096,61.3313],[104.4215,61.3366],[104.3841,61.3728],[104.3985,61.4039],[104.4589,61.474],[104.5234,61.5701],[104.512,61.628],[104.5974,61.6397],[104.6702,61.6698],[104.7077,61.7388],[104.7045,61.7929],[104.6508,61.8647],[104.5886,62.1032],[104.6303,62.1316],[104.6692,62.1916],[104.7049,62.2903],[104.6601,62.3755],[104.6074,62.4617],[104.5142,62.559],[104.4354,62.6243],[104.2634,62.6445],[104.0561,62.7905],[103.9351,62.9044],[103.8461,62.9192],[103.7862,62.8945],[103.7206,62.8429],[103.6127,62.8075],[103.3908,62.8079],[103.2122,62.8259],[103.1353,62.8958],[103.0893,62.9201],[103.0291,62.8942],[102.9928,62.8355],[102.7951,62.8156],[102.6925,62.8244],[102.722,62.859],[102.7216,62.8977],[102.6818,62.9946],[102.6647,63.0786],[102.6028,63.1578],[102.5175,63.1951],[102.4807,63.2353],[102.4597,63.3581],[102.3792,63.3249],[102.3551,63.2865],[102.3524,63.2235],[102.2604,63.1707],[102.1105,63.1663],[102.0328,63.1942],[101.9795,63.1912],[101.9107,63.1731],[101.7669,63.1638],[101.6445,63.1605],[101.5268,63.1688],[101.3833,63.1952],[101.3084,63.2452],[101.2037,63.2856],[101.065,63.2894],[100.9169,63.2545],[100.822,63.2093],[100.7126,63.1497],[100.6824,63.0707],[100.6089,63.0459],[100.2264,63.0599],[100.1402,63.1006],[100.1265,63.2014],[100.0906,63.2727],[99.8037,63.2189],[99.8666,63.1342],[99.9397,63.099],[99.9636,63.0351],[99.9068,63.0144],[99.9052,62.9469],[99.9171,62.8911],[100.0999,62.8271],[100.2394,62.7271],[100.3067,62.6605],[100.356,62.6262],[100.3775,62.5902],[100.4046,62.5165],[100.4019,62.4491],[100.3196,62.4062],[100.1275,62.3957],[99.9707,62.3957],[99.8579,62.357],[99.8048,62.3003],[99.7675,62.2364],[99.6845,62.176],[99.642,62.13],[99.6171,62.0329],[99.491,61.9605],[99.3823,61.8934],[99.2898,61.8462],[99.339,61.806],[99.4452,61.7391],[99.528,61.6712],[99.4857,61.6251],[99.4936,61.6009],[99.5974,61.5232],[99.6114,61.4845],[99.5804,61.4592],[99.3464,61.3968],[99.3018,61.3417],[99.441,61.249],[99.3687,61.2314],[99.3622,61.1657],[99.3981,61.0786],[99.3912,61.0335],[99.32,61.0754],[99.2237,61.1197],[99.1615,61.1093],[99.0863,61.0781],[99.0682,61.0158],[99.1505,60.9273],[99.1824,60.8654],[99.2508,60.8425],[99.3913,60.8273],[99.4982,60.8586],[99.6076,60.9096],[99.6853,60.9064],[99.8505,60.8719],[99.9356,60.8793],[99.9925,60.9074],[100.0629,60.9246],[100.1616,60.9247],[100.2351,60.8834],[100.3405,60.833],[100.434,60.77],[100.5393,60.7149],[100.5494,60.6672],[100.4943,60.6195],[100.3474,60.4537],[100.1848,60.404],[100.1658,60.3398],[100.0017,60.2473],[99.9571,60.3113],[99.9441,60.36],[99.9235,60.3636],[99.7891,60.326],[99.7878,60.2718],[99.7454,60.2508],[99.813,60.1344],[99.7686,60.0835],[99.7155,60.0778],[99.8044,60.0329],[99.9411,60.0089],[99.9781,59.9674],[99.9945,59.9012],[100.158,59.8608],[100.4218,59.8401],[100.4615,59.7983],[100.5866,59.8055],[100.6226,59.7691],[100.7201,59.7953],[100.8018,59.775],[100.8541,59.7367],[101.0769,59.7157],[101.2517,59.7065],[101.3399,59.7131],[101.4138,59.7362],[101.5405,59.7451],[101.7228,59.727],[101.7549,59.683],[101.853,59.6737],[101.9605,59.6405],[102.0355,59.6104],[102.1193,59.6047],[102.2012,59.6655],[102.3146,59.6611],[102.4163,59.6622],[102.4205,59.6139],[102.3652,59.5774],[102.399,59.5204],[102.5743,59.461],[102.5549,59.4157],[102.5204,59.3953],[102.4353,59.3949],[102.386,59.3857],[102.363,59.3459],[102.4092,59.3059],[102.2959,59.2365],[102.3256,59.195],[102.4009,59.1673],[102.5053,59.1857],[102.614,59.2212],[102.7515,59.2069],[102.7765,59.2493],[102.8898,59.3064],[103.0229,59.2718],[103.1184,59.2944],[103.2983,59.2822],[103.3023,59.2511],[103.1775,59.2502],[103.1736,59.1891],[103.284,59.12],[103.2879,59.0679],[103.3758,59.0275],[103.4685,58.9531],[103.7167,58.9111],[103.8066,58.9133],[103.879,58.8931],[103.9017,58.8522],[103.9035,58.7425],[104.0521,58.7803],[104.1931,58.7708],[104.2086,58.7209],[104.2933,58.7129],[104.2827,58.6254],[104.4347,58.6097],[104.4986,58.636],[104.6193,58.6366],[104.6644,58.6635],[104.7645,58.6958],[104.838,58.7371],[104.7633,58.7662],[104.7083,58.8302],[104.7336,58.8741],[104.9471,58.9745],[105.0715,59.0376],[105.2357,59.0661],[105.301,59.1011],[105.2945,59.167],[105.2775,59.2306],[105.1491,59.282],[105.1113,59.3198],[105.1601,59.3663],[105.1451,59.4443],[105.0027,59.4431],[104.8364,59.5383],[104.8169,59.6063],[104.7364,59.6728],[104.8372,59.7238],[104.9666,59.7647],[105.0578,59.8576],[105.2904,59.848],[105.4936,59.8492],[105.4875,59.8911],[105.4067,59.9306],[105.4128,59.954],[105.4626,60.011],[105.4148,60.0663],[105.4343,60.2648],[105.3391,60.2549],[105.2643,60.2966],[105.1587,60.2816],[105.09,60.285],[104.933,60.3169],[104.8091,60.3655],[104.5597,60.5092],[104.4767,60.6029],[104.4925,60.6358],[104.5712,60.7118],[104.5357,60.7498],[104.4552,60.7605],[104.4481,60.8058],[104.5645,60.8345],[104.5759,60.872],[104.5507,60.9097],[104.5558,60.9861],[104.5974,61.0388],[104.7042,61.0624],[104.7108,61.1063],[104.8428,61.1298],[105.0132,61.1888],[104.9817,61.2565],[104.9053,61.296],[104.8946,61.3247]]]},"properties":{"GID_0":"RUS","GID_1":"RUS.35_1","GID_2":"RUS.35.52_1","NAME_1":"Krasnoyarsk","NAME_2":"Tungussko-Chunskiyrayon"}},
{"type":"Feature","geometry":{"type":"Polygon","coordinates":[[[85.9691,61.5052],[86.2764,61.5602],[86.5031,61.4898],[86.836,61.4631],[87.2884,61.4099],[87.5466,61.3137],[87.6894,61.2804],[88.0933,61.2392],[88.2446,61.2675],[88.4749,61.2563],[88.6864,61.2778],[88.7837,61.324],[89.0462,61.3145],[89.1648,61.3468],[89.3011,61.3268],[89.6789,61.3097],[89.9213,61.2589],[90.1135,61.1048],[90.3107,60.9814],[90.6683,60.9607],[91.1307,61.0019],[91.0352,61.0606],[90.9816,61.0873],[90.9172,61.171],[90.7792,61.1964],[90.7297,61.2471],[90.709,61.298],[90.7192,61.3289],[90.702,61.3754],[90.6631,61.4278],[90.5968,61.4792],[90.5844,61.5214],[90.6515,61.5471],[90.6867,61.5798],[90.7185,61.6452],[90.8406,61.6662],[90.9256,61.7286],[90.9333,61.7777],[90.8828,61.9108],[90.808,61.9297],[90.7228,61.9149],[90.632,61.9244],[90.5609,61.9618],[90.4905,62.022],[90.3813,62.0651],[90.2537,62.103],[90.1581,62.1505],[90.0903,62.2182],[90.126,62.2574],[90.2908,62.3175],[90.3323,62.3616],[90.379,62.3665],[90.3997,62.412],[90.3994,62.4385],[90.4445,62.4645],[90.6188,62.4935],[90.7854,62.5116],[90.9134,62.5701],[91.036,62.7087],[91.1207,62.7633],[91.2683,62.8061],[91.4849,62.8527],[91.6177,62.8942],[91.7171,62.962],[91.7431,63.0347],[91.7133,63.0906],[91.6965,63.2011],[91.6726,63.3076],[91.6786,63.3764],[91.7602,63.4229],[91.7523,63.4691],[91.6945,63.497],[91.7486,63.5466],[91.8656,63.6096],[92.0221,63.6562],[92.0903,63.6443],[92.1848,63.6629],[92.2073,63.6987],[92.1598,63.8178],[92.1583,63.8753],[92.1283,63.9094],[92.007,63.9104],[91.9521,63.9496],[92.045,64.0075],[92.111,64.0337],[92.1575,64.0681],[92.1596,64.1093],[92.1137,64.1546],[91.9687,64.1617],[91.9327,64.2001],[91.8097,64.2256],[91.8339,64.2553],[91.7507,64.3021],[91.761,64.342],[91.5826,64.381],[91.5116,64.356],[91.4408,64.3613],[91.3272,64.3825],[91.2639,64.3386],[91.1587,64.3437],[91.0955,64.4106],[90.9129,64.4339],[90.7589,64.4056],[90.6944,64.4191],[90.7315,64.4608],[90.687,64.4774],[90.5804,64.4691],[90.5526,64.4885],[90.6523,64.5459],[90.5895,64.5862],[90.4498,64.6061],[90.4088,64.5568],[90.4085,64.498],[90.2874,64.507],[90.3073,64.5477],[90.2319,64.5908],[90.169,64.6483],[90.0453,64.6506],[90.072,64.6881],[90.1642,64.7151],[90.1015,64.7515],[90.0074,64.7511],[89.9839,64.7164],[89.8082,64.6959],[89.696,64.7078],[89.7052,64.7268],[89.7916,64.7573],[89.7528,64.7925],[89.6391,64.8208],[89.5546,64.8033],[89.5085,64.7707],[89.3694,64.7641],[89.24,64.7257],[89.1212,64.7488],[89.0668,64.8186],[89.1008,64.8763],[89.1897,64.922],[89.3826,65.0033],[89.3749,65.0608],[89.4177,65.1023],[89.4529,65.17],[89.327,65.2261],[89.4111,65.2473],[89.4399,65.2962],[89.4122,65.3174],[89.3372,65.3078],[89.27,65.3419],[89.2821,65.3879],[89.2677,65.4127],[89.1228,65.4314],[89.0279,65.4775],[88.8056,65.4713],[88.7005,65.4961],[88.5774,65.5317],[88.6905,65.6569],[88.9411,65.8238],[89.0311,65.8872],[89.0172,66.0431],[88.973,66.1906],[89.0496,66.3287],[89.2091,66.4315],[89.3876,66.4542],[89.6252,66.4305],[89.846,66.4129],[89.88,66.4592],[89.8381,66.5433],[89.8633,66.6067],[89.9596,66.6208],[90.2076,66.6715],[90.3029,66.7536],[90.4493,66.8274],[90.6919,66.9662],[90.714,67.0172],[90.9172,67.1738],[91.1192,67.2976],[91.3182,67.3585],[91.3082,67.4463],[91.1893,67.4523],[91.0505,67.4258],[90.9044,67.4117],[90.6182,67.4028],[90.1746,67.4537],[90.0443,67.486],[89.9763,67.4894],[89.8345,67.4478],[89.6471,67.4597],[89.506,67.4225],[89.3366,67.4555],[89.301,67.5134],[89.1992,67.4904],[89.1638,67.4077],[89.014,67.3768],[88.8158,67.3852],[88.7039,67.4278],[88.6249,67.4142],[88.4958,67.3768],[88.0695,67.0784],[87.8661,66.9784],[87.679,66.9322],[87.533,66.9019],[87.4003,66.8315],[87.3715,66.7281],[87.389,66.5884],[87.4851,66.5168],[87.5474,66.4436],[87.301,66.3199],[87.1587,66.2299],[87.0906,66.192],[86.9356,66.0635],[86.6793,66.0704],[86.3706,66.1255],[86.2962,66.2028],[86.0252,66.3239],[85.9046,66.3824],[85.7142,66.4086],[85.6579,66.4558],[85.7087,66.5368],[85.6625,66.5868],[85.5054,66.6102],[85.4522,66.6475],[85.5826,66.6982],[85.5407,66.7627],[85.5988,66.8266],[85.5501,66.9362],[85.4219,66.9931],[85.3231,67.0488],[85.3407,67.1242],[85.244,67.2231],[85.307,67.2783],[85.2986,67.3308],[85.238,67.3572],[85.0055,67.3365],[85.0488,67.317],[84.9358,67.2806],[84.8208,67.2121],[84.6619,67.2097],[84.5716,67.3137],[84.3862,67.3414],[84.3782,67.4438],[84.2644,67.4659],[84.1927,67.5436],[83.9698,67.622],[83.6566,67.619],[83.642,67.6881],[83.5562,67.7691],[83.4287,67.8244],[83.4395,67.8809],[83.3232,67.8883],[83.2454,67.9381],[83.1334,67.927],[83.069,67.9781],[83.2766,68.0787],[83.2164,68.1397],[83.132,68.1418],[83.101,68.1538],[83.1056,68.2089],[83.0665,68.2484],[82.9541,68.2731],[82.8588,68.3014],[82.7543,68.3523],[82.7462,68.2959],[82.7611,68.2607],[82.5954,68.2168],[82.5635,68.1316],[82.4788,68.0852],[82.4234,68.0673],[82.4283,67.9745],[82.4089,67.9245],[82.2422,67.9034],[82.1049,67.9267],[81.9987,67.9145],[81.925,67.8991],[81.8262,67.9008],[81.7843,67.8831],[81.8791,67.8026],[81.9536,67.7492],[82.0947,67.7096],[82.1152,67.6815],[82.0994,67.6422],[82.1371,67.6075],[82.2771,67.5508],[82.3629,67.5344],[82.415,67.4994],[82.4219,67.4625],[82.3403,67.3983],[82.3634,67.2878],[82.2528,67.2412],[82.1747,67.2007],[82.3661,67.1309],[82.5389,67.0619],[82.7318,66.994],[82.8919,66.9441],[83.0618,66.882],[83.0797,66.8248],[83.1428,66.8136],[83.2396,66.7841],[83.2536,66.7378],[83.2938,66.6886],[83.3521,66.6515],[83.3142,66.6027],[83.2178,66.5721],[83.1642,66.5432],[83.1082,66.4999],[83.1174,66.455],[83.2167,66.3951],[83.3754,66.3302],[83.5538,66.1776],[83.6047,66.1426],[83.5102,66.1227],[83.4669,66.1033],[83.4646,66.0535],[83.4112,66.0461],[83.3717,66.014],[83.4049,65.967],[83.5,65.9246],[83.5399,65.8951],[83.5731,65.7866],[83.634,65.7528],[83.7565,65.7374],[83.868,65.7572],[83.9601,65.7573],[84.1312,65.6963],[84.3113,65.6575],[84.353,65.63],[84.3581,65.6109],[84.2774,65.5899],[84.2032,65.5834],[84.2064,65.5558],[84.4135,65.5346],[84.513,65.5053],[84.5479,65.4855],[84.5838,65.4472],[84.5708,65.3902],[84.6348,65.3091],[84.6534,65.2691],[84.5512,65.2163],[84.4144,65.1749],[84.3387,65.105],[84.3462,65.0815],[84.4039,65.0595],[84.437,65.0265],[84.4495,64.9943],[84.3824,64.9327],[84.4226,64.907],[84.5674,64.9029],[84.7147,64.8944],[84.8404,64.904],[84.9855,64.9227],[85.0761,64.9231],[85.1006,64.8912],[85.0175,64.8488],[85.1607,64.8274],[85.2091,64.7959],[85.2551,64.7798],[85.3528,64.7725],[85.4591,64.8159],[85.5627,64.8367],[85.6403,64.8282],[85.6901,64.8143],[85.7184,64.79],[85.8134,64.7858],[85.8554,64.7564],[85.8717,64.6339],[85.9046,64.6082],[85.9214,64.5718],[85.8392,64.5272],[85.8185,64.492],[85.915,64.4028],[85.8903,64.3653],[85.9656,64.2658],[85.9842,64.1908],[85.9488,64.1662],[85.9681,64.1031],[85.9614,64.0516],[85.6865,63.9627],[85.5027,63.8745],[85.4186,63.8579],[85.3565,63.8379],[85.3263,63.8015],[85.3146,63.6676],[85.2257,63.6123],[85.122,63.5787],[85.1506,63.5323],[85.2208,63.5068],[85.2913,63.5056],[85.3745,63.4637],[85.41,63.3939],[85.4558,63.3697],[85.5513,63.3773],[85.6113,63.3609],[85.5646,63.2486],[85.5873,63.2035],[85.5344,63.1704],[85.539,63.144],[85.6035,63.1021],[85.6163,63.0755],[85.5913,63.0257],[85.535,63.0052],[85.5307,62.9667],[85.5087,62.9227],[85.4306,62.8869],[85.352,62.8613],[85.2783,62.7766],[85.215,62.7543],[85.15,62.7103],[85.0431,62.6684],[85.0378,62.6418],[84.9604,62.5787],[84.9697,62.5397],[84.9527,62.4876],[84.9179,62.4466],[84.8335,62.3985],[84.5863,62.2653],[84.5364,62.2272],[84.5145,62.1781],[84.5151,62.153],[84.4937,62.0675],[84.5134,61.9886],[84.5938,61.893],[84.6851,61.8228],[84.7644,61.7887],[84.9524,61.7692],[85.0118,61.7458],[85.2131,61.6977],[85.402,61.6871],[85.4773,61.6541],[85.578,61.6004],[85.6546,61.5768],[85.8327,61.5702],[85.9159,61.5481],[85.9691,61.5052]]]},"properties":{"GID_0":"RUS","GID_1":"RUS.35_1","GID_2":"RUS.35.53_1","NAME_1":"Krasnoyarsk","NAME_2":"Turukhanskiyrayon"}},
{"type":"Feature","geometry":{"type":"Polygon","coordinates":[[[89.3835,57.8001],[89.3539,57.7327],[89.3571,57.7053],[89.385,57.6542],[89.3624,57.6107],[89.3043,57.5946],[89.213,57.5922],[89.1394,57.582],[89.0488,57.5564],[89.0525,57.5282],[89.0906,57.4742],[89.0615,57.4606],[88.9642,57.4565],[88.9512,57.4313],[88.9168,57.4153],[88.8805,57.4194],[88.8427,57.3929],[88.7029,57.2119],[88.6932,57.1879],[88.6298,57.1719],[88.5864,57.1512],[88.5347,57.1048],[88.5152,57.0641],[88.5712,57.0611],[88.6822,57.0742],[88.7078,57.0645],[88.7275,57.0192],[88.6413,56.9124],[88.6135,56.8719],[88.6457,56.8463],[88.6373,56.7781],[88.6461,56.7392],[88.6864,56.7051],[88.6726,56.643],[88.627,56.6165],[88.5344,56.6124],[88.5097,56.5962],[88.4994,56.5546],[88.5203,56.5317],[88.5855,56.5249],[88.6152,56.5019],[88.5983,56.4597],[88.6241,56.4363],[88.6666,56.4265],[88.719,56.3576],[88.7869,56.3493],[88.8749,56.3593],[88.8975,56.3321],[89.0302,56.3434],[89.1629,56.3908],[89.2508,56.4054],[89.3122,56.4027],[89.3783,56.417],[89.4903,56.429],[89.5552,56.4431],[89.5891,56.507],[89.6946,56.5615],[89.7497,56.5424],[89.7949,56.4616],[89.8294,56.448],[89.8926,56.4498],[89.9523,56.4614],[89.9717,56.5046],[89.9481,56.5762],[89.9578,56.6434],[89.9783,56.6875],[90.0184,56.7444],[89.9101,56.878],[89.8395,56.9254],[89.7771,56.9448],[89.7122,56.9503],[89.6362,56.9805],[89.582,57.0274],[89.6015,57.0586],[89.6608,57.0813],[89.7219,57.1162],[89.7746,57.1614],[89.7783,57.2788],[89.7712,57.3585],[89.7851,57.4113],[89.7742,57.4741],[89.7051,57.5881],[89.6776,57.6485],[89.6737,57.7146],[89.6959,57.7654],[89.7636,57.8053],[89.7892,57.8389],[89.5952,57.8186],[89.452,57.8172],[89.3835,57.8001]]]},"properties":{"GID_0":"RUS","GID_1":"RUS.35_1","GID_2":"RUS.35.54_1","NAME_1":"Krasnoyarsk","NAME_2":"Tyukhtetskiyrayon"}},
{"type":"Feature","geometry":{"type":"MultiPolygon","coordinates":[[[[83.6333,70.4104],[83.5479,70.4167],[83.5005,70.4036],[83.4724,70.3776],[83.4984,70.362],[83.6016,70.3818],[83.6333,70.4104]]],[[[82.3217,72.3146],[82.3195,72.3104],[82.3053,72.2829],[82.2487,72.258],[82.3578,72.2078],[82.3745,72.1474],[82.3516,72.1214],[82.2693,72.1099],[82.2833,72.0854],[82.4333,72.0583],[82.5516,72.0141],[82.5974,71.9849],[82.6255,71.9443],[82.6641,71.9224],[82.8063,71.8917],[83.0708,71.8833],[83.1917,71.8729],[83.2396,71.8562],[83.3766,71.8349],[83.4287,71.812],[83.4641,71.7693],[83.438,71.7318],[83.5271,71.7104],[83.6682,71.6391],[83.6911,71.6162],[83.6787,71.5818],[83.6141,71.513],[83.5563,71.4938],[83.4563,71.4792],[83.3922,71.3984],[83.4036,71.3547],[83.3182,71.288],[83.1609,71.2412],[83.2266,71.187],[83.2932,71.112],[83.1849,71.0953],[83.2193,71.0568],[83.2979,71.0542],[83.4203,71.0057],[83.4599,70.9682],[83.4859,70.9005],[83.5432,70.8682],[83.538,70.8234],[83.5703,70.8037],[83.6286,70.7328],[83.6088,70.6984],[83.7057,70.6141],[83.7266,70.5766],[83.8078,70.5266],[83.7943,70.5036],[83.7505,70.4964],[83.8099,70.4505],[83.7682,70.4193],[83.6776,70.3953],[83.6474,70.3609],[83.5505,70.3307],[83.4339,70.3141],[83.4021,70.2979],[83.3021,70.2937],[83.1396,70.3021],[83.0437,70.3229],[82.9859,70.3057],[83.0463,70.2297],[83.0797,70.2026],[83.1266,70.1911],[83.1849,70.1432],[83.187,70.1109],[83.1608,70.0729],[83.0849,70.0495],[83.0313,70.0646],[82.9146,70.075],[82.8443,70.063],[82.8141,70.1057],[82.6792,70.1312],[82.6301,70.1479],[82.6818,70.2536],[82.7662,70.2859],[82.8807,70.3464],[82.912,70.3703],[82.9953,70.3943],[83.0328,70.4464],[83.0495,70.4912],[82.988,70.5234],[83.0641,70.5891],[83.0526,70.6109],[83.0797,70.6766],[83.137,70.7276],[83.0914,70.7438],[83.1432,70.8016],[83.1057,70.8703],[83.0708,70.8854],[82.9838,70.8901],[82.9432,70.9287],[82.8828,70.9495],[82.7786,70.8839],[82.7557,70.8401],[82.6464,70.7641],[82.5901,70.7536],[82.5307,70.7276],[82.4891,70.6713],[82.4443,70.6703],[82.4724,70.6162],[82.4398,70.5854],[82.3562,70.5875],[82.3771,70.6521],[82.2912,70.6937],[82.3891,70.7255],[82.4141,70.7484],[82.3588,70.7901],[82.3453,70.8203],[82.3026,70.8318],[82.2953,70.8912],[82.2151,70.9443],[82.2005,71.012],[82.2359,71.0328],[82.3245,71.0547],[82.3245,71.1141],[82.2609,71.1839],[82.2745,71.1974],[82.2422,71.2297],[82.2505,71.2495],[82.4833,71.3125],[82.6542,71.3458],[82.9682,71.388],[82.9984,71.4193],[82.9755,71.5182],[83.0083,71.5396],[83.1417,71.5583],[83.187,71.5734],[83.2151,71.6036],[83.3078,71.6526],[83.3266,71.6745],[83.2828,71.7037],[83.1646,71.7292],[83.0417,71.7271],[82.9672,71.738],[82.9458,71.7688],[82.85,71.7688],[82.6792,71.7583],[82.5083,71.725],[82.2792,71.7021],[82.1521,71.7],[81.9437,71.6875],[81.7188,71.6896],[81.6292,71.7],[81.575,71.7167],[81.3771,71.7479],[81.3328,71.7703],[81.25,71.7583],[81.2271,71.7854],[81.2849,71.7984],[81.2786,71.837],[81.1609,71.8547],[81.1599,71.8745],[81.0162,71.9307],[80.8401,71.9838],[80.8224,72.0057],[80.6776,72.0505],[80.7979,72.0771],[80.5583,72.1062],[80.3292,72.1438],[80.0563,72.1813],[79.9333,72.2063],[79.7292,72.2833],[79.5667,72.3354],[79.4917,72.35],[79.2854,72.3625],[78.9833,72.3625],[78.6667,72.375],[78.5309,72.3724],[78.5838,72.3358],[78.7207,72.2658],[78.7038,72.209],[78.8136,72.1823],[79.0047,72.1132],[79.2963,72.0456],[79.5229,72.0348],[79.8236,72.0507],[79.9228,72.0128],[80.1177,71.9933],[80.298,71.9606],[80.4354,71.9217],[80.4984,71.8705],[80.4705,71.8474],[80.3548,71.8399],[80.2535,71.825],[80.2311,71.7965],[80.2316,71.7519],[80.1709,71.6934],[80.0369,71.6304],[79.8469,71.6013],[79.6787,71.5986],[79.4989,71.6062],[79.4478,71.598],[79.4672,71.5008],[79.4356,71.4673],[79.3534,71.4558],[79.3295,71.4182],[79.353,71.3595],[79.4012,71.3141],[79.4905,71.2886],[79.6071,71.2854],[79.7029,71.2538],[79.8242,71.1997],[79.9523,71.1327],[80.1157,71.1033],[80.2998,71.0778],[80.6406,71.044],[80.7174,70.997],[80.7464,70.8692],[80.8537,70.7935],[80.8386,70.7623],[80.7671,70.6927],[80.8365,70.6585],[80.9091,70.6524],[80.9412,70.6279],[80.8829,70.5635],[80.8071,70.5185],[80.7752,70.4749],[80.8418,70.4367],[80.9277,70.4168],[80.9441,70.3974],[80.8979,70.3707],[80.7835,70.3743],[80.6972,70.4037],[80.6185,70.4176],[80.4004,70.4189],[80.2811,70.3988],[80.2746,70.3654],[80.056,70.2798],[79.779,70.199],[79.6763,70.1166],[79.464,70.1432],[79.4189,70.1199],[79.4095,70.0515],[79.3108,70.0116],[79.2124,69.9418],[79.1363,69.911],[78.9989,69.8693],[79.0346,69.8127],[79.1516,69.7356],[79.1172,69.6507],[79.2449,69.6327],[79.513,69.6209],[79.5767,69.5705],[79.6203,69.466],[79.7019,69.4004],[79.7793,69.3948],[79.8524,69.3598],[79.8883,69.3275],[80.007,69.3044],[80.3138,69.3135],[80.4202,69.2946],[80.5747,69.2751],[80.7054,69.2806],[80.808,69.2592],[80.9064,69.2231],[81.0323,69.1917],[81.1545,69.1876],[81.2737,69.2096],[81.3909,69.2389],[81.5253,69.2262],[81.6267,69.2347],[81.7123,69.2663],[81.7448,69.3133],[81.7234,69.3747],[81.7942,69.417],[81.901,69.3784],[82.0788,69.3431],[82.0781,69.289],[81.9835,69.2577],[81.9275,69.2141],[81.9471,69.1773],[82.067,69.1581],[82.1658,69.1557],[82.2735,69.1342],[82.4732,69.1274],[82.5423,69.0794],[82.4897,69.0487],[82.4327,69.0298],[82.4658,69.0029],[82.5354,68.9719],[82.6009,68.883],[82.6044,68.8399],[82.6412,68.8001],[82.6867,68.7763],[82.7895,68.7515],[82.8826,68.7116],[82.929,68.6614],[82.945,68.6055],[82.7751,68.5569],[82.7212,68.5506],[82.8407,68.5166],[82.9809,68.4968],[83.173,68.5001],[83.3126,68.498],[83.4319,68.4815],[83.623,68.4023],[83.7736,68.399],[83.8609,68.4084],[83.8748,68.4568],[83.7837,68.5055],[83.8415,68.5374],[83.9952,68.5455],[84.3835,68.6072],[84.4571,68.6676],[84.5006,68.7393],[84.523,68.8776],[84.5213,69.0523],[84.5633,69.1595],[84.6345,69.2365],[84.7205,69.2845],[84.7754,69.3062],[84.7439,69.3552],[84.6682,69.3975],[84.6465,69.4229],[84.6845,69.4488],[84.7888,69.5003],[84.8971,69.5671],[84.9609,69.6328],[84.9492,69.7109],[84.8883,69.7792],[84.6598,69.8763],[84.9676,69.9075],[85.1261,69.934],[85.3179,69.95],[85.5395,69.9776],[85.845,70.0198],[86.1299,70.0747],[86.2801,70.1301],[86.3221,70.2045],[86.2938,70.2811],[86.1587,70.349],[86.235,70.4247],[86.234,70.4874],[86.1694,70.5434],[86.0461,70.5894],[85.865,70.6218],[85.8042,70.6733],[86.0194,70.7024],[86.1584,70.7015],[86.4554,70.7107],[86.6149,70.7043],[86.6091,70.6675],[86.8362,70.6628],[86.9731,70.6516],[87.0134,70.6161],[87.0299,70.5697],[87.2731,70.4938],[87.4595,70.5081],[87.6904,70.5121],[87.7895,70.4934],[87.9047,70.4626],[87.9958,70.4676],[88.0971,70.5308],[88.1873,70.5719],[88.3404,70.6],[88.5512,70.6269],[88.6668,70.6683],[88.7119,70.7343],[88.8458,70.7562],[88.9261,70.8093],[88.7991,70.8707],[88.7276,70.9223],[88.6361,70.9681],[88.5053,71.0964],[88.3512,71.1206],[88.1969,71.1662],[88.1773,71.2173],[88.2648,71.2357],[88.4208,71.3058],[88.4766,71.369],[88.5867,71.4465],[88.696,71.4734],[88.8061,71.4705],[88.9121,71.4794],[88.9976,71.5208],[88.9764,71.5503],[88.8518,71.5899],[88.6951,71.6303],[88.5429,71.6878],[88.4875,71.7772],[88.5318,71.8565],[88.6081,71.8854],[88.7524,71.8853],[88.8486,71.9151],[88.9041,71.9726],[88.8204,72.0849],[88.7477,72.2383],[88.5974,72.2803],[88.4842,72.3424],[88.3635,72.3457],[88.1678,72.3661],[88.0413,72.4121],[87.8895,72.4086],[87.8232,72.4422],[87.6868,72.4687],[87.4619,72.4622],[87.1175,72.4185],[86.9428,72.4997],[86.656,72.4553],[86.2963,72.4735],[86.171,72.4592],[86.0674,72.4216],[85.9609,72.4028],[85.7536,72.3881],[85.7763,72.3366],[85.7712,72.304],[85.7087,72.2673],[85.6171,72.2389],[85.4171,72.229],[85.2087,72.2714],[85.0738,72.3107],[84.9535,72.3796],[84.8404,72.4234],[84.7023,72.4681],[84.7226,72.4134],[84.5945,72.3741],[84.4742,72.3676],[84.3035,72.3695],[84.0935,72.3576],[83.8606,72.3772],[83.7458,72.4358],[83.5554,72.5055],[83.4591,72.511],[83.0173,72.4368],[82.842,72.4123],[82.6176,72.3978],[82.4905,72.355],[82.3335,72.3374],[82.3217,72.3146]]],[[[83.5708,70.5292],[83.5229,70.55],[83.4771,70.5333],[83.3854,70.5437],[83.4193,70.4859],[83.4484,70.4672],[83.537,70.4703],[83.4984,70.5016],[83.5708,70.5292]]],[[[83.6104,70.5104],[83.5516,70.4984],[83.5583,70.4563],[83.4922,70.4391],[83.5083,70.425],[83.5833,70.4271],[83.6516,70.488],[83.6104,70.5104]]],[[[82.9411,70.2203],[82.9537,70.1849],[82.9089,70.1599],[82.9557,70.1349],[82.9297,70.1214],[83.0604,70.0958],[83.1026,70.1349],[83.1141,70.1745],[83.0286,70.2037],[82.9411,70.2203]]],[[[82.8833,70.2188],[82.8276,70.1807],[82.9078,70.1818],[82.8833,70.2188]]],[[[82.7412,70.9234],[82.7151,70.9245],[82.638,70.888],[82.6917,70.8521],[82.7349,70.8776],[82.7412,70.9234]]],[[[83.3807,70.7818],[83.3172,70.7932],[83.2995,70.7651],[83.2443,70.7453],[83.2089,70.7078],[83.1526,70.6745],[83.1193,70.6391],[83.1474,70.5911],[83.1109,70.5453],[83.0943,70.4838],[83.112,70.4276],[83.0714,70.3786],[83.1646,70.375],[83.1932,70.3953],[83.3161,70.438],[83.3224,70.4682],[83.2307,70.5193],[83.2495,70.563],[83.3161,70.613],[83.3271,70.6521],[83.4167,70.6687],[83.4599,70.7016],[83.4516,70.7391],[83.3807,70.7818]]],[[[83.4229,70.6396],[83.338,70.6036],[83.35,70.5646],[83.4474,70.5943],[83.4229,70.6396]]],[[[83.2896,70.825],[83.2224,70.7922],[83.2068,70.7453],[83.2786,70.7693],[83.3203,70.8068],[83.2896,70.825]]],[[[83.113,70.9526],[83.0422,70.9589],[83.0443,70.9318],[83.1557,70.8745],[83.2307,70.8505],[83.2516,70.8974],[83.2266,70.937],[83.113,70.9526]]],[[[82.9729,70.9979],[82.9307,70.9578],[83.012,70.9453],[82.9729,70.9979]]],[[[82.7141,70.9401],[82.6474,70.9151],[82.5776,70.9036],[82.5609,70.8755],[82.5787,70.8297],[82.5255,70.8161],[82.4964,70.7828],[82.5229,70.7583],[82.5891,70.7693],[82.6005,70.813],[82.6516,70.862],[82.6193,70.8828],[82.7141,70.9401]]],[[[82.3833,70.975],[82.3432,70.9443],[82.2943,70.9411],[82.3672,70.8609],[82.4354,70.8604],[82.4724,70.8828],[82.5036,70.9578],[82.4047,70.9599],[82.3833,70.975]]],[[[82.6271,70.9792],[82.525,70.9812],[82.5276,70.9318],[82.5911,70.9443],[82.6271,70.9792]]],[[[79.2089,73.0734],[79.1318,73.0766],[79.0042,73],[78.9266,72.9672],[78.6713,72.8745],[78.6068,72.8318],[78.6547,72.7963],[78.7458,72.775],[78.7958,72.775],[78.8745,72.7536],[78.8917,72.7333],[78.9708,72.7354],[79.0542,72.7208],[79.2292,72.7208],[79.3938,72.7021],[79.4417,72.7188],[79.525,72.7229],[79.5599,72.7578],[79.5047,72.7943],[79.5349,72.8245],[79.4786,72.9078],[79.5224,72.9224],[79.4714,72.9443],[79.35,73.0188],[79.2089,73.0734]]]]},"properties":{"GID_0":"RUS","GID_1":"RUS.35_1","GID_2":"RUS.35.55_1","NAME_1":"Krasnoyarsk","NAME_2":"Ust'-Yeniseyskiyrayon"}},
{"type":"Feature","geometry":{"type":"Polygon","coordinates":[[[93.6968,56.0701],[93.7485,56.0375],[93.7513,56.0029],[93.7058,55.9154],[93.7459,55.8629],[93.7722,55.8078],[93.8448,55.7032],[93.8761,55.6812],[93.9264,55.6721],[93.9605,55.6557],[94.0003,55.6014],[94.087,55.5878],[94.2383,55.6095],[94.3566,55.6101],[94.4883,55.6358],[94.5528,55.6363],[94.5742,55.6856],[94.6253,55.772],[94.5949,55.8207],[94.4998,55.8535],[94.4708,55.8831],[94.4766,55.9372],[94.4304,55.9569],[94.3392,55.9578],[94.3038,55.9816],[94.3291,56.0175],[94.3067,56.0447],[94.2259,56.0561],[94.2031,56.0768],[94.0583,56.1523],[94.004,56.2088],[93.8696,56.1548],[93.8183,56.1135],[93.7671,56.0869],[93.6968,56.0701]]]},"properties":{"GID_0":"RUS","GID_1":"RUS.35_1","GID_2":"RUS.35.56_1","NAME_1":"Krasnoyarsk","NAME_2":"Uyarskiyrayon"}},
{"type":"Feature","geometry":{"type":"Polygon","coordinates":[[[90.4356,55.0164],[90.5113,55.0577],[90.6883,55.0946],[90.7289,55.0879],[90.7061,55.1492],[90.6993,55.1898],[90.6733,55.2509],[90.6679,55.3036],[90.69,55.3411],[90.7047,55.4111],[90.6496,55.4285],[90.6019,55.4492],[90.6029,55.5245],[90.6635,55.5552],[90.6508,55.5853],[90.5993,55.5947],[90.5847,55.5633],[90.5544,55.5424],[90.4462,55.5214],[90.3977,55.5494],[90.3181,55.5472],[90.2814,55.522],[90.1572,55.5223],[90.1124,55.5597],[90.0109,55.583],[89.9191,55.5822],[89.8671,55.5877],[89.8403,55.6239],[89.7481,55.6193],[89.6909,55.5912],[89.6459,55.5807],[89.5702,55.5821],[89.5368,55.5579],[89.5399,55.5076],[89.3308,55.4184],[89.2768,55.3857],[89.2475,55.3526],[89.2491,55.3205],[89.3792,55.3328],[89.4762,55.3088],[89.554,55.2819],[89.5953,55.2187],[89.6017,55.1954],[89.555,55.1948],[89.5034,55.1771],[89.5627,55.1303],[89.6306,55.098],[89.648,55.0601],[89.6578,55.0031],[89.7295,55.0336],[89.8257,55.0488],[89.904,55.0861],[90.007,55.0981],[90.0549,55.0886],[90.1292,55.1053],[90.1465,55.1371],[90.1959,55.1515],[90.2372,55.1056],[90.2288,55.0663],[90.2624,55.05],[90.3659,55.0471],[90.4356,55.0164]]]},"properties":{"GID_0":"RUS","GID_1":"RUS.35_1","GID_2":"RUS.35.57_1","NAME_1":"Krasnoyarsk","NAME_2":"Uzhurskiyrayon"}},
{"type":"Feature","geometry":{"type":"Polygon","coordinates":[[[94.7461,55.9265],[94.7505,55.9598],[94.6938,55.948],[94.7086,55.9256],[94.7461,55.9265]]]},"properties":{"GID_0":"RUS","GID_1":"RUS.35_1","GID_2":"RUS.35.58_1","NAME_1":"Krasnoyarsk","NAME_2":"Zaozyorny"}}
]}