{"type":"FeatureCollection", "features": [
{"type":"Feature","geometry":{"type":"MultiPolygon","coordinates":[[[[-166.1528,53.9977],[-166.1703,53.9869],[-166.2011,53.9864],[-166.1933,53.9589],[-166.1165,53.9539],[-166.073,53.9698],[-166.1102,53.9925],[-166.1528,53.9977]]],[[[-165.5139,54.0645],[-165.5722,54.0429],[-165.5513,54.0245],[-165.49,54.0381],[-165.5127,54.0505],[-165.5139,54.0645]]],[[[-165.35,54.0915],[-165.3648,54.0741],[-165.332,54.0685],[-165.3161,54.0467],[-165.2897,54.0385],[-165.2844,54.0619],[-165.2351,54.0626],[-165.2644,54.0917],[-165.35,54.0915]]],[[[-164.9822,54.1336],[-164.9789,54.1175],[-165.0235,54.1234],[-165.028,54.1143],[-165.0806,54.13],[-165.0972,54.125],[-165.144,54.1311],[-165.1983,54.115],[-165.21,54.0869],[-165.1851,54.0875],[-165.0822,54.0691],[-164.9482,54.0793],[-164.9243,54.1044],[-164.9222,54.1275],[-164.9333,54.1358],[-164.9822,54.1336]]],[[[-165.9289,54.2151],[-165.9822,54.2206],[-166.0239,54.1914],[-166.0672,54.1845],[-166.0861,54.1739],[-166.0783,54.1539],[-166.1028,54.1461],[-166.1109,54.1201],[-166.0933,54.0956],[-166.0522,54.0758],[-166.0622,54.0617],[-166.0422,54.0428],[-166.0014,54.0569],[-165.98,54.0703],[-165.9567,54.0591],[-165.9356,54.0656],[-165.8973,54.0572],[-165.8968,54.0355],[-165.8722,54.0353],[-165.8513,54.0557],[-165.847,54.0809],[-165.8172,54.0719],[-165.7669,54.0645],[-165.7392,54.0809],[-165.689,54.0891],[-165.6567,54.12],[-165.6723,54.1309],[-165.7094,54.1164],[-165.7383,54.1125],[-165.7917,54.1253],[-165.7346,54.1459],[-165.7483,54.1611],[-165.8133,54.1759],[-165.8311,54.16],[-165.8644,54.1658],[-165.88,54.1825],[-165.8639,54.2],[-165.8772,54.2153],[-165.9289,54.2151]]],[[[-165.6267,54.2987],[-165.6299,54.2792],[-165.6732,54.2684],[-165.6879,54.2421],[-165.669,54.2283],[-165.6374,54.2291],[-165.6135,54.2445],[-165.5848,54.2341],[-165.5844,54.2236],[-165.6362,54.1977],[-165.62,54.1792],[-165.5921,54.1774],[-165.6025,54.1577],[-165.6372,54.1391],[-165.6105,54.1153],[-165.5633,54.1083],[-165.5382,54.1307],[-165.5136,54.1432],[-165.48,54.1791],[-165.4239,54.18],[-165.4095,54.1751],[-165.3849,54.1947],[-165.4076,54.2117],[-165.4316,54.205],[-165.4702,54.2121],[-165.4951,54.2081],[-165.5403,54.2221],[-165.5736,54.2507],[-165.5231,54.2633],[-165.5266,54.2781],[-165.4956,54.2839],[-165.5148,54.2984],[-165.5684,54.2872],[-165.5784,54.27],[-165.5978,54.264],[-165.6091,54.2956],[-165.6267,54.2987]]],[[[-164.7944,54.2272],[-164.8741,54.2008],[-164.8716,54.1914],[-164.782,54.2136],[-164.7944,54.2272]]],[[[-162.4689,54.4195],[-162.4833,54.4083],[-162.4639,54.3892],[-162.4328,54.3714],[-162.4061,54.3867],[-162.4106,54.4025],[-162.4689,54.4195]]],[[[-162.795,54.4914],[-162.8211,54.4772],[-162.8272,54.4433],[-162.7805,54.4128],[-162.7178,54.4],[-162.6978,54.3878],[-162.6739,54.3953],[-162.5939,54.3878],[-162.5544,54.3942],[-162.5445,54.4164],[-162.5567,54.4255],[-162.605,54.4417],[-162.5955,54.4523],[-162.7,54.4673],[-162.795,54.4914]]],[[[-162.29,54.9803],[-162.3239,54.9836],[-162.3706,54.9656],[-162.3667,54.9564],[-162.4234,54.9205],[-162.4261,54.9008],[-162.3883,54.8667],[-162.3556,54.8525],[-162.3472,54.8373],[-162.3167,54.8272],[-162.2733,54.8433],[-162.272,54.86],[-162.2328,54.885],[-162.2317,54.9406],[-162.2433,54.9681],[-162.29,54.9803]]],[[[-163.765,55.0483],[-163.7752,55.0525],[-163.8567,55.0336],[-163.8961,55.0364],[-163.9411,55.0072],[-164.0227,54.9723],[-164.0772,54.9592],[-164.1056,54.96],[-164.1294,54.9697],[-164.1606,54.9601],[-164.1794,54.9394],[-164.2489,54.9122],[-164.3378,54.8953],[-164.3967,54.9236],[-164.4328,54.9328],[-164.4878,54.9197],[-164.5544,54.8878],[-164.5573,54.8539],[-164.5911,54.8],[-164.6152,54.7866],[-164.6369,54.7463],[-164.6715,54.7003],[-164.7167,54.6561],[-164.7655,54.6395],[-164.8044,54.6381],[-164.855,54.6222],[-164.8822,54.6073],[-164.9289,54.5997],[-164.9478,54.5756],[-164.9367,54.5558],[-164.94,54.5364],[-164.9267,54.5178],[-164.905,54.5086],[-164.9005,54.4889],[-164.8828,54.4734],[-164.87,54.4428],[-164.8478,54.42],[-164.793,54.4014],[-164.7394,54.3931],[-164.7027,54.4003],[-164.655,54.3886],[-164.5867,54.4053],[-164.4494,54.4211],[-164.3751,54.452],[-164.335,54.4821],[-164.3256,54.5056],[-164.3438,54.5211],[-164.328,54.5403],[-164.2722,54.5711],[-164.2061,54.5959],[-164.1366,54.6125],[-164.0667,54.624],[-163.9583,54.6319],[-163.8567,54.6319],[-163.8189,54.6361],[-163.6774,54.627],[-163.5868,54.6105],[-163.5678,54.6278],[-163.5075,54.639],[-163.4989,54.6525],[-163.4208,54.6557],[-163.4089,54.6809],[-163.4256,54.72],[-163.3766,54.7483],[-163.3261,54.7459],[-163.3266,54.7223],[-163.285,54.6958],[-163.255,54.7123],[-163.2466,54.6904],[-163.195,54.6989],[-163.13,54.6942],[-163.1533,54.6742],[-163.0888,54.6613],[-163.0444,54.6717],[-163.0606,54.6869],[-163.0917,54.6869],[-163.1,54.7295],[-163.145,54.7628],[-163.1978,54.7661],[-163.2244,54.7553],[-163.33,54.7531],[-163.3722,54.7864],[-163.3744,54.8242],[-163.4022,54.8397],[-163.4083,54.8833],[-163.395,54.895],[-163.4222,54.9456],[-163.467,54.9851],[-163.5417,55.0261],[-163.5616,55.0459],[-163.6594,55.04],[-163.7433,55.0439],[-163.765,55.0483]]],[[[-163.1316,55.4333],[-163.1683,55.4314],[-163.1755,55.4153],[-163.137,55.3953],[-163.1178,55.4023],[-163.1166,55.4239],[-163.1316,55.4333]]],[[[-159.5772,54.8239],[-159.6067,54.8133],[-159.5912,54.7977],[-159.5828,54.7736],[-159.5972,54.7586],[-159.5512,54.7528],[-159.5133,54.7644],[-159.5106,54.7891],[-159.5344,54.7961],[-159.5772,54.8239]]],[[[-159.7148,54.8393],[-159.755,54.8371],[-159.762,54.8275],[-159.82,54.8136],[-159.8004,54.7959],[-159.7743,54.7922],[-159.7488,54.8175],[-159.71,54.8159],[-159.7148,54.8393]]],[[[-159.2767,54.9472],[-159.3028,54.9253],[-159.3261,54.8856],[-159.3106,54.8664],[-159.2761,54.8628],[-159.2233,54.8839],[-159.2,54.9097],[-159.2083,54.9281],[-159.2394,54.9211],[-159.2639,54.9244],[-159.2767,54.9472]]],[[[-159.4494,55.0631],[-159.4567,55.0453],[-159.4294,55.0378],[-159.4239,55.0036],[-159.3992,54.9944],[-159.405,54.9767],[-159.4406,54.9817],[-159.455,54.9703],[-159.4256,54.9417],[-159.4139,54.9503],[-159.3722,54.9583],[-159.3694,54.9717],[-159.3289,54.9769],[-159.3396,54.9941],[-159.3783,55.0247],[-159.35,55.0325],[-159.3392,55.0452],[-159.38,55.0642],[-159.4246,55.056],[-159.4494,55.0631]]],[[[-159.7872,55.0886],[-159.805,55.0931],[-159.8272,55.0753],[-159.7967,55.06],[-159.7667,55.0708],[-159.7872,55.0886]]],[[[-161.5957,55.1097],[-161.593,55.0914],[-161.6072,55.0731],[-161.5816,55.0567],[-161.5489,55.0668],[-161.5478,55.0828],[-161.5957,55.1097]]],[[[-161.9022,55.0259],[-161.9155,55.0147],[-161.8823,54.9903],[-161.8678,55.0047],[-161.9022,55.0259]]],[[[-161.895,55.1083],[-161.9161,55.1017],[-161.8811,55.0842],[-161.8698,55.1063],[-161.895,55.1083]]],[[[-161.815,55.1783],[-161.8539,55.1753],[-161.8611,55.1656],[-161.9039,55.1428],[-161.8883,55.1306],[-161.8505,55.1253],[-161.8194,55.1114],[-161.7939,55.1311],[-161.7828,55.1617],[-161.7555,55.1322],[-161.7622,55.1153],[-161.7933,55.1],[-161.7944,55.0764],[-161.756,55.0555],[-161.6829,55.0694],[-161.6761,55.0933],[-161.6339,55.1053],[-161.6416,55.1275],[-161.7283,55.1397],[-161.7646,55.169],[-161.815,55.1783]]],[[[-159.8708,55.2839],[-159.8928,55.28],[-159.9216,55.2488],[-159.9383,55.2422],[-159.9217,55.2128],[-159.9633,55.2103],[-159.9533,55.1764],[-159.9761,55.1786],[-160.0259,55.2033],[-160.0522,55.1853],[-160,55.1353],[-160.0218,55.1145],[-160.0563,55.1123],[-160.0567,55.1335],[-160.1055,55.1603],[-160.13,55.1461],[-160.1245,55.1333],[-160.0889,55.1047],[-160.1101,55.1022],[-160.1594,55.1209],[-160.1828,55.1231],[-160.1928,55.1028],[-160.14,55.0889],[-160.1392,55.0751],[-160.1778,55.0617],[-160.176,55.0508],[-160.1345,55.0438],[-160.0957,55.0519],[-160.0823,55.0409],[-160.1061,55.0219],[-160.1366,55.0111],[-160.1514,54.9845],[-160.1897,54.9649],[-160.1739,54.9469],[-160.1906,54.9322],[-160.2293,54.9391],[-160.2574,54.9167],[-160.2533,54.8938],[-160.2324,54.8739],[-160.2067,54.8742],[-160.2,54.8942],[-160.18,54.9033],[-160.1856,54.9342],[-160.1247,54.9458],[-160.1249,54.967],[-160.1083,54.9869],[-160.0513,55.0046],[-160.0467,55.0275],[-160.013,55.0281],[-159.99,55.0461],[-160.0128,55.0624],[-159.9922,55.0711],[-159.9316,55.0663],[-159.9483,55.1008],[-159.9489,55.1233],[-159.9244,55.1236],[-159.915,55.1083],[-159.8853,55.1064],[-159.8696,55.0944],[-159.8472,55.1097],[-159.8133,55.1597],[-159.8111,55.1728],[-159.8617,55.175],[-159.8611,55.1508],[-159.884,55.1451],[-159.9031,55.1744],[-159.8932,55.1973],[-159.9057,55.2213],[-159.8417,55.2445],[-159.8506,55.2686],[-159.8708,55.2839]]],[[[-159.7107,55.1253],[-159.7305,55.1253],[-159.7455,55.0895],[-159.7116,55.0947],[-159.7107,55.1253]]],[[[-160.6988,55.3999],[-160.7299,55.4079],[-160.7512,55.3932],[-160.8022,55.3809],[-160.8417,55.3406],[-160.8352,55.3118],[-160.8417,55.2917],[-160.8611,55.2697],[-160.8389,55.2581],[-160.8356,55.2414],[-160.8555,55.2059],[-160.8211,55.1881],[-160.8083,55.1669],[-160.8194,55.1231],[-160.7952,55.1327],[-160.7868,55.159],[-160.7547,55.1951],[-160.7236,55.1992],[-160.6833,55.1927],[-160.6767,55.1714],[-160.6566,55.1603],[-160.6273,55.1633],[-160.6144,55.1475],[-160.5883,55.1461],[-160.5679,55.1557],[-160.5378,55.1561],[-160.5132,55.1442],[-160.5014,55.1679],[-160.4728,55.1792],[-160.4955,55.1997],[-160.4932,55.2201],[-160.5348,55.2389],[-160.5265,55.2532],[-160.5699,55.2755],[-160.5786,55.3137],[-160.564,55.3337],[-160.5281,55.343],[-160.5186,55.3569],[-160.5249,55.3811],[-160.5512,55.3895],[-160.5858,55.3766],[-160.6178,55.3514],[-160.5961,55.3284],[-160.6255,55.3233],[-160.6664,55.3016],[-160.7003,55.3214],[-160.6524,55.3439],[-160.6456,55.3821],[-160.6641,55.3981],[-160.6988,55.3999]]],[[[-161.3455,55.2214],[-161.3728,55.215],[-161.3959,55.2222],[-161.4281,55.2163],[-161.4439,55.1978],[-161.4145,55.1808],[-161.3394,55.1587],[-161.329,55.1895],[-161.3483,55.2061],[-161.3455,55.2214]]],[[[-161.5339,55.2578],[-161.6166,55.2423],[-161.6617,55.2456],[-161.6856,55.2331],[-161.6967,55.2056],[-161.6878,55.1979],[-161.6261,55.1961],[-161.5894,55.2114],[-161.5628,55.2033],[-161.5339,55.2578]]],[[[-160.3605,55.3608],[-160.4339,55.3394],[-160.4944,55.3539],[-160.5142,55.3218],[-160.4833,55.2914],[-160.4416,55.2981],[-160.43,55.2869],[-160.3911,55.2869],[-160.3811,55.2586],[-160.3315,55.26],[-160.3078,55.3035],[-160.3182,55.3132],[-160.3356,55.3594],[-160.3605,55.3608]]],[[[-160.0542,55.3337],[-160.0653,55.3436],[-160.1039,55.3411],[-160.1049,55.3111],[-160.0483,55.3095],[-160.0542,55.3337]]],[[[-159.52,55.2415],[-159.5389,55.2159],[-159.5584,55.2045],[-159.5889,55.2117],[-159.5639,55.1742],[-159.5866,55.1567],[-159.5805,55.1461],[-159.5955,55.1159],[-159.6405,55.1347],[-159.65,55.1181],[-159.6291,55.1027],[-159.5956,55.0925],[-159.6043,55.0831],[-159.644,55.083],[-159.6572,55.0611],[-159.6398,55.0474],[-159.6194,55.0544],[-159.5706,55.0453],[-159.5767,55.0836],[-159.5511,55.0789],[-159.5372,55.0553],[-159.5102,55.0413],[-159.4836,55.0565],[-159.5294,55.0801],[-159.52,55.1231],[-159.4958,55.1371],[-159.5086,55.1755],[-159.53,55.1647],[-159.5433,55.1919],[-159.5072,55.2178],[-159.52,55.2415]]],[[[-160.2529,55.4602],[-160.2665,55.4634],[-160.3241,55.4453],[-160.3481,55.4187],[-160.3261,55.3953],[-160.2789,55.3947],[-160.2493,55.4142],[-160.1972,55.3988],[-160.1683,55.3964],[-160.1513,55.4491],[-160.2038,55.4389],[-160.2529,55.4602]]],[[[-159.8944,56.5031],[-160.0419,56.4245],[-160.0912,56.4045],[-160.154,56.3964],[-160.255,56.3237],[-160.3452,56.2839],[-160.3845,56.2548],[-160.4089,56.2053],[-160.4559,56.1404],[-160.4528,56.1209],[-160.4848,56.0779],[-160.5259,56.0468],[-160.5223,56.0391],[-160.5789,55.9943],[-160.5829,55.9824],[-160.5392,55.9837],[-160.5233,55.9673],[-160.5327,55.9513],[-160.4749,55.9212],[-160.4233,55.9106],[-160.3936,55.8906],[-160.3582,55.8829],[-160.3189,55.8603],[-160.2879,55.8526],[-160.2539,55.8528],[-160.2208,55.8382],[-160.2237,55.8285],[-160.2687,55.8279],[-160.3001,55.8219],[-160.2671,55.7871],[-160.2657,55.7619],[-160.3222,55.7765],[-160.3727,55.7784],[-160.3758,55.7928],[-160.4102,55.8041],[-160.4422,55.7833],[-160.4646,55.7915],[-160.4705,55.8075],[-160.4582,55.8367],[-160.4905,55.8603],[-160.529,55.8607],[-160.6318,55.855],[-160.7199,55.8663],[-160.7641,55.8809],[-160.7859,55.8715],[-160.7675,55.8595],[-160.7485,55.8169],[-160.757,55.7882],[-160.7469,55.7758],[-160.7194,55.7735],[-160.6842,55.7608],[-160.6516,55.7345],[-160.6606,55.6992],[-160.6892,55.7031],[-160.7072,55.7364],[-160.7529,55.7499],[-160.7808,55.7371],[-160.8201,55.7391],[-160.832,55.756],[-160.8636,55.7713],[-160.8927,55.8045],[-160.9183,55.801],[-160.9439,55.8145],[-160.9463,55.85],[-160.9629,55.8652],[-160.99,55.8688],[-161.0101,55.8814],[-161.0184,55.9046],[-160.9631,55.9417],[-160.8913,55.9507],[-160.8594,55.9278],[-160.8485,55.9421],[-160.8594,55.9584],[-160.8605,55.9935],[-160.8734,56],[-160.9624,55.9707],[-161.0187,55.9595],[-161.0517,55.9416],[-161.0761,55.9419],[-161.0977,55.9592],[-161.1588,55.9528],[-161.1879,55.9591],[-161.2271,55.9536],[-161.3246,55.9567],[-161.3228,55.9653],[-161.2813,55.9693],[-161.2636,55.9835],[-161.1867,56],[-161.1875,56.0083],[-161.268,55.9858],[-161.3507,55.9677],[-161.4193,55.9585],[-161.5016,55.9433],[-161.5459,55.9389],[-161.642,55.917],[-161.8046,55.8879],[-161.8676,55.8482],[-161.9665,55.7999],[-162.0389,55.7883],[-162.0667,55.7772],[-162.1221,55.7396],[-162.1637,55.7213],[-162.2556,55.6891],[-162.2693,55.68],[-162.3725,55.5891],[-162.4334,55.5556],[-162.5114,55.4925],[-162.5517,55.4686],[-162.6043,55.4477],[-162.5802,55.4436],[-162.5286,55.4591],[-162.5007,55.444],[-162.5197,55.4205],[-162.5006,55.4043],[-162.4862,55.3767],[-162.5058,55.3773],[-162.5431,55.3516],[-162.5803,55.3473],[-162.611,55.3625],[-162.6432,55.3687],[-162.6786,55.352],[-162.6946,55.3318],[-162.7282,55.3091],[-162.7711,55.3138],[-162.8093,55.3015],[-162.8075,55.2912],[-162.8374,55.2656],[-162.8492,55.2741],[-162.8914,55.2678],[-162.8875,55.2361],[-162.8645,55.2445],[-162.8424,55.2227],[-162.8627,55.2002],[-162.8651,55.1811],[-162.9229,55.1776],[-162.9317,55.1615],[-162.9843,55.1764],[-163.0439,55.1682],[-163.1048,55.1799],[-163.1652,55.1712],[-163.257,55.134],[-163.3056,55.109],[-163.2954,55.1003],[-163.3114,55.0793],[-163.279,55.0362],[-163.2784,55.0003],[-163.2919,54.9664],[-163.2468,54.9322],[-163.3013,54.9346],[-163.3103,54.9459],[-163.3409,54.9362],[-163.3378,54.9151],[-163.3072,54.9128],[-163.2922,54.926],[-163.2636,54.9147],[-163.3155,54.9002],[-163.3163,54.8769],[-163.3373,54.8633],[-163.3879,54.8489],[-163.3451,54.8001],[-163.3134,54.7983],[-163.2864,54.8213],[-163.2444,54.8263],[-163.2165,54.8497],[-163.1454,54.8841],[-163.1262,54.9037],[-163.0609,54.9237],[-163.0305,54.9436],[-163.0478,54.9697],[-163.118,54.9944],[-163.1447,55.0099],[-163.1737,55.0115],[-163.2078,55.0228],[-163.215,55.0349],[-163.2174,55.0765],[-163.1888,55.0787],[-163.1965,55.0962],[-163.1938,55.1261],[-163.1693,55.1344],[-163.1366,55.118],[-163.1032,55.1192],[-163.0797,55.1067],[-163.0295,55.0918],[-162.9969,55.0745],[-162.9822,55.0515],[-162.9639,55.0443],[-162.9463,55.0228],[-162.9273,55.0279],[-162.9073,55.0051],[-162.9488,55.0116],[-162.9615,54.9945],[-162.946,54.9785],[-162.9192,54.9698],[-162.9151,54.9475],[-162.8775,54.9313],[-162.832,54.9204],[-162.803,54.938],[-162.7779,54.9302],[-162.753,54.9335],[-162.7062,54.9567],[-162.7104,54.9833],[-162.6709,54.9997],[-162.6781,55.0326],[-162.649,55.0511],[-162.6215,55.0441],[-162.6044,55.0177],[-162.6352,55.0098],[-162.6242,54.9909],[-162.5593,54.9513],[-162.5676,55.0001],[-162.5951,55.0612],[-162.6226,55.0914],[-162.6254,55.1385],[-162.5851,55.1347],[-162.6208,55.1752],[-162.661,55.1903],[-162.6917,55.1913],[-162.7164,55.211],[-162.7173,55.2379],[-162.6655,55.2909],[-162.6321,55.3033],[-162.5899,55.2936],[-162.571,55.2769],[-162.5923,55.2689],[-162.5216,55.2524],[-162.5064,55.2397],[-162.4939,55.1695],[-162.453,55.1502],[-162.4035,55.1147],[-162.3689,55.1135],[-162.3861,55.0969],[-162.4217,55.1012],[-162.4434,55.1185],[-162.469,55.1223],[-162.5206,55.1143],[-162.5017,55.0733],[-162.4589,55.0474],[-162.4138,55.0325],[-162.3713,55.0403],[-162.3339,55.0393],[-162.3221,55.0661],[-162.2921,55.032],[-162.2503,55.0179],[-162.2209,55.0258],[-162.1885,55.0603],[-162.209,55.0887],[-162.229,55.1037],[-162.214,55.1221],[-162.1822,55.137],[-162.1747,55.1507],[-162.1006,55.1552],[-162.1117,55.141],[-162.1056,55.1237],[-162.1227,55.104],[-162.0912,55.0945],[-162.0497,55.0697],[-162.0123,55.0909],[-161.9881,55.0918],[-161.9562,55.1041],[-161.9403,55.1212],[-161.957,55.1331],[-161.9614,55.1582],[-162.0065,55.1781],[-162.0053,55.1929],[-162.0301,55.2333],[-161.9502,55.2363],[-161.9239,55.2275],[-161.9243,55.2073],[-161.9012,55.2036],[-161.878,55.2239],[-161.8871,55.2374],[-161.8615,55.2673],[-161.817,55.2965],[-161.7753,55.3371],[-161.7399,55.358],[-161.6815,55.4076],[-161.6926,55.4296],[-161.6838,55.4843],[-161.7033,55.5099],[-161.6548,55.5539],[-161.649,55.5711],[-161.6272,55.5755],[-161.5955,55.6091],[-161.5749,55.6173],[-161.4965,55.6294],[-161.3921,55.6269],[-161.3552,55.611],[-161.3552,55.5871],[-161.3902,55.5587],[-161.4172,55.5285],[-161.4586,55.4969],[-161.4704,55.4797],[-161.4767,55.423],[-161.5081,55.3791],[-161.4995,55.3619],[-161.4763,55.3573],[-161.4133,55.3659],[-161.4063,55.375],[-161.3549,55.3835],[-161.32,55.3822],[-161.318,55.3591],[-161.2812,55.3533],[-161.2391,55.3547],[-161.1733,55.3836],[-161.135,55.3916],[-161.0623,55.4151],[-160.9878,55.4447],[-160.973,55.4757],[-160.9445,55.5085],[-160.9124,55.5212],[-160.8428,55.5225],[-160.8222,55.5097],[-160.8395,55.4939],[-160.8329,55.4708],[-160.79,55.4549],[-160.663,55.4618],[-160.6444,55.4845],[-160.65,55.5129],[-160.7071,55.5251],[-160.7458,55.5243],[-160.7705,55.5335],[-160.7681,55.5471],[-160.7239,55.5561],[-160.6627,55.5436],[-160.632,55.5557],[-160.6095,55.5759],[-160.5804,55.5619],[-160.5743,55.5375],[-160.5466,55.513],[-160.5306,55.4757],[-160.4964,55.4754],[-160.4715,55.4877],[-160.4546,55.5099],[-160.4583,55.5297],[-160.4403,55.5489],[-160.4434,55.5747],[-160.4217,55.5731],[-160.3552,55.6149],[-160.4237,55.6377],[-160.4116,55.6589],[-160.3321,55.6393],[-160.2746,55.6335],[-160.2479,55.6462],[-160.1684,55.6636],[-160.1221,55.6615],[-160.135,55.7061],[-160.0849,55.7248],[-160.0263,55.7148],[-160.0097,55.7325],[-160.0483,55.763],[-160.0241,55.7858],[-159.9947,55.7931],[-159.9632,55.7729],[-159.9566,55.7929],[-159.966,55.8074],[-159.9486,55.8158],[-159.8943,55.7839],[-159.8665,55.7803],[-159.8408,55.8003],[-159.8523,55.8362],[-159.8326,55.8482],[-159.8001,55.8499],[-159.7058,55.8449],[-159.6225,55.8199],[-159.602,55.8022],[-159.6248,55.7927],[-159.6412,55.7679],[-159.6602,55.7543],[-159.6551,55.7148],[-159.6143,55.7031],[-159.6708,55.6805],[-159.6975,55.6569],[-159.6857,55.651],[-159.6373,55.6515],[-159.6053,55.6335],[-159.6287,55.618],[-159.6997,55.6097],[-159.6874,55.5983],[-159.7098,55.5883],[-159.7085,55.5674],[-159.6644,55.5783],[-159.6096,55.5782],[-159.6125,55.5903],[-159.5874,55.6198],[-159.5612,55.6389],[-159.5616,55.8871],[-159.8679,55.8873],[-159.868,55.9741],[-159.8067,55.9741],[-159.8064,56.3207],[-159.9004,56.3211],[-159.8998,56.4945],[-159.8944,56.5031]]],[[[-160.8061,55.9089],[-160.8305,55.9359],[-160.8689,55.9086],[-160.8061,55.9089]]]]},"properties":{"GID_0":"USA","GID_1":"USA.2_1","GID_2":"USA.2.1_1","NAME_1":"Alaska","NAME_2":"AleutiansEast"}},
{"type":"Feature","geometry":{"type":"MultiPolygon","coordinates":[[[[-179.0918,51.2979],[-179.1178,51.2994],[-179.147,51.2793],[-179.14,51.2625],[-179.1444,51.2356],[-179.12,51.22],[-179.0944,51.2271],[-179.0704,51.2564],[-179.0806,51.2914],[-179.0918,51.2979]]],[[[-178.9617,51.3997],[-178.9839,51.3958],[-178.995,51.3797],[-178.9739,51.3644],[-178.9922,51.3442],[-178.9883,51.3064],[-178.9539,51.3339],[-178.9206,51.3392],[-178.91,51.3572],[-178.9256,51.3831],[-178.9617,51.3997]]],[[[-178.8439,51.5758],[-178.8339,51.5472],[-178.7972,51.5392],[-178.7322,51.5467],[-178.7728,51.5597],[-178.8439,51.5758]]],[[[-178.568,51.6029],[-178.6039,51.6039],[-178.5911,51.5856],[-178.568,51.6029]]],[[[-178.6483,51.6142],[-178.6856,51.6083],[-178.6639,51.5867],[-178.6189,51.5928],[-178.6228,51.6117],[-178.6483,51.6142]]],[[[-176.5209,51.7288],[-176.545,51.7064],[-176.5194,51.705],[-176.5209,51.7288]]],[[[-178.0854,51.917],[-178.1271,51.9197],[-178.1993,51.9042],[-178.2254,51.8807],[-178.2244,51.8617],[-178.1433,51.8297],[-178.095,51.8158],[-178.0917,51.8003],[-178.0372,51.7789],[-178.02,51.7917],[-177.975,51.7731],[-177.9611,51.7742],[-177.9494,51.7511],[-177.9517,51.7306],[-177.9817,51.7142],[-178.0139,51.7183],[-178.0272,51.7053],[-178.0496,51.7023],[-178.0998,51.7084],[-178.1144,51.6719],[-178.0856,51.6606],[-178.0461,51.6714],[-178.0328,51.6531],[-177.9537,51.6429],[-177.955,51.6119],[-177.9306,51.5992],[-177.8994,51.6006],[-177.9172,51.6383],[-177.9278,51.6456],[-177.92,51.6728],[-177.8939,51.6872],[-177.8672,51.6764],[-177.8411,51.6875],[-177.8189,51.7106],[-177.8417,51.7314],[-177.79,51.7683],[-177.8211,51.7875],[-177.785,51.7939],[-177.7628,51.8069],[-177.7189,51.815],[-177.68,51.8128],[-177.6217,51.8361],[-177.6294,51.85],[-177.6589,51.8489],[-177.735,51.8264],[-177.7689,51.8397],[-177.7978,51.8409],[-177.8489,51.8247],[-177.9256,51.8578],[-177.9067,51.8733],[-177.9172,51.8864],[-177.9544,51.9025],[-177.9601,51.9168],[-178,51.9106],[-178.0538,51.9111],[-178.0854,51.917]]],[[[-178.8067,51.835],[-178.837,51.8341],[-178.86,51.8197],[-178.8733,51.7817],[-178.8139,51.746],[-178.7706,51.7469],[-178.7332,51.7807],[-178.7484,51.8098],[-178.7649,51.8225],[-178.8067,51.835]]],[[[-176.5722,51.9992],[-176.5911,52.0019],[-176.6311,51.9739],[-176.6289,51.9636],[-176.6628,51.9517],[-176.7229,51.9681],[-176.77,51.9661],[-176.7911,51.9569],[-176.8111,51.9272],[-176.7961,51.9033],[-176.7728,51.8894],[-176.7306,51.8747],[-176.7211,51.8636],[-176.7483,51.8511],[-176.7754,51.8534],[-176.7894,51.8411],[-176.7739,51.8083],[-176.7195,51.7953],[-176.8078,51.7792],[-176.8089,51.7942],[-176.8378,51.7933],[-176.8556,51.8194],[-176.8972,51.8086],[-176.9222,51.7875],[-176.9044,51.7708],[-176.8678,51.7572],[-176.8733,51.7319],[-176.8912,51.705],[-176.92,51.6989],[-176.9811,51.6653],[-176.9744,51.6364],[-176.9961,51.6294],[-176.9889,51.6064],[-176.9589,51.5922],[-176.9344,51.5914],[-176.9183,51.6086],[-176.8839,51.6608],[-176.8628,51.6708],[-176.8672,51.6828],[-176.8278,51.715],[-176.8222,51.6939],[-176.8389,51.6814],[-176.8139,51.6472],[-176.8233,51.6247],[-176.7994,51.6153],[-176.7644,51.6375],[-176.735,51.6264],[-176.7183,51.6433],[-176.7345,51.6564],[-176.715,51.6806],[-176.6733,51.6775],[-176.6089,51.6936],[-176.5761,51.6942],[-176.5483,51.7078],[-176.5522,51.7175],[-176.5161,51.7589],[-176.4961,51.7553],[-176.4695,51.7264],[-176.4217,51.7494],[-176.4383,51.7756],[-176.4194,51.7889],[-176.4289,51.8081],[-176.4272,51.8367],[-176.4544,51.8389],[-176.4633,51.8517],[-176.4978,51.8519],[-176.519,51.8354],[-176.5494,51.8448],[-176.5789,51.8419],[-176.5915,51.8518],[-176.6291,51.8627],[-176.6206,51.9008],[-176.5811,51.9136],[-176.5922,51.94],[-176.5661,51.9494],[-176.5547,51.9848],[-176.5722,51.9992]]],[[[-177.15,51.9422],[-177.1894,51.9389],[-177.2011,51.9242],[-177.1978,51.9028],[-177.2056,51.8628],[-177.2006,51.8472],[-177.2139,51.8358],[-177.2061,51.8188],[-177.2296,51.8029],[-177.2917,51.7819],[-177.3453,51.7775],[-177.4189,51.7531],[-177.4622,51.7514],[-177.4872,51.7383],[-177.5144,51.7428],[-177.5411,51.7208],[-177.5806,51.7286],[-177.5994,51.7258],[-177.64,51.7411],[-177.6628,51.7219],[-177.6928,51.7164],[-177.6956,51.6914],[-177.67,51.6797],[-177.6439,51.6844],[-177.6167,51.7042],[-177.5883,51.6944],[-177.5522,51.6958],[-177.5161,51.7042],[-177.4806,51.7008],[-177.4428,51.7244],[-177.4233,51.7172],[-177.3639,51.7339],[-177.3605,51.7222],[-177.2994,51.6975],[-177.2889,51.6811],[-177.2711,51.6792],[-177.2283,51.7058],[-177.2017,51.7139],[-177.1567,51.7042],[-177.1233,51.7261],[-177.1183,51.7375],[-177.1356,51.7553],[-177.1144,51.7692],[-177.115,51.7847],[-177.1367,51.8064],[-177.1328,51.83],[-177.1194,51.8403],[-177.065,51.8611],[-177.0744,51.885],[-177.0483,51.8953],[-177.0556,51.9103],[-177.0919,51.9313],[-177.15,51.9422]]],[[[-177.4317,51.9178],[-177.4528,51.9225],[-177.4691,51.9002],[-177.4587,51.8912],[-177.4183,51.901],[-177.4317,51.9178]]],[[[-176.296,51.8717],[-176.3409,51.8613],[-176.3656,51.8703],[-176.4006,51.8683],[-176.4267,51.8536],[-176.405,51.7903],[-176.405,51.7514],[-176.3972,51.7336],[-176.3451,51.7311],[-176.3211,51.7378],[-176.2967,51.7694],[-176.265,51.7806],[-176.2678,51.8072],[-176.2878,51.8258],[-176.2805,51.86],[-176.296,51.8717]]],[[[-176.1766,51.8815],[-176.215,51.8806],[-176.2222,51.8686],[-176.2044,51.8478],[-176.2355,51.8333],[-176.235,51.8219],[-176.1944,51.81],[-176.1844,51.7903],[-176.1572,51.7694],[-176.1417,51.8017],[-176.1078,51.7978],[-176.0794,51.8203],[-176.0483,51.8178],[-176.03,51.8444],[-176.0694,51.8542],[-176.1317,51.8506],[-176.1766,51.8815]]],[[[-175.9917,51.9128],[-176.0683,51.9042],[-176.0978,51.8817],[-176.0667,51.8744],[-176.0606,51.8633],[-176.0269,51.8661],[-175.9633,51.8461],[-175.9572,51.8947],[-175.9972,51.8902],[-175.9917,51.9128]]],[[[-175.7933,51.9583],[-175.8075,51.9612],[-175.8626,51.9534],[-175.8172,51.9192],[-175.7833,51.9137],[-175.7933,51.9583]]],[[[-175.7152,51.9739],[-175.7456,51.9686],[-175.7398,51.9388],[-175.6967,51.955],[-175.7152,51.9739]]],[[[-175.8761,51.9953],[-175.9344,51.9947],[-175.9639,51.9853],[-175.9456,51.9708],[-175.8833,51.9631],[-175.8293,51.9839],[-175.8761,51.9953]]],[[[-176.1445,52.1144],[-176.2086,52.0754],[-176.2054,52.0559],[-176.1816,52.0011],[-176.1517,51.9956],[-176.105,51.9972],[-176.0661,51.9667],[-176.0294,51.9744],[-176.0292,51.9876],[-176.0501,52.0193],[-176.03,52.0175],[-176.0091,52.0333],[-176.0083,52.0753],[-176.0365,52.0815],[-176.0549,52.1056],[-176.0794,52.1033],[-176.1445,52.1144]]],[[[-174.1433,52.4169],[-174.1872,52.4181],[-174.2206,52.4014],[-174.2778,52.3989],[-174.2817,52.3781],[-174.3267,52.3794],[-174.3337,52.3671],[-174.3202,52.342],[-174.3317,52.3269],[-174.3589,52.3133],[-174.3789,52.3222],[-174.4089,52.3208],[-174.4428,52.3272],[-174.4611,52.3178],[-174.4511,52.3033],[-174.4075,52.2886],[-174.3544,52.2789],[-174.3278,52.2864],[-174.3561,52.3125],[-174.33,52.3192],[-174.3206,52.2964],[-174.2678,52.2918],[-174.2655,52.2725],[-174.2406,52.2756],[-174.23,52.2631],[-174.2389,52.2419],[-174.2655,52.2397],[-174.2717,52.2264],[-174.3039,52.2217],[-174.3178,52.2033],[-174.3517,52.1989],[-174.3611,52.2133],[-174.4127,52.22],[-174.4278,52.2142],[-174.4633,52.2183],[-174.4644,52.2044],[-174.4167,52.1839],[-174.4156,52.1683],[-174.4489,52.1708],[-174.4761,52.1858],[-174.5257,52.1721],[-174.5594,52.1814],[-174.5617,52.1544],[-174.5172,52.1361],[-174.5633,52.1347],[-174.5945,52.1444],[-174.6122,52.1106],[-174.6456,52.1044],[-174.7367,52.1214],[-174.7489,52.0939],[-174.7856,52.0914],[-174.81,52.0964],[-174.8428,52.0925],[-174.8761,52.0989],[-174.8994,52.0814],[-174.9067,52.1178],[-174.9272,52.1086],[-174.9172,52.0769],[-174.9439,52.0839],[-174.965,52.0689],[-174.9933,52.0597],[-175.0084,52.0775],[-175.045,52.0622],[-175.0817,52.0397],[-175.1422,52.0596],[-175.199,52.0493],[-175.2011,52.0359],[-175.2355,52.0328],[-175.2589,52.0458],[-175.3011,52.0183],[-175.2627,52.0116],[-175.2483,52.0158],[-175.2127,52.0054],[-175.1989,52.0112],[-175.1533,52.0119],[-175.0943,52.0008],[-175.0878,52.0117],[-175.0313,52.0068],[-175,52.0256],[-174.97,52.0225],[-174.9672,52.0375],[-174.904,52.0351],[-174.8718,52.0423],[-174.8176,52.031],[-174.7705,52.0258],[-174.7509,52.0131],[-174.7078,52.0089],[-174.69,52.02],[-174.6872,52.0403],[-174.6483,52.0231],[-174.6156,52.0303],[-174.6067,52.0467],[-174.5728,52.0497],[-174.5567,52.035],[-174.5072,52.0706],[-174.4739,52.0722],[-174.4421,52.0462],[-174.4133,52.0478],[-174.39,52.0622],[-174.395,52.0747],[-174.3715,52.0925],[-174.3728,52.1028],[-174.3211,52.1186],[-174.2828,52.0975],[-174.2195,52.0922],[-174.2089,52.115],[-174.175,52.1117],[-174.1344,52.1275],[-174.11,52.1128],[-174.0844,52.1083],[-174.0822,52.1325],[-174.1233,52.1583],[-174.1978,52.1969],[-174.2006,52.22],[-174.1733,52.2331],[-174.0607,52.2244],[-174.0356,52.2467],[-174.0378,52.2669],[-174.0183,52.2708],[-173.9928,52.2906],[-173.9883,52.3181],[-174.025,52.3614],[-174.0578,52.3719],[-174.0744,52.3922],[-174.14,52.4072],[-174.1433,52.4169]]],[[[178.6793,51.655],[178.6478,51.6589],[178.625,51.6366],[178.6356,51.6217],[178.6858,51.6082],[178.715,51.5926],[178.7839,51.5692],[178.8144,51.5778],[178.8428,51.5773],[178.8611,51.5597],[178.8933,51.5589],[178.9128,51.5433],[178.9321,51.5462],[178.9639,51.5311],[178.9647,51.5204],[179,51.5047],[179.0344,51.4814],[179.0572,51.4528],[179.0883,51.4456],[179.1822,51.3936],[179.228,51.3815],[179.2144,51.3592],[179.2411,51.3494],[179.2588,51.3568],[179.3389,51.3644],[179.3705,51.3749],[179.4009,51.3605],[179.4438,51.3646],[179.47,51.3731],[179.4033,51.3908],[179.4028,51.4061],[179.3676,51.4007],[179.3356,51.4075],[179.28,51.3897],[179.2628,51.4058],[179.2278,51.4133],[179.2136,51.4265],[179.1873,51.4674],[179.1567,51.4656],[179.1189,51.4836],[179.0956,51.4878],[179.0439,51.5236],[179.0233,51.5316],[178.9863,51.5699],[178.9164,51.5889],[178.9178,51.6057],[178.8656,51.6231],[178.8538,51.6188],[178.8079,51.6327],[178.77,51.63],[178.6872,51.6444],[178.6793,51.655]]],[[[178.2239,51.8325],[178.2229,51.821],[178.2536,51.8142],[178.2878,51.7953],[178.3073,51.7763],[178.3354,51.7693],[178.3601,51.7738],[178.3356,51.8083],[178.291,51.8195],[178.2542,51.8232],[178.2239,51.8325]]],[[[178.5,51.9894],[178.4604,51.9861],[178.45,51.9719],[178.4539,51.9381],[178.4824,51.9175],[178.4845,51.9069],[178.515,51.8981],[178.5761,51.9308],[178.5906,51.9525],[178.5633,51.9681],[178.5,51.9894]]],[[[179.6376,52.0258],[179.6172,52.0183],[179.5804,52.0163],[179.5246,51.9825],[179.4846,51.9839],[179.4778,51.9639],[179.4844,51.9436],[179.4799,51.9219],[179.5128,51.9125],[179.5479,51.8897],[179.5803,51.8886],[179.6124,51.8708],[179.6464,51.874],[179.6684,51.8943],[179.7388,51.9112],[179.7485,51.9189],[179.7311,51.9405],[179.7628,51.9478],[179.7734,51.9582],[179.7611,51.9749],[179.7316,51.9771],[179.7098,51.9868],[179.702,52.0048],[179.6706,52.0106],[179.6376,52.0258]]],[[[177.6015,52.1354],[177.5819,52.1345],[177.5608,52.1205],[177.5504,52.0841],[177.5061,52.0447],[177.4997,52.0199],[177.4783,51.9828],[177.3753,51.9765],[177.3439,51.9653],[177.3244,51.9428],[177.33,51.9306],[177.2677,51.9201],[177.1989,51.895],[177.2495,51.8625],[177.2809,51.8522],[177.3006,51.8289],[177.3317,51.84],[177.3253,51.8712],[177.3478,51.9045],[177.4067,51.93],[177.4517,51.9306],[177.4472,51.9175],[177.4732,51.9084],[177.4934,51.9381],[177.5094,51.9239],[177.5317,51.9239],[177.5483,51.9122],[177.5697,51.9253],[177.6089,51.93],[177.5878,51.9497],[177.5359,51.9595],[177.5472,51.9828],[177.5891,52.0199],[177.6339,52.0481],[177.6339,52.0644],[177.6585,52.0685],[177.6742,52.0892],[177.6584,52.1119],[177.6194,52.1239],[177.6015,52.1354]]],[[[178.1546,52.0417],[178.138,52.0497],[178.1061,52.0466],[178.0915,52.0371],[178.1027,52.0053],[178.1289,51.9883],[178.1732,51.9912],[178.1857,52.0013],[178.1772,52.0358],[178.1546,52.0417]]],[[[175.8761,52.3742],[175.8751,52.3604],[175.9025,52.3369],[175.9436,52.3363],[175.9654,52.3596],[175.935,52.3711],[175.8761,52.3742]]],[[[-173.5167,52.1533],[-173.585,52.1425],[-173.6272,52.1531],[-173.6739,52.1386],[-173.7772,52.1306],[-173.805,52.1036],[-173.8344,52.1156],[-173.9011,52.1119],[-173.8889,52.1419],[-173.9456,52.1267],[-173.9983,52.1236],[-174.0378,52.1364],[-174.0378,52.1097],[-174.0128,52.0992],[-173.985,52.1069],[-173.9422,52.0692],[-173.9356,52.055],[-173.8761,52.0536],[-173.8511,52.0431],[-173.7828,52.0525],[-173.7539,52.0494],[-173.6994,52.0606],[-173.6694,52.0522],[-173.6589,52.0603],[-173.6194,52.0481],[-173.5811,52.0531],[-173.5706,52.0356],[-173.5506,52.0281],[-173.4933,52.0347],[-173.4778,52.045],[-173.3889,52.0358],[-173.325,52.0556],[-173.285,52.0519],[-173.2417,52.0575],[-173.2256,52.0703],[-173.1994,52.0581],[-173.1528,52.0592],[-173.0956,52.0794],[-173.0533,52.0731],[-173.0289,52.075],[-172.9939,52.0953],[-173.0353,52.1016],[-173.0722,52.0956],[-173.1086,52.0998],[-173.14,52.0947],[-173.1694,52.1103],[-173.1889,52.1108],[-173.2361,52.0936],[-173.2483,52.1069],[-173.3003,52.106],[-173.3533,52.0897],[-173.3737,52.1019],[-173.4107,52.1031],[-173.4383,52.1183],[-173.4533,52.1042],[-173.4794,52.1139],[-173.5139,52.1106],[-173.5289,52.12],[-173.5167,52.1533]]],[[[-172.4044,52.3853],[-172.4378,52.3928],[-172.48,52.3839],[-172.5061,52.3667],[-172.5489,52.3575],[-172.5894,52.3311],[-172.5961,52.3131],[-172.6212,52.3011],[-172.6339,52.2642],[-172.6077,52.2525],[-172.565,52.2564],[-172.5383,52.2458],[-172.5144,52.2642],[-172.48,52.2639],[-172.4394,52.2833],[-172.4106,52.2758],[-172.3928,52.2917],[-172.3028,52.3261],[-172.3056,52.3547],[-172.3306,52.3669],[-172.3761,52.3667],[-172.4044,52.3853]]],[[[-171.2433,52.5286],[-171.2945,52.5161],[-171.3113,52.5011],[-171.3145,52.4739],[-171.306,52.4591],[-171.2698,52.4513],[-171.2326,52.4517],[-171.2121,52.471],[-171.2001,52.5015],[-171.2433,52.5286]]],[[[-171.1274,52.5834],[-171.1508,52.585],[-171.1622,52.5606],[-171.1163,52.5581],[-171.1274,52.5834]]],[[[-170.6583,52.6994],[-170.6817,52.6839],[-170.7277,52.682],[-170.7367,52.665],[-170.7767,52.6428],[-170.81,52.6406],[-170.8283,52.6228],[-170.8216,52.6142],[-170.8467,52.5589],[-170.8159,52.5573],[-170.7957,52.5424],[-170.7428,52.5747],[-170.7364,52.5839],[-170.6842,52.6022],[-170.6628,52.5946],[-170.6083,52.6012],[-170.5924,52.623],[-170.5639,52.6419],[-170.5733,52.6819],[-170.5994,52.6919],[-170.6583,52.6994]]],[[[-170.1211,52.7914],[-170.1688,52.7863],[-170.1656,52.7753],[-170.181,52.7525],[-170.1755,52.7311],[-170.1217,52.7168],[-170.085,52.7181],[-170.0533,52.7463],[-170.0525,52.7726],[-170.0972,52.7775],[-170.1211,52.7914]]],[[[-169.7606,52.8931],[-169.8199,52.8783],[-169.8589,52.8831],[-169.8711,52.8706],[-169.8667,52.8536],[-169.9033,52.8511],[-169.9483,52.8622],[-169.9845,52.8586],[-170.0061,52.8469],[-170.0133,52.8311],[-170.0008,52.8087],[-169.9767,52.7942],[-169.9494,52.7875],[-169.9067,52.7967],[-169.8788,52.8137],[-169.8478,52.8183],[-169.78,52.8106],[-169.7482,52.7955],[-169.7439,52.7792],[-169.7189,52.7719],[-169.698,52.7782],[-169.7121,52.8002],[-169.6772,52.8244],[-169.6872,52.8397],[-169.669,52.8492],[-169.6767,52.8714],[-169.7017,52.8747],[-169.7239,52.8894],[-169.7606,52.8931]]],[[[-170.0489,52.9233],[-170.0857,52.9241],[-170.1028,52.9056],[-170.125,52.8997],[-170.0977,52.8731],[-170.0448,52.8606],[-170.0186,52.8668],[-169.9983,52.8839],[-169.995,52.9033],[-170.0222,52.9183],[-170.0489,52.9233]]],[[[-169.6778,53.0331],[-169.7033,53.0344],[-169.748,53.0208],[-169.7467,53.0044],[-169.7636,52.9825],[-169.7461,52.9517],[-169.7228,52.9456],[-169.6967,52.9572],[-169.6883,52.9839],[-169.665,53.0208],[-169.6778,53.0331]]],[[[173.7594,52.5],[173.7406,52.5122],[173.655,52.5039],[173.6417,52.4931],[173.6167,52.5022],[173.5872,52.4767],[173.5478,52.4717],[173.5304,52.4476],[173.4845,52.4391],[173.44,52.4528],[173.4256,52.4322],[173.3823,52.4311],[173.3572,52.4035],[173.4006,52.4],[173.4689,52.3806],[173.5389,52.3894],[173.5611,52.4011],[173.6167,52.3969],[173.6065,52.3786],[173.64,52.3747],[173.642,52.356],[173.719,52.3705],[173.7206,52.3897],[173.6922,52.4619],[173.7089,52.4778],[173.7594,52.5]]],[[[174.1098,52.7349],[174.0922,52.7404],[174.0608,52.7172],[174.1025,52.7091],[174.1552,52.7055],[174.1408,52.7269],[174.1098,52.7349]]],[[[173.9567,52.7489],[173.9739,52.7267],[174.0031,52.7193],[174.0185,52.7282],[173.9567,52.7489]]],[[[172.79,53.0053],[172.7428,53.0081],[172.728,52.9976],[172.6533,53.0036],[172.6302,53.0006],[172.6022,52.9842],[172.5528,52.9719],[172.5483,52.9619],[172.5106,52.9542],[172.4995,52.9433],[172.4578,52.9253],[172.4606,52.9125],[172.495,52.9181],[172.5128,52.9056],[172.5683,52.9212],[172.6372,52.9247],[172.6245,52.8653],[172.6656,52.8783],[172.7456,52.8758],[172.7642,52.8596],[172.7644,52.8401],[172.7515,52.8073],[172.7367,52.7961],[172.7994,52.7817],[172.8089,52.7908],[172.8422,52.7889],[172.8667,52.8008],[172.8883,52.79],[172.9061,52.7458],[172.9367,52.7536],[172.9633,52.7772],[172.9989,52.7964],[172.9956,52.8067],[173.0567,52.8325],[173.0763,52.8114],[173.1161,52.7844],[173.1383,52.7861],[173.1617,52.8061],[173.1617,52.8228],[173.2089,52.8525],[173.23,52.8575],[173.2752,52.8327],[173.3044,52.8258],[173.3783,52.8356],[173.4133,52.8281],[173.4072,52.8472],[173.3394,52.8617],[173.2874,52.8591],[173.2667,52.8636],[173.2667,52.8792],[173.2961,52.8906],[173.3089,52.9117],[173.3039,52.9242],[173.2467,52.9442],[173.2117,52.9375],[173.1717,52.9128],[173.1511,52.9267],[173.1733,52.9583],[173.1245,52.9903],[173.08,52.9825],[173.0489,52.9903],[172.9983,52.9922],[172.953,52.9717],[172.9179,52.9736],[172.8883,52.9964],[172.8159,52.9984],[172.79,53.0053]]],[[[-167.9972,53.565],[-168.0356,53.5556],[-168.125,53.5542],[-168.1468,53.5433],[-168.2345,53.5292],[-168.2389,53.5192],[-168.2856,53.4917],[-168.3454,53.4703],[-168.3894,53.4306],[-168.4078,53.4219],[-168.4039,53.3975],[-168.3844,53.3806],[-168.4111,53.3402],[-168.4294,53.3236],[-168.3745,53.3181],[-168.3661,53.2919],[-168.3445,53.2614],[-168.4378,53.2547],[-168.4539,53.2736],[-168.4828,53.2753],[-168.5094,53.2514],[-168.5622,53.255],[-168.5872,53.2717],[-168.6156,53.26],[-168.6411,53.24],[-168.6917,53.2197],[-168.71,53.2053],[-168.7311,53.2028],[-168.7701,53.1772],[-168.8039,53.1408],[-168.7956,53.1292],[-168.8056,53.1058],[-168.7783,53.0958],[-168.7617,53.0803],[-168.7756,53.0561],[-168.8072,53.0258],[-168.8522,53.0139],[-168.8755,53],[-168.8605,52.9833],[-168.8711,52.9603],[-168.8511,52.9531],[-168.9073,52.9321],[-168.9595,52.9319],[-168.9733,52.9144],[-168.9517,52.8989],[-168.9672,52.8792],[-169,52.8706],[-169.0689,52.8667],[-169.0511,52.855],[-169.0244,52.8622],[-168.9567,52.8664],[-168.9144,52.8811],[-168.8528,52.9139],[-168.8167,52.9244],[-168.7872,52.9042],[-168.7544,52.9153],[-168.79,52.9422],[-168.7683,52.9558],[-168.7291,52.944],[-168.7175,52.9624],[-168.6456,52.9778],[-168.6117,53.0039],[-168.5922,53.0256],[-168.555,53.0319],[-168.5289,53.0283],[-168.515,53.0492],[-168.4855,53.0467],[-168.46,53.0547],[-168.4472,53.0803],[-168.3944,53.1247],[-168.3617,53.1325],[-168.3717,53.1447],[-168.3339,53.1722],[-168.3428,53.1844],[-168.3339,53.2042],[-168.2944,53.2222],[-168.27,53.2422],[-168.2439,53.25],[-168.1211,53.2761],[-168.0878,53.2964],[-168.0588,53.3003],[-168.0022,53.3172],[-167.9783,53.3358],[-167.9089,53.3543],[-167.8719,53.3677],[-167.8404,53.3889],[-167.8399,53.4107],[-167.8566,53.4288],[-167.8522,53.4495],[-167.815,53.4684],[-167.7893,53.4883],[-167.7912,53.5211],[-167.873,53.5194],[-167.937,53.5263],[-167.9655,53.5418],[-167.9639,53.5538],[-167.9972,53.565]]],[[[-166.1128,53.8522],[-166.1361,53.8428],[-166.1772,53.8428],[-166.2167,53.8294],[-166.2144,53.7889],[-166.2383,53.7783],[-166.2394,53.8089],[-166.3011,53.7986],[-166.3006,53.7517],[-166.2833,53.7358],[-166.2606,53.7317],[-166.2511,53.7158],[-166.2289,53.7086],[-166.2222,53.7286],[-166.1883,53.7281],[-166.165,53.7469],[-166.1611,53.7669],[-166.1144,53.7747],[-166.1322,53.7875],[-166.1356,53.8197],[-166.0911,53.84],[-166.1128,53.8522]]],[[[-166.3578,53.9967],[-166.3828,53.995],[-166.4133,53.9803],[-166.4172,53.9603],[-166.3667,53.9694],[-166.3578,53.9967]]],[[[-166.6511,54.0125],[-166.6806,54.0172],[-166.7023,53.9989],[-166.726,53.9989],[-166.7472,54.0143],[-166.8345,53.9801],[-166.8534,53.976],[-166.8765,53.9877],[-166.9051,53.9847],[-166.9278,53.9724],[-166.9806,53.9569],[-167.0201,53.9563],[-167.0344,53.9342],[-167.0756,53.925],[-167.0917,53.91],[-167.1095,53.8711],[-167.1444,53.8666],[-167.1598,53.8499],[-167.1529,53.8282],[-167.0952,53.8194],[-167.0809,53.8083],[-167.0927,53.7901],[-167.0567,53.7799],[-167.0361,53.7589],[-167.0095,53.7547],[-166.9789,53.7744],[-166.9611,53.7772],[-166.9372,53.7633],[-166.895,53.7531],[-166.8633,53.7517],[-166.86,53.7372],[-166.8317,53.7406],[-166.7522,53.7294],[-166.7822,53.7092],[-166.8332,53.7077],[-166.8272,53.6878],[-166.8033,53.6694],[-166.7873,53.6384],[-166.8622,53.6639],[-166.8689,53.69],[-166.8939,53.7042],[-166.8961,53.7164],[-166.9711,53.7146],[-167,53.7175],[-167.0543,53.7006],[-167.0708,53.6848],[-167.0524,53.6575],[-167.0189,53.6467],[-167.0401,53.6334],[-167.04,53.6126],[-167.0567,53.6103],[-167.0894,53.6327],[-167.1061,53.6344],[-167.1577,53.6171],[-167.165,53.6014],[-167.1308,53.5641],[-167.1232,53.5437],[-167.0548,53.5173],[-167.0735,53.5101],[-167.1861,53.5272],[-167.161,53.5097],[-167.1618,53.4673],[-167.1817,53.4743],[-167.2001,53.4618],[-167.2616,53.4762],[-167.3049,53.4682],[-167.2991,53.4503],[-167.3446,53.4524],[-167.3208,53.4095],[-167.3913,53.4368],[-167.4177,53.4329],[-167.4718,53.4479],[-167.4869,53.4202],[-167.5192,53.4102],[-167.5333,53.3943],[-167.5656,53.4056],[-167.5949,53.3863],[-167.6291,53.3737],[-167.6556,53.39],[-167.6922,53.3882],[-167.7509,53.3598],[-167.7545,53.3493],[-167.8099,53.3252],[-167.8551,53.3101],[-167.8305,53.2957],[-167.7711,53.2833],[-167.7582,53.2725],[-167.7092,53.274],[-167.6676,53.256],[-167.6261,53.2514],[-167.6106,53.2829],[-167.588,53.2869],[-167.559,53.2749],[-167.5381,53.2786],[-167.502,53.2579],[-167.4958,53.279],[-167.4733,53.289],[-167.4538,53.3097],[-167.4555,53.3211],[-167.3748,53.3358],[-167.3049,53.335],[-167.2942,53.3606],[-167.2744,53.3752],[-167.246,53.374],[-167.2048,53.3951],[-167.1714,53.3972],[-167.151,53.4186],[-167.1263,53.4265],[-167.0885,53.4202],[-167.0528,53.4317],[-167.0582,53.4557],[-167.0292,53.4642],[-167.0017,53.4506],[-166.9995,53.43],[-166.9644,53.4297],[-166.9567,53.4642],[-166.9244,53.4558],[-166.9317,53.4444],[-166.9011,53.4336],[-166.8789,53.4725],[-166.8489,53.4603],[-166.8361,53.445],[-166.7978,53.4583],[-166.7644,53.4436],[-166.7439,53.4631],[-166.7461,53.4864],[-166.7767,53.4958],[-166.7689,53.5097],[-166.7939,53.5392],[-166.7706,53.5375],[-166.7438,53.5229],[-166.7379,53.5064],[-166.6589,53.4881],[-166.6339,53.5342],[-166.6267,53.5569],[-166.5743,53.5568],[-166.5627,53.5758],[-166.5633,53.6056],[-166.5517,53.6236],[-166.5072,53.6433],[-166.4702,53.6421],[-166.4494,53.6343],[-166.43,53.6477],[-166.4159,53.6723],[-166.3722,53.6789],[-166.2856,53.6828],[-166.2633,53.7036],[-166.2672,53.7219],[-166.3033,53.7358],[-166.3206,53.7689],[-166.3439,53.787],[-166.3728,53.7733],[-166.3798,53.7513],[-166.4133,53.7631],[-166.46,53.7492],[-166.4697,53.7383],[-166.5696,53.7056],[-166.5367,53.7506],[-166.51,53.7608],[-166.5065,53.7924],[-166.4589,53.7892],[-166.4128,53.8081],[-166.43,53.8283],[-166.3989,53.8275],[-166.3561,53.8572],[-166.353,53.883],[-166.3211,53.8667],[-166.2625,53.8714],[-166.2383,53.8819],[-166.2478,53.8939],[-166.2144,53.9092],[-166.2167,53.9272],[-166.2489,53.9408],[-166.2633,53.9714],[-166.3194,53.9625],[-166.3367,53.9461],[-166.3711,53.9433],[-166.3811,53.9597],[-166.4022,53.9594],[-166.4365,53.9226],[-166.4439,53.9033],[-166.4739,53.9014],[-166.5056,53.8881],[-166.5372,53.8978],[-166.5022,53.9156],[-166.5196,53.9269],[-166.5511,53.9097],[-166.5431,53.8929],[-166.5668,53.8766],[-166.5482,53.8608],[-166.5933,53.8506],[-166.5846,53.8733],[-166.6182,53.8684],[-166.6381,53.8773],[-166.6221,53.9013],[-166.6467,53.9203],[-166.6253,53.9508],[-166.5911,53.9611],[-166.6017,53.9833],[-166.6239,54.005],[-166.6511,54.0125]]],[[[-169.7578,53.0803],[-169.7746,53.0796],[-169.7843,53.0548],[-169.7483,53.0456],[-169.7394,53.0639],[-169.7578,53.0803]]],[[[-169.6869,56.6078],[-169.7522,56.6162],[-169.7825,56.6147],[-169.7511,56.5875],[-169.6822,56.5789],[-169.6639,56.5472],[-169.6405,56.5364],[-169.5671,56.5329],[-169.5336,56.5619],[-169.4989,56.5697],[-169.4667,56.5922],[-169.502,56.6089],[-169.5612,56.6041],[-169.6097,56.6075],[-169.6869,56.6078]]],[[[-170.0914,57.2343],[-170.1189,57.2495],[-170.1382,57.2299],[-170.2259,57.2119],[-170.2815,57.2121],[-170.3032,57.2205],[-170.3571,57.2035],[-170.4001,57.2038],[-170.4166,57.1924],[-170.4206,57.1619],[-170.3546,57.1518],[-170.3311,57.1423],[-170.2523,57.123],[-170.2476,57.1366],[-170.1731,57.1551],[-170.1546,57.1718],[-170.1458,57.1992],[-170.1195,57.2242],[-170.0914,57.2343]]]]},"properties":{"GID_0":"USA","GID_1":"USA.2_1","GID_2":"USA.2.2_1","NAME_1":"Alaska","NAME_2":"AleutiansWest"}},
{"type":"Feature","geometry":{"type":"MultiPolygon","coordinates":[[[[-148.6894,61.4264],[-149.1797,61.4261],[-149.1798,61.455],[-149.2405,61.4549],[-149.2405,61.4774],[-149.3813,61.4667],[-149.4312,61.4542],[-149.5245,61.4203],[-149.5318,61.4068],[-149.5688,61.4083],[-149.6375,61.3854],[-149.7,61.3812],[-149.7161,61.3703],[-149.7088,61.3484],[-149.7396,61.325],[-149.8057,61.3161],[-149.8755,61.2526],[-149.8963,61.2234],[-149.9417,61.2021],[-149.975,61.1979],[-150.0188,61.2021],[-150.038,61.1776],[-150.0641,61.1724],[-150.0682,61.1526],[-149.9354,61.1083],[-149.8359,61.0724],[-149.7786,61.0359],[-149.7312,61.0146],[-149.6854,61.0042],[-149.6396,61],[-149.5917,60.9813],[-149.5021,60.9854],[-149.4146,60.9521],[-149.3734,60.9453],[-149.3562,60.9271],[-149.3104,60.9354],[-149.2312,60.9375],[-149.1917,60.9437],[-149.1146,60.9146],[-149.0776,60.9057],[-149.013,60.8578],[-149.0055,60.8315],[-149.0388,60.8196],[-149.0381,60.733],[-148.7469,60.7329],[-148.7458,60.8199],[-148.7405,60.8493],[-148.4717,60.8497],[-148.4721,61.1665],[-148.4626,61.1663],[-148.4621,61.4262],[-148.6795,61.4264],[-148.6894,61.4264]]],[[[-150.1568,61.1672],[-150.2125,61.1708],[-150.2422,61.1359],[-150.2354,61.1229],[-150.1776,61.1464],[-150.1568,61.1672]]]]},"properties":{"GID_0":"USA","GID_1":"USA.2_1","GID_2":"USA.2.3_1","NAME_1":"Alaska","NAME_2":"Anchorage"}},
{"type":"Feature","geometry":{"type":"MultiPolygon","coordinates":[[[[-166.1146,60.3667],[-166.1828,60.3766],[-166.2042,60.3896],[-166.2318,60.3766],[-166.2729,60.3833],[-166.3505,60.3568],[-166.3922,60.3578],[-166.4375,60.375],[-166.4818,60.3734],[-166.5745,60.3516],[-166.563,60.3193],[-166.5859,60.3089],[-166.6375,60.325],[-166.6875,60.3146],[-166.8286,60.2693],[-166.7964,60.2339],[-166.8443,60.2047],[-166.8693,60.212],[-166.9,60.2],[-166.9396,60.2021],[-166.9479,60.2208],[-167.0542,60.2146],[-167.1,60.225],[-167.1438,60.2188],[-167.2021,60.2333],[-167.2401,60.2214],[-167.2792,60.2313],[-167.3146,60.2313],[-167.3682,60.2182],[-167.3917,60.2],[-167.4187,60.1979],[-167.3953,60.1672],[-167.338,60.1266],[-167.3391,60.1026],[-167.3255,60.087],[-167.3307,60.0651],[-167.238,60.0557],[-167.2266,60.0401],[-167.1786,60.0151],[-167.1349,60],[-167.0376,59.9948],[-167.0123,59.9832],[-166.9633,59.978],[-166.9441,59.9682],[-166.8954,59.9591],[-166.8059,59.924],[-166.7519,59.8929],[-166.675,59.8844],[-166.613,59.8527],[-166.5048,59.8489],[-166.4162,59.8567],[-166.3616,59.842],[-166.3442,59.829],[-166.3073,59.8262],[-166.2375,59.7995],[-166.2004,59.7758],[-166.1926,59.7515],[-166.1086,59.7531],[-166.0808,59.7757],[-166.1281,59.8205],[-166.0296,59.867],[-165.9542,59.8784],[-165.8694,59.8778],[-165.8329,59.8949],[-165.7738,59.8995],[-165.7602,59.9205],[-165.7165,59.8943],[-165.6594,59.9047],[-165.5799,59.9127],[-165.5597,59.9312],[-165.5885,59.9502],[-165.5448,59.976],[-165.5827,59.9806],[-165.609,59.9635],[-165.6536,59.9961],[-165.6356,60.0215],[-165.6794,60.0313],[-165.6759,60.0561],[-165.7109,60.063],[-165.6974,60.0807],[-165.6672,60.0984],[-165.6693,60.1224],[-165.7276,60.162],[-165.6839,60.2005],[-165.6984,60.2203],[-165.7203,60.2255],[-165.7287,60.2422],[-165.6943,60.2526],[-165.688,60.2901],[-165.7292,60.2958],[-165.8729,60.3396],[-165.912,60.3349],[-165.9271,60.3167],[-165.9521,60.3187],[-165.9995,60.3089],[-166.0229,60.3167],[-166.0891,60.3214],[-166.0755,60.3453],[-166.1146,60.3667]]],[[[-172.9292,60.6021],[-172.9609,60.5943],[-173.0042,60.5687],[-173.0412,60.5599],[-173.0458,60.5271],[-173.0661,60.5057],[-173.0562,60.4938],[-173.0229,60.4938],[-172.9854,60.4813],[-172.9438,60.4813],[-172.8974,60.4484],[-172.8589,60.4349],[-172.8328,60.4172],[-172.7526,60.3849],[-172.737,60.3651],[-172.6276,60.3349],[-172.6182,60.3234],[-172.5688,60.3187],[-172.5151,60.3318],[-172.4625,60.3354],[-172.4333,60.3312],[-172.4042,60.3375],[-172.3542,60.3375],[-172.3047,60.3161],[-172.2917,60.2958],[-172.2422,60.3005],[-172.2214,60.3109],[-172.3016,60.3359],[-172.3838,60.3828],[-172.4229,60.3875],[-172.4563,60.3812],[-172.5292,60.3812],[-172.5443,60.3651],[-172.6141,60.3776],[-172.6167,60.4],[-172.7479,60.4437],[-172.7682,60.4464],[-172.8297,60.4828],[-172.8766,60.4984],[-172.9026,60.5328],[-172.9328,60.5589],[-172.9109,60.588],[-172.9292,60.6021]]],[[[-164.2275,59.8339],[-164.2572,59.8775],[-164.2694,59.87],[-164.2275,59.8339]]],[[[-163.7839,60.8859],[-163.8224,60.887],[-163.875,60.8583],[-163.8229,60.8417],[-163.7875,60.8458],[-163.7755,60.8745],[-163.7839,60.8859]]],[[[-173.0599,60.6609],[-173.087,60.6995],[-173.1161,60.6589],[-173.0703,60.6297],[-173.0599,60.6609]]],[[[-164.987,60.8724],[-165.0021,60.875],[-165.0203,60.8391],[-164.9984,60.8234],[-164.9583,60.8208],[-164.8901,60.838],[-164.987,60.8724]]],[[[-162.462,60.2359],[-162.4724,60.2505],[-162.5141,60.2474],[-162.4911,60.2318],[-162.462,60.2359]]],[[[-153.4858,61.4839],[-153.1272,61.4836],[-153.0098,61.4262],[-153.0099,61.5127],[-152.9869,61.5129],[-152.9871,61.8593],[-152.9967,61.8597],[-152.997,62.2063],[-153.0078,62.2061],[-153.0076,62.3291],[-153.0696,62.3291],[-153.0703,62.2495],[-153.3946,62.2497],[-153.3953,62.1631],[-153.7617,62.1631],[-153.7619,62.0325],[-157.0641,62.0329],[-157.0636,62.1409],[-158.5002,62.1413],[-158.5003,62.0545],[-159.2654,62.0543],[-159.2651,61.9463],[-160.536,61.9461],[-160.5284,61.9267],[-160.5017,61.8927],[-160.4695,61.8693],[-160.398,61.8511],[-160.3219,61.8463],[-160.2531,61.8577],[-160.2197,61.8407],[-160.1873,61.8353],[-160.191,61.8217],[-160.2026,61.8105],[-160.2651,61.8175],[-160.3504,61.8189],[-160.404,61.8125],[-160.461,61.8003],[-160.5973,61.7601],[-160.6834,61.7519],[-160.7748,61.7383],[-160.8697,61.7139],[-160.9544,61.6859],[-161.0269,61.6537],[-161.0842,61.6153],[-161.1228,61.6003],[-161.2753,61.5881],[-161.3263,61.5807],[-161.4499,61.5691],[-161.537,61.5439],[-161.599,61.5333],[-161.6634,61.5339],[-161.7381,61.5183],[-161.8849,61.4829],[-162.0135,61.4769],[-162.0553,61.4815],[-162.1238,61.4969],[-162.2207,61.5097],[-162.2658,61.5099],[-162.3286,61.5183],[-162.3986,61.4991],[-162.4762,61.5041],[-162.468,61.5435],[-162.4965,61.5533],[-162.5996,61.5487],[-162.7052,61.5357],[-162.7544,61.5425],[-162.8326,61.5049],[-162.868,61.4927],[-162.9604,61.4827],[-163.0617,61.4801],[-163.1001,61.4745],[-163.1714,61.4493],[-163.2232,61.4549],[-163.2954,61.4559],[-163.3593,61.4743],[-163.3965,61.4631],[-163.4082,61.4841],[-163.44,61.4801],[-163.429,61.4623],[-163.4482,61.4469],[-163.4858,61.4329],[-163.4679,61.4091],[-163.5316,61.4013],[-163.5422,61.3817],[-163.5237,61.3551],[-163.5848,61.3393],[-163.6548,61.3357],[-163.7855,61.3673],[-163.8225,61.3561],[-163.8759,61.3691],[-163.9336,61.3655],[-163.9848,61.3723],[-164.0035,61.3235],[-163.9774,61.3037],[-163.9906,61.2843],[-163.9793,61.2529],[-163.924,61.2483],[-163.9132,61.2227],[-163.9213,61.2109],[-163.9984,61.1923],[-164.0177,61.1931],[-164.0804,61.1601],[-164.0769,61.1433],[-164.1211,61.1271],[-164.157,61.1531],[-164.2014,61.1515],[-164.2257,61.1229],[-164.1928,61.1159],[-164.2115,61.0825],[-164.1853,61.0705],[-164.1452,61.0651],[-164.1544,61.0227],[-164.2193,61.0069],[-164.2248,60.9925],[-164.2682,60.9875],[-164.3016,60.9749],[-164.3393,60.9785],[-164.39,60.9723],[-164.4117,60.9503],[-164.4399,60.9579],[-164.5299,60.9411],[-164.6032,60.9437],[-164.6408,60.9549],[-164.7019,60.9823],[-164.7296,60.9709],[-164.7975,60.9823],[-164.963,60.9521],[-164.9668,60.9458],[-164.925,60.95],[-164.8437,60.9375],[-164.8172,60.9161],[-164.7849,60.9078],[-164.7521,60.9229],[-164.6229,60.9354],[-164.5792,60.9333],[-164.5651,60.9099],[-164.5693,60.888],[-164.587,60.8651],[-164.5396,60.8479],[-164.5,60.8521],[-164.4271,60.8708],[-164.3292,60.8604],[-164.2479,60.8604],[-164.15,60.8833],[-164.1271,60.8729],[-164.088,60.8776],[-164.1432,60.9234],[-164.2141,60.9255],[-164.2276,60.9432],[-164.1911,60.9568],[-164.138,60.9505],[-164.137,60.9807],[-164.0547,60.9984],[-164.0417,61.0083],[-164.0745,61.0193],[-164.0313,61.0313],[-164.0224,61.0432],[-163.9859,61.0359],[-163.9911,61.0089],[-163.9734,61.0036],[-163.9766,60.9818],[-163.9234,60.9516],[-163.9672,60.8943],[-164.0578,60.8828],[-164.0667,60.8708],[-164.0271,60.8625],[-163.9854,60.8625],[-163.913,60.8859],[-163.8776,60.9276],[-163.8484,60.9359],[-163.8141,60.9589],[-163.8021,60.9792],[-163.8396,60.9813],[-163.8193,60.9589],[-163.8521,60.9458],[-163.8838,60.963],[-163.9458,60.9792],[-163.9463,61.0036],[-163.9151,61.0057],[-163.8505,60.9891],[-163.8401,60.9995],[-163.912,61.0109],[-163.9312,61.0333],[-163.9245,61.0495],[-163.9583,61.0771],[-164.0182,61.0724],[-164.0224,61.088],[-163.9958,61.0958],[-163.95,61.0958],[-163.8828,61.0828],[-163.875,61.0625],[-163.8974,61.0339],[-163.8714,61.0266],[-163.8583,61.0104],[-163.8229,61.0104],[-163.8432,61.0401],[-163.8443,61.0911],[-163.9167,61.1167],[-163.937,61.1307],[-163.9214,61.1443],[-163.9328,61.1599],[-163.9141,61.1911],[-163.8625,61.2042],[-163.8292,61.2208],[-163.7729,61.2292],[-163.7422,61.2245],[-163.7479,61.2083],[-163.7229,61.1958],[-163.6443,61.213],[-163.6271,61.225],[-163.5708,61.2313],[-163.5542,61.2396],[-163.513,61.2286],[-163.5396,61.1979],[-163.5875,61.1896],[-163.6271,61.1958],[-163.6729,61.1833],[-163.7042,61.1479],[-163.7474,61.138],[-163.7479,61.1],[-163.7792,61.0875],[-163.7667,61.0458],[-163.7401,61.0411],[-163.763,61.0068],[-163.7287,60.9932],[-163.6526,60.9891],[-163.6812,60.9625],[-163.7088,60.9516],[-163.6771,60.925],[-163.5578,60.913],[-163.5146,60.9167],[-163.5672,60.8755],[-163.5995,60.8786],[-163.6542,60.8708],[-163.6771,60.8583],[-163.7187,60.8688],[-163.7229,60.85],[-163.6521,60.8292],[-163.625,60.8646],[-163.5083,60.875],[-163.4646,60.8875],[-163.4276,60.887],[-163.4271,60.8667],[-163.363,60.8516],[-163.3687,60.8271],[-163.3479,60.8125],[-163.3193,60.8245],[-163.288,60.812],[-163.2776,60.7964],[-163.3146,60.7833],[-163.3953,60.7693],[-163.4297,60.7984],[-163.4458,60.7875],[-163.4089,60.7786],[-163.4312,60.7625],[-163.4318,60.7453],[-163.4089,60.7224],[-163.4089,60.7089],[-163.4588,60.662],[-163.55,60.6208],[-163.5807,60.6141],[-163.6172,60.5943],[-163.7042,60.5729],[-163.7745,60.5734],[-163.7932,60.5797],[-163.8047,60.6161],[-163.8203,60.6234],[-163.812,60.6536],[-163.7859,60.6651],[-163.812,60.6839],[-163.8005,60.713],[-163.7734,60.7328],[-163.7839,60.7516],[-163.8333,60.7521],[-163.8641,60.7609],[-163.9125,60.7854],[-164.0161,60.7641],[-164.0609,60.7255],[-164.0932,60.7099],[-164.0838,60.6943],[-164.1078,60.6661],[-164.1417,60.6521],[-164.2458,60.6521],[-164.2724,60.6349],[-164.2797,60.6193],[-164.3089,60.5984],[-164.3516,60.5786],[-164.3703,60.5557],[-164.4146,60.55],[-164.4438,60.5604],[-164.5036,60.5536],[-164.4807,60.5797],[-164.4146,60.5667],[-164.3818,60.5776],[-164.3724,60.5953],[-164.3234,60.6339],[-164.2953,60.6661],[-164.2161,60.688],[-164.2432,60.7047],[-164.2646,60.7292],[-164.2568,60.7766],[-164.275,60.7896],[-164.3188,60.7833],[-164.3667,60.8042],[-164.4042,60.7958],[-164.4359,60.8182],[-164.4687,60.825],[-164.5083,60.8187],[-164.6333,60.8187],[-164.6849,60.8234],[-164.6953,60.8339],[-164.6911,60.862],[-164.6609,60.8734],[-164.638,60.9016],[-164.6625,60.9063],[-164.7536,60.8891],[-164.7771,60.8729],[-164.8396,60.85],[-164.8604,60.8521],[-164.8953,60.8818],[-164.9292,60.9208],[-164.9557,60.8995],[-164.9349,60.8734],[-164.8714,60.8536],[-164.8589,60.8432],[-164.8859,60.812],[-164.9146,60.8021],[-165.0349,60.7776],[-165.0161,60.7484],[-164.9729,60.7396],[-164.963,60.7266],[-164.9901,60.6984],[-165.0312,60.6854],[-165.0562,60.6875],[-165.0995,60.6578],[-165.1516,60.6474],[-165.1693,60.6255],[-165.1938,60.6146],[-165.2312,60.6146],[-165.2557,60.5995],[-165.2464,60.5901],[-165.2917,60.5729],[-165.3687,60.5771],[-165.413,60.5474],[-165.3703,60.5068],[-165.3208,60.5062],[-165.2646,60.4917],[-165.1875,60.4979],[-165.1589,60.513],[-165.125,60.5187],[-165.1,60.5333],[-165.075,60.5333],[-165.0479,60.5458],[-164.9755,60.5411],[-164.9568,60.5286],[-165.0005,60.4755],[-165.0562,60.4562],[-165.1391,60.4422],[-165.1182,60.4214],[-165.0141,60.3609],[-164.9641,60.3401],[-164.8646,60.3063],[-164.7771,60.2938],[-164.6682,60.2901],[-164.6516,60.2505],[-164.6224,60.2339],[-164.525,60.1979],[-164.4891,60.1818],[-164.4417,60.1688],[-164.413,60.1755],[-164.4125,60.1917],[-164.3651,60.187],[-164.3557,60.1568],[-164.3141,60.162],[-164.3109,60.1484],[-164.3537,60.1495],[-164.3734,60.1828],[-164.3917,60.1854],[-164.4234,60.1651],[-164.4557,60.163],[-164.4672,60.1745],[-164.4979,60.175],[-164.4578,60.1318],[-164.4463,60.1286],[-164.3828,60.0776],[-164.3537,60.0734],[-164.3432,60.0568],[-164.2667,60.0458],[-164.1938,60.0271],[-164.1536,60.0016],[-164.1265,59.9938],[-164.1257,59.9727],[-164.172,59.9679],[-164.2005,59.9588],[-164.211,59.9434],[-164.1983,59.9151],[-164.1622,59.8681],[-164.1408,59.8498],[-164.0928,59.8307],[-164.0192,59.8202],[-164.0052,59.8144],[-163.8726,59.8009],[-163.681,59.7976],[-163.4308,59.812],[-163.3114,59.8242],[-163.262,59.8359],[-163.1472,59.8478],[-163.0738,59.8652],[-162.9984,59.8869],[-162.913,59.9232],[-162.8714,59.9255],[-162.7842,59.9428],[-162.7534,59.9532],[-162.7333,59.9719],[-162.7578,60.0057],[-162.8141,60.0297],[-162.8286,60.0484],[-162.7839,60.0526],[-162.7734,60.0693],[-162.7839,60.0911],[-162.8224,60.1089],[-162.8141,60.1318],[-162.7713,60.1224],[-162.8057,60.1099],[-162.7896,60.0979],[-162.738,60.0995],[-162.7641,60.0745],[-162.762,60.0589],[-162.7359,60.0432],[-162.7437,60.0292],[-162.7276,60.0161],[-162.738,59.9999],[-162.641,59.974],[-162.5656,59.9761],[-162.5154,59.9893],[-162.4797,60.0318],[-162.5036,60.113],[-162.4911,60.1453],[-162.4693,60.1568],[-162.4505,60.1828],[-162.4693,60.1974],[-162.5599,60.2193],[-162.5854,60.2417],[-162.6417,60.2417],[-162.6646,60.2583],[-162.5797,60.2526],[-162.5443,60.2776],[-162.5276,60.3234],[-162.4854,60.3667],[-162.4438,60.3625],[-162.413,60.3755],[-162.4307,60.4089],[-162.4026,60.4151],[-162.3797,60.4401],[-162.3755,60.4651],[-162.3609,60.4734],[-162.3151,60.5234],[-162.2964,60.5536],[-162.2974,60.5724],[-162.262,60.612],[-162.2208,60.6333],[-162.1542,60.6417],[-162.0974,60.6609],[-162.034,60.6646],[-162.0417,60.6417],[-162.0813,60.6417],[-162.1349,60.6161],[-162.1755,60.5901],[-162.2141,60.5786],[-162.2203,60.5589],[-162.2172,60.5089],[-162.2578,60.487],[-162.3016,60.4474],[-162.3026,60.388],[-162.3292,60.3583],[-162.3641,60.3474],[-162.4021,60.3208],[-162.4354,60.3229],[-162.4578,60.2943],[-162.4307,60.2734],[-162.388,60.2599],[-162.3338,60.2245],[-162.3391,60.1839],[-162.3062,60.1771],[-162.2932,60.1953],[-162.2693,60.1911],[-162.2854,60.1688],[-162.3521,60.175],[-162.3661,60.1589],[-162.3182,60.1109],[-162.2974,60.0984],[-162.2646,60.0583],[-162.2443,60.0724],[-162.2641,60.088],[-162.2682,60.1078],[-162.2453,60.1286],[-162.2005,60.1516],[-162.2234,60.1724],[-162.2375,60.175],[-162.2641,60.1943],[-162.2672,60.2057],[-162.2187,60.2042],[-162.2167,60.1937],[-162.2411,60.1818],[-162.1943,60.1641],[-162.1792,60.1375],[-162.2203,60.1203],[-162.2349,60.088],[-162.2161,60.037],[-162.1889,59.999],[-162.1444,59.9709],[-162.103,59.9524],[-162.0907,59.928],[-162.0972,59.9137],[-162.088,59.8868],[-162.022,59.8345],[-161.9655,59.7998],[-161.9277,59.738],[-161.8784,59.6948],[-161.8773,59.6575],[-161.8681,59.635],[-161.8035,59.5769],[-161.7595,59.5479],[-161.7513,59.5341],[-161.7081,59.5],[-161.7163,59.4781],[-161.7365,59.4698],[-161.8001,59.4715],[-161.82,59.4338],[-161.8712,59.4216],[-161.8916,59.3948],[-161.912,59.3937],[-161.9588,59.3722],[-161.954,59.3391],[-161.9642,59.2946],[-161.9538,59.2715],[-161.9604,59.2433],[-162.0188,59.2287],[-162.0367,59.2291],[-162.0049,59.1852],[-161.996,59.1632],[-161.9404,59.1099],[-161.8869,59.0719],[-161.8416,59.0591],[-161.8302,59.0477],[-161.8462,59.0253],[-161.808,58.9939],[-161.7885,58.9682],[-161.7852,58.9411],[-161.7891,58.8917],[-161.7594,58.83],[-161.7583,58.7966],[-161.7772,58.7639],[-161.8027,58.7402],[-161.8671,58.7145],[-161.8353,58.6785],[-161.872,58.6605],[-161.9226,58.6486],[-161.9481,58.6505],[-161.9659,58.6683],[-161.995,58.6822],[-162.0214,58.6736],[-162.0491,58.6786],[-162.0677,58.6621],[-162.1162,58.6703],[-162.1299,58.6604],[-162.1709,58.6513],[-162.1379,58.6365],[-162.0841,58.6257],[-161.9712,58.6317],[-161.9084,58.6309],[-161.8826,58.6263],[-161.8223,58.6291],[-161.7745,58.6],[-161.7395,58.5569],[-161.7123,58.553],[-161.6874,58.5735],[-161.6319,58.5985],[-161.5962,58.6051],[-161.5479,58.6064],[-161.5491,58.6181],[-161.5189,58.6315],[-161.4266,58.6527],[-161.3766,58.667],[-161.3769,58.7051],[-161.3659,58.7191],[-161.3065,58.7539],[-161.2903,58.7719],[-161.2447,58.7804],[-161.1792,58.7844],[-161.1767,58.7945],[-161.0769,58.8194],[-161.0311,58.8435],[-161.0313,58.9997],[-160.8643,58.9995],[-160.8649,59.0859],[-160.6975,59.0861],[-160.6978,59.2594],[-160.6432,59.2593],[-160.6433,59.3463],[-160.4755,59.3461],[-160.4751,59.4329],[-160.4185,59.4328],[-160.4182,59.6061],[-160.2483,59.6061],[-160.2481,59.7793],[-160.0173,59.7795],[-160.0178,59.953],[-159.8452,59.953],[-159.8456,60.1261],[-159.7823,60.1263],[-159.7819,60.2127],[-159.6079,60.2128],[-159.608,60.3864],[-159.4341,60.3863],[-159.4346,60.473],[-159.2352,60.473],[-159.2352,60.6461],[-159.1905,60.6463],[-159.1903,60.7331],[-159.0155,60.7328],[-159.0149,60.8196],[-158.8818,60.8196],[-158.8817,60.9059],[-157.8772,60.906],[-157.8771,60.8197],[-157.7,60.8196],[-157.6996,60.9064],[-157.522,60.9061],[-157.5221,60.9929],[-157.1678,60.9929],[-157.1678,60.9061],[-153.4406,60.9061],[-153.4405,61.1663],[-153.4852,61.1663],[-153.4858,61.4839]]]]},"properties":{"GID_0":"USA","GID_1":"USA.2_1","GID_2":"USA.2.4_1","NAME_1":"Alaska","NAME_2":"Bethel"}},
{"type":"Feature","geometry":{"type":"Polygon","coordinates":[[[-157.2605,58.6162],[-156.3206,58.6165],[-156.3202,58.8837],[-156.9996,58.8836],[-157.0194,58.8719],[-157.0044,58.8224],[-157.04,58.7826],[-157.0683,58.769],[-157.0712,58.7354],[-157.0387,58.7089],[-157.0935,58.704],[-157.1815,58.6602],[-157.2103,58.6399],[-157.2605,58.6162]]]},"properties":{"GID_0":"USA","GID_1":"USA.2_1","GID_2":"USA.2.5_1","NAME_1":"Alaska","NAME_2":"BristolBay"}},
{"type":"Feature","geometry":{"type":"Polygon","coordinates":[[[-153.0055,62.7256],[-151.8917,62.7257],[-151.8843,62.7979],[-150.0006,63.2188],[-149.4935,63.3263],[-148.0256,63.326],[-148.0252,63.4776],[-147.6256,63.4777],[-147.6314,63.4974],[-147.5998,63.5146],[-147.5429,63.5296],[-147.5625,63.5512],[-147.4905,63.562],[-147.4691,63.555],[-147.3934,63.5581],[-147.3903,63.5671],[-147.2793,63.5941],[-147.2719,63.6152],[-147.332,63.6184],[-147.3554,63.626],[-147.3607,63.6433],[-147.3883,63.654],[-147.441,63.6488],[-147.4904,63.6563],[-147.5149,63.6666],[-147.5625,63.6703],[-147.516,63.7058],[-147.5558,63.7112],[-147.578,63.7224],[-147.5692,63.7393],[-147.6103,63.753],[-147.6694,63.7542],[-147.7015,63.7765],[-147.6929,63.7865],[-147.6343,63.7868],[-147.6403,63.8185],[-147.5933,63.843],[-147.5939,63.8656],[-147.5748,63.8726],[-147.5903,63.8916],[-147.6248,63.9072],[-147.5903,63.9159],[-147.5539,63.9425],[-147.4908,63.9549],[-147.4592,63.9523],[-147.4207,63.9995],[-147.3645,64.0215],[-147.3699,64.0301],[-147.4499,64.0636],[-147.5032,64.0952],[-147.4991,64.1101],[-147.5386,64.1757],[-147.5435,64.2166],[-147.5708,64.257],[-147.7753,64.2573],[-147.8226,64.2806],[-147.8713,64.2874],[-147.8968,64.306],[-147.9608,64.3243],[-148.0055,64.3464],[-148.0438,64.3433],[-149.1329,64.3439],[-149.1349,64.3807],[-150.2239,64.3787],[-150.7099,64.3753],[-150.9979,64.1706],[-151.2373,63.9973],[-151.4138,63.9972],[-151.4384,64.0142],[-151.5179,64.0238],[-151.4916,64.0501],[-151.5645,64.0567],[-151.5654,64.0677],[-151.8183,64.0687],[-151.8466,64.0314],[-151.8104,63.9971],[-152.0577,63.9971],[-152.0558,63.824],[-152.2258,63.8241],[-152.2261,63.6507],[-152.8731,63.6507],[-152.8736,63.4775],[-152.8112,63.4774],[-152.8105,63.3465],[-152.6198,63.3467],[-152.6196,63.3043],[-152.4282,63.3043],[-152.4277,63.1524],[-152.6941,62.9576],[-153.0055,62.7256]]]},"properties":{"GID_0":"USA","GID_1":"USA.2_1","GID_2":"USA.2.6_1","NAME_1":"Alaska","NAME_2":"Denali"}},
{"type":"Feature","geometry":{"type":"MultiPolygon","coordinates":[[[[-160.28,58.7185],[-160.3094,58.7139],[-160.3167,58.6817],[-160.2789,58.6831],[-160.28,58.7185]]],[[[-160.6836,58.817],[-160.7133,58.8003],[-160.7422,58.7983],[-160.7683,58.7736],[-160.8155,58.7662],[-160.8657,58.7456],[-160.9107,58.7459],[-160.9939,58.7243],[-161.0175,58.7101],[-161.0621,58.7003],[-161.0536,58.6897],[-161.0797,58.6383],[-161.0724,58.6055],[-161.0862,58.5865],[-161.0735,58.5736],[-161.0854,58.5534],[-161.0733,58.5456],[-161.0366,58.5583],[-160.963,58.5511],[-160.9222,58.5614],[-160.8783,58.5847],[-160.855,58.6258],[-160.7983,58.6856],[-160.7711,58.7244],[-160.7139,58.7778],[-160.6836,58.817]]],[[[-160.4166,58.6824],[-160.3869,58.7015],[-160.3854,58.729],[-160.4127,58.7454],[-160.4399,58.6897],[-160.4166,58.6824]]],[[[-161.0311,58.8435],[-161.0017,58.8486],[-160.9632,58.8768],[-160.8651,58.8799],[-160.8252,58.8447],[-160.778,58.8922],[-160.6976,58.9349],[-160.6365,58.963],[-160.6016,58.9713],[-160.5438,58.9943],[-160.5192,59.0126],[-160.476,59.0302],[-160.4087,59.0484],[-160.3585,59.0738],[-160.3238,59.073],[-160.3091,59.0611],[-160.3439,59.0538],[-160.2808,59.0225],[-160.256,58.9868],[-160.3002,58.9732],[-160.33,58.9536],[-160.2647,58.9443],[-160.2487,58.8906],[-160.2219,58.9076],[-160.1947,58.9145],[-160.1564,58.9061],[-160.1602,58.863],[-160.1222,58.8655],[-160.0905,58.8792],[-160.0243,58.8852],[-159.9856,58.8601],[-159.9727,58.8189],[-159.9101,58.7772],[-159.8603,58.7821],[-159.802,58.8027],[-159.7912,58.8209],[-159.817,58.8415],[-159.7961,58.8523],[-159.7603,58.8385],[-159.7504,58.8583],[-159.7679,58.8753],[-159.7439,58.8939],[-159.7428,58.9246],[-159.6204,58.9395],[-159.5906,58.9041],[-159.6473,58.8414],[-159.6018,58.8309],[-159.5792,58.8388],[-159.4895,58.8233],[-159.4547,58.8103],[-159.453,58.8],[-159.3875,58.7578],[-159.3176,58.6961],[-159.2313,58.6069],[-159.2084,58.5731],[-159.1211,58.4869],[-159.0721,58.4494],[-159.0589,58.4212],[-158.9786,58.4041],[-158.9013,58.3908],[-158.8356,58.3969],[-158.8045,58.4078],[-158.7528,58.443],[-158.7041,58.4936],[-158.7363,58.4915],[-158.7723,58.5319],[-158.7757,58.5561],[-158.8098,58.5824],[-158.8185,58.6092],[-158.8369,58.6251],[-158.8427,58.6527],[-158.8642,58.6932],[-158.9047,58.7256],[-158.8341,58.7241],[-158.8039,58.736],[-158.7746,58.7751],[-158.7977,58.8151],[-158.7774,58.8494],[-158.7822,58.8824],[-158.7217,58.8734],[-158.6511,58.9073],[-158.6254,58.9117],[-158.612,58.9374],[-158.5861,58.9646],[-158.5409,58.996],[-158.5369,59.0199],[-158.5182,59.0352],[-158.4599,59.0379],[-158.407,59.0646],[-158.3563,59.059],[-158.3197,59.0476],[-158.3128,59.0241],[-158.3745,59.0362],[-158.42,59.023],[-158.4404,58.9924],[-158.4436,58.9703],[-158.4928,58.952],[-158.4888,58.9176],[-158.5158,58.8624],[-158.5313,58.8452],[-158.5664,58.841],[-158.5583,58.821],[-158.5733,58.8144],[-158.5484,58.7923],[-158.5258,58.7858],[-158.4413,58.775],[-158.3961,58.7609],[-158.3695,58.7454],[-158.3421,58.7142],[-158.3334,58.6635],[-158.2959,58.6366],[-158.2758,58.6372],[-158.2212,58.6146],[-158.1521,58.6122],[-158.0872,58.6202],[-157.9164,58.6654],[-157.8141,58.6888],[-157.7895,58.7015],[-157.7142,58.7265],[-157.6204,58.7427],[-157.5443,58.7592],[-157.5046,58.7798],[-157.4227,58.794],[-157.405,58.8067],[-157.3625,58.8171],[-157.3156,58.8351],[-157.2744,58.8363],[-157.1966,58.8479],[-157.1963,59.0859],[-157.2754,59.0861],[-157.2752,59.2597],[-157.1071,59.2593],[-157.107,59.3461],[-156.7701,59.346],[-156.77,59.4328],[-156.6756,59.4327],[-156.6753,59.5195],[-156.505,59.5197],[-156.5051,59.6065],[-156.1647,59.6061],[-156.1648,59.6929],[-155.9946,59.6929],[-155.9952,59.7797],[-156.0088,59.7794],[-156.0101,59.953],[-156.0096,60.1261],[-156.0019,60.1941],[-156.0025,60.9061],[-157.1678,60.9061],[-157.1678,60.9929],[-157.5221,60.9929],[-157.522,60.9061],[-157.6996,60.9064],[-157.7,60.8196],[-157.8771,60.8197],[-157.8772,60.906],[-158.8817,60.9059],[-158.8818,60.8196],[-159.0149,60.8196],[-159.0155,60.7328],[-159.1903,60.7331],[-159.1905,60.6463],[-159.2352,60.6461],[-159.2352,60.473],[-159.4346,60.473],[-159.4341,60.3863],[-159.608,60.3864],[-159.6079,60.2128],[-159.7819,60.2127],[-159.7823,60.1263],[-159.8456,60.1261],[-159.8452,59.953],[-160.0178,59.953],[-160.0173,59.7795],[-160.2481,59.7793],[-160.2483,59.6061],[-160.4182,59.6061],[-160.4185,59.4328],[-160.4751,59.4329],[-160.4755,59.3461],[-160.6433,59.3463],[-160.6432,59.2593],[-160.6978,59.2594],[-160.6975,59.0861],[-160.8649,59.0859],[-160.8643,58.9995],[-161.0313,58.9997],[-161.0311,58.8435]]]]},"properties":{"GID_0":"USA","GID_1":"USA.2_1","GID_2":"USA.2.7_1","NAME_1":"Alaska","NAME_2":"Dillingham"}},
{"type":"Feature","geometry":{"type":"Polygon","coordinates":[[[-147.5708,64.257],[-146.6585,64.2568],[-146.6151,64.2703],[-146.5554,64.2762],[-146.4921,64.2887],[-146.3698,64.288],[-146.3371,64.282],[-146.3055,64.2972],[-146.2343,64.3104],[-146.2206,64.3421],[-146.2379,64.3577],[-146.1766,64.3721],[-146.1572,64.3859],[-146.1135,64.3882],[-146.0399,64.3799],[-146.0008,64.3839],[-145.9161,64.4237],[-145.8804,64.4298],[-145.8084,64.4303],[-145.7655,64.4408],[-145.7391,64.4605],[-145.6694,64.4422],[-145.6372,64.4397],[-145.614,64.4259],[-145.5318,64.4176],[-145.4993,64.4233],[-145.444,64.4449],[-145.3694,64.4561],[-145.3605,64.4869],[-145.2963,64.4961],[-145.2729,64.4905],[-145.2055,64.5069],[-145.1574,64.5011],[-145.0724,64.5132],[-144.9819,64.5642],[-144.9214,64.5787],[-144.8457,64.5669],[-144.7915,64.5698],[-144.7398,64.5934],[-144.667,64.5845],[-144.6045,64.5959],[-144.5487,64.5996],[-144.4622,64.5829],[-144.3125,64.6161],[-144.3079,64.6421],[-144.2084,64.6484],[-144.1853,64.6422],[-144.1432,64.6553],[-144.1137,64.649],[-144.0707,64.6526],[-144.0465,64.6668],[-144.069,64.6902],[-144.0556,64.6955],[-144.0636,64.7083],[-144.1005,64.7106],[-144.1106,64.7282],[-144.0222,64.7693],[-144.0483,64.7809],[-144.1206,64.7983],[-144.0681,64.8235],[-144.0919,64.8535],[-144.0594,64.8665],[-144.0647,64.8851],[-144.0416,64.9012],[-144.0735,64.9212],[-143.9911,64.9465],[-143.9887,64.9514],[-143.9881,64.9593],[-143.9917,64.9768],[-144.0488,64.986],[-144.0937,65.002],[-144.1059,65.0156],[-144.0568,65.0192],[-144.0312,65.0403],[-143.9655,65.0485],[-143.8843,65.0903],[-143.9272,65.1019],[-143.9784,65.119],[-144.0152,65.1115],[-144.0552,65.1177],[-144.1182,65.1176],[-144.1437,65.1105],[-144.1875,65.118],[-144.2467,65.1188],[-144.3235,65.1105],[-144.3434,65.0894],[-144.4229,65.0729],[-144.4455,65.0622],[-144.4839,65.0812],[-144.5429,65.0727],[-144.5936,65.0797],[-144.6046,65.089],[-144.6872,65.1056],[-144.7058,65.0964],[-144.7531,65.1012],[-144.8185,65.1196],[-144.8471,65.1172],[-144.8805,65.1357],[-144.9204,65.1278],[-144.9753,65.1355],[-145.0495,65.115],[-145.0867,65.0985],[-145.1519,65.0977],[-145.2214,65.0698],[-145.3049,65.0722],[-145.3503,65.0688],[-145.3884,65.0847],[-145.418,65.0847],[-145.4445,65.0668],[-145.5175,65.0655],[-145.5287,65.0497],[-145.5895,65.046],[-145.6463,65.0337],[-145.702,65.0778],[-145.7674,65.0711],[-145.7494,65.098],[-145.6893,65.1101],[-145.673,65.1279],[-145.6155,65.1439],[-145.675,65.1591],[-145.6784,65.1848],[-145.7372,65.1837],[-145.8279,65.1983],[-145.8517,65.2098],[-145.9527,65.2053],[-145.9974,65.2303],[-146.0784,65.245],[-146.089,65.262],[-146.1264,65.2781],[-146.1114,65.3039],[-146.1376,65.3099],[-146.1141,65.3268],[-146.0055,65.3748],[-145.9758,65.3981],[-145.9945,65.4064],[-146.0558,65.403],[-146.1201,65.4058],[-146.1143,65.417],[-146.1564,65.4279],[-146.1647,65.4428],[-146.1793,65.4531],[-146.2023,65.4539],[-146.2309,65.4439],[-146.2831,65.4411],[-146.3159,65.4314],[-146.3545,65.4346],[-146.4036,65.42],[-146.4347,65.4338],[-146.5251,65.4211],[-146.4901,65.3868],[-146.5689,65.3447],[-146.6121,65.3444],[-146.6937,65.3196],[-146.7843,65.3078],[-146.8061,65.2972],[-146.9027,65.2839],[-146.9496,65.2737],[-147.0171,65.2902],[-147.033,65.2802],[-147.1178,65.2803],[-147.1544,65.2855],[-147.335,65.2732],[-147.4005,65.2507],[-147.4951,65.2351],[-147.5513,65.2101],[-148.6616,65.2098],[-148.6614,64.8636],[-148.6485,64.8633],[-148.6475,64.6266],[-148.6522,64.5873],[-148.6038,64.6153],[-148.5628,64.6162],[-148.5013,64.6006],[-148.4272,64.5742],[-148.4256,64.5493],[-148.3926,64.5253],[-148.3511,64.5215],[-148.322,64.4991],[-148.2436,64.4842],[-148.2454,64.4719],[-148.2095,64.4251],[-148.1657,64.3963],[-148.1071,64.377],[-148.1111,64.3617],[-148.0583,64.3441],[-148.0438,64.3433],[-148.0055,64.3464],[-147.9608,64.3243],[-147.8968,64.306],[-147.8713,64.2874],[-147.8226,64.2806],[-147.7753,64.2573],[-147.5708,64.257]]]},"properties":{"GID_0":"USA","GID_1":"USA.2_1","GID_2":"USA.2.8_1","NAME_1":"Alaska","NAME_2":"FairbanksNorthStar"}},
{"type":"Feature","geometry":{"type":"MultiPolygon","coordinates":[[[[-134.9495,58.9725],[-134.3524,58.9691],[-134.4074,58.979],[-134.382,59.0388],[-134.4469,59.089],[-134.4827,59.131],[-134.5655,59.1308],[-134.6789,59.1921],[-134.7007,59.2489],[-134.9598,59.281],[-135.0305,59.3465],[-135.3569,59.3437],[-135.3679,59.3234],[-135.3711,59.2653],[-135.3256,59.2258],[-135.3113,59.1994],[-135.2849,59.1974],[-135.2721,59.1637],[-135.2516,59.1504],[-135.233,59.125],[-135.223,59.0913],[-135.2036,59.0704],[-135.204,59.0296],[-135.1778,59.0006],[-135.1739,58.9745],[-134.9495,58.9725]]],[[[-135.3007,58.9491],[-135.2967,58.9592],[-135.3286,59.01],[-135.3537,59.0052],[-135.3456,58.9706],[-135.3294,58.9372],[-135.3007,58.9491]]],[[[-135.7134,59.7312],[-135.9476,59.6634],[-136.1953,59.6388],[-136.3535,59.5999],[-136.2414,59.5591],[-136.2363,59.5267],[-136.3014,59.4658],[-136.3609,59.4509],[-136.3963,59.4474],[-136.464,59.463],[-136.4645,59.3823],[-136.4578,59.2814],[-136.4867,59.265],[-136.4457,59.2649],[-136.4326,59.2527],[-136.3663,59.2489],[-136.3658,59.2353],[-136.314,59.2353],[-136.2637,59.2295],[-136.2203,59.2144],[-136.1928,59.2201],[-136.1435,59.186],[-136.1139,59.2095],[-136.0655,59.2026],[-136.0461,59.1791],[-135.9954,59.1864],[-135.948,59.179],[-135.889,59.1758],[-135.8761,59.1604],[-135.852,59.156],[-135.8221,59.138],[-135.7803,59.141],[-135.6967,59.1052],[-135.7174,59.0723],[-135.7061,59.0433],[-135.6834,59.0175],[-135.6476,59.0009],[-135.5808,58.9871],[-135.5628,58.969],[-135.5642,58.9454],[-135.601,58.9257],[-135.6008,58.9102],[-135.5377,58.8978],[-135.5498,58.8805],[-135.5691,58.8672],[-135.6166,58.8565],[-135.6776,58.8589],[-135.6763,58.8403],[-135.7088,58.8279],[-135.7074,58.8038],[-135.73,58.7877],[-135.7322,58.7686],[-135.7514,58.7585],[-135.7536,58.7421],[-135.7331,58.7282],[-135.6998,58.7375],[-135.6739,58.7158],[-135.6335,58.721],[-135.6219,58.711],[-135.5823,58.7081],[-135.5452,58.6982],[-135.5252,58.6556],[-135.4777,58.654],[-135.4555,58.6354],[-135.4265,58.6314],[-135.3991,58.6156],[-135.3945,58.5947],[-135.411,58.5842],[-135.3749,58.5675],[-135.3667,58.5343],[-135.336,58.5235],[-135.3156,58.4995],[-135.3575,58.4871],[-135.3812,58.4997],[-135.4294,58.51],[-135.4713,58.5072],[-135.4904,58.4989],[-135.4529,58.4561],[-135.4468,58.416],[-135.4328,58.4081],[-135.3978,58.3254],[-135.3672,58.305],[-135.3454,58.2713],[-135.314,58.2459],[-135.2741,58.2322],[-135.2222,58.2361],[-135.1627,58.2088],[-135.09,58.24],[-135.1076,58.2711],[-135.101,58.2945],[-135.0473,58.3109],[-135.0548,58.3495],[-135.0742,58.3713],[-135.0775,58.4029],[-135.0995,58.4449],[-135.1205,58.4608],[-135.1376,58.4868],[-135.1308,58.5102],[-135.1638,58.5459],[-135.1651,58.5634],[-135.2004,58.5797],[-135.2389,58.6192],[-135.1789,58.6269],[-135.1578,58.6089],[-135.1394,58.6172],[-135.1974,58.6956],[-135.227,58.7178],[-135.2388,58.7451],[-135.2467,58.7908],[-135.2839,58.8183],[-135.3403,58.8891],[-135.325,58.8981],[-135.3288,58.9173],[-135.3709,58.9319],[-135.4022,58.9728],[-135.3951,59.0561],[-135.3784,59.0863],[-135.3822,59.1017],[-135.4406,59.1132],[-135.4665,59.1435],[-135.4691,59.1739],[-135.5178,59.2081],[-135.4756,59.2269],[-135.4101,59.1895],[-135.3916,59.1624],[-135.3772,59.1571],[-135.37,59.1127],[-135.3064,59.1002],[-135.3463,59.1444],[-135.3291,59.1544],[-135.3694,59.2092],[-135.44,59.2375],[-135.4279,59.2503],[-135.4431,59.2766],[-135.5426,59.3079],[-135.5317,59.325],[-135.4871,59.3033],[-135.4413,59.2944],[-135.3933,59.2988],[-135.401,59.3155],[-135.3845,59.3614],[-135.7134,59.7312]]]]},"properties":{"GID_0":"USA","GID_1":"USA.2_1","GID_2":"USA.2.9_1","NAME_1":"Alaska","NAME_2":"Haines"}},
{"type":"Feature","geometry":{"type":"MultiPolygon","coordinates":[[[[-133.5696,57.8836],[-133.5275,57.9142],[-133.5472,57.9142],[-133.575,57.9175],[-133.5696,57.8836]]],[[[-134.7654,58.0965],[-134.7589,58.0784],[-134.6933,58.0313],[-134.6696,58.0287],[-134.6374,58.0533],[-134.6158,58.0599],[-134.569,58.0525],[-134.5479,58.0668],[-134.5671,58.078],[-134.5083,58.0918],[-134.4494,58.0973],[-134.4131,58.1145],[-134.3323,58.1301],[-134.3336,58.1428],[-134.3716,58.1495],[-134.3896,58.16],[-134.4486,58.1739],[-134.4936,58.1717],[-134.538,58.1824],[-134.635,58.1633],[-134.6903,58.1589],[-134.7095,58.1929],[-134.7089,58.2269],[-134.7417,58.1895],[-134.7267,58.1742],[-134.7639,58.1611],[-134.7539,58.1244],[-134.7654,58.0965]]],[[[-134.3292,58.1307],[-134.1801,58.1595],[-134.2065,58.1668],[-134.2322,58.1572],[-134.3014,58.1532],[-134.3311,58.1431],[-134.3292,58.1307]]],[[[-134.5225,58.343],[-134.539,58.3466],[-134.5617,58.3431],[-134.5866,58.3429],[-134.5889,58.3401],[-134.6067,58.3333],[-134.6119,58.3229],[-134.6521,58.3189],[-134.6828,58.2964],[-134.6294,58.2483],[-134.5861,58.23],[-134.5072,58.2167],[-134.4861,58.2289],[-134.46,58.2294],[-134.4033,58.2183],[-134.3378,58.1972],[-134.28,58.1908],[-134.2692,58.2082],[-134.3482,58.2554],[-134.4475,58.3026],[-134.4973,58.3332],[-134.5225,58.343]]],[[[-133.172,58.1538],[-133.2696,58.2271],[-133.3487,58.2795],[-133.4599,58.3885],[-133.38,58.4318],[-133.5042,58.4964],[-133.6995,58.6091],[-133.841,58.7299],[-133.9719,58.7671],[-134.258,58.8609],[-134.3363,58.9236],[-134.3134,58.9621],[-134.3513,58.9691],[-134.9495,58.9725],[-135.1739,58.9745],[-135.1756,58.9367],[-135.1403,58.8737],[-135.1533,58.8551],[-135.1383,58.8306],[-135.1106,58.8142],[-135.0422,58.7442],[-135.0158,58.7599],[-135.0256,58.7731],[-134.994,58.7939],[-134.9523,58.7952],[-134.9364,58.7842],[-134.9302,58.7328],[-134.9466,58.7046],[-134.9203,58.6804],[-134.9903,58.6765],[-134.9678,58.6467],[-134.9385,58.6266],[-134.9437,58.6144],[-134.9089,58.5957],[-134.8941,58.5763],[-134.8334,58.5344],[-134.8178,58.507],[-134.7878,58.495],[-134.7678,58.4278],[-134.7681,58.41],[-134.7484,58.3837],[-134.7267,58.3717],[-134.6933,58.3819],[-134.6431,58.3799],[-134.6378,58.3412],[-134.6061,58.3406],[-134.5906,58.3425],[-134.5867,58.3464],[-134.5761,58.3442],[-134.5389,58.3478],[-134.4878,58.3359],[-134.4561,58.3213],[-134.4286,58.2998],[-134.4052,58.2979],[-134.3274,58.261],[-134.2838,58.2362],[-134.2134,58.2045],[-134.1494,58.2042],[-134.1375,58.229],[-134.1042,58.2355],[-134.1037,58.2492],[-134.1467,58.2725],[-134.1405,58.3061],[-134.0578,58.3325],[-134.0528,58.3764],[-134.0383,58.3978],[-133.9922,58.4247],[-133.9704,58.4465],[-133.9678,58.4639],[-133.985,58.4897],[-133.9415,58.5051],[-133.9489,58.4664],[-133.9317,58.4489],[-133.9472,58.4222],[-134.0007,58.4122],[-134.0161,58.4012],[-133.9971,58.3552],[-134.0054,58.3425],[-133.9795,58.3197],[-134.0044,58.295],[-134.0814,58.28],[-134.0617,58.2636],[-134.0539,58.2308],[-134.0846,58.214],[-134.0877,58.1873],[-134.0782,58.1652],[-134.0705,58.0995],[-134.0517,58.0714],[-134.0138,58.0428],[-133.9739,58.0214],[-133.9272,57.9849],[-133.8902,57.9739],[-133.8505,57.9918],[-133.786,58.009],[-133.8111,58.0282],[-133.809,58.0436],[-133.7872,58.0708],[-133.7609,58.051],[-133.7553,58.0246],[-133.7359,58.0193],[-133.7117,57.9953],[-133.6908,57.959],[-133.6928,57.9436],[-133.7283,57.95],[-133.7461,57.9658],[-133.7619,57.9954],[-133.8334,57.9681],[-133.8491,57.9555],[-133.8501,57.934],[-133.7811,57.8775],[-133.7713,57.8599],[-133.7455,57.8416],[-133.7239,57.8037],[-133.6894,57.7947],[-133.6262,57.8408],[-133.6527,57.8723],[-133.6006,57.8659],[-133.6053,57.9096],[-133.5887,57.927],[-133.5102,57.9273],[-133.4402,58.0023],[-133.172,58.1538]]],[[[-134.9159,58.4867],[-134.9255,58.4778],[-134.8962,58.452],[-134.8846,58.427],[-134.8433,58.3764],[-134.8078,58.3757],[-134.8608,58.4394],[-134.9159,58.4867]]]]},"properties":{"GID_0":"USA","GID_1":"USA.2_1","GID_2":"USA.2.10_1","NAME_1":"Alaska","NAME_2":"Juneau"}},
{"type":"Feature","geometry":{"type":"MultiPolygon","coordinates":[[[[-151.5113,59.1462],[-151.526,59.1345],[-151.472,59.1131],[-151.4308,59.1125],[-151.4512,59.1328],[-151.5113,59.1462]]],[[[-151.6849,59.1297],[-151.7228,59.1194],[-151.7132,59.1007],[-151.6463,59.1026],[-151.6849,59.1297]]],[[[-151.7922,59.1619],[-151.7983,59.1772],[-151.8239,59.1781],[-151.8811,59.1567],[-151.8772,59.1456],[-151.8369,59.1437],[-151.8083,59.1344],[-151.7922,59.1619]]],[[[-150.6938,59.4167],[-150.7022,59.4049],[-150.6953,59.3746],[-150.7475,59.3491],[-150.7317,59.3379],[-150.7688,59.3298],[-150.7759,59.3082],[-150.7324,59.2936],[-150.6815,59.3044],[-150.662,59.333],[-150.6415,59.3488],[-150.617,59.3527],[-150.6224,59.3791],[-150.6118,59.3935],[-150.6362,59.4065],[-150.6938,59.4167]]],[[[-153.4268,59.4096],[-153.4647,59.4052],[-153.5348,59.3693],[-153.5494,59.3317],[-153.5153,59.32],[-153.4196,59.3272],[-153.3627,59.3378],[-153.3402,59.3581],[-153.3472,59.3776],[-153.3767,59.3915],[-153.3889,59.4104],[-153.4268,59.4096]]],[[[-153.5392,59.3918],[-153.56,59.3911],[-153.5786,59.3723],[-153.5542,59.3688],[-153.5392,59.3918]]],[[[-153.4405,61.1663],[-153.4406,60.9948],[-153.4411,60.8196],[-153.397,60.8197],[-153.3972,60.4729],[-153.5282,60.4727],[-153.5286,60.1265],[-153.6573,60.1261],[-153.6566,59.7795],[-153.7829,59.7799],[-153.7835,59.6929],[-153.953,59.6931],[-153.9534,59.5197],[-154.123,59.5197],[-154.1236,59.4327],[-154.4123,59.4331],[-154.4121,59.2597],[-154.7485,59.2595],[-154.7492,59.0863],[-154.6949,59.086],[-154.6951,58.7394],[-154.6422,58.7396],[-154.6423,58.6527],[-153.817,58.6526],[-153.8173,58.7396],[-153.4417,58.7396],[-153.4421,58.8553],[-153.3157,58.8553],[-153.342,58.8705],[-153.3199,58.8783],[-153.3361,58.9001],[-153.3268,58.9226],[-153.3678,58.9238],[-153.4008,58.9451],[-153.4074,58.9694],[-153.4471,58.9741],[-153.4844,58.9987],[-153.5233,58.9825],[-153.5463,58.9829],[-153.6286,59.0106],[-153.6833,59.0563],[-153.6996,59.0755],[-153.7515,59.0666],[-153.8071,59.074],[-153.8318,59.0597],[-153.8644,59.0553],[-153.9685,59.0716],[-154.0682,59.0741],[-154.1401,59.0217],[-154.1806,59.0229],[-154.2005,59.0511],[-154.2005,59.0735],[-154.1706,59.0892],[-154.1794,59.1219],[-154.2074,59.128],[-154.2534,59.1247],[-154.2689,59.1345],[-154.2237,59.1711],[-154.1912,59.1711],[-154.1853,59.1924],[-154.1552,59.2013],[-154.1292,59.1993],[-154.1461,59.2277],[-154.1425,59.2687],[-154.1131,59.3052],[-154.0312,59.328],[-153.9724,59.3568],[-153.9569,59.3843],[-153.9102,59.4206],[-153.8765,59.4267],[-153.8102,59.4228],[-153.7648,59.4343],[-153.7072,59.4677],[-153.7256,59.5006],[-153.782,59.5309],[-153.7636,59.5456],[-153.6437,59.5577],[-153.5925,59.5537],[-153.5542,59.5972],[-153.5629,59.6074],[-153.6098,59.6151],[-153.618,59.6303],[-153.6821,59.6233],[-153.7026,59.6401],[-153.5989,59.6509],[-153.5658,59.6249],[-153.4798,59.6447],[-153.4462,59.6982],[-153.4548,59.7456],[-153.4652,59.761],[-153.4311,59.7741],[-153.4217,59.752],[-153.3606,59.7369],[-153.345,59.7241],[-153.3833,59.7135],[-153.3779,59.6969],[-153.3938,59.6651],[-153.4246,59.6512],[-153.4211,59.6378],[-153.3882,59.6385],[-153.3453,59.6217],[-153.304,59.6342],[-153.3197,59.6668],[-153.2865,59.6709],[-153.2538,59.6328],[-153.2179,59.635],[-153.157,59.6566],[-153.1519,59.672],[-153.0592,59.6904],[-153.0257,59.7413],[-153.0211,59.7603],[-152.9938,59.8083],[-153.0038,59.829],[-153.0294,59.8349],[-153.0943,59.8335],[-153.1193,59.8147],[-153.1476,59.8091],[-153.1855,59.8219],[-153.2388,59.8253],[-153.287,59.8112],[-153.2831,59.8305],[-153.2501,59.8426],[-153.2222,59.8651],[-153.2069,59.8593],[-153.1204,59.8659],[-153.0743,59.873],[-153.0462,59.8836],[-153.0068,59.8868],[-152.9536,59.8766],[-152.8874,59.8823],[-152.8699,59.8752],[-152.8146,59.8798],[-152.8136,59.8885],[-152.7069,59.9201],[-152.7013,59.9421],[-152.6685,59.983],[-152.6089,60.0068],[-152.5995,60.0286],[-152.5776,60.0443],[-152.5708,60.075],[-152.5943,60.0995],[-152.6182,60.1047],[-152.6536,60.1339],[-152.6734,60.1641],[-152.7016,60.1651],[-152.7354,60.1896],[-152.85,60.2208],[-152.9,60.2458],[-152.8828,60.2505],[-152.8313,60.2333],[-152.7479,60.2208],[-152.6687,60.2],[-152.6307,60.2193],[-152.5625,60.2167],[-152.5328,60.2495],[-152.4896,60.2729],[-152.4187,60.2854],[-152.3838,60.3193],[-152.3703,60.3516],[-152.3078,60.3661],[-152.238,60.3953],[-152.2995,60.413],[-152.3328,60.4464],[-152.3307,60.4766],[-152.25,60.5354],[-152.1911,60.5641],[-152.1037,60.5797],[-152.0526,60.6318],[-152.0464,60.6484],[-152.0005,60.663],[-151.9974,60.6724],[-151.9109,60.7005],[-151.8938,60.7125],[-151.8505,60.7214],[-151.7625,60.7229],[-151.7458,60.7125],[-151.7026,60.7151],[-151.7026,60.7307],[-151.7547,60.7911],[-151.7745,60.8026],[-151.7953,60.8359],[-151.7724,60.8661],[-151.7146,60.8958],[-151.6172,60.938],[-151.612,60.9495],[-151.5771,60.9583],[-151.4828,60.9964],[-151.4229,61.0083],[-151.3562,61.0083],[-151.3276,61.0151],[-151.2995,61.0328],[-151.2583,61.0396],[-151.2,61.0396],[-151.163,61.0464],[-151.1297,61.0734],[-151.0557,61.1557],[-151.0016,61.1786],[-150.9505,61.1922],[-150.9402,61.2157],[-150.9639,61.2063],[-150.9736,61.2529],[-151.3324,61.253],[-151.3329,61.4263],[-153.0079,61.4261],[-153.1272,61.4836],[-153.4858,61.4839],[-153.4852,61.1663],[-153.4405,61.1663]]],[[[-152.5979,60.175],[-152.6167,60.1813],[-152.6438,60.1646],[-152.5911,60.113],[-152.5479,60.1125],[-152.5755,60.1682],[-152.5979,60.175]]],[[[-150.3189,59.4624],[-150.3517,59.4576],[-150.3811,59.4431],[-150.4146,59.4386],[-150.4265,59.4097],[-150.4114,59.3993],[-150.3781,59.403],[-150.3916,59.427],[-150.3431,59.4156],[-150.3441,59.4341],[-150.3059,59.4317],[-150.3189,59.4624]]],[[[-149.3978,59.8693],[-149.4177,59.8639],[-149.4184,59.8454],[-149.3708,59.8378],[-149.3633,59.8556],[-149.3978,59.8693]]],[[[-151.9588,60.413],[-152.0078,60.4057],[-152.0026,60.3755],[-152.0375,60.3604],[-152.0745,60.3599],[-152.0807,60.3401],[-152.0042,60.3542],[-151.962,60.3714],[-151.9833,60.3937],[-151.9588,60.413]]],[[[-151.9146,60.5083],[-151.9463,60.4964],[-151.9661,60.4734],[-151.9547,60.4484],[-151.9271,60.4354],[-151.8901,60.438],[-151.9,60.4562],[-151.8547,60.4932],[-151.9146,60.5083]]],[[[-149.025,60.85],[-149.0531,60.8667],[-149.0594,60.8733],[-149.0713,60.8869],[-149.0793,60.8895],[-149.1146,60.9021],[-149.138,60.8974],[-149.1854,60.9021],[-149.2333,60.8875],[-149.2521,60.8937],[-149.3771,60.8937],[-149.4125,60.9063],[-149.438,60.9057],[-149.4812,60.9188],[-149.5271,60.9229],[-149.575,60.9333],[-149.6479,60.9229],[-149.6672,60.9411],[-149.7104,60.9542],[-149.8437,60.9667],[-149.9167,60.9375],[-149.9667,60.9271],[-149.9917,60.9292],[-150.087,60.9109],[-150.237,60.9339],[-150.262,60.9443],[-150.312,60.9839],[-150.3276,61.0099],[-150.3526,61.0307],[-150.3974,61.0349],[-150.4479,61.0146],[-150.5078,61.0036],[-150.5188,60.9958],[-150.6583,60.9583],[-150.7557,60.9182],[-150.8005,60.8922],[-150.862,60.8703],[-150.8922,60.8526],[-150.9787,60.8224],[-151.0542,60.7875],[-151.1354,60.7792],[-151.2146,60.7792],[-151.2578,60.7703],[-151.2588,60.7568],[-151.3021,60.7396],[-151.3687,60.7333],[-151.4083,60.7167],[-151.3849,60.6714],[-151.3505,60.6432],[-151.3266,60.5776],[-151.3036,60.5609],[-151.2688,60.5479],[-151.2292,60.5521],[-151.2255,60.5359],[-151.2703,60.5286],[-151.2807,60.5016],[-151.2797,60.4359],[-151.2891,60.4245],[-151.2953,60.3859],[-151.3766,60.3661],[-151.3828,60.3411],[-151.3792,60.2938],[-151.3922,60.2484],[-151.413,60.2151],[-151.4495,60.1932],[-151.4984,60.1547],[-151.5734,60.1109],[-151.6037,60.0995],[-151.6391,60.0745],[-151.6714,60.0422],[-151.6953,60.0349],[-151.7291,59.9901],[-151.7593,59.9185],[-151.8148,59.8705],[-151.82,59.8408],[-151.8739,59.776],[-151.8586,59.7391],[-151.8376,59.7204],[-151.7935,59.7004],[-151.7324,59.6808],[-151.6451,59.6473],[-151.5535,59.6375],[-151.5304,59.6419],[-151.4835,59.6386],[-151.4501,59.6528],[-151.4369,59.6701],[-151.3772,59.684],[-151.3415,59.6862],[-151.2299,59.7278],[-151.1353,59.7686],[-151.1165,59.7843],[-151.0588,59.7969],[-150.9912,59.7971],[-150.9574,59.7859],[-150.9883,59.7645],[-151.0583,59.7368],[-151.1245,59.6957],[-151.1197,59.6751],[-151.1633,59.6552],[-151.1837,59.6525],[-151.2151,59.6304],[-151.1941,59.6062],[-151.2267,59.5925],[-151.2816,59.5991],[-151.2845,59.5726],[-151.2712,59.5578],[-151.3176,59.5544],[-151.3654,59.5599],[-151.3941,59.5399],[-151.4418,59.5482],[-151.4648,59.5146],[-151.4806,59.508],[-151.4901,59.4817],[-151.512,59.4788],[-151.5323,59.4573],[-151.5611,59.4699],[-151.6361,59.4861],[-151.7088,59.4739],[-151.7222,59.4554],[-151.717,59.4223],[-151.7476,59.4309],[-151.7756,59.4514],[-151.8082,59.4386],[-151.8925,59.4288],[-151.9019,59.3899],[-151.8493,59.3684],[-151.9222,59.3638],[-151.9244,59.3545],[-151.965,59.3457],[-151.9666,59.3327],[-151.9941,59.3147],[-151.9807,59.284],[-151.9818,59.2579],[-151.9611,59.247],[-151.9246,59.2533],[-151.8719,59.253],[-151.8232,59.2353],[-151.9133,59.2382],[-151.9243,59.2316],[-151.884,59.2139],[-151.8073,59.2109],[-151.7579,59.2176],[-151.7686,59.1798],[-151.7402,59.1573],[-151.6299,59.1658],[-151.5934,59.1629],[-151.5832,59.1771],[-151.5992,59.1894],[-151.5779,59.2077],[-151.5262,59.1955],[-151.4736,59.206],[-151.4807,59.2184],[-151.5155,59.2177],[-151.5311,59.228],[-151.4454,59.2567],[-151.3959,59.2514],[-151.3483,59.2235],[-151.3123,59.2117],[-151.2631,59.2249],[-151.2584,59.2055],[-151.207,59.2172],[-151.1631,59.2047],[-151.1179,59.2199],[-151.1077,59.2468],[-151.185,59.2774],[-151.222,59.2867],[-151.237,59.2997],[-151.2151,59.3106],[-151.1875,59.2932],[-151.13,59.2823],[-151.1012,59.2692],[-151.0803,59.2917],[-151.0535,59.2948],[-151.0302,59.2705],[-150.9906,59.263],[-151.0296,59.2502],[-151.0178,59.2353],[-150.9621,59.2346],[-150.9149,59.2512],[-150.8949,59.2717],[-150.9332,59.3121],[-150.8886,59.3192],[-150.8678,59.3305],[-150.8422,59.3594],[-150.8067,59.363],[-150.7751,59.3747],[-150.7577,59.3949],[-150.7471,59.4243],[-150.7074,59.4353],[-150.6623,59.4261],[-150.6057,59.4293],[-150.5896,59.4514],[-150.6576,59.4674],[-150.6309,59.4747],[-150.5847,59.4739],[-150.5845,59.4952],[-150.6214,59.5114],[-150.6202,59.5203],[-150.674,59.544],[-150.6514,59.5536],[-150.6296,59.5414],[-150.6001,59.5503],[-150.5974,59.5659],[-150.5657,59.5848],[-150.5694,59.5972],[-150.5069,59.6008],[-150.5179,59.5739],[-150.5768,59.5294],[-150.5537,59.5036],[-150.4866,59.4953],[-150.5276,59.474],[-150.5057,59.4587],[-150.4822,59.4635],[-150.4383,59.5146],[-150.4209,59.5647],[-150.3879,59.568],[-150.3573,59.6059],[-150.3277,59.6253],[-150.3096,59.6619],[-150.2516,59.7266],[-150.2213,59.7266],[-150.2294,59.704],[-150.2482,59.6969],[-150.2609,59.6612],[-150.2909,59.6422],[-150.2701,59.6322],[-150.3133,59.5998],[-150.3032,59.58],[-150.3257,59.5563],[-150.3743,59.5183],[-150.3811,59.4914],[-150.3591,59.4762],[-150.3243,59.4713],[-150.2989,59.5005],[-150.2661,59.4892],[-150.2358,59.5035],[-150.2684,59.5228],[-150.1796,59.5381],[-150.2112,59.5597],[-150.195,59.5712],[-150.1683,59.5613],[-150.1199,59.5676],[-150.0922,59.5831],[-150.1266,59.5896],[-150.0851,59.6623],[-150.0631,59.66],[-150.0488,59.6372],[-150.0213,59.6257],[-149.9906,59.6541],[-149.9414,59.6631],[-149.9222,59.687],[-149.9255,59.7129],[-149.9637,59.7182],[-149.9717,59.7498],[-149.9966,59.7494],[-150.0598,59.7753],[-150.0628,59.7888],[-150.0042,59.7906],[-149.978,59.7698],[-149.92,59.7695],[-149.8966,59.7562],[-149.8881,59.7369],[-149.8562,59.7228],[-149.7957,59.7121],[-149.787,59.7052],[-149.8284,59.6826],[-149.7965,59.6575],[-149.7415,59.6511],[-149.7654,59.6857],[-149.753,59.7067],[-149.7636,59.7533],[-149.793,59.7889],[-149.8224,59.8347],[-149.8008,59.8484],[-149.7753,59.8309],[-149.7553,59.8398],[-149.7478,59.8778],[-149.7267,59.9006],[-149.7503,59.9411],[-149.7337,59.9535],[-149.6894,59.9469],[-149.6622,59.9116],[-149.6679,59.8765],[-149.6276,59.8724],[-149.6709,59.8475],[-149.6724,59.8119],[-149.6294,59.7861],[-149.6618,59.7745],[-149.6427,59.7609],[-149.5883,59.7603],[-149.5819,59.7308],[-149.5283,59.7192],[-149.5555,59.7484],[-149.5432,59.7802],[-149.5931,59.7789],[-149.6046,59.8084],[-149.6311,59.8195],[-149.6202,59.8365],[-149.5831,59.8487],[-149.5912,59.8726],[-149.5644,59.8813],[-149.569,59.9026],[-149.5242,59.928],[-149.4954,59.9308],[-149.4702,59.9182],[-149.4418,59.9779],[-149.4017,59.9841],[-149.4109,60.012],[-149.4474,60.0339],[-149.4359,60.0672],[-149.4432,60.0755],[-149.425,60.125],[-149.3589,60.1141],[-149.3641,60.0901],[-149.3401,60.0786],[-149.3286,60.0068],[-149.3333,59.9704],[-149.3177,59.9512],[-149.3477,59.9453],[-149.3792,59.9031],[-149.3437,59.8981],[-149.324,59.9167],[-149.3012,59.9059],[-149.3121,59.8928],[-149.3018,59.8764],[-149.2622,59.8965],[-149.2697,59.9074],[-149.2369,59.9402],[-149.2447,59.9526],[-149.2226,59.9749],[-149.2211,59.9993],[-149.1818,60.0026],[-149.1703,60.0318],[-149.1313,60.0438],[-149.0859,60.0464],[-149.0604,60.0563],[-149.0339,60.0432],[-149.0401,60.0276],[-149.0641,60.0203],[-149.1315,59.9799],[-149.1312,59.9643],[-149.0787,59.9533],[-149.049,59.9724],[-149.037,59.9495],[-149.009,59.9462],[-148.9628,59.9721],[-148.9251,59.9587],[-148.8835,59.9252],[-148.8458,59.9242],[-148.8005,59.9546],[-148.7477,59.9585],[-148.7303,59.9373],[-148.6578,59.9501],[-148.6382,59.9523],[-148.5859,59.9666],[-148.5859,59.9724],[-148.5874,60.0611],[-148.5727,60.061],[-148.5733,60.1262],[-148.5631,60.1265],[-148.5637,60.4153],[-148.6646,60.4151],[-148.664,60.446],[-148.7036,60.438],[-148.7146,60.4562],[-148.6651,60.4839],[-148.6565,60.4957],[-148.6568,60.6628],[-148.6804,60.6544],[-148.6836,60.6863],[-148.6867,60.7134],[-148.6573,60.733],[-149.0381,60.733],[-149.0388,60.8196],[-149.0055,60.8315],[-149.025,60.85]]]]},"properties":{"GID_0":"USA","GID_1":"USA.2_1","GID_2":"USA.2.11_1","NAME_1":"Alaska","NAME_2":"KenaiPeninsula"}},
{"type":"Feature","geometry":{"type":"MultiPolygon","coordinates":[[[[-131.8344,55.4225],[-131.8551,55.4207],[-131.8488,55.394],[-131.8811,55.3793],[-131.8663,55.3605],[-131.8628,55.3291],[-131.8699,55.3183],[-131.8621,55.2878],[-131.8398,55.2499],[-131.8394,55.2271],[-131.8252,55.2028],[-131.8288,55.1893],[-131.7855,55.1661],[-131.7856,55.1523],[-131.7667,55.1317],[-131.7432,55.1468],[-131.7209,55.1771],[-131.7194,55.2024],[-131.75,55.2167],[-131.742,55.2292],[-131.6911,55.2239],[-131.6889,55.2728],[-131.67,55.3014],[-131.6373,55.2798],[-131.6162,55.2863],[-131.6289,55.3055],[-131.6793,55.334],[-131.705,55.3555],[-131.8344,55.4225]]],[[[-131.7775,55.5376],[-131.8101,55.5403],[-131.8405,55.5055],[-131.8106,55.4978],[-131.7682,55.5159],[-131.7775,55.5376]]],[[[-131.6263,55.9034],[-131.6738,55.8867],[-131.6789,55.8723],[-131.6618,55.8603],[-131.6028,55.8529],[-131.5862,55.8661],[-131.6263,55.9034]]],[[[-130.9479,55.3767],[-130.9703,55.3804],[-130.9836,55.3667],[-130.9787,55.345],[-130.9482,55.3227],[-130.9301,55.3391],[-130.9479,55.3767]]],[[[-131.451,55.2653],[-131.4275,55.2386],[-131.408,55.2533],[-131.451,55.2653]]],[[[-131.2554,55.9703],[-131.2841,55.9709],[-131.3672,55.9497],[-131.4078,55.9336],[-131.459,55.9357],[-131.5053,55.9142],[-131.5516,55.9079],[-131.5836,55.9144],[-131.6,55.8996],[-131.5738,55.8803],[-131.5567,55.849],[-131.4878,55.8462],[-131.4946,55.837],[-131.5433,55.8334],[-131.6583,55.8403],[-131.7121,55.8336],[-131.7009,55.8023],[-131.6543,55.7955],[-131.6308,55.7837],[-131.5889,55.7933],[-131.5531,55.7916],[-131.5554,55.8108],[-131.4989,55.7937],[-131.55,55.7742],[-131.5721,55.7799],[-131.6166,55.7628],[-131.671,55.7701],[-131.7205,55.7473],[-131.7328,55.7289],[-131.705,55.7061],[-131.7045,55.6863],[-131.7238,55.6345],[-131.7008,55.6144],[-131.6451,55.6044],[-131.6439,55.5872],[-131.6627,55.5811],[-131.6723,55.5605],[-131.6972,55.5555],[-131.7182,55.5168],[-131.755,55.4978],[-131.7861,55.4747],[-131.8258,55.4714],[-131.8311,55.4486],[-131.7997,55.4363],[-131.7365,55.3978],[-131.7382,55.3841],[-131.6872,55.3505],[-131.6519,55.343],[-131.5504,55.2939],[-131.5284,55.2979],[-131.5222,55.3257],[-131.5024,55.3351],[-131.4661,55.3751],[-131.482,55.4061],[-131.5042,55.4187],[-131.5311,55.4564],[-131.5288,55.4863],[-131.4908,55.5092],[-131.4648,55.5017],[-131.4943,55.4741],[-131.4901,55.4458],[-131.4761,55.4355],[-131.4661,55.4092],[-131.4372,55.377],[-131.4519,55.3553],[-131.4713,55.3472],[-131.4713,55.3321],[-131.3968,55.3573],[-131.4119,55.3713],[-131.3441,55.4074],[-131.3253,55.4299],[-131.3231,55.4632],[-131.3332,55.4919],[-131.3117,55.5126],[-131.289,55.4657],[-131.2911,55.4311],[-131.3123,55.4022],[-131.3417,55.3817],[-131.392,55.3648],[-131.3896,55.3397],[-131.4549,55.3196],[-131.471,55.3036],[-131.464,55.284],[-131.4066,55.2621],[-131.368,55.2668],[-131.3555,55.2595],[-131.2835,55.2881],[-131.2712,55.3152],[-131.2542,55.3325],[-131.2867,55.3586],[-131.2928,55.3792],[-131.2588,55.3923],[-131.1989,55.3917],[-131.1904,55.3616],[-131.2122,55.3433],[-131.2144,55.3278],[-131.2405,55.2871],[-131.2768,55.2597],[-131.327,55.2452],[-131.2685,55.2206],[-131.235,55.1968],[-131.185,55.1908],[-131.1473,55.2084],[-131.1477,55.2297],[-131.1051,55.2325],[-131.0643,55.2602],[-131.0507,55.32],[-131.021,55.3501],[-131.0383,55.4],[-131.0107,55.405],[-131.0037,55.3885],[-130.9706,55.3928],[-130.9943,55.4738],[-130.9834,55.4895],[-130.9811,55.5175],[-130.9894,55.5373],[-130.9836,55.5661],[-130.9472,55.5536],[-130.9289,55.5761],[-130.9546,55.5867],[-130.9547,55.6065],[-130.9397,55.6198],[-130.9491,55.6541],[-130.9667,55.6703],[-130.9738,55.7058],[-131.0079,55.7307],[-131.0419,55.7668],[-131.0433,55.7833],[-131.0711,55.8278],[-131.1194,55.8638],[-131.1684,55.9094],[-131.2378,55.9494],[-131.2554,55.9703]]]]},"properties":{"GID_0":"USA","GID_1":"USA.2_1","GID_2":"USA.2.12_1","NAME_1":"Alaska","NAME_2":"KetchikanGateway"}},
{"type":"Feature","geometry":{"type":"MultiPolygon","coordinates":[[[[-155.5617,55.9006],[-155.6056,55.9144],[-155.64,55.8956],[-155.65,55.8683],[-155.6667,55.8542],[-155.7094,55.8358],[-155.755,55.8222],[-155.7256,55.8069],[-155.7278,55.7747],[-155.6506,55.7749],[-155.6133,55.7567],[-155.5867,55.7625],[-155.5639,55.7897],[-155.5644,55.8142],[-155.5867,55.8458],[-155.5617,55.9006]]],[[[-156.6886,56.06],[-156.6977,56.0462],[-156.748,56.0339],[-156.6897,56.0115],[-156.6742,56.0314],[-156.6886,56.06]]],[[[-154.4872,56.6019],[-154.5117,56.6014],[-154.55,56.5897],[-154.6233,56.5528],[-154.6917,56.525],[-154.7261,56.5008],[-154.7939,56.4369],[-154.7939,56.4225],[-154.7728,56.4064],[-154.7439,56.4014],[-154.7094,56.4144],[-154.6633,56.4533],[-154.6189,56.4764],[-154.5706,56.4919],[-154.4811,56.5119],[-154.5005,56.5261],[-154.5089,56.5461],[-154.5317,56.545],[-154.5289,56.5928],[-154.4872,56.6019]]],[[[-154.0922,56.6183],[-154.1567,56.6067],[-154.1938,56.6054],[-154.2372,56.6122],[-154.3144,56.5853],[-154.3644,56.5428],[-154.3625,56.5277],[-154.3433,56.5092],[-154.2739,56.5039],[-154.2311,56.4925],[-154.1583,56.5106],[-154.1178,56.5361],[-154.0778,56.5908],[-154.0922,56.6183]]],[[[-154.4361,56.5922],[-154.4456,56.5736],[-154.42,56.5547],[-154.3933,56.5525],[-154.4044,56.5853],[-154.4361,56.5922]]],[[[-156.7705,56.2259],[-156.7932,56.224],[-156.8054,56.1977],[-156.8028,56.1535],[-156.7782,56.1476],[-156.7625,56.1587],[-156.7627,56.1786],[-156.7917,56.1964],[-156.7705,56.2259]]],[[[-153.8705,56.5603],[-153.9528,56.5612],[-153.9815,56.554],[-154.0317,56.5553],[-154.0494,56.5386],[-154.0761,56.5392],[-154.1328,56.5108],[-154.1122,56.5003],[-154.0644,56.5006],[-154.0294,56.5067],[-153.9914,56.5015],[-153.9513,56.5049],[-153.94,56.5161],[-153.8843,56.5325],[-153.8705,56.5603]]],[[[-154.0483,56.7306],[-154.0956,56.7053],[-154.1272,56.6945],[-154.0628,56.6886],[-154.0167,56.69],[-154.0483,56.7306]]],[[[-153.5478,56.9114],[-153.6133,56.9033],[-153.5898,56.8868],[-153.5478,56.9114]]],[[[-153.3546,57.7471],[-153.3705,57.7454],[-153.368,57.7191],[-153.3293,57.7214],[-153.3546,57.7471]]],[[[-153.2551,57.9968],[-153.2923,57.9982],[-153.3048,57.9846],[-153.2671,57.9538],[-153.2025,57.9376],[-153.195,57.924],[-153.1663,57.9153],[-153.0863,57.8521],[-153.1533,57.8656],[-153.1739,57.8783],[-153.2349,57.8944],[-153.2219,57.8693],[-153.2009,57.8493],[-153.1796,57.7972],[-153.2032,57.7342],[-153.2229,57.7445],[-153.2041,57.7846],[-153.2738,57.7943],[-153.3078,57.8039],[-153.3381,57.8037],[-153.4059,57.8299],[-153.4768,57.8417],[-153.4859,57.8313],[-153.4604,57.7899],[-153.4129,57.7828],[-153.3707,57.757],[-153.3313,57.7493],[-153.3099,57.7187],[-153.3528,57.7027],[-153.3885,57.7292],[-153.3903,57.7499],[-153.4289,57.7692],[-153.4629,57.7647],[-153.4889,57.7744],[-153.5059,57.7352],[-153.4628,57.7165],[-153.4797,57.708],[-153.5233,57.705],[-153.5057,57.6809],[-153.4953,57.6384],[-153.5247,57.6561],[-153.5561,57.7382],[-153.5474,57.7847],[-153.5718,57.8323],[-153.5949,57.8428],[-153.6253,57.8423],[-153.6332,57.859],[-153.6191,57.8804],[-153.6597,57.8788],[-153.7087,57.8832],[-153.7197,57.8965],[-153.7497,57.8896],[-153.7572,57.878],[-153.7888,57.8677],[-153.8556,57.863],[-153.8538,57.8468],[-153.9306,57.8091],[-153.9349,57.7712],[-153.9278,57.753],[-153.9356,57.7297],[-153.9146,57.7206],[-153.9056,57.7013],[-153.8637,57.7055],[-153.8011,57.6964],[-153.6978,57.6744],[-153.6206,57.6453],[-153.5945,57.6292],[-153.5911,57.5986],[-153.6217,57.6019],[-153.6406,57.6316],[-153.6822,57.6406],[-153.7211,57.6414],[-153.7733,57.6503],[-153.7961,57.6472],[-153.8682,57.6502],[-153.8798,57.633],[-153.8025,57.5843],[-153.7921,57.572],[-153.7382,57.5506],[-153.771,57.5432],[-153.7963,57.5587],[-153.8487,57.562],[-153.8196,57.5379],[-153.8232,57.5164],[-153.8153,57.4837],[-153.8184,57.4643],[-153.8122,57.4136],[-153.781,57.382],[-153.7398,57.3174],[-153.6806,57.3069],[-153.6808,57.2883],[-153.779,57.3205],[-153.792,57.3478],[-153.8222,57.3663],[-153.8326,57.3861],[-153.8943,57.4205],[-153.9079,57.444],[-153.9097,57.4779],[-153.9267,57.5334],[-153.9466,57.5397],[-153.9933,57.5386],[-154.0661,57.5247],[-154.0994,57.5331],[-153.9811,57.5483],[-153.9713,57.5655],[-153.9826,57.5864],[-153.9801,57.621],[-154.0028,57.6417],[-154.0628,57.6536],[-154.0978,57.6506],[-154.2328,57.6633],[-154.2622,57.6419],[-154.3358,57.6374],[-154.3539,57.6206],[-154.3872,57.6139],[-154.4028,57.5961],[-154.4448,57.5733],[-154.5178,57.5766],[-154.5228,57.5367],[-154.5574,57.5327],[-154.63,57.5078],[-154.6533,57.4733],[-154.6388,57.4647],[-154.6911,57.4458],[-154.7206,57.4233],[-154.6972,57.4183],[-154.6917,57.3933],[-154.7206,57.3664],[-154.7167,57.3469],[-154.7628,57.3575],[-154.7983,57.3494],[-154.7777,57.3319],[-154.7441,57.3252],[-154.7583,57.3064],[-154.7489,57.2931],[-154.7731,57.2795],[-154.7347,57.2715],[-154.6894,57.2853],[-154.6822,57.2663],[-154.6211,57.2704],[-154.6019,57.2631],[-154.5722,57.2378],[-154.5294,57.1803],[-154.5228,57.1478],[-154.5238,57.114],[-154.5144,57.0781],[-154.515,57.0331],[-154.5283,56.9922],[-154.4744,56.9828],[-154.3967,56.9633],[-154.3633,56.9461],[-154.3311,56.9614],[-154.2861,56.96],[-154.3,56.94],[-154.3333,56.9539],[-154.3589,56.9361],[-154.3122,56.9175],[-154.3006,56.8881],[-154.3017,56.8533],[-154.2772,56.8517],[-154.2256,56.8758],[-154.2311,56.8875],[-154.1944,56.9292],[-154.1533,56.9489],[-154.1472,56.9786],[-154.1772,56.9897],[-154.1511,57.0019],[-154.145,57.02],[-154.1172,57.0272],[-154.1128,57.0728],[-154.0917,57.1006],[-154.0961,57.1214],[-154.1157,57.128],[-154.1883,57.115],[-154.2322,57.1205],[-154.2939,57.1136],[-154.3283,57.0797],[-154.3611,57.0558],[-154.4361,57.0544],[-154.4656,57.0686],[-154.485,57.1097],[-154.4543,57.1296],[-154.3911,57.1233],[-154.36,57.1469],[-154.3383,57.1503],[-154.2572,57.1438],[-154.2289,57.1614],[-154.185,57.145],[-154.1306,57.1456],[-154.0767,57.122],[-154.013,57.1289],[-153.976,57.1186],[-153.9861,57.1082],[-154.02,57.1028],[-154.0678,57.0847],[-154.1028,57.0458],[-154.0972,57.0336],[-154.1417,56.9972],[-154.12,56.9897],[-154.0945,56.9661],[-154.0494,56.9903],[-153.9764,57.0566],[-153.8818,57.1171],[-153.8428,57.1208],[-153.7905,57.1623],[-153.7776,57.1429],[-153.8033,57.1125],[-153.8437,57.0923],[-153.869,57.0895],[-153.9209,57.0629],[-153.9202,57.0472],[-153.967,56.9964],[-153.9607,56.9889],[-153.975,56.958],[-153.9618,56.9542],[-153.9062,56.9586],[-153.8876,56.9689],[-153.8483,57.0249],[-153.8285,57.0123],[-153.8628,56.9775],[-153.8433,56.9689],[-153.844,56.945],[-153.8838,56.9253],[-153.9417,56.9153],[-153.9799,56.8977],[-154.0089,56.86],[-154.0644,56.8494],[-154.0806,56.8406],[-154.1283,56.7853],[-154.145,56.7511],[-154.1267,56.7417],[-154.0867,56.75],[-154.0556,56.7631],[-154.0344,56.7633],[-154.0167,56.7428],[-153.9767,56.7434],[-153.9432,56.7584],[-153.8985,56.7667],[-153.8898,56.7922],[-153.8506,56.8086],[-153.8426,56.8329],[-153.7994,56.8478],[-153.7596,56.8442],[-153.7057,56.8519],[-153.6844,56.881],[-153.7367,56.8731],[-153.7261,56.8903],[-153.6698,56.9309],[-153.6054,56.9343],[-153.5895,56.9604],[-153.5643,56.9634],[-153.5406,57.0009],[-153.6076,57.0239],[-153.5761,57.0386],[-153.5943,57.0563],[-153.6362,57.0583],[-153.6595,57.0531],[-153.7026,57.057],[-153.6611,57.0842],[-153.6267,57.0845],[-153.573,57.0927],[-153.5203,57.0763],[-153.485,57.0779],[-153.4903,57.1064],[-153.5135,57.1239],[-153.4897,57.1703],[-153.4703,57.1589],[-153.486,57.14],[-153.4658,57.1157],[-153.4254,57.1263],[-153.3996,57.1546],[-153.3655,57.176],[-153.3725,57.1928],[-153.3259,57.1915],[-153.2311,57.2277],[-153.1571,57.214],[-153.0797,57.2123],[-153.0477,57.2165],[-153.0244,57.2308],[-152.9936,57.2329],[-152.9507,57.2491],[-152.9424,57.2627],[-152.9728,57.2846],[-153.0172,57.2986],[-153.0985,57.287],[-153.1149,57.2974],[-153.1716,57.3048],[-153.1456,57.3219],[-153.1022,57.3175],[-153.0162,57.3364],[-152.9974,57.3446],[-152.9755,57.3296],[-152.9426,57.3301],[-152.8933,57.3442],[-152.9017,57.3173],[-152.8834,57.2899],[-152.8593,57.3044],[-152.8389,57.2964],[-152.8462,57.2755],[-152.8119,57.2666],[-152.7432,57.3129],[-152.7102,57.3017],[-152.7069,57.2759],[-152.6525,57.3075],[-152.6267,57.3286],[-152.6354,57.3439],[-152.6078,57.3656],[-152.6066,57.3887],[-152.626,57.4058],[-152.6597,57.4056],[-152.7157,57.4185],[-152.7234,57.4334],[-152.7627,57.4583],[-152.8164,57.4717],[-152.8537,57.4724],[-152.9326,57.4641],[-152.9406,57.4736],[-152.8878,57.485],[-152.8989,57.4936],[-152.9536,57.5004],[-152.9526,57.5205],[-152.8986,57.5022],[-152.8621,57.5116],[-152.8166,57.4952],[-152.7389,57.5058],[-152.6856,57.4657],[-152.6636,57.4632],[-152.6245,57.4764],[-152.5996,57.4724],[-152.5873,57.4525],[-152.5338,57.4469],[-152.5173,57.4336],[-152.4891,57.4683],[-152.4643,57.4648],[-152.4246,57.4372],[-152.3742,57.4324],[-152.3504,57.4213],[-152.3186,57.4316],[-152.3285,57.4434],[-152.3185,57.4868],[-152.2952,57.5169],[-152.244,57.5367],[-152.1668,57.5868],[-152.1649,57.6117],[-152.2026,57.619],[-152.2495,57.6158],[-152.2689,57.6283],[-152.3087,57.6183],[-152.3269,57.6265],[-152.41,57.6081],[-152.4269,57.5936],[-152.4527,57.5898],[-152.4695,57.6014],[-152.4299,57.6354],[-152.4401,57.6501],[-152.4113,57.6703],[-152.4235,57.676],[-152.4738,57.6496],[-152.518,57.6563],[-152.4723,57.6732],[-152.4666,57.7021],[-152.4989,57.7143],[-152.5327,57.6951],[-152.5681,57.6993],[-152.5581,57.719],[-152.4786,57.7464],[-152.4825,57.7556],[-152.4485,57.7782],[-152.3905,57.7909],[-152.3483,57.8051],[-152.3595,57.8378],[-152.4212,57.8138],[-152.4417,57.8328],[-152.4174,57.8394],[-152.4004,57.8557],[-152.4583,57.8792],[-152.4927,57.9045],[-152.5269,57.9104],[-152.565,57.8985],[-152.5989,57.9174],[-152.6367,57.9164],[-152.6432,57.9015],[-152.6214,57.8791],[-152.6307,57.8604],[-152.6524,57.8627],[-152.6747,57.8806],[-152.7102,57.8644],[-152.7285,57.8189],[-152.7762,57.8513],[-152.8063,57.8493],[-152.8458,57.829],[-152.8539,57.7689],[-152.8438,57.729],[-152.8749,57.7283],[-152.908,57.7557],[-152.893,57.7977],[-152.9104,57.8099],[-152.9021,57.8296],[-152.8713,57.8581],[-152.8448,57.8669],[-152.8612,57.8791],[-152.7971,57.8995],[-152.803,57.9129],[-152.8497,57.9291],[-152.9072,57.935],[-152.9369,57.9486],[-152.9753,57.9428],[-152.9995,57.9471],[-152.9976,57.9188],[-153.0912,57.9426],[-153.1295,57.9489],[-153.1583,57.9656],[-153.1989,57.9682],[-153.2551,57.9968]]],[[[-153.8339,57.5344],[-153.8773,57.5451],[-153.8742,57.5165],[-153.8904,57.5098],[-153.871,57.4686],[-153.8738,57.4483],[-153.8322,57.4289],[-153.8252,57.481],[-153.8382,57.5146],[-153.8339,57.5344]]],[[[-153.2101,57.2047],[-153.2179,57.2141],[-153.2644,57.2087],[-153.2791,57.1883],[-153.3851,57.114],[-153.3458,57.116],[-153.3441,57.1029],[-153.401,57.0811],[-153.3926,57.061],[-153.3443,57.0786],[-153.3324,57.0661],[-153.3582,57.0459],[-153.3056,57.0433],[-153.3478,57.0078],[-153.3053,56.9911],[-153.2658,57.0032],[-153.2413,57.0031],[-153.1957,57.0401],[-153.2192,57.0682],[-153.1764,57.0967],[-153.135,57.101],[-153.1215,57.0911],[-153.0915,57.0968],[-153.0809,57.1108],[-153.0553,57.1106],[-153.0277,57.1385],[-152.9961,57.119],[-152.9515,57.1198],[-152.9122,57.1262],[-152.8686,57.1508],[-152.8914,57.1688],[-152.9104,57.1647],[-152.9431,57.1779],[-152.9459,57.1878],[-153.0082,57.1818],[-153.0242,57.168],[-153.0465,57.1723],[-153.0625,57.1904],[-153.1188,57.1782],[-153.1338,57.1686],[-153.1645,57.1746],[-153.1776,57.1958],[-153.2101,57.2047]]],[[[-153.4681,57.9694],[-153.5165,57.9593],[-153.535,57.9282],[-153.4588,57.8807],[-153.409,57.8707],[-153.3787,57.8534],[-153.3193,57.8453],[-153.33,57.8256],[-153.2883,57.8208],[-153.2071,57.8017],[-153.2023,57.817],[-153.2221,57.8496],[-153.2578,57.875],[-153.2561,57.8839],[-153.2962,57.9074],[-153.314,57.9079],[-153.3535,57.9324],[-153.4493,57.9567],[-153.4681,57.9694]]],[[[-152.722,57.9775],[-152.8024,57.9782],[-152.8503,57.9701],[-152.8608,57.9526],[-152.8512,57.9412],[-152.7912,57.921],[-152.7601,57.9251],[-152.7404,57.9455],[-152.722,57.9775]]],[[[-152.413,57.9692],[-152.4327,57.9706],[-152.5071,57.9256],[-152.4867,57.912],[-152.4346,57.8999],[-152.3991,57.8994],[-152.3635,57.8839],[-152.3369,57.9167],[-152.3605,57.9256],[-152.4237,57.9284],[-152.413,57.9692]]],[[[-152.6503,58.4779],[-152.675,58.47],[-152.6696,58.4326],[-152.6956,58.4213],[-152.7124,58.4488],[-152.7447,58.4494],[-152.7717,58.4364],[-152.7789,58.4133],[-152.809,58.4036],[-152.8626,58.4031],[-152.8683,58.39],[-152.8241,58.3798],[-152.8097,58.3667],[-152.778,58.3671],[-152.7952,58.3365],[-152.7705,58.3173],[-152.7787,58.2978],[-152.7515,58.2662],[-152.8144,58.285],[-152.8802,58.2879],[-152.9051,58.2713],[-152.9802,58.2865],[-153.0047,58.2998],[-153.0471,58.2979],[-153.0694,58.2781],[-153.1044,58.2603],[-153.0725,58.2365],[-153.0072,58.2212],[-153.0038,58.2059],[-152.9606,58.1933],[-152.9294,58.1931],[-152.9154,58.1673],[-152.9537,58.1764],[-152.9922,58.1931],[-153.0376,58.199],[-153.063,58.1932],[-153.0878,58.2013],[-153.1449,58.2068],[-153.1732,58.2161],[-153.2026,58.2079],[-153.2197,58.1861],[-153.2222,58.1595],[-153.1668,58.1263],[-153.1507,58.1056],[-153.123,58.1128],[-153.0783,58.1097],[-153.0544,58.07],[-153.02,58.0453],[-152.9617,58.03],[-152.9185,58.0098],[-152.8613,57.9924],[-152.7962,57.9963],[-152.7572,58.0122],[-152.7575,58.0339],[-152.789,58.0743],[-152.7666,58.0765],[-152.7593,58.0558],[-152.7061,58.0494],[-152.6543,58.063],[-152.6278,58.0769],[-152.6298,58.092],[-152.6056,58.1217],[-152.5933,58.1967],[-152.5597,58.1819],[-152.5687,58.1158],[-152.5572,58.0856],[-152.521,58.1126],[-152.4594,58.125],[-152.4261,58.1267],[-152.3967,58.1181],[-152.3578,58.1281],[-152.3317,58.1081],[-152.3172,58.1261],[-152.2714,58.1252],[-152.2897,58.1484],[-152.3167,58.1525],[-152.3206,58.1742],[-152.349,58.1835],[-152.3572,58.2011],[-152.2917,58.1767],[-152.2817,58.1853],[-152.3233,58.2458],[-152.2525,58.2487],[-152.2222,58.2306],[-152.2244,58.1967],[-152.1845,58.1705],[-152.1431,58.1766],[-152.1394,58.1567],[-152.1124,58.1475],[-152.083,58.1536],[-152.0468,58.1827],[-152.0596,58.1913],[-152.0274,58.2089],[-152,58.2061],[-151.9738,58.2325],[-151.9916,58.2424],[-151.9646,58.2594],[-151.9706,58.3222],[-151.9615,58.3304],[-151.9957,58.3452],[-152.0357,58.2879],[-152.0721,58.2719],[-152.0571,58.3096],[-152.0839,58.3081],[-152.1089,58.2792],[-152.1061,58.2689],[-152.1256,58.2298],[-152.1483,58.2431],[-152.1478,58.2717],[-152.1306,58.3089],[-152.1128,58.3253],[-152.0939,58.3719],[-152.1161,58.37],[-152.1528,58.3808],[-152.175,58.3603],[-152.2461,58.35],[-152.2672,58.3739],[-152.2378,58.3769],[-152.2678,58.4097],[-152.306,58.4278],[-152.3067,58.4047],[-152.3678,58.3808],[-152.3683,58.3586],[-152.3817,58.3486],[-152.365,58.3261],[-152.3811,58.3131],[-152.4089,58.3267],[-152.405,58.3472],[-152.4418,58.36],[-152.4806,58.3328],[-152.4945,58.3482],[-152.4953,58.3724],[-152.47,58.3984],[-152.537,58.4099],[-152.4872,58.4626],[-152.5133,58.4672],[-152.5362,58.458],[-152.6105,58.4751],[-152.6503,58.4779]]],[[[-153.2571,58.8553],[-153.4421,58.8553],[-153.4417,58.7396],[-153.8173,58.7396],[-153.817,58.6526],[-154.3128,58.6527],[-154.3127,58.4649],[-154.3677,58.4649],[-154.3673,58.4215],[-154.4502,58.4217],[-154.4501,58.3927],[-154.4824,58.3929],[-154.4832,58.3639],[-154.5912,58.3637],[-154.5911,58.3349],[-154.7548,58.3349],[-154.7545,58.3059],[-154.8954,58.3061],[-154.8947,58.2915],[-155.0312,58.2915],[-155.0307,58.2629],[-155.0819,58.2629],[-155.0822,58.2337],[-155.2454,58.2337],[-155.2456,58.1905],[-155.3592,58.1905],[-155.3541,58.1035],[-155.2997,58.1035],[-155.2999,58.0457],[-155.3525,58.0457],[-155.3519,57.8861],[-155.4594,57.8861],[-155.4601,57.8425],[-155.5442,57.8421],[-155.5445,57.8135],[-155.7026,57.8137],[-155.7031,57.7559],[-155.7566,57.7561],[-155.757,57.7125],[-155.7776,57.7125],[-155.7778,57.6837],[-155.9112,57.6837],[-155.9113,57.6405],[-155.8571,57.6404],[-155.8314,57.6258],[-155.8315,57.6111],[-155.8847,57.6117],[-155.9647,57.5681],[-155.9654,57.6117],[-156.0179,57.6115],[-156.0179,57.5969],[-156.072,57.5969],[-156.072,57.5679],[-156.0985,57.5537],[-156.125,57.5537],[-156.125,57.5247],[-156.2055,57.5246],[-156.2055,57.5393],[-156.3658,57.5393],[-156.3655,57.5103],[-156.3928,57.4956],[-156.4466,57.4959],[-156.4461,57.4523],[-156.499,57.4525],[-156.4997,57.3801],[-156.5525,57.3803],[-156.5532,57.3656],[-156.5402,57.3511],[-156.6195,57.3511],[-156.6195,57.3081],[-156.6723,57.3077],[-156.672,57.2499],[-156.7509,57.2503],[-156.7511,57.1779],[-156.3451,57.178],[-156.3486,57.1805],[-156.39,57.202],[-156.3992,57.2259],[-156.3829,57.2522],[-156.3402,57.2521],[-156.3224,57.2898],[-156.3743,57.3169],[-156.4417,57.3021],[-156.4742,57.2989],[-156.4988,57.2869],[-156.5577,57.288],[-156.5454,57.3176],[-156.531,57.3268],[-156.4523,57.3454],[-156.4437,57.3631],[-156.4148,57.3654],[-156.3558,57.3995],[-156.3342,57.4189],[-156.2834,57.4261],[-156.2247,57.4439],[-156.2138,57.4682],[-156.1835,57.4771],[-156.1327,57.455],[-156.1116,57.4365],[-156.0686,57.4319],[-156.0255,57.4335],[-156.017,57.4466],[-156.037,57.464],[-156.056,57.5171],[-156.03,57.5235],[-156.0471,57.557],[-156.0191,57.5646],[-155.9736,57.5379],[-155.9342,57.5297],[-155.8634,57.5523],[-155.8253,57.5546],[-155.7594,57.5404],[-155.7316,57.5434],[-155.7293,57.5775],[-155.745,57.5953],[-155.7289,57.6139],[-155.7431,57.6292],[-155.6785,57.6463],[-155.5962,57.6584],[-155.5811,57.6758],[-155.6108,57.6849],[-155.6395,57.704],[-155.6311,57.7311],[-155.6124,57.7509],[-155.6226,57.7648],[-155.5901,57.788],[-155.5421,57.7838],[-155.5333,57.7704],[-155.4683,57.7441],[-155.4209,57.7447],[-155.3994,57.733],[-155.3904,57.7125],[-155.3643,57.7121],[-155.3399,57.7241],[-155.3048,57.7233],[-155.2931,57.7587],[-155.3229,57.7653],[-155.3239,57.7939],[-155.3428,57.8187],[-155.3312,57.8263],[-155.2821,57.8201],[-155.236,57.826],[-155.2222,57.8381],[-155.2419,57.854],[-155.2103,57.8682],[-155.1558,57.8551],[-155.091,57.8727],[-155.0688,57.9042],[-155.1043,57.9231],[-155.1116,57.9442],[-155.0558,57.9503],[-155.0345,57.9738],[-155.0391,58.0201],[-155.0228,58.0249],[-154.9919,58.0136],[-154.9679,58.0282],[-154.93,58.0327],[-154.8747,58.0278],[-154.8324,58.0175],[-154.8114,57.9999],[-154.7771,58.0024],[-154.7332,58.017],[-154.7365,58.0295],[-154.7184,58.0581],[-154.6796,58.0678],[-154.6523,58.062],[-154.6471,58.0329],[-154.5702,58.0257],[-154.5417,58.0602],[-154.5621,58.0821],[-154.5308,58.1048],[-154.4884,58.093],[-154.4541,58.0913],[-154.47,58.1476],[-154.4449,58.1568],[-154.4225,58.137],[-154.3701,58.1046],[-154.3248,58.083],[-154.3217,58.1093],[-154.343,58.1274],[-154.3374,58.1599],[-154.2724,58.1305],[-154.2155,58.1384],[-154.2634,58.1595],[-154.2903,58.1774],[-154.2795,58.1934],[-154.2208,58.1846],[-154.178,58.1917],[-154.1514,58.2124],[-154.1517,58.2339],[-154.2079,58.2542],[-154.1626,58.2691],[-154.1291,58.2681],[-154.106,58.2778],[-154.1445,58.2934],[-154.1553,58.3167],[-154.1858,58.3234],[-154.1945,58.3059],[-154.2602,58.2969],[-154.261,58.2736],[-154.2922,58.262],[-154.3354,58.2594],[-154.3578,58.2847],[-154.3186,58.2936],[-154.293,58.3111],[-154.2164,58.3369],[-154.1822,58.3384],[-154.1803,58.3594],[-154.1275,58.3523],[-154.1007,58.3594],[-154.0733,58.3547],[-154.0074,58.3752],[-153.9881,58.3918],[-154.0106,58.4024],[-154.0402,58.4018],[-154.0671,58.4271],[-154.0795,58.4572],[-154.0794,58.4789],[-154.0526,58.4888],[-153.9629,58.4862],[-153.9406,58.4919],[-153.9119,58.5126],[-153.9338,58.5263],[-153.8956,58.5688],[-153.9103,58.5914],[-153.8881,58.6067],[-153.8415,58.6103],[-153.8034,58.6039],[-153.7614,58.6044],[-153.6647,58.6138],[-153.628,58.6304],[-153.5943,58.6318],[-153.5809,58.6644],[-153.5644,58.6821],[-153.5166,58.6906],[-153.4856,58.7087],[-153.4551,58.7055],[-153.3945,58.7473],[-153.3767,58.7919],[-153.3755,58.8109],[-153.3559,58.8395],[-153.3294,58.8476],[-153.2847,58.8363],[-153.2539,58.8475],[-153.2579,58.8606],[-153.2571,58.8553]]],[[[-152.2715,57.3914],[-152.2899,57.3939],[-152.3155,57.3652],[-152.2893,57.3651],[-152.2552,57.3844],[-152.2715,57.3914]]],[[[-152.3264,57.7959],[-152.3603,57.7811],[-152.3271,57.7653],[-152.3132,57.7851],[-152.3264,57.7959]]],[[[-151.8248,58.2649],[-151.8676,58.2536],[-151.866,58.2322],[-151.894,58.2155],[-151.8929,58.1876],[-151.8547,58.1676],[-151.8086,58.1864],[-151.7944,58.2101],[-151.7884,58.2419],[-151.7953,58.2568],[-151.8248,58.2649]]],[[[-152.61,58.5539],[-152.6676,58.5412],[-152.6294,58.5292],[-152.61,58.5539]]],[[[-152.3313,58.6282],[-152.3783,58.6311],[-152.4244,58.6092],[-152.4469,58.6251],[-152.4867,58.5981],[-152.5311,58.5844],[-152.5639,58.6217],[-152.6105,58.6057],[-152.6156,58.5878],[-152.6606,58.5656],[-152.6472,58.5572],[-152.5892,58.5596],[-152.6028,58.5406],[-152.6308,58.5218],[-152.6567,58.5147],[-152.6389,58.4997],[-152.5628,58.4767],[-152.4784,58.4689],[-152.4502,58.4824],[-152.415,58.4894],[-152.4194,58.515],[-152.3683,58.5269],[-152.3819,58.5463],[-152.3732,58.5617],[-152.3379,58.5883],[-152.3545,58.5996],[-152.3313,58.6282]]],[[[-153.2622,58.1448],[-153.2956,58.1459],[-153.3414,58.1171],[-153.3359,58.1018],[-153.3974,58.0809],[-153.4194,58.0631],[-153.3862,58.0555],[-153.3663,58.038],[-153.2972,58.0503],[-153.2414,58.0449],[-153.2022,58.0292],[-153.1261,58.0164],[-153.0889,57.9975],[-153.0483,57.9867],[-152.9819,57.9773],[-152.9438,57.9766],[-152.9246,57.9938],[-152.9383,58.0083],[-152.9995,58.0275],[-153.0458,58.0294],[-153.0908,58.089],[-153.1135,58.0949],[-153.1628,58.0884],[-153.1948,58.0998],[-153.2622,58.1448]]],[[[-152.885,58.3397],[-152.9306,58.3383],[-152.9217,58.3136],[-152.8256,58.2972],[-152.7839,58.2872],[-152.7917,58.3075],[-152.8139,58.3139],[-152.8461,58.3378],[-152.885,58.3397]]],[[[-152.3072,58.9617],[-152.2956,58.9508],[-152.3133,58.9331],[-152.3006,58.9047],[-152.2367,58.9144],[-152.2206,58.9278],[-152.1617,58.9328],[-152.1719,58.946],[-152.2028,58.9381],[-152.2639,58.9444],[-152.3072,58.9617]]]]},"properties":{"GID_0":"USA","GID_1":"USA.2_1","GID_2":"USA.2.13_1","NAME_1":"Alaska","NAME_2":"KodiakIsland"}},
{"type":"Feature","geometry":{"type":"MultiPolygon","coordinates":[[[[-159.3458,55.7716],[-159.3722,55.772],[-159.3883,55.7483],[-159.3732,55.7296],[-159.3278,55.7647],[-159.3458,55.7716]]],[[[-159.3123,55.8156],[-159.3549,55.8072],[-159.3694,55.7914],[-159.2955,55.7825],[-159.2944,55.7991],[-159.3123,55.8156]]],[[[-158.8147,55.8938],[-158.8446,55.8789],[-158.8733,55.8783],[-158.8771,55.8561],[-158.8998,55.8295],[-158.87,55.8161],[-158.8644,55.8417],[-158.8489,55.8543],[-158.8075,55.8631],[-158.8038,55.8485],[-158.7529,55.841],[-158.7133,55.8252],[-158.6994,55.8335],[-158.7204,55.8507],[-158.7475,55.8522],[-158.7495,55.8764],[-158.8147,55.8938]]],[[[-159.1344,55.8714],[-159.1661,55.8533],[-159.1683,55.8389],[-159.1391,55.8256],[-159.095,55.8328],[-159.0934,55.8588],[-159.1344,55.8714]]],[[[-157.8328,56.37],[-157.8888,56.3484],[-157.855,56.3186],[-157.8233,56.3069],[-157.8172,56.3592],[-157.8328,56.37]]],[[[-157.2439,56.5836],[-157.3,56.5608],[-157.3306,56.5339],[-157.3122,56.5267],[-157.2445,56.5328],[-157.1822,56.5317],[-157.1461,56.5389],[-157.1155,56.5525],[-157.0972,56.5475],[-157.0256,56.555],[-157.0766,56.5811],[-157.1739,56.5839],[-157.2289,56.5764],[-157.2439,56.5836]]],[[[-159.8064,56.3207],[-159.8067,55.9741],[-159.868,55.9741],[-159.8679,55.8873],[-159.5616,55.8871],[-159.5612,55.6389],[-159.5322,55.6465],[-159.522,55.6615],[-159.533,55.6747],[-159.5258,55.6933],[-159.5459,55.7055],[-159.5368,55.7191],[-159.5,55.7405],[-159.4893,55.7627],[-159.5007,55.7961],[-159.4956,55.8135],[-159.5101,55.8385],[-159.5365,55.8487],[-159.5409,55.8627],[-159.5238,55.884],[-159.4734,55.8985],[-159.4529,55.8883],[-159.4657,55.8389],[-159.4541,55.8095],[-159.4223,55.7849],[-159.404,55.7873],[-159.4053,55.824],[-159.3941,55.8549],[-159.3694,55.8669],[-159.3278,55.8763],[-159.3047,55.8558],[-159.2778,55.8707],[-159.2602,55.8909],[-159.2095,55.8962],[-159.1599,55.8915],[-159.1542,55.9026],[-159.082,55.9184],[-159.065,55.9181],[-159.0331,55.8941],[-159.0038,55.8871],[-159.0009,55.9154],[-158.9884,55.9263],[-158.9355,55.9327],[-158.907,55.9267],[-158.8785,55.9655],[-158.8487,55.9935],[-158.8342,56.0159],[-158.7958,55.9872],[-158.7731,55.9909],[-158.7685,56.0168],[-158.7293,56.0089],[-158.7197,55.9815],[-158.743,55.9597],[-158.7242,55.9508],[-158.6929,55.9651],[-158.677,55.9498],[-158.6457,55.9597],[-158.6811,55.9807],[-158.6342,55.9807],[-158.6296,56],[-158.6778,56.0097],[-158.6544,56.0304],[-158.717,56.0321],[-158.7233,56.048],[-158.6663,56.0519],[-158.6474,56.0877],[-158.6811,56.1049],[-158.6345,56.1113],[-158.6032,56.125],[-158.5805,56.1543],[-158.5538,56.1674],[-158.5714,56.1863],[-158.4993,56.1947],[-158.5146,56.1754],[-158.4899,56.1599],[-158.535,56.155],[-158.5727,56.1199],[-158.5916,56.1095],[-158.5958,56.0842],[-158.5851,56.071],[-158.5988,56.0461],[-158.5591,56.0313],[-158.5458,56.0089],[-158.5174,55.9999],[-158.5034,56.0339],[-158.468,56.0239],[-158.4318,55.9909],[-158.4111,56.0086],[-158.4171,56.0387],[-158.4639,56.0654],[-158.485,56.1095],[-158.4395,56.106],[-158.4204,56.0654],[-158.4002,56.0604],[-158.3948,56.0883],[-158.4357,56.1363],[-158.3758,56.1301],[-158.3481,56.1223],[-158.3345,56.1355],[-158.3372,56.1548],[-158.2824,56.1697],[-158.2534,56.168],[-158.235,56.1821],[-158.1904,56.1923],[-158.1872,56.2045],[-158.1384,56.2353],[-158.181,56.2338],[-158.2445,56.1981],[-158.2824,56.1895],[-158.3108,56.1941],[-158.3561,56.228],[-158.3055,56.2345],[-158.261,56.2483],[-158.2117,56.2715],[-158.2059,56.2874],[-158.2434,56.2895],[-158.2975,56.3118],[-158.3471,56.3213],[-158.4108,56.2979],[-158.4315,56.3227],[-158.4357,56.3401],[-158.4711,56.3395],[-158.5435,56.3077],[-158.5643,56.2869],[-158.5586,56.2639],[-158.5661,56.2491],[-158.595,56.258],[-158.6382,56.2596],[-158.6267,56.2853],[-158.6023,56.3131],[-158.5048,56.3537],[-158.5117,56.3707],[-158.4491,56.4093],[-158.4057,56.4512],[-158.374,56.4569],[-158.3311,56.4821],[-158.2912,56.4793],[-158.252,56.465],[-158.1839,56.4546],[-158.1637,56.4645],[-158.1328,56.4606],[-158.1173,56.4897],[-158.1585,56.5042],[-158.1443,56.5175],[-158.0864,56.5072],[-158.0297,56.5077],[-157.9841,56.4985],[-157.9662,56.4859],[-157.9248,56.4815],[-157.8876,56.4681],[-157.8666,56.4711],[-157.8569,56.489],[-157.8248,56.4978],[-157.8341,56.5106],[-157.8338,56.5403],[-157.8195,56.5561],[-157.8461,56.5634],[-157.878,56.5603],[-157.909,56.571],[-157.9637,56.5639],[-157.9766,56.5544],[-158.0478,56.5439],[-158.1281,56.5269],[-158.1304,56.5508],[-158.1041,56.5663],[-158.0758,56.5733],[-158.0454,56.5941],[-158.0168,56.602],[-157.9762,56.5993],[-157.9438,56.6347],[-157.8855,56.6491],[-157.8407,56.6449],[-157.8358,56.6574],[-157.7713,56.6797],[-157.7387,56.6739],[-157.7167,56.6327],[-157.6824,56.6073],[-157.6308,56.6114],[-157.5846,56.6211],[-157.5342,56.6116],[-157.4624,56.6235],[-157.4542,56.6364],[-157.4778,56.6646],[-157.5109,56.666],[-157.555,56.6782],[-157.5674,56.7055],[-157.5445,56.7437],[-157.5113,56.7622],[-157.4692,56.7548],[-157.4331,56.7687],[-157.4211,56.7996],[-157.4653,56.8071],[-157.4755,56.8341],[-157.4381,56.8589],[-157.3929,56.8635],[-157.302,56.8181],[-157.2733,56.7925],[-157.2541,56.7927],[-157.2142,56.7671],[-157.1859,56.7677],[-157.1491,56.7832],[-157.1398,56.8042],[-157.1879,56.8334],[-157.1754,56.8557],[-157.0806,56.8239],[-157.0778,56.8355],[-157.0358,56.8889],[-156.9931,56.9115],[-156.936,56.9156],[-156.945,56.928],[-156.94,56.9507],[-156.9028,56.9654],[-156.8869,56.9464],[-156.8517,56.9237],[-156.8343,56.8954],[-156.8046,56.9107],[-156.7866,56.9709],[-156.7542,56.9996],[-156.7857,57.0252],[-156.7279,57.0382],[-156.6928,57.0216],[-156.6754,56.9938],[-156.552,56.9843],[-156.5598,57.0131],[-156.5887,57.0365],[-156.5755,57.0538],[-156.5336,57.0454],[-156.4984,57.0613],[-156.4805,57.0811],[-156.4465,57.0904],[-156.481,57.1091],[-156.4544,57.1265],[-156.3725,57.1435],[-156.3389,57.1761],[-156.3486,57.1805],[-156.3451,57.178],[-156.7511,57.1779],[-156.7511,57.2495],[-156.672,57.2499],[-156.6723,57.3077],[-156.6195,57.3081],[-156.6195,57.3511],[-156.5402,57.3511],[-156.5532,57.3656],[-156.5526,57.3803],[-156.4997,57.3801],[-156.499,57.4525],[-156.4461,57.4523],[-156.4466,57.4959],[-156.3928,57.4956],[-156.3655,57.5103],[-156.3658,57.5393],[-156.2055,57.5393],[-156.2055,57.5246],[-156.125,57.5247],[-156.125,57.5537],[-156.0985,57.5537],[-156.072,57.5679],[-156.072,57.5969],[-156.0179,57.5969],[-156.0179,57.6115],[-155.9654,57.6117],[-155.9647,57.5681],[-155.8847,57.6117],[-155.8315,57.6111],[-155.8314,57.6258],[-155.8571,57.6404],[-155.9113,57.6405],[-155.9112,57.6837],[-155.7778,57.6837],[-155.7776,57.7125],[-155.757,57.7125],[-155.7566,57.7561],[-155.7031,57.7559],[-155.7026,57.8137],[-155.5445,57.8135],[-155.5442,57.8421],[-155.4601,57.8425],[-155.4594,57.8861],[-155.3519,57.8861],[-155.3525,58.0457],[-155.2999,58.0457],[-155.2997,58.1035],[-155.3541,58.1035],[-155.3592,58.1905],[-155.2456,58.1905],[-155.2454,58.2337],[-155.0822,58.2337],[-155.0819,58.2629],[-155.0307,58.2629],[-155.0312,58.2915],[-154.8947,58.2915],[-154.8954,58.3061],[-154.7545,58.3059],[-154.7548,58.3349],[-154.5911,58.3349],[-154.5912,58.3637],[-154.4832,58.3639],[-154.4824,58.3929],[-154.4501,58.3927],[-154.4502,58.4217],[-154.3673,58.4215],[-154.3677,58.4649],[-154.3127,58.4649],[-154.3128,58.6527],[-154.6423,58.6527],[-154.6422,58.7396],[-154.6951,58.7394],[-154.6949,59.086],[-154.7492,59.0863],[-154.7485,59.2595],[-154.4121,59.2597],[-154.4123,59.4331],[-154.1236,59.4327],[-154.123,59.5197],[-153.9534,59.5197],[-153.953,59.6931],[-153.7835,59.6929],[-153.7829,59.7799],[-153.6566,59.7795],[-153.6573,60.1261],[-153.5286,60.1265],[-153.5282,60.4727],[-153.3972,60.4729],[-153.397,60.8197],[-153.4411,60.8196],[-153.4406,60.9061],[-156.0025,60.9061],[-156.0019,60.1941],[-156.0096,60.1261],[-156.0101,59.953],[-156.0088,59.7794],[-155.9952,59.7797],[-155.9946,59.6929],[-156.1648,59.6929],[-156.1647,59.6061],[-156.5051,59.6065],[-156.505,59.5197],[-156.6753,59.5195],[-156.6756,59.4327],[-156.77,59.4328],[-156.7701,59.346],[-157.107,59.3461],[-157.1071,59.2593],[-157.2752,59.2597],[-157.2754,59.0861],[-157.1963,59.0859],[-157.1966,58.8479],[-157.2744,58.8363],[-157.211,58.8421],[-157.1821,58.8491],[-157.1697,58.8601],[-157.0952,58.8756],[-157.0686,58.8889],[-157.0375,58.9161],[-157.0372,58.9519],[-157.0165,58.9677],[-156.9565,58.9865],[-156.9232,58.9923],[-156.9043,58.9713],[-156.9577,58.9637],[-156.9735,58.9511],[-156.9878,58.9182],[-156.9679,58.9076],[-156.9996,58.8836],[-156.3202,58.8837],[-156.3206,58.6165],[-157.2605,58.6162],[-157.2797,58.6029],[-157.3199,58.5593],[-157.3834,58.522],[-157.4162,58.5211],[-157.4668,58.4885],[-157.49,58.4665],[-157.5008,58.4377],[-157.5226,58.4171],[-157.5424,58.3825],[-157.5522,58.3082],[-157.5444,58.2781],[-157.5129,58.2491],[-157.4479,58.2092],[-157.4305,58.2069],[-157.4054,58.2257],[-157.3806,58.2179],[-157.4045,58.179],[-157.437,58.1662],[-157.4957,58.1614],[-157.529,58.1654],[-157.5874,58.1275],[-157.5885,58.1109],[-157.6118,58.0433],[-157.6279,57.9741],[-157.6651,57.7935],[-157.6766,57.7661],[-157.7012,57.7301],[-157.7123,57.6663],[-157.7131,57.6363],[-157.6965,57.6124],[-157.6431,57.6125],[-157.6049,57.6064],[-157.5937,57.5809],[-157.5773,57.5147],[-157.5899,57.4962],[-157.653,57.4962],[-157.654,57.5093],[-157.6862,57.5305],[-157.7,57.5636],[-157.7509,57.5334],[-157.7836,57.5363],[-157.8186,57.5283],[-157.8755,57.4896],[-157.9276,57.474],[-158.0017,57.408],[-158.0911,57.3766],[-158.0903,57.3583],[-158.1179,57.3537],[-158.2025,57.3248],[-158.2571,57.3126],[-158.2894,57.2929],[-158.3312,57.2806],[-158.4549,57.1971],[-158.5059,57.1549],[-158.5435,57.1295],[-158.5839,57.0874],[-158.6299,57.0537],[-158.6789,57.0053],[-158.6985,56.9705],[-158.6799,56.9341],[-158.6996,56.9],[-158.6754,56.8945],[-158.6832,56.8785],[-158.6747,56.8567],[-158.6502,56.8347],[-158.6523,56.8153],[-158.6819,56.7855],[-158.7093,56.7948],[-158.7955,56.7801],[-158.8653,56.7943],[-158.9313,56.8181],[-158.9475,56.8398],[-158.9859,56.831],[-159.0537,56.8006],[-159.1773,56.7593],[-159.2435,56.7287],[-159.2886,56.7125],[-159.3207,56.7099],[-159.384,56.684],[-159.3997,56.6871],[-159.5476,56.6228],[-159.7118,56.5738],[-159.7861,56.5601],[-159.8338,56.5445],[-159.8944,56.5031],[-159.8998,56.4945],[-159.9004,56.3211],[-159.8064,56.3207]]]]},"properties":{"GID_0":"USA","GID_1":"USA.2_1","GID_2":"USA.2.14_1","NAME_1":"Alaska","NAME_2":"LakeandPeninsula"}},
{"type":"Feature","geometry":{"type":"MultiPolygon","coordinates":[[[[-150.5979,61.3604],[-150.6349,61.337],[-150.6276,61.2995],[-150.6016,61.2995],[-150.5797,61.3255],[-150.5979,61.3604]]],[[[-149.1797,61.4261],[-148.6894,61.4264],[-148.7005,61.4391],[-148.7412,61.4568],[-148.8661,61.4693],[-148.9005,61.4911],[-148.9792,61.5083],[-149.0208,61.5042],[-149.0896,61.4875],[-149.1333,61.4896],[-149.1562,61.4979],[-149.1938,61.475],[-149.2405,61.4774],[-149.2405,61.4549],[-149.1798,61.455],[-149.1797,61.4261]]],[[[-148.6795,61.4264],[-148.4621,61.4262],[-148.462,61.4261],[-147.2069,61.4263],[-147.2069,61.4705],[-146.9425,61.4709],[-146.9428,61.8173],[-146.9613,61.8173],[-146.9599,62.1637],[-146.9826,62.1639],[-146.9795,62.2507],[-146.4241,62.2505],[-146.4241,62.5103],[-146.4372,62.5103],[-146.4367,62.8569],[-146.4499,62.8569],[-146.4501,62.9579],[-146.4938,62.9579],[-146.4943,63.4775],[-148.0252,63.4776],[-148.0256,63.326],[-149.4935,63.3263],[-150.0006,63.2188],[-151.8843,62.7979],[-151.8917,62.7257],[-153.0055,62.7256],[-153.0078,62.2061],[-152.997,62.2063],[-152.9967,61.8597],[-152.9871,61.8593],[-152.9869,61.5129],[-153.0099,61.5127],[-153.0098,61.4262],[-151.3329,61.4263],[-151.3324,61.253],[-150.9736,61.2529],[-150.9639,61.2063],[-150.9402,61.2157],[-150.9354,61.2],[-150.8542,61.2083],[-150.8271,61.2208],[-150.7464,61.2401],[-150.7349,61.2547],[-150.6922,61.2568],[-150.6693,61.2734],[-150.6609,61.2964],[-150.6646,61.325],[-150.6172,61.3578],[-150.5979,61.3604],[-150.562,61.3932],[-150.5375,61.4042],[-150.4896,61.3979],[-150.4828,61.4193],[-150.4901,61.4557],[-150.5661,61.4797],[-150.5797,61.4953],[-150.5786,61.5266],[-150.5437,61.5438],[-150.4901,61.5568],[-150.4859,61.587],[-150.5307,61.6068],[-150.5609,61.6266],[-150.5911,61.6339],[-150.6203,61.6568],[-150.6401,61.687],[-150.6703,61.7005],[-150.6995,61.7359],[-150.7016,61.7536],[-150.7224,61.7776],[-150.7271,61.8],[-150.7578,61.8089],[-150.7901,61.8578],[-150.8167,61.8583],[-150.8276,61.887],[-150.8958,61.9],[-150.9557,61.9068],[-150.9646,61.9229],[-151.0208,61.9188],[-151.0312,61.9375],[-151.1229,61.975],[-151.1687,61.9896],[-151.113,61.9849],[-151.0146,61.9375],[-151.0021,61.9229],[-150.9583,61.9271],[-150.9495,61.9089],[-150.8396,61.8958],[-150.8036,61.8714],[-150.763,61.8578],[-150.7786,61.8464],[-150.7297,61.8266],[-150.737,61.8109],[-150.6901,61.787],[-150.7021,61.7729],[-150.6859,61.7547],[-150.6891,61.7339],[-150.638,61.7297],[-150.662,61.7068],[-150.6297,61.6911],[-150.5807,61.6359],[-150.5437,61.6271],[-150.5245,61.6109],[-150.4901,61.5974],[-150.4729,61.5729],[-150.4276,61.5755],[-150.3901,61.6109],[-150.3849,61.6474],[-150.313,61.6693],[-150.3161,61.6974],[-150.288,61.7047],[-150.2932,61.7411],[-150.2536,61.7766],[-150.1984,61.7964],[-150.2161,61.8172],[-150.2078,61.8453],[-150.1734,61.8714],[-150.1641,61.887],[-150.1151,61.9193],[-150.1333,61.9396],[-150.1516,61.9609],[-150.1536,61.9932],[-150.1453,62.0182],[-150.1234,62.0318],[-150.125,62.0604],[-150.1224,62.0766],[-150.0901,62.088],[-150.1005,62.1099],[-150.1286,62.1193],[-150.1443,62.1474],[-150.1891,62.1682],[-150.1417,62.1958],[-150.1276,62.2161],[-150.1682,62.2495],[-150.1297,62.2755],[-150.1422,62.3161],[-150.1562,62.3354],[-150.1687,62.3542],[-150.1411,62.3411],[-150.1047,62.3057],[-150.1068,62.2818],[-150.137,62.237],[-150.1151,62.2245],[-150.1068,62.1984],[-150.1745,62.1672],[-150.1089,62.1422],[-150.1099,62.1255],[-150.0672,62.0995],[-150.0974,62.0714],[-150.0922,62.0568],[-150.1161,62.0411],[-150.1161,62.0224],[-150.0964,61.9974],[-150.0917,61.9708],[-150.1057,61.9859],[-150.137,61.9724],[-150.1078,61.9359],[-150.0922,61.9297],[-150.1068,61.8984],[-150.1297,61.8734],[-150.162,61.8568],[-150.1849,61.8307],[-150.1766,61.8057],[-150.1818,61.7849],[-150.2245,61.7786],[-150.25,61.7625],[-150.2693,61.7443],[-150.2688,61.7167],[-150.313,61.663],[-150.3495,61.6474],[-150.3745,61.6172],[-150.3651,61.5943],[-150.4104,61.5729],[-150.45,61.5667],[-150.4646,61.5563],[-150.5125,61.5438],[-150.5437,61.5271],[-150.5661,61.5161],[-150.5672,61.4943],[-150.4859,61.4703],[-150.4828,61.4464],[-150.4547,61.4099],[-150.5063,61.3625],[-150.5292,61.3604],[-150.562,61.3391],[-150.5521,61.2958],[-150.5474,61.2818],[-150.4521,61.25],[-150.3062,61.2583],[-150.1167,61.2562],[-150.0063,61.2438],[-149.9812,61.2375],[-149.9193,61.2651],[-149.9245,61.2766],[-149.9089,61.3005],[-149.9182,61.3245],[-149.8943,61.3526],[-149.8771,61.3875],[-149.825,61.3937],[-149.7713,61.4297],[-149.7682,61.4391],[-149.7297,61.4547],[-149.6313,61.475],[-149.5984,61.488],[-149.5776,61.4839],[-149.5437,61.4979],[-149.5203,61.4776],[-149.4687,61.4667],[-149.4339,61.4828],[-149.3479,61.4833],[-149.3062,61.4938],[-149.2588,61.4896],[-149.25,61.4843],[-149.2146,61.4792],[-149.1604,61.5021],[-149.0792,61.5083],[-149.0333,61.5042],[-148.9479,61.5229],[-148.9354,61.5187],[-148.9146,61.5104],[-148.8562,61.5021],[-148.8188,61.4854],[-148.7437,61.4813],[-148.6984,61.4661],[-148.7016,61.4568],[-148.6795,61.4264]]]]},"properties":{"GID_0":"USA","GID_1":"USA.2_1","GID_2":"USA.2.15_1","NAME_1":"Alaska","NAME_2":"Matanuska-Susitna"}},
{"type":"Feature","geometry":{"type":"MultiPolygon","coordinates":[[[[-171.6604,63.775],[-171.7109,63.7745],[-171.7068,63.7464],[-171.7401,63.7047],[-171.7557,63.6974],[-171.738,63.6547],[-171.7547,63.638],[-171.7854,63.6312],[-171.7964,63.5943],[-171.8307,63.5766],[-171.8391,63.5516],[-171.825,63.5187],[-171.8432,63.4859],[-171.8172,63.4568],[-171.8167,63.4313],[-171.7912,63.4089],[-171.7609,63.3995],[-171.7516,63.3797],[-171.675,63.3542],[-171.625,63.3438],[-171.5646,63.3396],[-171.5458,63.3187],[-171.5042,63.3271],[-171.4604,63.3083],[-171.4333,63.3083],[-171.3974,63.3245],[-171.3542,63.3354],[-171.3313,63.3333],[-171.2964,63.3526],[-171.2833,63.3833],[-171.2417,63.3937],[-171.1917,63.3958],[-171.0854,63.4292],[-171.0604,63.4333],[-170.9354,63.4354],[-170.9208,63.45],[-170.8422,63.4474],[-170.8495,63.4359],[-170.7833,63.4083],[-170.7146,63.4083],[-170.6578,63.3922],[-170.6245,63.3891],[-170.5833,63.4333],[-170.5609,63.4182],[-170.5849,63.3964],[-170.5661,63.3797],[-170.5229,63.3646],[-170.4714,63.3599],[-170.3974,63.3255],[-170.3526,63.3141],[-170.3167,63.2875],[-170.2375,63.2792],[-170.2214,63.2599],[-170.2151,63.2266],[-170.2271,63.2104],[-170.2245,63.188],[-170.1771,63.1896],[-170.0443,63.1745],[-170.0042,63.1437],[-169.9146,63.1437],[-169.8589,63.1286],[-169.7646,63.0812],[-169.7661,63.0609],[-169.7099,63.0464],[-169.7026,63.0318],[-169.7187,63.0083],[-169.763,63.0036],[-169.7339,62.988],[-169.7542,62.9583],[-169.6818,62.9495],[-169.6375,62.9375],[-169.6172,62.9672],[-169.5854,62.9771],[-169.5318,62.9776],[-169.5661,63.0016],[-169.5828,63.0276],[-169.5771,63.0521],[-169.5328,63.0786],[-169.4891,63.0974],[-169.4234,63.1109],[-169.3745,63.1557],[-169.3146,63.1792],[-169.2458,63.1937],[-169.1104,63.2],[-169.0667,63.1979],[-168.9943,63.1807],[-168.9521,63.1604],[-168.8792,63.1604],[-168.8318,63.1755],[-168.7724,63.2141],[-168.7214,63.2318],[-168.737,63.263],[-168.7068,63.2776],[-168.6922,63.2953],[-168.7417,63.2938],[-168.7875,63.3],[-168.8682,63.3214],[-168.8813,63.3292],[-168.925,63.325],[-168.9833,63.3333],[-169.0042,63.3417],[-169.1417,63.3375],[-169.2563,63.3417],[-169.2792,63.3479],[-169.3938,63.3563],[-169.4125,63.3458],[-169.475,63.3438],[-169.5125,63.3563],[-169.5578,63.3609],[-169.5693,63.3995],[-169.5995,63.4026],[-169.6521,63.4292],[-169.7063,63.4313],[-169.7937,63.4271],[-169.8646,63.4417],[-169.9375,63.4688],[-169.9729,63.4688],[-170.0464,63.4797],[-170.0703,63.5036],[-170.038,63.5224],[-170.0724,63.5422],[-170.0589,63.5578],[-170.1062,63.6146],[-170.1458,63.6146],[-170.2016,63.6359],[-170.2088,63.6536],[-170.2557,63.6651],[-170.2896,63.6875],[-170.3437,63.6917],[-170.4167,63.6854],[-170.4375,63.6917],[-170.4958,63.6937],[-170.5328,63.6849],[-170.5359,63.6672],[-170.5688,63.6604],[-170.6578,63.662],[-170.7307,63.6391],[-170.7464,63.6255],[-170.7849,63.6161],[-170.8604,63.5854],[-170.9167,63.5667],[-170.9854,63.5646],[-171.0292,63.5771],[-171.0932,63.5797],[-171.1104,63.5875],[-171.175,63.5875],[-171.1792,63.6021],[-171.2271,63.6125],[-171.2937,63.6125],[-171.3167,63.6042],[-171.4568,63.5964],[-171.4995,63.6005],[-171.5307,63.6224],[-171.5089,63.6422],[-171.5453,63.6557],[-171.6016,63.637],[-171.6141,63.612],[-171.6682,63.6286],[-171.5964,63.6443],[-171.5667,63.6688],[-171.6292,63.6854],[-171.65,63.7062],[-171.638,63.7443],[-171.6604,63.775]]],[[[-166.9182,65.2255],[-166.8646,65.2396],[-166.8401,65.262],[-166.8661,65.2724],[-166.9182,65.2255]]],[[[-168.9016,65.7598],[-168.9516,65.7526],[-168.9292,65.7396],[-168.8979,65.7396],[-168.9016,65.7598]]],[[[-167.6599,65.7891],[-167.7182,65.7786],[-167.7026,65.7609],[-167.737,65.7422],[-167.7042,65.7354],[-167.6714,65.7547],[-167.6771,65.7729],[-167.6599,65.7891]]],[[[-169.0479,65.8125],[-169.0813,65.8167],[-169.1182,65.7589],[-169.0729,65.7417],[-169.0443,65.7526],[-168.9964,65.8026],[-169.0479,65.8125]]],[[[-162.387,63.6255],[-162.4083,63.6333],[-162.4583,63.6188],[-162.4917,63.6188],[-162.5542,63.6333],[-162.5828,63.6245],[-162.588,63.6089],[-162.6307,63.6141],[-162.6932,63.5755],[-162.6839,63.5578],[-162.6583,63.5583],[-162.6,63.5396],[-162.5625,63.5458],[-162.5271,63.5396],[-162.4833,63.5479],[-162.4292,63.5417],[-162.4021,63.5563],[-162.3813,63.5396],[-162.3484,63.5422],[-162.3703,63.5609],[-162.362,63.5964],[-162.387,63.6255]]],[[[-164.3956,66.5772],[-164.4396,66.5771],[-164.5708,66.5563],[-164.6542,66.5479],[-164.7276,66.5109],[-164.8437,66.475],[-164.875,66.4729],[-164.9286,66.4495],[-164.938,66.4276],[-164.9911,66.4141],[-165.0036,66.4016],[-165.0537,66.3964],[-165.0422,66.4287],[-165.1458,66.4333],[-165.1896,66.4208],[-165.2479,66.4146],[-165.3229,66.4146],[-165.4396,66.4021],[-165.4651,66.3901],[-165.588,66.3568],[-165.6146,66.3562],[-165.6995,66.337],[-165.7557,66.3141],[-165.8109,66.2755],[-165.8464,66.263],[-165.8766,66.2349],[-165.8537,66.213],[-165.825,66.2083],[-165.7563,66.2104],[-165.6672,66.1974],[-165.5833,66.1646],[-165.4859,66.1516],[-165.5021,66.1417],[-165.5453,66.1432],[-165.5995,66.1224],[-165.6896,66.0958],[-165.7792,66.0958],[-165.8542,66.1104],[-166.0583,66.1062],[-166.1516,66.138],[-166.15,66.1604],[-166.2354,66.1708],[-166.2917,66.1604],[-166.35,66.1417],[-166.45,66.125],[-166.5526,66.0964],[-166.6042,66.0896],[-166.6375,66.075],[-166.7245,66.0516],[-166.7708,66.0313],[-166.8016,65.9953],[-166.7958,65.9729],[-166.8604,65.9708],[-166.9187,65.9875],[-166.9849,65.9589],[-166.9438,65.9583],[-166.888,65.9411],[-166.8625,65.925],[-166.9974,65.8953],[-167.0354,65.8688],[-167.1021,65.8604],[-167.1849,65.8401],[-167.1859,65.8536],[-167.2245,65.8609],[-167.2276,65.8766],[-167.2891,65.8932],[-167.4104,65.8521],[-167.4896,65.8313],[-167.4563,65.7979],[-167.5312,65.8021],[-167.5708,65.7958],[-167.562,65.7714],[-167.5125,65.7688],[-167.4859,65.7599],[-167.5026,65.7276],[-167.5833,65.7083],[-167.7896,65.7063],[-167.8307,65.6766],[-167.9953,65.6286],[-168.0417,65.625],[-168.0703,65.6432],[-168.0286,65.6891],[-167.9563,65.7146],[-167.925,65.7125],[-167.8703,65.7338],[-167.8542,65.7479],[-167.8125,65.7396],[-167.8125,65.7625],[-167.9271,65.7396],[-168.0807,65.6932],[-168.1016,65.6807],[-168.1224,65.6401],[-168.0859,65.6057],[-168.087,65.5901],[-168.0458,65.5687],[-167.9896,65.5563],[-167.9687,65.5604],[-167.8896,65.5521],[-167.8422,65.5391],[-167.8167,65.5208],[-167.7458,65.5104],[-167.6625,65.4833],[-167.6422,65.4807],[-167.6062,65.4542],[-167.5375,65.4396],[-167.4521,65.4104],[-167.4083,65.4021],[-167.2875,65.3958],[-167.1979,65.3958],[-167.1687,65.3896],[-167.0354,65.3875],[-166.9542,65.3708],[-166.9312,65.375],[-166.825,65.375],[-166.7521,65.3604],[-166.6104,65.3521],[-166.55,65.3396],[-166.5125,65.3375],[-166.3979,65.3083],[-166.3062,65.3125],[-166.1479,65.2875],[-166.0359,65.2474],[-166.0328,65.2276],[-166.013,65.2109],[-166.0188,65.1896],[-165.9396,65.1667],[-165.912,65.1505],[-165.8792,65.1479],[-165.8703,65.1807],[-165.8375,65.1896],[-165.8021,65.1813],[-165.7521,65.1896],[-165.6714,65.1661],[-165.6062,65.175],[-165.5318,65.1776],[-165.4953,65.1609],[-165.4354,65.1646],[-165.4224,65.2037],[-165.3854,65.1937],[-165.3854,65.1687],[-165.3838,65.1443],[-165.4526,65.1214],[-165.4917,65.1167],[-165.5682,65.0974],[-165.6026,65.0714],[-165.6495,65.0578],[-165.6604,65.0458],[-165.7125,65.05],[-165.7417,65.0604],[-165.7312,65.0729],[-165.8188,65.0771],[-165.8557,65.0859],[-165.8943,65.1224],[-165.9516,65.1443],[-165.9672,65.1682],[-166.0349,65.1859],[-166.0193,65.2161],[-166.0437,65.2312],[-166.1292,65.2292],[-166.1896,65.2521],[-166.2479,65.2583],[-166.2688,65.2542],[-166.3771,65.2542],[-166.4479,65.2354],[-166.4703,65.2089],[-166.4505,65.188],[-166.5005,65.1526],[-166.5172,65.1339],[-166.5604,65.1208],[-166.6568,65.1036],[-166.6458,65.0729],[-166.7,65.0833],[-166.6771,65.1062],[-166.7479,65.1083],[-166.7875,65.1167],[-166.8474,65.1172],[-166.8547,65.0932],[-166.8208,65.0771],[-166.7005,65.0537],[-166.6797,65.0203],[-166.6995,64.9943],[-166.6807,64.9818],[-166.5755,64.9537],[-166.5599,64.9464],[-166.5016,64.9443],[-166.4245,64.8922],[-166.3776,64.8807],[-166.4016,64.8641],[-166.3797,64.8391],[-166.3776,64.813],[-166.4479,64.8042],[-166.4745,64.7911],[-166.4547,64.7474],[-166.4682,64.7193],[-166.4391,64.6859],[-166.4172,64.6724],[-166.3911,64.6401],[-166.3521,64.6292],[-166.2391,64.5859],[-166.1729,64.575],[-166.1271,64.5792],[-166.0729,64.5646],[-165.9542,64.5563],[-165.8521,64.5396],[-165.6854,64.5313],[-165.6,64.5188],[-165.5583,64.5167],[-165.4125,64.4958],[-165.3854,64.4958],[-165.2875,64.4792],[-165.2167,64.4729],[-165.0958,64.4521],[-165.0104,64.4333],[-164.9812,64.4417],[-164.9193,64.4422],[-164.9078,64.4693],[-164.9438,64.4917],[-164.8432,64.4912],[-164.7521,64.5146],[-164.6562,64.5146],[-164.6187,64.5062],[-164.5484,64.5276],[-164.4625,64.5458],[-164.4354,64.5458],[-164.3042,64.5687],[-164.25,64.5646],[-164.1646,64.5646],[-164.1042,64.5687],[-163.9937,64.5521],[-163.9354,64.5625],[-163.9021,64.5604],[-163.8833,64.5729],[-163.7833,64.575],[-163.725,64.5667],[-163.6438,64.5687],[-163.5125,64.55],[-163.375,64.5146],[-163.3505,64.5141],[-163.337,64.4922],[-163.3,64.4896],[-163.2547,64.4745],[-163.2245,64.4297],[-163.1943,64.4203],[-163.1911,64.4068],[-163.1479,64.3979],[-163.1068,64.4089],[-163.0901,64.4401],[-163.1057,64.4484],[-163.0891,64.4661],[-163.0432,64.4912],[-163.0349,64.5057],[-163.0896,64.5125],[-163.1062,64.5021],[-163.1479,64.5062],[-163.1755,64.5349],[-163.25,64.5396],[-163.2818,64.5557],[-163.337,64.5714],[-163.3521,64.5833],[-163.2917,64.6021],[-163.2464,64.6297],[-163.1896,64.6458],[-163.1354,64.6458],[-163.1432,64.6151],[-163.1208,64.6],[-163.0833,64.6],[-163.0339,64.5849],[-163.0109,64.5641],[-163.0151,64.5484],[-162.9453,64.5443],[-162.9057,64.513],[-162.8422,64.4953],[-162.8276,64.4807],[-162.862,64.4693],[-162.8537,64.4443],[-162.8255,64.4349],[-162.7964,64.3922],[-162.8037,64.3359],[-162.7776,64.3255],[-162.738,64.3547],[-162.6318,64.3839],[-162.6401,64.4036],[-162.6151,64.4234],[-162.6026,64.4557],[-162.6182,64.4682],[-162.5922,64.4838],[-162.5453,64.5307],[-162.5042,64.5375],[-162.4438,64.5625],[-162.3333,64.5979],[-162.2792,64.6062],[-162.2297,64.6255],[-162.2182,64.6536],[-162.1708,64.6813],[-162.0646,64.6979],[-161.95,64.6979],[-161.9266,64.7203],[-161.8771,64.7479],[-161.8271,64.7583],[-161.6979,64.775],[-161.7297,64.7974],[-161.6943,64.8078],[-161.6474,64.7755],[-161.5542,64.7604],[-161.5401,64.7536],[-161.413,64.763],[-161.3672,64.7776],[-161.3703,64.7932],[-161.3036,64.8474],[-161.213,64.8818],[-161.1792,64.9271],[-161.1495,64.913],[-161.112,64.8839],[-160.987,64.8359],[-160.9271,64.8208],[-160.9068,64.8234],[-160.8734,64.8057],[-160.862,64.7776],[-160.7776,64.7182],[-160.7839,64.6255],[-160.8167,64.6021],[-160.8974,64.5807],[-160.9479,64.5437],[-160.9917,64.5375],[-161.0646,64.5396],[-161.05,64.5271],[-161.013,64.5224],[-161.0088,64.5026],[-161.0333,64.4958],[-161.1896,64.4938],[-161.2995,64.5068],[-161.3537,64.5193],[-161.3771,64.5333],[-161.4661,64.5057],[-161.4807,64.4786],[-161.4714,64.4464],[-161.4818,64.4318],[-161.5286,64.4089],[-161.4995,64.4057],[-161.4708,64.4187],[-161.3896,64.4271],[-161.387,64.4151],[-161.3479,64.4042],[-161.3146,64.4104],[-161.2328,64.4078],[-161.2667,64.3938],[-161.2578,64.3839],[-161.1911,64.3786],[-161.1938,64.3562],[-161.0943,64.2995],[-161.012,64.2797],[-160.9609,64.2495],[-160.9599,64.2214],[-160.9422,64.2057],[-160.9536,64.1891],[-160.9422,64.1068],[-160.9474,64.0797],[-160.9286,64.0401],[-160.8943,63.9932],[-160.8464,63.9516],[-160.813,63.912],[-160.7964,63.8786],[-160.7651,63.8432],[-160.7588,63.7974],[-160.7641,63.7703],[-160.7859,63.7443],[-160.8516,63.7016],[-160.9047,63.6526],[-160.963,63.6172],[-161.0224,63.6099],[-161.0297,63.5859],[-161.0526,63.5651],[-161.0974,63.5484],[-161.1229,63.5271],[-161.1359,63.5005],[-161.3062,63.4688],[-161.3833,63.4688],[-161.4292,63.4542],[-161.5,63.4688],[-161.5213,63.4505],[-161.5792,63.4458],[-161.6229,63.4583],[-161.7146,63.4604],[-161.7542,63.4542],[-161.8062,63.4375],[-161.8333,63.4458],[-161.8917,63.4479],[-161.9229,63.4417],[-161.9521,63.4479],[-161.9667,63.4313],[-162.0104,63.4458],[-162.1042,63.4271],[-162.1089,63.4432],[-162.0495,63.4766],[-162.0958,63.5083],[-162.1479,63.5125],[-162.175,63.5292],[-162.2042,63.5208],[-162.2521,63.5396],[-162.3021,63.5375],[-162.2932,63.5089],[-162.2651,63.4932],[-162.2922,63.4714],[-162.3328,63.4599],[-162.3807,63.4255],[-162.4016,63.4203],[-162.4036,63.3995],[-162.4266,63.3776],[-162.4203,63.3568],[-162.4588,63.3568],[-162.4755,63.3255],[-162.5026,63.3286],[-162.5307,63.3141],[-162.5297,63.2922],[-162.5609,63.2719],[-162.3828,63.2719],[-162.3828,63.1853],[-162.1922,63.1851],[-162.1927,63.0985],[-162.0017,63.0985],[-162.0018,63.0119],[-160.8584,63.0121],[-160.8583,63.2719],[-160.6674,63.2721],[-160.6675,63.3585],[-160.6899,63.3585],[-160.6902,63.5315],[-160.4976,63.5319],[-160.4972,63.6183],[-160.1119,63.6183],[-160.1114,63.7049],[-159.9322,63.7051],[-159.9332,63.7915],[-159.7369,63.7919],[-159.7372,64.0513],[-159.9477,64.0517],[-159.9478,64.3978],[-159.9626,64.3981],[-159.9628,64.7443],[-159.7749,64.7445],[-159.7749,64.9176],[-159.5719,64.9177],[-159.5717,65.0909],[-159.5825,65.0909],[-159.5824,65.2641],[-159.3769,65.2639],[-159.3777,65.4372],[-159.3853,65.4371],[-159.3858,65.5238],[-159.5933,65.5241],[-159.8018,65.5239],[-159.8012,65.4371],[-163.7553,65.4373],[-163.7552,65.6105],[-163.963,65.6105],[-163.964,65.7837],[-164.2445,65.7837],[-164.2445,66.1301],[-164.3189,66.1301],[-164.3186,66.4765],[-164.3963,66.4765],[-164.3957,66.5684],[-164.3784,66.5792],[-164.3897,66.5792],[-164.3956,66.5772]]],[[[-164.8922,66.4964],[-164.9104,66.5083],[-165.0937,66.4792],[-165.2063,66.4583],[-165.3,66.4375],[-165.2667,66.4292],[-165.2396,66.4396],[-165.1875,66.4417],[-165.1266,66.4661],[-165.0604,66.4667],[-165.0083,66.4812],[-164.8922,66.4964]]],[[[-166.2563,66.1917],[-166.3021,66.1917],[-166.4146,66.1667],[-166.35,66.1667],[-166.3057,66.187],[-166.2563,66.1917]]],[[[-165.9162,66.2901],[-165.9458,66.2917],[-165.9875,66.275],[-165.9464,66.2672],[-165.9162,66.2901]]]]},"properties":{"GID_0":"USA","GID_1":"USA.2_1","GID_2":"USA.2.16_1","NAME_1":"Alaska","NAME_2":"Nome"}},
{"type":"Feature","geometry":{"type":"MultiPolygon","coordinates":[[[[-141.003,68.4393],[-141.0022,69.5481],[-141.003,69.6462],[-141.1167,69.6729],[-141.1792,69.6813],[-141.2453,69.6432],[-141.2464,69.6297],[-141.3333,69.6312],[-141.3974,69.638],[-141.438,69.6766],[-141.4797,69.7037],[-141.5339,69.7286],[-141.6438,69.7521],[-141.6833,69.7708],[-141.75,69.7625],[-141.7854,69.7917],[-141.8437,69.7917],[-141.8729,69.8021],[-141.9292,69.7896],[-142.0104,69.7958],[-142.0354,69.8146],[-142.1,69.8229],[-142.1047,69.8359],[-142.1687,69.8458],[-142.2396,69.8458],[-142.287,69.8755],[-142.3391,69.8859],[-142.3417,69.9104],[-142.3896,69.9104],[-142.3797,69.9287],[-142.425,69.9313],[-142.5161,69.9547],[-142.5807,69.9589],[-142.5818,69.9974],[-142.7271,70.0375],[-142.775,70.0396],[-142.8667,70.0563],[-142.9542,70.0542],[-142.9937,70.0583],[-143.0042,70.0771],[-143.1062,70.0771],[-143.1604,70.0979],[-143.3099,70.0974],[-143.35,70.0896],[-143.5125,70.0875],[-143.6583,70.0729],[-143.7234,70.0922],[-143.7833,70.0833],[-143.8078,70.0693],[-143.875,70.0771],[-143.9125,70.0583],[-143.9818,70.0599],[-143.9932,70.0484],[-144.0542,70.05],[-144.0896,70.0375],[-144.1354,70.0417],[-144.1646,70.0333],[-144.2146,70.0354],[-144.4125,70.0271],[-144.4875,70.0167],[-144.5464,69.988],[-144.5958,69.9708],[-144.6896,69.9646],[-144.8318,69.9776],[-144.8979,69.9625],[-144.9625,69.9583],[-145.025,69.9812],[-145.0792,69.9812],[-145.15,69.9896],[-145.2625,69.9896],[-145.2411,70.0078],[-145.4187,70.0292],[-145.4958,70.0583],[-145.5542,70.0542],[-145.563,70.0422],[-145.6812,70.0333],[-145.6792,70.0563],[-145.7557,70.0578],[-145.7375,70.0729],[-145.6521,70.0583],[-145.6182,70.0589],[-145.5937,70.0771],[-145.6812,70.1],[-145.7937,70.1375],[-145.8276,70.1557],[-145.8682,70.1557],[-145.8547,70.1318],[-145.8708,70.1167],[-145.9151,70.1151],[-146.0479,70.1438],[-146.1292,70.1479],[-146.1687,70.1646],[-146.2417,70.1646],[-146.2917,70.175],[-146.5229,70.1854],[-146.5729,70.1771],[-146.625,70.1792],[-146.7187,70.1687],[-146.7354,70.175],[-146.8542,70.175],[-146.9021,70.1687],[-146.9458,70.15],[-147.1828,70.1547],[-147.1964,70.1661],[-147.3047,70.1849],[-147.4167,70.1854],[-147.5125,70.2021],[-147.6667,70.2021],[-147.737,70.2151],[-147.7812,70.2167],[-147.8104,70.2396],[-147.7901,70.2609],[-147.8854,70.2729],[-147.9443,70.2526],[-147.9479,70.2771],[-148.0213,70.2776],[-148.0724,70.2911],[-148.0312,70.3104],[-148.1271,70.3271],[-148.2161,70.3161],[-148.2479,70.3375],[-148.2979,70.3146],[-148.3453,70.3016],[-148.4516,70.3068],[-148.4911,70.3182],[-148.4932,70.3349],[-148.5536,70.3422],[-148.5292,70.3688],[-148.5958,70.3958],[-148.7104,70.4083],[-148.7667,70.4063],[-148.8354,70.3875],[-148.8375,70.4063],[-148.9641,70.413],[-148.9917,70.4333],[-149.0562,70.4625],[-149.1271,70.4688],[-149.1687,70.4833],[-149.2375,70.4896],[-149.3255,70.4901],[-149.3578,70.4828],[-149.4292,70.4875],[-149.4526,70.5057],[-149.5099,70.5036],[-149.5792,70.4938],[-149.6667,70.5062],[-149.7271,70.5],[-149.7641,70.488],[-149.8104,70.4896],[-149.8479,70.5021],[-149.9021,70.4958],[-149.9401,70.4797],[-150.0911,70.4328],[-150.2479,70.4271],[-150.3125,70.4104],[-150.3875,70.4063],[-150.5521,70.375],[-150.6292,70.3479],[-150.6563,70.3458],[-150.6958,70.3167],[-150.7443,70.3005],[-150.7922,70.2693],[-150.763,70.2443],[-150.8589,70.1901],[-150.8938,70.1833],[-150.9271,70.15],[-151.0161,70.1234],[-150.9609,70.1047],[-150.9917,70.0896],[-151.0557,70.087],[-151.1146,70.0417],[-151.1375,70.05],[-151.0755,70.0776],[-151.0578,70.0974],[-150.9797,70.1005],[-150.9797,70.1099],[-151.0396,70.1271],[-151.1167,70.1292],[-151.0896,70.1438],[-151.0229,70.15],[-151.0036,70.1401],[-150.9297,70.1609],[-150.9151,70.1818],[-150.8359,70.2224],[-150.8516,70.2682],[-150.8062,70.2729],[-150.7693,70.2963],[-150.7682,70.3141],[-150.7297,70.3474],[-150.7453,70.3682],[-150.6422,70.3901],[-150.6255,70.4182],[-150.6687,70.4354],[-150.6625,70.4479],[-150.7375,70.4542],[-150.7734,70.4745],[-150.8203,70.4589],[-150.7526,70.4516],[-150.7599,70.4172],[-150.7484,70.3953],[-150.7953,70.3641],[-150.8625,70.3729],[-150.8328,70.3901],[-150.8604,70.4125],[-150.8458,70.4271],[-150.8062,70.4271],[-150.837,70.4526],[-150.8917,70.45],[-150.9146,70.4625],[-150.962,70.4401],[-151.025,70.4292],[-151.0417,70.4396],[-151.1479,70.4271],[-151.1932,70.4109],[-151.1807,70.3818],[-151.1338,70.3745],[-151.2141,70.3526],[-151.2458,70.3729],[-151.2745,70.3651],[-151.2688,70.3458],[-151.3271,70.3542],[-151.2818,70.3734],[-151.2672,70.3891],[-151.3104,70.4063],[-151.3792,70.4],[-151.4417,70.4229],[-151.5193,70.4266],[-151.5625,70.4375],[-151.7021,70.4292],[-151.7646,70.4354],[-151.8875,70.4313],[-151.9625,70.4563],[-151.9187,70.475],[-151.8167,70.4854],[-151.8521,70.5104],[-151.7839,70.5068],[-151.7484,70.5297],[-151.7604,70.5458],[-151.8271,70.5458],[-151.8604,70.5542],[-151.9333,70.5542],[-152.0208,70.5604],[-152.0589,70.537],[-152.1229,70.55],[-152.1812,70.55],[-152.225,70.5375],[-152.2688,70.5437],[-152.3646,70.5375],[-152.3792,70.55],[-152.5208,70.5375],[-152.5479,70.55],[-152.6313,70.5375],[-152.6682,70.5516],[-152.6245,70.563],[-152.5479,70.5687],[-152.5167,70.5813],[-152.4,70.575],[-152.2729,70.575],[-152.2229,70.5813],[-152.0875,70.5667],[-152.0609,70.5797],[-152.1187,70.5896],[-152.1625,70.5854],[-152.2604,70.5917],[-152.3042,70.6042],[-152.3333,70.5958],[-152.4245,70.6088],[-152.4651,70.6422],[-152.4766,70.6672],[-152.4708,70.6937],[-152.4333,70.6937],[-152.3818,70.7151],[-152.3646,70.7354],[-152.2974,70.7849],[-152.2474,70.8057],[-152.2229,70.825],[-152.4354,70.8604],[-152.5562,70.8729],[-152.5833,70.8812],[-152.6646,70.8792],[-152.6318,70.8599],[-152.6172,70.8339],[-152.6536,70.8266],[-152.6745,70.7953],[-152.7349,70.7963],[-152.7536,70.8411],[-152.75,70.8583],[-152.7932,70.8662],[-152.8161,70.8453],[-152.8708,70.85],[-152.9396,70.8938],[-153.1313,70.8938],[-153.1292,70.9208],[-153.2021,70.9208],[-153.2953,70.9099],[-153.3813,70.8875],[-153.4708,70.8854],[-153.5063,70.8708],[-153.5542,70.8833],[-153.6729,70.8833],[-153.7104,70.8896],[-153.8458,70.8854],[-153.9333,70.8771],[-153.938,70.8609],[-153.9984,70.8172],[-154.0604,70.7917],[-154.1562,70.7688],[-154.2125,70.7708],[-154.2536,70.8068],[-154.2854,70.8187],[-154.362,70.8151],[-154.3729,70.8271],[-154.4667,70.8208],[-154.5417,70.8229],[-154.5708,70.8167],[-154.6516,70.8443],[-154.6438,70.8625],[-154.7625,70.8688],[-154.7807,70.8807],[-154.75,70.8938],[-154.6958,70.8917],[-154.6479,70.9083],[-154.6109,70.9068],[-154.6229,70.95],[-154.5995,70.9807],[-154.5734,70.9953],[-154.6297,71.0245],[-154.6589,71.0068],[-154.7063,71.0021],[-154.7266,71.0286],[-154.6995,71.0432],[-154.7516,71.0505],[-154.7526,71.0661],[-154.8125,71.0854],[-154.8729,71.0771],[-154.8755,71.0922],[-154.937,71.0953],[-154.8943,71.0703],[-154.8958,71.0542],[-154.9646,71.05],[-154.9661,71.0339],[-154.8938,71.0333],[-154.8292,71.0417],[-154.7437,71.0417],[-154.7276,71.0182],[-154.7276,70.9568],[-154.7828,70.9484],[-154.8208,70.975],[-154.8609,70.9682],[-154.8422,70.938],[-154.8495,70.9089],[-154.9391,70.9422],[-154.9641,70.9943],[-154.95,71.0042],[-154.8599,71.013],[-154.8729,71.0313],[-154.937,71.0245],[-155.0255,71.0495],[-155.0495,71.087],[-155.0193,71.1057],[-155.0667,71.1292],[-155.0609,71.0839],[-155.1125,71.0708],[-155.1646,71.1021],[-155.2245,71.087],[-155.2437,71.0604],[-155.1568,71.0182],[-155.1505,70.9984],[-155.1693,70.9797],[-155.2021,70.9771],[-155.2495,71.0047],[-155.3062,71.0062],[-155.3599,70.9953],[-155.3734,70.9797],[-155.4667,70.9437],[-155.5042,70.9437],[-155.4849,70.9016],[-155.4828,70.8693],[-155.4542,70.8458],[-155.3333,70.8521],[-155.2859,70.8474],[-155.2255,70.8193],[-155.2937,70.825],[-155.3271,70.8104],[-155.313,70.788],[-155.3604,70.7833],[-155.3938,70.8104],[-155.4375,70.8104],[-155.5036,70.8443],[-155.5333,70.8292],[-155.6229,70.8042],[-155.6896,70.8313],[-155.8021,70.8333],[-155.875,70.8271],[-155.9182,70.8037],[-155.8891,70.7776],[-155.8875,70.7562],[-155.9417,70.7562],[-156.012,70.7943],[-155.9672,70.8057],[-155.9896,70.825],[-156.05,70.8208],[-156.1422,70.8276],[-156.0979,70.8396],[-156.1672,70.8609],[-156.088,70.8745],[-156.0854,70.8583],[-155.9901,70.8651],[-155.9818,70.8786],[-156.0083,70.8958],[-156.0729,70.8833],[-156.1037,70.9057],[-156.1859,70.887],[-156.2786,70.8891],[-156.2312,70.8688],[-156.2875,70.8583],[-156.3203,70.8755],[-156.2771,70.9042],[-156.2979,70.9229],[-156.3729,70.9042],[-156.4099,70.9089],[-156.4375,70.875],[-156.4891,70.8922],[-156.4463,70.912],[-156.3005,70.9255],[-156.2875,70.9396],[-156.2312,70.9458],[-156.1625,70.9729],[-156.1359,70.9703],[-156.1109,70.9484],[-156.1318,70.9276],[-156.0146,70.9229],[-155.9901,70.9391],[-156,70.9646],[-155.8437,70.9708],[-155.7896,70.9833],[-155.7271,70.9833],[-155.6974,71.0203],[-155.6687,71.0229],[-155.612,71.0516],[-155.5396,71.0625],[-155.5068,71.0859],[-155.5255,71.1078],[-155.5964,71.1214],[-155.6375,71.1167],[-155.6453,71.1516],[-155.5917,71.1479],[-155.5693,71.162],[-155.6375,71.1771],[-155.6687,71.1708],[-155.7771,71.1917],[-155.9521,71.1833],[-156.0146,71.1708],[-156.0484,71.1839],[-156.0417,71.2],[-156.0917,71.2229],[-156.1,71.2417],[-156.2542,71.2625],[-156.3208,71.2583],[-156.4109,71.2703],[-156.4354,71.2875],[-156.5229,71.2917],[-156.5979,71.3354],[-156.6396,71.3271],[-156.6875,71.3042],[-156.7521,71.3063],[-156.8099,71.287],[-156.8641,71.2599],[-156.888,71.2401],[-156.9349,71.2245],[-157.0099,71.1849],[-157.0526,71.1516],[-157.1099,71.1307],[-157.1589,71.0964],[-157.2943,71.0193],[-157.3479,71.0062],[-157.4479,70.9625],[-157.6292,70.9125],[-157.7146,70.8854],[-157.8604,70.8542],[-158.025,70.8292],[-158.1917,70.8167],[-158.2917,70.8167],[-158.3542,70.8125],[-158.3917,70.7979],[-158.5125,70.7917],[-158.5625,70.7958],[-158.6396,70.7854],[-158.8042,70.7875],[-158.8375,70.7917],[-158.9646,70.7917],[-158.9505,70.7734],[-158.9812,70.7646],[-159.0453,70.7672],[-159.1083,70.7583],[-159.188,70.7557],[-159.2417,70.7708],[-159.2672,70.7578],[-159.2672,70.7307],[-159.3104,70.7333],[-159.3005,70.762],[-159.4141,70.7651],[-159.4062,70.7771],[-159.3521,70.7833],[-159.3516,70.7984],[-159.2854,70.8104],[-159.1354,70.8187],[-159.1526,70.8401],[-159.1917,70.8458],[-159.3375,70.8438],[-159.5458,70.8167],[-159.712,70.7662],[-159.8109,70.7234],[-159.85,70.7146],[-159.9474,70.6787],[-159.9901,70.6568],[-160.0167,70.6333],[-159.9417,70.625],[-159.8979,70.6125],[-159.8286,70.5766],[-159.8224,70.5432],[-159.7146,70.4875],[-159.6229,70.4875],[-159.612,70.5016],[-159.5708,70.5021],[-159.5021,70.5146],[-159.4854,70.5021],[-159.5213,70.4818],[-159.5625,70.4792],[-159.5854,70.4646],[-159.7396,70.4625],[-159.7995,70.4786],[-159.7922,70.4526],[-159.8484,70.4234],[-159.8766,70.3797],[-159.8255,70.3557],[-159.8213,70.3359],[-159.8661,70.2839],[-159.8193,70.2776],[-159.8411,70.2568],[-159.7776,70.2266],[-159.8354,70.2312],[-159.837,70.2422],[-159.8896,70.2667],[-159.8776,70.2911],[-159.9182,70.3089],[-159.8984,70.3349],[-159.9536,70.3672],[-160.0495,70.3432],[-160.0625,70.3292],[-160.1214,70.3172],[-160.1328,70.3287],[-160.038,70.3693],[-159.9797,70.4182],[-159.987,70.4276],[-159.9104,70.4833],[-159.9729,70.4688],[-160.0458,70.4604],[-160.0599,70.4745],[-160.0292,70.5021],[-159.9812,70.5104],[-159.9229,70.5083],[-159.8984,70.5266],[-159.9109,70.5766],[-160.025,70.5792],[-160.0276,70.5672],[-160.0896,70.5646],[-160.138,70.5807],[-160.1687,70.5792],[-160.2047,70.5589],[-160.3167,70.5188],[-160.3807,70.5016],[-160.3917,70.4854],[-160.4792,70.4667],[-160.5083,70.45],[-160.5937,70.4187],[-160.6786,70.4036],[-160.7068,70.3818],[-160.7479,70.3688],[-160.9146,70.3271],[-160.9917,70.3146],[-161.0401,70.313],[-161.2042,70.2729],[-161.2333,70.2604],[-161.2812,70.2583],[-161.3208,70.2458],[-161.3729,70.2479],[-161.4083,70.2396],[-161.5458,70.2396],[-161.6104,70.2438],[-161.6354,70.2167],[-161.7016,70.2099],[-161.7266,70.1974],[-161.7932,70.1807],[-161.8068,70.1609],[-161.8375,70.15],[-161.9667,70.1521],[-162.0125,70.1583],[-162.0521,70.1438],[-162.0813,70.1625],[-162.0599,70.1713],[-161.9792,70.1833],[-161.9146,70.1604],[-161.8458,70.1604],[-161.8193,70.1807],[-161.8537,70.1922],[-161.862,70.2099],[-161.7958,70.2042],[-161.7688,70.2146],[-161.8646,70.2292],[-161.8646,70.2479],[-161.7604,70.2354],[-161.6729,70.2396],[-161.6833,70.2625],[-161.7458,70.2667],[-161.8,70.2562],[-161.8432,70.2714],[-161.8224,70.2859],[-161.763,70.2839],[-161.7604,70.3042],[-161.7958,70.3208],[-161.8792,70.3271],[-161.9266,70.312],[-161.9297,70.2849],[-161.9682,70.2703],[-161.9672,70.2589],[-162.0026,70.2359],[-162.0625,70.225],[-162.0922,70.2005],[-162.1938,70.1729],[-162.2026,70.1526],[-162.2453,70.1412],[-162.2609,70.1245],[-162.3125,70.1208],[-162.3411,70.1057],[-162.3953,70.0922],[-162.4682,70.0578],[-162.4568,70.0005],[-162.4828,69.987],[-162.4901,69.9672],[-162.5609,69.9255],[-162.6307,69.9099],[-162.6651,69.8859],[-162.7474,69.8641],[-162.8214,69.8193],[-162.9432,69.7932],[-163.0286,69.7276],[-162.9484,69.712],[-162.9172,69.6943],[-162.9792,69.6687],[-163.0339,69.6734],[-163.0667,69.6479],[-163.1182,69.6224],[-163.0937,69.6021],[-163.112,69.5901],[-163.0255,69.5578],[-163.0151,69.5359],[-163.0318,69.4943],[-163.0807,69.4474],[-163.0818,69.4213],[-163.1016,69.3943],[-163.088,69.3849],[-163.1245,69.3662],[-163.1328,69.3484],[-163.1734,69.313],[-163.2161,69.287],[-163.3036,69.2703],[-163.3359,69.2484],[-163.4661,69.1911],[-163.488,69.1484],[-163.5307,69.1412],[-163.6151,69.1005],[-163.6917,69.0687],[-163.7542,69.0563],[-163.8432,69.0307],[-163.8589,69.0193],[-163.9312,68.9917],[-164.025,68.9771],[-164.1057,68.9599],[-164.1396,68.9417],[-164.2833,68.925],[-164.4563,68.9167],[-164.4937,68.9104],[-164.6146,68.9146],[-164.7417,68.8979],[-164.8417,68.8938],[-165.0625,68.875],[-165.1125,68.875],[-165.1812,68.8646],[-165.2417,68.8646],[-165.3146,68.8562],[-165.5417,68.8521],[-165.65,68.8438],[-165.7292,68.8458],[-165.7437,68.8562],[-165.8167,68.8604],[-165.9083,68.8604],[-166.1042,68.875],[-166.2125,68.8792],[-166.2016,68.8089],[-166.1859,68.787],[-166.1974,68.7578],[-166.1922,68.6943],[-166.2287,68.6495],[-166.213,68.6412],[-166.2307,68.6057],[-166.2245,68.5703],[-166.2609,68.5339],[-166.2995,68.5141],[-166.2984,68.4672],[-166.3203,68.4537],[-166.3599,68.4047],[-166.4292,68.3938],[-166.4729,68.3708],[-166.537,68.362],[-166.5208,68.3396],[-166.6062,68.3396],[-166.7833,68.3562],[-166.7979,68.3438],[-166.6896,68.3438],[-166.5479,68.3292],[-166.3708,68.3229],[-166.3208,68.3313],[-166.2464,68.3182],[-166.1714,68.2849],[-166.1401,68.262],[-166.1328,68.2422],[-166.0958,68.2438],[-166.0151,68.2016],[-165.9807,68.1464],[-165.9563,68.1333],[-165.8813,68.1104],[-165.8062,68.1],[-165.7521,68.0979],[-165.6313,68.0833],[-165.4471,68.0521],[-165.4957,68.0637],[-165.3589,68.0349],[-164.4991,68.0349],[-164.4999,68.2079],[-162.722,68.2081],[-162.7217,68.2945],[-162.0237,68.2943],[-162.0226,68.2079],[-161.5576,68.2081],[-161.557,68.2947],[-161.0917,68.2947],[-161.0915,68.2081],[-160.5974,68.2079],[-160.1597,68.2083],[-160.1591,68.2947],[-159.693,68.2947],[-159.6939,68.2083],[-157.1554,68.2083],[-157.1554,68.1215],[-156.2362,68.1213],[-156.237,68.0351],[-155.3183,68.0351],[-155.3189,67.9993],[-145.9991,67.9995],[-145.9993,68.4389],[-141.003,68.4393]]],[[[-150.6557,70.362],[-150.6839,70.3714],[-150.7328,70.3682],[-150.6938,70.3417],[-150.6557,70.362]]],[[[-150.4776,70.4411],[-150.5026,70.4443],[-150.6057,70.4224],[-150.6307,70.4016],[-150.5458,70.4083],[-150.4776,70.4411]]],[[[-150.5375,70.4958],[-150.5797,70.4912],[-150.6542,70.4938],[-150.7599,70.4912],[-150.7724,70.4776],[-150.7375,70.4625],[-150.6771,70.4583],[-150.6208,70.4396],[-150.5474,70.4391],[-150.5229,70.4583],[-150.4839,70.4714],[-150.5047,70.4953],[-150.5375,70.4958]]],[[[-150.3569,70.4771],[-150.3854,70.4792],[-150.4661,70.4599],[-150.4526,70.4318],[-150.4187,70.4333],[-150.3609,70.4505],[-150.3569,70.4771]]],[[[-143.625,70.1312],[-143.6833,70.1333],[-143.7187,70.1167],[-143.6807,70.0984],[-143.6005,70.1151],[-143.625,70.1312]]],[[[-144.2271,70.1813],[-144.2422,70.1891],[-144.3354,70.175],[-144.3313,70.1687],[-144.2229,70.1729],[-144.2271,70.1813]]],[[[-155.6505,70.9307],[-155.6417,70.9521],[-155.7057,70.9474],[-155.6505,70.9307]]]]},"properties":{"GID_0":"USA","GID_1":"USA.2_1","GID_2":"USA.2.17_1","NAME_1":"Alaska","NAME_2":"NorthSlope"}},
{"type":"Feature","geometry":{"type":"Polygon","coordinates":[[[-159.8018,65.5239],[-159.5933,65.5241],[-159.5932,65.7837],[-159.6042,65.7835],[-159.6043,65.9571],[-158.972,65.9567],[-158.9724,66.1303],[-157.9065,66.13],[-157.9061,66.4763],[-157.0515,66.4766],[-157.051,66.3035],[-156.6242,66.3031],[-156.6242,66.4763],[-156.1957,66.4767],[-156.1964,66.3899],[-155.9823,66.3899],[-155.9827,66.3035],[-155.5546,66.3035],[-155.5545,66.4763],[-155.5102,66.4767],[-155.5105,66.5631],[-154.8603,66.5633],[-154.8602,66.7361],[-154.21,66.7365],[-154.2107,66.823],[-154.1462,66.8227],[-154.146,67.1691],[-154.3025,67.1693],[-154.3036,67.2556],[-154.7488,67.2556],[-154.7494,67.5156],[-154.6903,67.5155],[-154.6902,67.6023],[-154.9171,67.6022],[-154.9167,67.6884],[-155.143,67.6885],[-155.1433,67.7752],[-155.3692,67.7755],[-155.3692,67.8617],[-155.3188,67.862],[-155.3183,68.0351],[-156.237,68.0351],[-156.2362,68.1213],[-157.1554,68.1215],[-157.1554,68.2083],[-159.6939,68.2083],[-159.693,68.2947],[-160.1591,68.2947],[-160.1597,68.2083],[-161.0915,68.2081],[-161.0917,68.2947],[-161.557,68.2947],[-161.5576,68.2081],[-162.0226,68.2079],[-162.0237,68.2943],[-162.7217,68.2945],[-162.722,68.2081],[-164.4999,68.2079],[-164.4991,68.0349],[-165.3589,68.0349],[-165.2901,68.0182],[-165.2708,68.0021],[-165.2047,67.987],[-165.1786,67.963],[-165.1146,67.9542],[-165.0547,67.9307],[-165.0516,67.9193],[-165.0005,67.9099],[-164.9266,67.8734],[-164.8901,67.8724],[-164.8786,67.8588],[-164.8193,67.8516],[-164.8224,67.8401],[-164.7812,67.8229],[-164.725,67.8354],[-164.6771,67.8167],[-164.6849,67.8026],[-164.6422,67.7974],[-164.6078,67.7672],[-164.5036,67.7307],[-164.4937,67.7146],[-164.4187,67.6937],[-164.3521,67.7063],[-164.3083,67.6937],[-164.2599,67.6713],[-164.2125,67.6604],[-164.213,67.6464],[-164.1453,67.6359],[-164.1026,67.6182],[-164.1078,67.6047],[-164.0661,67.5776],[-164.0297,67.5724],[-164.0307,67.5568],[-163.9667,67.5062],[-163.9005,67.4953],[-163.8943,67.4838],[-163.9307,67.4724],[-163.8687,67.4146],[-163.8167,67.4187],[-163.7734,67.4036],[-163.7708,67.3875],[-163.8203,67.3526],[-163.7974,67.3068],[-163.7625,67.2646],[-163.7411,67.1964],[-163.6417,67.1854],[-163.5891,67.1568],[-163.5083,67.1458],[-163.4609,67.1307],[-163.4172,67.1036],[-163.4542,67.0896],[-163.5167,67.1021],[-163.525,67.1167],[-163.6417,67.1167],[-163.7474,67.1328],[-163.7328,67.1193],[-163.6604,67.0979],[-163.5396,67.0896],[-163.3271,67.0667],[-163.2688,67.0833],[-163.1583,67.0458],[-162.9979,67.0313],[-162.9583,67.0208],[-162.9333,67.0437],[-162.8583,67.0396],[-162.7479,67.0521],[-162.6463,67.0224],[-162.6313,67.0021],[-162.5896,67.0021],[-162.5536,66.9859],[-162.5213,66.9974],[-162.5161,67.0286],[-162.4766,67.0537],[-162.4214,67.0714],[-162.4182,67.0891],[-162.3651,67.1318],[-162.3875,67.1563],[-162.3255,67.1505],[-162.3453,67.137],[-162.3979,67.0833],[-162.4005,67.0693],[-162.438,67.0391],[-162.4766,67.037],[-162.5016,67.0224],[-162.5042,67.0062],[-162.4839,66.987],[-162.4146,66.9833],[-162.3687,66.9938],[-162.2375,66.9938],[-162.1625,67.0188],[-162.0417,67.0292],[-161.9625,67.0417],[-161.9062,67.0417],[-161.8354,67.05],[-161.788,67.0432],[-161.7229,67.0083],[-161.7083,67.025],[-161.6193,67.0099],[-161.5833,66.9833],[-161.5292,66.9896],[-161.4859,66.9682],[-161.4797,66.9318],[-161.5729,66.9375],[-161.6083,66.95],[-161.712,66.9349],[-161.6963,66.9193],[-161.7828,66.8912],[-161.7776,66.8662],[-161.7276,66.8464],[-161.7891,66.8432],[-161.8057,66.8109],[-161.837,66.8005],[-161.8599,66.7797],[-161.8401,66.7672],[-161.8745,66.7245],[-161.8641,66.7026],[-161.738,66.6536],[-161.6938,66.625],[-161.6297,66.6099],[-161.5854,66.5875],[-161.5234,66.5807],[-161.537,66.5609],[-161.4542,66.5229],[-161.4271,66.5313],[-161.3813,66.5229],[-161.2917,66.5229],[-161.2437,66.5333],[-161.2068,66.5578],[-161.2271,66.5792],[-161.1849,66.6141],[-161.1187,66.6396],[-161.0437,66.6375],[-160.9729,66.6417],[-160.8938,66.6583],[-160.8083,66.6563],[-160.7339,66.6328],[-160.6896,66.5979],[-160.6562,66.5896],[-160.5109,66.5859],[-160.5286,66.6026],[-160.5021,66.6125],[-160.4354,66.6208],[-160.3687,66.6125],[-160.3224,66.6391],[-160.275,66.6521],[-160.2104,66.6479],[-160.1854,66.6312],[-160.0979,66.675],[-160.0708,66.675],[-160.0437,66.6563],[-160.0745,66.6349],[-160.0536,66.6151],[-160.0172,66.6412],[-159.9703,66.6422],[-159.9396,66.6521],[-159.9599,66.6724],[-159.9068,66.6787],[-159.8917,66.6687],[-159.8104,66.6583],[-159.8089,66.6724],[-159.7437,66.6854],[-159.7229,66.6771],[-159.6964,66.6484],[-159.7349,66.6391],[-159.7693,66.6172],[-159.8313,66.625],[-159.8995,66.6109],[-159.9141,66.5766],[-159.9599,66.5755],[-159.9839,66.6026],[-160.0641,66.6151],[-160.1479,66.6188],[-160.1422,66.6068],[-160.1833,66.6],[-160.2021,66.6125],[-160.25,66.6167],[-160.2974,66.6099],[-160.2792,66.5958],[-160.238,66.587],[-160.2068,66.563],[-160.2453,66.5411],[-160.1755,66.5162],[-160.2016,66.4797],[-160.1463,66.4661],[-160.0333,66.475],[-160.0453,66.4651],[-160.0172,66.4495],[-160.0339,66.4193],[-160.0792,66.4187],[-160.1193,66.437],[-160.212,66.4432],[-160.1963,66.4276],[-160.2276,66.3859],[-160.2625,66.3792],[-160.3229,66.3833],[-160.3542,66.375],[-160.4833,66.375],[-160.5458,66.3562],[-160.5667,66.3625],[-160.6417,66.3562],[-160.6833,66.3667],[-160.7854,66.3625],[-160.8484,66.3953],[-160.8979,66.4125],[-160.9599,66.4203],[-161.0016,66.4443],[-161.0213,66.4661],[-161.0651,66.4849],[-161.1333,66.4854],[-161.1703,66.5026],[-161.1734,66.5307],[-161.2125,66.5271],[-161.2661,66.512],[-161.3229,66.4771],[-161.3729,66.4729],[-161.4167,66.4583],[-161.4854,66.45],[-161.5063,66.4417],[-161.5833,66.4396],[-161.6333,66.4521],[-161.6651,66.4703],[-161.7146,66.4792],[-161.8203,66.5109],[-161.8589,66.5307],[-161.9099,66.5443],[-161.9391,66.563],[-161.9547,66.5849],[-161.9922,66.6099],[-162.0474,66.6255],[-162.0724,66.6484],[-162.0672,66.6807],[-162.0828,66.6911],[-162.038,66.7193],[-162.0109,66.7568],[-162.0109,66.7724],[-162.0625,66.775],[-162.0995,66.788],[-162.1609,66.8328],[-162.2391,66.8734],[-162.3005,66.937],[-162.3349,66.9391],[-162.4,66.9167],[-162.4312,66.9187],[-162.4729,66.9479],[-162.4974,66.9349],[-162.4922,66.9193],[-162.5208,66.9021],[-162.5557,66.8984],[-162.5797,66.8734],[-162.6182,66.8505],[-162.588,66.8349],[-162.5088,66.7766],[-162.4943,66.7536],[-162.5016,66.7338],[-162.4729,66.7292],[-162.3396,66.725],[-162.3057,66.7307],[-162.287,66.7172],[-162.2333,66.7104],[-162.1651,66.6828],[-162.1214,66.6536],[-162.0995,66.6109],[-162.0771,66.6],[-161.9922,66.5787],[-161.8963,66.5286],[-161.8755,66.5099],[-161.8682,66.4693],[-161.8213,66.4557],[-161.8458,66.4271],[-161.8828,66.4141],[-161.9005,66.3714],[-161.8792,66.3604],[-161.8354,66.3604],[-161.7625,66.375],[-161.6917,66.3979],[-161.575,66.3958],[-161.5354,66.4021],[-161.4187,66.3771],[-161.3646,66.375],[-161.2271,66.3479],[-161.1417,66.3396],[-161.0776,66.3057],[-161.0672,66.287],[-161.0109,66.2557],[-160.9859,66.2266],[-161.0161,66.2016],[-160.9964,66.1922],[-161.0693,66.1766],[-161.0458,66.1625],[-161.0786,66.1432],[-161.1042,66.1479],[-161.0776,66.1922],[-161.0937,66.2292],[-161.2104,66.2063],[-161.3021,66.2167],[-161.3266,66.2255],[-161.3516,66.2547],[-161.4979,66.2583],[-161.5578,66.237],[-161.5568,66.2276],[-161.6245,66.1682],[-161.6255,66.1568],[-161.6714,66.1172],[-161.712,66.0932],[-161.7026,66.0818],[-161.7214,66.0589],[-161.7807,66.037],[-161.8245,66.0036],[-161.7734,65.9807],[-161.7854,65.9688],[-161.8807,65.9641],[-161.9016,65.9745],[-161.8693,66.0005],[-161.8859,66.0162],[-161.9193,66.0214],[-161.9318,66.0349],[-162.0396,66.0687],[-162.0583,66.0625],[-162.1187,66.0646],[-162.1354,66.075],[-162.2547,66.0401],[-162.3354,66.0271],[-162.4036,66.0297],[-162.4234,66.0474],[-162.4896,66.05],[-162.5396,66.0333],[-162.6755,66.0349],[-162.6568,66.0453],[-162.688,66.0703],[-162.7349,66.0776],[-162.7536,66.0901],[-162.8125,66.0875],[-162.8687,66.0792],[-162.9229,66.0896],[-162.9703,66.0849],[-163.0167,66.0687],[-163.1375,66.0521],[-163.1979,66.0625],[-163.3062,66.0687],[-163.3437,66.0813],[-163.4271,66.0771],[-163.4833,66.0833],[-163.5437,66.0667],[-163.5875,66.0667],[-163.6271,66.0542],[-163.6833,66.0667],[-163.7187,66.0646],[-163.7661,66.0734],[-163.8026,66.1016],[-163.8411,66.1193],[-163.8849,66.1693],[-163.8979,66.1937],[-163.9745,66.1734],[-164.0292,66.1854],[-164.075,66.1792],[-164.1792,66.1792],[-164.15,66.1958],[-164.0854,66.1958],[-164.0641,66.2057],[-163.9917,66.2146],[-163.9333,66.2146],[-163.8255,66.2714],[-163.838,66.3037],[-163.8807,66.3214],[-163.8651,66.3339],[-163.8724,66.387],[-163.8474,66.4182],[-163.7713,66.4484],[-163.7255,66.4964],[-163.7318,66.5203],[-163.7557,66.5255],[-163.8146,66.5563],[-163.8521,66.55],[-163.9125,66.5563],[-163.9391,66.5693],[-163.9042,66.5771],[-163.8042,66.5771],[-163.6667,66.5563],[-163.6229,66.5646],[-163.6792,66.5771],[-163.8271,66.5917],[-164.1062,66.5917],[-164.2417,66.5833],[-164.3784,66.5792],[-164.3957,66.5684],[-164.3963,66.4765],[-164.3186,66.4765],[-164.3189,66.1301],[-164.2445,66.1301],[-164.2445,65.7837],[-163.964,65.7837],[-163.963,65.6105],[-163.7552,65.6105],[-163.7553,65.4373],[-159.8012,65.4371],[-159.8018,65.5239]]]},"properties":{"GID_0":"USA","GID_1":"USA.2_1","GID_2":"USA.2.18_1","NAME_1":"Alaska","NAME_2":"NorthwestArctic"}},
{"type":"Feature","geometry":{"type":"MultiPolygon","coordinates":[[[[-130.6667,54.7586],[-130.7151,54.7591],[-130.6742,54.729],[-130.6418,54.7292],[-130.6667,54.7586]]],[[[-130.52,54.8597],[-130.5439,54.8583],[-130.5944,54.8309],[-130.6178,54.7939],[-130.5701,54.7971],[-130.5616,54.8103],[-130.5262,54.8155],[-130.5056,54.8342],[-130.52,54.8597]]],[[[-132.7205,54.9378],[-132.785,54.9323],[-132.8183,54.9242],[-132.8037,54.868],[-132.7871,54.8567],[-132.7394,54.8389],[-132.7046,54.8147],[-132.6756,54.7669],[-132.6355,54.7489],[-132.6095,54.7758],[-132.6389,54.8161],[-132.6711,54.8247],[-132.6961,54.8447],[-132.6507,54.8417],[-132.6532,54.8743],[-132.6321,54.8908],[-132.6656,54.8947],[-132.7205,54.9378]]],[[[-131.2467,54.9999],[-131.2822,54.9922],[-131.3144,54.9659],[-131.3822,54.9719],[-131.4633,54.9617],[-131.4911,54.9481],[-131.4856,54.9289],[-131.4667,54.9133],[-131.4045,54.8926],[-131.3911,54.8723],[-131.3472,54.8558],[-131.28,54.8861],[-131.2333,54.8819],[-131.1911,54.9147],[-131.245,54.9339],[-131.2328,54.9481],[-131.2556,54.9692],[-131.2467,54.9999]]],[[[-131.2016,55.1083],[-131.24,55.0917],[-131.2422,55.0664],[-131.195,55.0433],[-131.1944,55.0706],[-131.175,55.0874],[-131.2016,55.1083]]],[[[-132.8328,55.2],[-132.8555,55.1859],[-132.8683,55.1667],[-132.8973,55.1547],[-132.8744,55.1261],[-132.878,55.1004],[-132.8367,55.0917],[-132.8517,55.0514],[-132.8913,55.0421],[-132.8724,55.0239],[-132.8028,55.0194],[-132.7716,55.0083],[-132.7133,55.0128],[-132.6857,55.0285],[-132.6828,55.0471],[-132.7111,55.0814],[-132.7077,55.1077],[-132.688,55.1245],[-132.7207,55.1413],[-132.7439,55.1386],[-132.7704,55.1601],[-132.8177,55.1812],[-132.8328,55.2]]],[[[-133.1008,55.238],[-133.13,55.2625],[-133.1693,55.2485],[-133.2217,55.2414],[-133.2245,55.2229],[-133.179,55.2006],[-133.2167,55.1858],[-133.1969,55.161],[-133.23,55.1609],[-133.2095,55.1343],[-133.2283,55.1233],[-133.1433,55.1094],[-133.1644,55.0997],[-133.2122,55.1067],[-133.2368,55.1023],[-133.2395,55.0867],[-133.2133,55.0603],[-133.2111,55.0428],[-133.1652,55.0209],[-133.1739,55.0058],[-133.1466,54.9975],[-133.1728,54.9819],[-133.1594,54.9714],[-133.1613,54.9465],[-133.13,54.9461],[-133.1339,54.9319],[-133.1161,54.9197],[-133.0567,54.9192],[-133.0743,54.9053],[-133.045,54.8775],[-133.0135,54.8725],[-133.0361,54.8578],[-133.0117,54.8364],[-132.9839,54.8306],[-132.9381,54.8477],[-132.9239,54.8325],[-132.9677,54.8153],[-132.9769,54.805],[-132.9489,54.7862],[-132.9172,54.7814],[-132.8867,54.7651],[-132.8822,54.7314],[-132.8513,54.6935],[-132.8055,54.6948],[-132.7967,54.6836],[-132.7633,54.6944],[-132.75,54.6693],[-132.6717,54.67],[-132.6972,54.6986],[-132.7078,54.7314],[-132.75,54.7581],[-132.7278,54.7695],[-132.7289,54.785],[-132.7556,54.8003],[-132.7491,54.8193],[-132.8478,54.8775],[-132.8551,54.8963],[-132.8928,54.9],[-132.9016,54.9255],[-132.9633,54.9889],[-132.9547,55.0161],[-133.0158,55.0441],[-133.0084,55.0556],[-133.0614,55.0787],[-133.0361,55.0919],[-133.0056,55.0978],[-133.0095,55.1231],[-133.0345,55.1387],[-133.0522,55.1342],[-133.08,55.1542],[-133.0661,55.1637],[-133.0745,55.1919],[-133.1122,55.23],[-133.1008,55.238]]],[[[-133.5272,54.8347],[-133.5456,54.8169],[-133.5389,54.8005],[-133.5489,54.7821],[-133.5217,54.7681],[-133.5094,54.7942],[-133.5222,54.8089],[-133.5272,54.8347]]],[[[-133.5689,55.4199],[-133.5932,55.4316],[-133.6144,55.4192],[-133.6599,55.3811],[-133.6316,55.3611],[-133.6539,55.3275],[-133.6914,55.3175],[-133.6708,55.3047],[-133.6689,55.2769],[-133.6345,55.2586],[-133.6106,55.2536],[-133.5991,55.2696],[-133.5692,55.3339],[-133.5433,55.3345],[-133.5105,55.3631],[-133.4592,55.3789],[-133.4567,55.4003],[-133.4711,55.4122],[-133.5017,55.4192],[-133.5606,55.4114],[-133.5689,55.4199]]],[[[-133.3372,55.3455],[-133.3931,55.3427],[-133.3967,55.3229],[-133.4352,55.3287],[-133.4616,55.3208],[-133.4522,55.2875],[-133.4714,55.2692],[-133.4606,55.2244],[-133.4378,55.2083],[-133.4133,55.2114],[-133.3888,55.2291],[-133.3517,55.2219],[-133.336,55.2031],[-133.3139,55.2118],[-133.2529,55.2221],[-133.23,55.2687],[-133.2983,55.3047],[-133.3106,55.3339],[-133.3372,55.3455]]],[[[-133.411,55.4166],[-133.4345,55.4261],[-133.4472,55.4042],[-133.4433,55.3835],[-133.4189,55.3839],[-133.411,55.4166]]],[[[-133.3978,55.5641],[-133.4153,55.5697],[-133.4544,55.5367],[-133.4406,55.515],[-133.4072,55.4969],[-133.395,55.4733],[-133.3611,55.4533],[-133.3489,55.4672],[-133.3057,55.4819],[-133.281,55.5178],[-133.2852,55.5354],[-133.3072,55.5442],[-133.3369,55.5682],[-133.3978,55.5641]]],[[[-133.7256,55.5547],[-133.7506,55.5485],[-133.7596,55.5341],[-133.7111,55.5186],[-133.7735,55.4956],[-133.7844,55.4847],[-133.7861,55.4592],[-133.7474,55.4671],[-133.6867,55.4475],[-133.6706,55.4381],[-133.6422,55.4511],[-133.6317,55.4908],[-133.587,55.5039],[-133.5851,55.5381],[-133.6258,55.5392],[-133.6633,55.5578],[-133.7256,55.5547]]],[[[-133.4778,55.5104],[-133.527,55.5294],[-133.5544,55.4825],[-133.6009,55.4694],[-133.6192,55.4482],[-133.5597,55.44],[-133.5484,55.4291],[-133.4746,55.4351],[-133.4283,55.4503],[-133.4339,55.4873],[-133.4778,55.5104]]],[[[-133.2329,55.4455],[-133.2556,55.4516],[-133.2978,55.4456],[-133.3227,55.425],[-133.3256,55.4075],[-133.3094,55.4011],[-133.2522,55.4067],[-133.2322,55.4309],[-133.2329,55.4455]]],[[[-132.8811,55.2273],[-132.9028,55.2269],[-132.9348,55.2143],[-132.9328,55.1939],[-132.9504,55.1862],[-132.9259,55.1716],[-132.8894,55.1792],[-132.8706,55.2228],[-132.8811,55.2273]]],[[[-133.6033,56.3567],[-133.6549,56.3287],[-133.6628,56.3072],[-133.6506,56.2964],[-133.6462,56.2616],[-133.6279,56.2478],[-133.6318,56.2206],[-133.6033,56.1919],[-133.5756,56.1772],[-133.5287,56.1885],[-133.4782,56.1795],[-133.4621,56.1401],[-133.526,56.1179],[-133.5702,56.1227],[-133.6245,56.1424],[-133.6453,56.1203],[-133.6328,56.1081],[-133.5762,56.0975],[-133.5259,56.0963],[-133.5018,56.0802],[-133.5811,56.075],[-133.6361,56.0859],[-133.6975,56.071],[-133.7105,56.0385],[-133.782,55.9882],[-133.7883,55.9725],[-133.8092,55.9668],[-133.8145,55.9414],[-133.7878,55.9208],[-133.7567,55.9139],[-133.6728,55.9133],[-133.6378,55.92],[-133.635,55.9361],[-133.6585,55.9513],[-133.6272,55.9678],[-133.5956,55.9667],[-133.5385,55.981],[-133.48,56.0317],[-133.4764,56.0041],[-133.4204,56.0145],[-133.3761,56.0281],[-133.3765,56.0063],[-133.3636,55.9926],[-133.4145,55.9628],[-133.4311,55.9559],[-133.42,55.9378],[-133.4422,55.9133],[-133.3844,55.8947],[-133.3728,55.9103],[-133.3861,55.9539],[-133.3472,55.9805],[-133.3052,55.9861],[-133.3133,56.0089],[-133.2878,56.0156],[-133.2961,56.0558],[-133.3179,56.0914],[-133.2962,56.1045],[-133.2858,56.1603],[-133.2701,56.1479],[-133.2922,56.0874],[-133.2533,56.0192],[-133.2674,56.0007],[-133.2683,55.94],[-133.2633,55.9184],[-133.2399,55.8833],[-133.1944,55.8573],[-133.1633,55.8456],[-133.1678,55.8095],[-133.223,55.7888],[-133.2528,55.7503],[-133.2655,55.7439],[-133.314,55.7599],[-133.3483,55.7461],[-133.3406,55.7258],[-133.3871,55.7351],[-133.3921,55.6957],[-133.3642,55.6854],[-133.4078,55.6477],[-133.3967,55.6228],[-133.336,55.5982],[-133.2926,55.588],[-133.2716,55.5756],[-133.2281,55.5769],[-133.1983,55.5889],[-133.1456,55.5987],[-133.1333,55.6109],[-133.0895,55.6133],[-133.0717,55.6233],[-133.0363,55.5997],[-133.0911,55.5989],[-133.0806,55.5878],[-133.0945,55.5608],[-133.1105,55.5549],[-133.1061,55.5367],[-133.1335,55.5105],[-133.1432,55.4817],[-133.1269,55.4615],[-133.0467,55.4386],[-133.0783,55.4215],[-133.0361,55.4164],[-133.0511,55.4002],[-133.0242,55.3846],[-132.9752,55.3661],[-132.9609,55.3696],[-132.9307,55.3509],[-132.9897,55.3559],[-133.0039,55.3431],[-133.0359,55.35],[-133.0591,55.3631],[-133.1027,55.3753],[-133.149,55.3814],[-133.2255,55.3828],[-133.2722,55.3572],[-133.2751,55.3317],[-133.2339,55.3094],[-133.235,55.2842],[-133.1939,55.2781],[-133.1411,55.2852],[-133.1039,55.2597],[-133.0578,55.2725],[-133.035,55.2692],[-132.9585,55.2767],[-132.9753,55.2521],[-133.0395,55.2342],[-133.0376,55.2078],[-133.0161,55.2031],[-132.9817,55.2189],[-132.9606,55.2099],[-132.9339,55.2267],[-132.8806,55.2314],[-132.8689,55.2686],[-132.8372,55.2651],[-132.8233,55.2403],[-132.8355,55.2289],[-132.8291,55.2072],[-132.8006,55.1883],[-132.7256,55.1528],[-132.6872,55.143],[-132.6401,55.1498],[-132.629,55.1723],[-132.6741,55.2292],[-132.6711,55.2723],[-132.6369,55.2872],[-132.6062,55.2883],[-132.5994,55.275],[-132.6567,55.2679],[-132.6577,55.2349],[-132.6295,55.2053],[-132.5822,55.1719],[-132.6292,55.1109],[-132.6338,55.0947],[-132.6217,55.0667],[-132.5844,55.1186],[-132.54,55.1125],[-132.5575,55.0765],[-132.5517,55.06],[-132.4967,55.0608],[-132.4783,55.0531],[-132.5211,55.0394],[-132.5561,55.0509],[-132.5906,55.0383],[-132.5839,55.0153],[-132.5473,55.0218],[-132.5789,54.992],[-132.6115,54.9922],[-132.6163,54.9699],[-132.5627,54.9342],[-132.5233,54.9369],[-132.5382,54.9553],[-132.5083,54.9742],[-132.5055,54.9905],[-132.475,54.9825],[-132.4699,54.9467],[-132.527,54.9189],[-132.5119,54.9046],[-132.4852,54.8967],[-132.4404,54.9176],[-132.4239,54.96],[-132.4111,54.9678],[-132.3867,54.9422],[-132.4039,54.9296],[-132.3861,54.9145],[-132.3605,54.917],[-132.3739,54.8903],[-132.365,54.8714],[-132.3119,54.8501],[-132.3072,54.8392],[-132.3656,54.8186],[-132.344,54.7954],[-132.2961,54.7895],[-132.3189,54.7658],[-132.3122,54.7239],[-132.2788,54.7123],[-132.2409,54.7481],[-132.2333,54.7217],[-132.2022,54.7259],[-132.1961,54.7061],[-132.1655,54.7081],[-132.165,54.6908],[-132.0939,54.6881],[-132.145,54.7242],[-132.1312,54.7313],[-132.0896,54.7012],[-132.0161,54.6969],[-132.0183,54.7123],[-131.9982,54.7297],[-132.0128,54.7561],[-131.9933,54.7792],[-131.9633,54.7831],[-131.9522,54.8033],[-131.9761,54.8272],[-131.9728,54.8489],[-132.0417,54.8744],[-132.0583,54.8878],[-132.0381,54.8992],[-131.9789,54.8983],[-131.9778,54.9267],[-131.9894,54.9419],[-131.9661,54.9603],[-131.9956,54.9731],[-131.98,54.9825],[-131.9911,55.0083],[-131.9839,55.0206],[-132.0053,55.0368],[-132.0305,55.0332],[-132.1189,54.9997],[-132.1411,54.9764],[-132.1633,54.9898],[-132.2122,54.9872],[-132.2564,55.0107],[-132.2275,55.0227],[-132.2181,55.0043],[-132.1494,55.0165],[-132.13,55.0292],[-132.089,55.0425],[-132.1189,55.0697],[-132.0839,55.0686],[-132.1134,55.1042],[-132.0796,55.097],[-132.076,55.0797],[-132.0449,55.0835],[-131.9944,55.1128],[-132.012,55.1229],[-132.0381,55.1166],[-132.0367,55.1431],[-132.0152,55.1625],[-131.9789,55.1778],[-131.9889,55.2019],[-131.9828,55.2278],[-131.9955,55.2381],[-131.9922,55.2583],[-132.0283,55.2798],[-132.0623,55.2624],[-132.0776,55.2453],[-132.0722,55.2333],[-132.0878,55.2089],[-132.1444,55.1961],[-132.1623,55.2189],[-132.2314,55.2185],[-132.2379,55.2069],[-132.267,55.2056],[-132.2554,55.2274],[-132.2843,55.2511],[-132.2223,55.2491],[-132.1664,55.2369],[-132.1413,55.2389],[-132.098,55.2661],[-132.0955,55.2827],[-132.1272,55.2892],[-132.1261,55.3072],[-132.1461,55.3117],[-132.1463,55.3377],[-132.1788,55.368],[-132.205,55.3628],[-132.2595,55.4171],[-132.2752,55.4197],[-132.3854,55.4018],[-132.4111,55.4203],[-132.4572,55.4169],[-132.4805,55.3809],[-132.5244,55.365],[-132.4967,55.4041],[-132.475,55.4233],[-132.4416,55.43],[-132.3839,55.43],[-132.3589,55.4444],[-132.3316,55.4467],[-132.3025,55.437],[-132.2805,55.4436],[-132.3189,55.4703],[-132.3661,55.4797],[-132.3972,55.4742],[-132.41,55.4922],[-132.4122,55.5155],[-132.4637,55.5046],[-132.5313,55.5099],[-132.56,55.4997],[-132.5678,55.4742],[-132.6043,55.4753],[-132.6303,55.4666],[-132.657,55.4462],[-132.6817,55.4595],[-132.6678,55.4853],[-132.6372,55.4791],[-132.6008,55.4939],[-132.5759,55.5187],[-132.5291,55.5521],[-132.5454,55.5646],[-132.5823,55.5719],[-132.5351,55.6057],[-132.5,55.6001],[-132.5029,55.5895],[-132.4717,55.5611],[-132.4217,55.5395],[-132.3656,55.5279],[-132.2989,55.5083],[-132.2305,55.4843],[-132.2148,55.4689],[-132.1761,55.4506],[-132.1461,55.4564],[-132.1646,55.4904],[-132.207,55.5175],[-132.2375,55.5241],[-132.278,55.5413],[-132.2982,55.5389],[-132.3043,55.5599],[-132.3478,55.6046],[-132.3461,55.6242],[-132.3737,55.6609],[-132.4177,55.6677],[-132.4157,55.6479],[-132.4789,55.6672],[-132.4594,55.6833],[-132.4628,55.7028],[-132.4444,55.7201],[-132.4911,55.7545],[-132.4811,55.7881],[-132.5448,55.8497],[-132.5795,55.8616],[-132.5828,55.8808],[-132.6147,55.8973],[-132.6164,55.9083],[-132.715,55.9584],[-132.7346,55.9842],[-132.7718,55.9919],[-132.8233,56.0181],[-132.8745,56.0306],[-132.8972,56.0217],[-132.9272,56.0231],[-132.9306,56.0586],[-132.9689,56.058],[-132.9675,56.0281],[-133.0119,56.0557],[-133.0417,56.0453],[-133.0779,56.0429],[-133.1006,56.0522],[-133.1222,56.0937],[-133.0683,56.1173],[-133.0773,56.1318],[-133.0467,56.1525],[-133.0379,56.1827],[-133.0622,56.1931],[-133.0467,56.2075],[-133.0635,56.2194],[-133.0795,56.2481],[-133.107,56.2443],[-133.132,56.2661],[-133.1317,56.2822],[-133.1561,56.3144],[-133.2032,56.3351],[-133.2333,56.3231],[-133.2536,56.3345],[-133.3071,56.3218],[-133.3152,56.3319],[-133.3573,56.3401],[-133.4328,56.3269],[-133.5016,56.344],[-133.6033,56.3567]]],[[[-133.5939,55.6847],[-133.6025,55.6749],[-133.552,55.6523],[-133.5458,55.6712],[-133.5939,55.6847]]],[[[-133.5628,55.8337],[-133.6261,55.8325],[-133.6633,55.8186],[-133.6698,55.7929],[-133.7007,55.7803],[-133.6547,55.7479],[-133.645,55.7292],[-133.5834,55.7051],[-133.532,55.6927],[-133.4923,55.7071],[-133.4872,55.7324],[-133.5061,55.7431],[-133.5211,55.7689],[-133.4622,55.7489],[-133.4161,55.74],[-133.3667,55.7589],[-133.3499,55.7551],[-133.33,55.7728],[-133.3406,55.7833],[-133.3106,55.7955],[-133.3311,55.8069],[-133.365,55.7797],[-133.4013,55.7963],[-133.4283,55.7883],[-133.4783,55.7931],[-133.5528,55.8361],[-133.5628,55.8337]]],[[[-133.2972,55.9145],[-133.3133,55.9091],[-133.3528,55.8761],[-133.3316,55.8586],[-133.3362,55.8471],[-133.3241,55.8145],[-133.26,55.7721],[-133.2163,55.8229],[-133.2244,55.8652],[-133.2445,55.8833],[-133.2738,55.8721],[-133.2873,55.8841],[-133.2701,55.9035],[-133.2972,55.9145]]],[[[-131.5549,55.2825],[-131.55,55.2718],[-131.5901,55.2589],[-131.6074,55.2384],[-131.605,55.2142],[-131.5619,55.1658],[-131.5314,55.1381],[-131.5618,55.1269],[-131.585,55.1307],[-131.6128,55.1007],[-131.5911,55.0873],[-131.6118,55.0729],[-131.6245,55.0428],[-131.6485,55.0353],[-131.6096,55.0129],[-131.5978,54.9989],[-131.5709,55.022],[-131.5313,55.0378],[-131.5418,55.0593],[-131.5742,55.0725],[-131.5458,55.0935],[-131.5392,55.0703],[-131.5121,55.057],[-131.4923,55.0121],[-131.3892,55.0119],[-131.3563,55.0403],[-131.3509,55.0715],[-131.3757,55.0909],[-131.3515,55.1233],[-131.364,55.1616],[-131.3978,55.1969],[-131.4655,55.2245],[-131.4928,55.2469],[-131.5549,55.2825]]],[[[-130.9043,55.4529],[-130.9238,55.4289],[-130.8962,55.4255],[-130.9043,55.4529]]],[[[-132.2832,55.7659],[-132.2809,55.7563],[-132.2281,55.6993],[-132.2143,55.6607],[-132.2022,55.6518],[-132.2028,55.6244],[-132.1851,55.5879],[-132.1527,55.5639],[-132.1208,55.55],[-132.0739,55.545],[-132.0171,55.512],[-131.9845,55.4983],[-131.9683,55.5017],[-131.9585,55.5311],[-131.9367,55.5356],[-131.939,55.5683],[-131.9711,55.5928],[-131.9655,55.6172],[-131.9942,55.6507],[-131.9725,55.6514],[-131.9622,55.6317],[-131.9322,55.6139],[-131.8867,55.6008],[-131.8927,55.6206],[-131.8583,55.6319],[-131.8379,55.658],[-131.8294,55.6833],[-131.8641,55.7151],[-131.8175,55.7256],[-131.8,55.7545],[-131.8011,55.7673],[-131.7767,55.7821],[-131.7738,55.8093],[-131.7997,55.8359],[-131.8467,55.8451],[-131.8905,55.8435],[-131.9194,55.8644],[-131.9039,55.87],[-131.8427,55.872],[-131.8084,55.8848],[-131.7725,55.8789],[-131.7365,55.8881],[-131.6767,55.9194],[-131.5959,55.943],[-131.5489,55.9661],[-131.4679,55.9889],[-131.4397,56.0026],[-131.4083,55.9845],[-131.3959,55.9643],[-131.3451,55.9671],[-131.2969,55.9959],[-131.2278,56.0057],[-131.1741,56.0327],[-131.1584,56.0343],[-131.1166,56.0677],[-131.096,56.0431],[-131.1551,56.0109],[-131.1806,56.0052],[-131.2155,55.9864],[-131.1844,55.9742],[-131.18,55.9472],[-131.1417,55.9278],[-131.0928,55.8948],[-131.0568,55.8627],[-131.0038,55.8052],[-130.9876,55.7979],[-130.9536,55.8082],[-130.9417,55.7967],[-130.9672,55.7848],[-130.9187,55.7277],[-130.8959,55.7126],[-130.8588,55.7287],[-130.7994,55.7297],[-130.7941,55.7185],[-130.8557,55.7189],[-130.9008,55.6997],[-130.9054,55.6861],[-130.8983,55.645],[-130.8807,55.5968],[-130.8758,55.5595],[-130.8294,55.55],[-130.7967,55.5792],[-130.7894,55.5508],[-130.8048,55.5381],[-130.8738,55.5403],[-130.8728,55.5037],[-130.9004,55.4673],[-130.8935,55.4149],[-130.8761,55.3842],[-130.8827,55.3761],[-130.8783,55.3316],[-130.8696,55.3126],[-130.8458,55.3014],[-130.7733,55.3125],[-130.7256,55.3056],[-130.8228,55.2909],[-130.8808,55.2926],[-130.9272,55.301],[-130.9528,55.2887],[-130.9507,55.2777],[-130.9917,55.2433],[-131.0038,55.2433],[-131.0597,55.2087],[-131.0915,55.1946],[-131.073,55.1473],[-131.0774,55.1313],[-131.0253,55.0939],[-130.995,55.0853],[-130.945,55.0914],[-130.9025,55.1025],[-130.8717,55.1256],[-130.8344,55.135],[-130.8075,55.1317],[-130.7944,55.102],[-130.7728,55.0929],[-130.7395,55.1065],[-130.7331,55.1305],[-130.7138,55.1516],[-130.6368,55.1944],[-130.5761,55.2358],[-130.565,55.2653],[-130.545,55.2535],[-130.5594,55.2339],[-130.6135,55.1943],[-130.6877,55.1527],[-130.6877,55.1395],[-130.7094,55.1212],[-130.7199,55.0938],[-130.7729,55.0756],[-130.8067,55.0785],[-130.8238,55.0967],[-130.8271,55.116],[-130.8548,55.1182],[-130.8724,55.098],[-130.9328,55.0779],[-130.9887,55.0674],[-130.9878,55.0393],[-131.0076,55.0281],[-131.0051,55.0028],[-130.9751,54.9683],[-130.9532,54.9642],[-130.9378,54.9492],[-130.9673,54.9335],[-130.9661,54.9155],[-130.9489,54.8898],[-130.9483,54.857],[-130.9325,54.8464],[-130.948,54.8279],[-130.8987,54.7802],[-130.8561,54.7675],[-130.8139,54.7728],[-130.766,54.8109],[-130.7367,54.8208],[-130.735,54.8417],[-130.7556,54.9092],[-130.7611,54.9408],[-130.7372,54.9536],[-130.7393,54.9169],[-130.7289,54.9031],[-130.7367,54.885],[-130.7239,54.8419],[-130.7016,54.8392],[-130.7055,54.8136],[-130.7328,54.8172],[-130.7412,54.7919],[-130.7196,54.7645],[-130.6567,54.7745],[-130.6384,54.8012],[-130.6346,54.8239],[-130.6133,54.8265],[-130.5577,54.8573],[-130.5444,54.8736],[-130.4669,54.9057],[-130.4733,54.8861],[-130.4951,54.8867],[-130.525,54.8668],[-130.4971,54.8335],[-130.4814,54.8376],[-130.4312,54.8744],[-130.3706,54.9067],[-130.325,54.9458],[-130.2956,54.9657],[-130.2661,54.9948],[-130.2562,55.0164],[-130.2289,55.0378],[-130.1951,55.1044],[-130.1711,55.1189],[-130.1572,55.1503],[-130.13,55.1828],[-130.0883,55.2213],[-130.0434,55.2449],[-130.0268,55.2641],[-129.9989,55.2767],[-129.9942,55.2902],[-130.03,55.3228],[-130.04,55.3573],[-130.0539,55.4425],[-130.1069,55.4957],[-130.1133,55.5234],[-130.1405,55.5525],[-130.1375,55.569],[-130.15,55.5979],[-130.1398,55.6276],[-130.125,55.6428],[-130.1246,55.6795],[-130.1568,55.7074],[-130.1725,55.7782],[-130.1247,55.8234],[-130.0917,55.8277],[-130.035,55.8906],[-130.016,55.9235],[-130.003,56.0079],[-130.1054,56.1227],[-130.2459,56.0963],[-130.35,56.1287],[-130.4255,56.1417],[-130.4682,56.2433],[-130.5406,56.2473],[-130.623,56.2669],[-130.7818,56.3671],[-131.0634,56.4031],[-131.0758,56.3871],[-131.1025,56.3533],[-131.0995,56.3431],[-131.0769,56.3301],[-131.0494,56.3259],[-131.0127,56.3073],[-131.0219,56.2981],[-131.0669,56.2859],[-130.9942,56.2735],[-131.0028,56.2391],[-131.0443,56.2359],[-131.0736,56.1993],[-131.1477,56.1739],[-131.1857,56.1793],[-131.2192,56.1653],[-131.2463,56.1653],[-131.2408,56.1871],[-131.258,56.1943],[-131.3113,56.1791],[-131.3476,56.1597],[-131.3565,56.1449],[-131.3972,56.1311],[-131.4383,56.1291],[-131.4193,56.0967],[-131.3777,56.0707],[-131.3763,56.0439],[-131.3626,56.0063],[-131.401,56.0153],[-131.4931,56.0089],[-131.5313,56.0279],[-131.5249,56.0441],[-131.5645,56.0499],[-131.5942,56.0643],[-131.6048,56.0829],[-131.6382,56.0835],[-131.6521,56.0935],[-131.6847,56.0847],[-131.6626,56.0585],[-131.6812,56.0417],[-131.6938,56.0389],[-131.7187,56.0433],[-131.7372,56.0557],[-131.7917,56.0397],[-131.8087,56.0421],[-131.8366,56.0205],[-131.8729,56.0169],[-131.8724,55.9945],[-131.9043,55.9825],[-131.9094,55.9713],[-131.8792,55.9505],[-131.8894,55.9265],[-131.9524,55.9049],[-131.9522,55.8857],[-132.0008,55.8691],[-132.016,55.8723],[-132.0395,55.8633],[-132.0426,55.8551],[-132.0152,55.8523],[-131.9415,55.7987],[-131.9547,55.7767],[-131.9827,55.7515],[-131.987,55.7183],[-131.9692,55.6985],[-132.0019,55.6835],[-132.0351,55.7031],[-132.0707,55.6929],[-132.0732,55.6625],[-132.1043,55.6455],[-132.1258,55.6719],[-132.163,55.6719],[-132.1723,55.7087],[-132.2275,55.7404],[-132.2347,55.7417],[-132.2531,55.7535],[-132.2694,55.7635],[-132.2832,55.7659]]],[[[-131.4224,55.991],[-131.4605,55.9903],[-131.5594,55.9519],[-131.5729,55.9289],[-131.5522,55.9145],[-131.5094,55.9186],[-131.4502,55.9485],[-131.4083,55.9589],[-131.4224,55.991]]],[[[-133.1333,55.5725],[-133.1504,55.5797],[-133.1643,55.5507],[-133.1394,55.5323],[-133.1333,55.5725]]],[[[-133.0375,56.1191],[-133.081,56.088],[-133.0728,56.0663],[-132.9867,56.0589],[-132.9756,56.0753],[-133.0121,56.1086],[-133.0375,56.1191]]],[[[-132.9033,56.1381],[-132.9241,56.148],[-132.9415,56.1252],[-132.9144,56.1142],[-132.9033,56.1381]]],[[[-132.9961,56.1852],[-133.0117,56.1786],[-133.0006,56.1543],[-132.9772,56.1628],[-132.9961,56.1852]]],[[[-133.3105,55.9361],[-133.3278,55.9328],[-133.3405,55.9131],[-133.3167,55.9114],[-133.3105,55.9361]]],[[[-133.8705,55.9367],[-133.8969,55.9375],[-133.9442,55.9171],[-133.9447,55.8935],[-133.9189,55.8567],[-133.9018,55.8467],[-133.8716,55.8448],[-133.8439,55.8675],[-133.8683,55.8786],[-133.8392,55.8897],[-133.8561,55.9325],[-133.8705,55.9367]]],[[[-133.445,55.9975],[-133.4948,55.9667],[-133.5061,55.9489],[-133.4728,55.9453],[-133.4494,55.9333],[-133.4349,55.9562],[-133.3944,55.9756],[-133.4022,55.9897],[-133.445,55.9975]]],[[[-133.4883,56.1694],[-133.515,56.1494],[-133.56,56.1425],[-133.5612,56.1285],[-133.5033,56.1297],[-133.4828,56.1489],[-133.4883,56.1694]]],[[[-132.9983,56.2428],[-133.0017,56.2142],[-132.9453,56.2029],[-132.927,56.2183],[-132.9556,56.2397],[-132.9983,56.2428]]],[[[-132.9622,56.2745],[-132.9989,56.2753],[-133.006,56.2553],[-132.9672,56.2492],[-132.9622,56.2745]]]]},"properties":{"GID_0":"USA","GID_1":"USA.2_1","GID_2":"USA.2.19_1","NAME_1":"Alaska","NAME_2":"PrinceofWales-OuterKetchi"}},
{"type":"Feature","geometry":{"type":"MultiPolygon","coordinates":[[[[-135.2244,56.7319],[-135.2776,56.715],[-135.2789,56.6997],[-135.2489,56.6972],[-135.2161,56.7083],[-135.2244,56.7319]]],[[[-135.3611,56.8027],[-135.3666,56.7776],[-135.34,56.7831],[-135.3611,56.8027]]],[[[-135.4165,57.5576],[-135.4256,57.5625],[-135.4807,57.5383],[-135.5057,57.5182],[-135.551,57.5093],[-135.535,57.4851],[-135.5329,57.4511],[-135.5621,57.4473],[-135.565,57.4303],[-135.6008,57.4035],[-135.5508,57.3631],[-135.6065,57.3719],[-135.6507,57.3732],[-135.6932,57.363],[-135.6713,57.3355],[-135.636,57.322],[-135.6108,57.3024],[-135.5736,57.2929],[-135.5939,57.2801],[-135.5498,57.2378],[-135.5313,57.2389],[-135.474,57.2573],[-135.445,57.2481],[-135.4132,57.2533],[-135.3598,57.2518],[-135.3728,57.231],[-135.3787,57.2001],[-135.4242,57.1687],[-135.4101,57.1495],[-135.3446,57.1733],[-135.2839,57.1742],[-135.3722,57.1497],[-135.3702,57.1345],[-135.3906,57.126],[-135.4038,57.1011],[-135.3587,57.0583],[-135.2773,57.0323],[-135.2254,57.0342],[-135.2544,57.0145],[-135.2878,57.0156],[-135.2826,56.9985],[-135.3072,56.9811],[-135.3489,56.9811],[-135.3822,56.9667],[-135.3761,56.9386],[-135.3505,56.9289],[-135.3429,56.9036],[-135.385,56.8775],[-135.375,56.84],[-135.3779,56.8164],[-135.3456,56.8014],[-135.3228,56.7995],[-135.3133,56.7839],[-135.2789,56.7708],[-135.2639,56.7503],[-135.3055,56.7292],[-135.2911,56.7208],[-135.2075,56.7519],[-135.1912,56.7619],[-135.1362,56.7759],[-135.1055,56.8],[-135.09,56.7937],[-135.1655,56.7513],[-135.2,56.7453],[-135.2117,56.7303],[-135.1911,56.7092],[-135.2301,56.6863],[-135.1889,56.6644],[-135.1744,56.6825],[-135.1483,56.6897],[-135.1183,56.72],[-135.0639,56.7478],[-135.0344,56.7697],[-135.0189,56.7653],[-135.0177,56.7437],[-135.055,56.7248],[-135.0917,56.7195],[-135.1417,56.6786],[-135.1533,56.6475],[-135.1354,56.6426],[-135.1206,56.5969],[-135.0572,56.6095],[-135.0089,56.6367],[-134.9615,56.6187],[-134.9217,56.6636],[-134.8978,56.6569],[-134.9346,56.6255],[-134.9839,56.5903],[-135.0328,56.5939],[-135.0585,56.5689],[-135.0391,56.5596],[-135.0648,56.5407],[-135.035,56.5169],[-135.0255,56.4878],[-134.9889,56.4744],[-134.9933,56.4559],[-134.9744,56.4267],[-134.9361,56.4015],[-134.9491,56.3788],[-134.9178,56.3719],[-134.8978,56.3392],[-134.8721,56.3279],[-134.8067,56.3179],[-134.8384,56.299],[-134.8389,56.2826],[-134.8089,56.2414],[-134.7716,56.2177],[-134.7383,56.2126],[-134.7183,56.2245],[-134.6878,56.1994],[-134.7119,56.1827],[-134.6656,56.1673],[-134.6517,56.2003],[-134.66,56.212],[-134.6394,56.2489],[-134.6728,56.2561],[-134.6728,56.2894],[-134.6356,56.3041],[-134.6361,56.3261],[-134.6729,56.335],[-134.6461,56.3464],[-134.6316,56.3773],[-134.6339,56.4014],[-134.6494,56.4355],[-134.6389,56.4769],[-134.6651,56.5004],[-134.6482,56.5463],[-134.6278,56.5522],[-134.6239,56.6117],[-134.6155,56.6361],[-134.6184,56.6665],[-134.6339,56.6956],[-134.625,56.7],[-134.641,56.7425],[-134.6611,56.7749],[-134.6645,56.8073],[-134.6928,56.8353],[-134.7039,56.863],[-134.6967,56.9003],[-134.7156,56.9231],[-134.7317,56.9619],[-134.761,56.9719],[-134.7378,56.9858],[-134.753,57.0389],[-134.7919,57.1107],[-134.795,57.1336],[-134.8183,57.1533],[-134.7994,57.1633],[-134.8333,57.2003],[-134.8641,57.212],[-134.8465,57.2214],[-134.8372,57.2469],[-134.8628,57.2717],[-134.9193,57.2588],[-134.945,57.2711],[-134.9354,57.2851],[-134.9576,57.3087],[-134.9405,57.3675],[-134.8339,57.2972],[-134.8128,57.2978],[-134.8139,57.3219],[-134.8036,57.3409],[-134.8539,57.4114],[-134.8987,57.4261],[-134.9842,57.4255],[-135.0079,57.411],[-135.0622,57.41],[-135.0666,57.4223],[-135.1642,57.4454],[-135.1594,57.46],[-135.1894,57.48],[-135.225,57.4889],[-135.2805,57.4762],[-135.2978,57.4825],[-135.3488,57.4741],[-135.3806,57.4567],[-135.4167,57.4586],[-135.3628,57.4806],[-135.3093,57.4919],[-135.2911,57.5095],[-135.3214,57.5365],[-135.3812,57.5582],[-135.4165,57.5576]]],[[[-135.4461,57.1143],[-135.4673,57.093],[-135.4355,57.0905],[-135.4461,57.1143]]],[[[-135.5223,57.2212],[-135.5412,57.2131],[-135.5578,57.1572],[-135.4927,57.1588],[-135.4518,57.1775],[-135.5223,57.2212]]],[[[-135.4733,57.2507],[-135.5155,57.2291],[-135.4556,57.1853],[-135.4211,57.1947],[-135.395,57.22],[-135.3916,57.2453],[-135.4483,57.2447],[-135.4733,57.2507]]],[[[-135.7117,57.7073],[-135.7178,57.7003],[-135.6467,57.6486],[-135.5933,57.6511],[-135.5895,57.6601],[-135.6255,57.6736],[-135.6878,57.7073],[-135.7117,57.7073]]],[[[-136.0345,57.8381],[-136.359,57.834],[-136.3628,57.8086],[-136.3172,57.7886],[-136.3067,57.7669],[-136.2951,57.7629],[-136.2533,57.7767],[-136.2478,57.7628],[-136.2067,57.7381],[-136.185,57.7314],[-136.1457,57.7051],[-136.1096,57.6911],[-136.1311,57.6862],[-136.1317,57.6608],[-136.1621,57.6423],[-136.1361,57.6242],[-136.1062,57.6169],[-136.1033,57.6453],[-136.045,57.6473],[-136.0279,57.6337],[-136.0594,57.6267],[-136.0667,57.6069],[-136.0459,57.5714],[-136.0285,57.559],[-135.9992,57.5541],[-135.9695,57.5695],[-135.9449,57.5936],[-135.9253,57.5775],[-135.9597,57.5677],[-136,57.5473],[-135.9894,57.5361],[-135.9422,57.5203],[-135.9183,57.495],[-136,57.5295],[-136.02,57.5125],[-135.9805,57.4867],[-135.9683,57.4633],[-135.9144,57.4475],[-135.871,57.4207],[-135.845,57.3917],[-135.81,57.3858],[-135.7766,57.3881],[-135.7549,57.3717],[-135.713,57.3664],[-135.6725,57.3979],[-135.6201,57.4119],[-135.5986,57.4257],[-135.6055,57.4409],[-135.5556,57.4527],[-135.5473,57.4793],[-135.556,57.499],[-135.5811,57.5177],[-135.563,57.5413],[-135.5799,57.5698],[-135.5705,57.5955],[-135.6628,57.6305],[-135.7056,57.6589],[-135.7679,57.6576],[-135.7955,57.6453],[-135.8106,57.6547],[-135.7427,57.6746],[-135.7272,57.6955],[-135.7283,57.72],[-135.7739,57.7403],[-135.8194,57.7538],[-135.8082,57.7634],[-135.6263,57.7015],[-135.5875,57.684],[-135.5337,57.6521],[-135.5128,57.6506],[-135.4796,57.6322],[-135.4142,57.6112],[-135.3676,57.5904],[-135.2485,57.5484],[-135.2105,57.5295],[-135.1789,57.5211],[-135.1286,57.4971],[-135.0886,57.4655],[-134.9818,57.4573],[-134.8706,57.4647],[-134.8854,57.4837],[-134.9189,57.4991],[-134.8804,57.5064],[-134.8461,57.4795],[-134.8334,57.4873],[-134.8622,57.5478],[-134.85,57.5805],[-134.8866,57.6445],[-134.9229,57.6779],[-134.9033,57.6942],[-134.9195,57.7087],[-134.9288,57.7571],[-134.9772,57.7631],[-135.0216,57.7439],[-135.0429,57.7547],[-135.1143,57.7557],[-135.12,57.7386],[-135.1678,57.74],[-135.2083,57.7278],[-135.2361,57.7072],[-135.2444,57.7322],[-135.3036,57.7409],[-135.3221,57.7365],[-135.3346,57.7623],[-135.3757,57.7812],[-135.3774,57.8013],[-135.4189,57.8135],[-135.4406,57.8286],[-135.5178,57.8431],[-135.5166,57.8539],[-135.5561,57.8658],[-135.5769,57.8838],[-135.6281,57.8929],[-135.6681,57.9149],[-135.7361,57.9275],[-135.7611,57.937],[-135.8072,57.9419],[-135.8061,57.9587],[-135.8372,57.9797],[-135.8578,57.9828],[-135.8816,58.0016],[-135.9025,58.0106],[-135.9206,57.9781],[-136.0182,57.8382],[-136.0285,57.8368],[-136.0345,57.8381]]],[[[-135.545,56.8642],[-135.5399,56.8331],[-135.5061,56.8478],[-135.545,56.8642]]],[[[-135.7611,57.3456],[-135.7857,57.337],[-135.84,57.3406],[-135.8589,57.3211],[-135.825,57.3025],[-135.8515,57.2668],[-135.8025,57.2358],[-135.823,57.2207],[-135.8193,57.2049],[-135.8366,57.1761],[-135.7558,57.1697],[-135.7362,57.1534],[-135.76,57.1163],[-135.8083,57.1031],[-135.843,57.0871],[-135.8426,57.0676],[-135.8583,57],[-135.8501,56.9933],[-135.7289,57.0008],[-135.6839,57.0143],[-135.638,57.0103],[-135.6302,57.0317],[-135.5989,57.0469],[-135.5939,57.0778],[-135.5722,57.0856],[-135.5722,57.1279],[-135.5629,57.1486],[-135.6148,57.1755],[-135.6029,57.1909],[-135.6226,57.2167],[-135.5969,57.2293],[-135.5695,57.2281],[-135.5706,57.2496],[-135.6261,57.3025],[-135.7305,57.3387],[-135.7611,57.3456]]],[[[-136.1922,57.7159],[-136.25,57.6831],[-136.2483,57.6725],[-136.2022,57.6545],[-136.1783,57.6508],[-136.1656,57.6742],[-136.1411,57.6814],[-136.1394,57.6978],[-136.175,57.705],[-136.1922,57.7159]]],[[[-136.2466,57.723],[-136.2856,57.7164],[-136.2628,57.6892],[-136.2311,57.7019],[-136.2466,57.723]]],[[[-136.2605,57.7647],[-136.2775,57.7681],[-136.29,57.7611],[-136.3056,57.7647],[-136.3189,57.7541],[-136.2939,57.7331],[-136.2739,57.7281],[-136.2561,57.7464],[-136.2605,57.7647]]]]},"properties":{"GID_0":"USA","GID_1":"USA.2_1","GID_2":"USA.2.20_1","NAME_1":"Alaska","NAME_2":"Sitka"}},
{"type":"Feature","geometry":{"type":"MultiPolygon","coordinates":[[[[-133.6262,57.8408],[-133.6894,57.7942],[-133.6722,57.7864],[-133.6335,57.7902],[-133.6262,57.8408]]],[[[-134.2032,57.8931],[-134.2048,57.8744],[-134.1717,57.8447],[-134.1894,57.8342],[-134.1334,57.7905],[-134.1142,57.8073],[-134.2032,57.8931]]],[[[-134.2678,57.9555],[-134.2858,57.9542],[-134.2466,57.9086],[-134.2039,57.9053],[-134.1911,57.9294],[-134.2477,57.9548],[-134.2678,57.9555]]],[[[-136.0246,57.8382],[-136.0544,57.8453],[-136.1104,57.8704],[-136.213,57.934],[-136.2544,57.9522],[-136.272,57.9688],[-136.3428,58],[-136.365,57.9944],[-136.3767,57.9661],[-136.3611,57.9339],[-136.3644,57.9206],[-136.4322,57.8431],[-136.4178,57.8334],[-136.3929,57.8337],[-136.3761,57.8339],[-136.0345,57.8381],[-136.0285,57.8368],[-136.0246,57.8382]]],[[[-132.3646,57.3439],[-132.3692,57.3499],[-132.5539,57.4967],[-132.6608,57.6169],[-132.7512,57.6961],[-132.869,57.8397],[-133.0696,58.0001],[-133.172,58.1538],[-133.4402,58.0023],[-133.5102,57.9273],[-133.485,57.9192],[-133.4161,57.9225],[-133.3776,57.9144],[-133.32,57.8875],[-133.2867,57.9067],[-133.2333,57.8844],[-133.2485,57.8751],[-133.2924,57.893],[-133.3056,57.8753],[-133.3806,57.8942],[-133.4368,57.9125],[-133.5139,57.9072],[-133.5276,57.9144],[-133.5696,57.8836],[-133.5687,57.8567],[-133.5798,57.8311],[-133.5556,57.8009],[-133.5607,57.7761],[-133.471,57.7314],[-133.4247,57.7225],[-133.3794,57.688],[-133.3297,57.6634],[-133.2794,57.6611],[-133.2157,57.6221],[-133.1896,57.6143],[-133.1511,57.5884],[-133.1095,57.5478],[-133.0564,57.5222],[-133.0687,57.5094],[-133.1278,57.5395],[-133.1756,57.5818],[-133.2241,57.6022],[-133.3346,57.6362],[-133.3898,57.6593],[-133.4459,57.6713],[-133.4813,57.6735],[-133.5276,57.6876],[-133.5644,57.7139],[-133.5833,57.7161],[-133.6553,57.7091],[-133.6522,57.6711],[-133.6739,57.6569],[-133.6743,57.6325],[-133.6621,57.6133],[-133.6394,57.6033],[-133.615,57.5769],[-133.5621,57.5617],[-133.4783,57.5744],[-133.48,57.5605],[-133.5167,57.5442],[-133.5272,57.5014],[-133.5218,57.4688],[-133.5065,57.4507],[-133.4673,57.4219],[-133.4323,57.4267],[-133.395,57.4219],[-133.3711,57.4389],[-133.3485,57.4296],[-133.3645,57.4131],[-133.4559,57.3965],[-133.4747,57.3721],[-133.4521,57.3547],[-133.3563,57.3329],[-133.2878,57.3353],[-133.2345,57.3213],[-133.1828,57.3397],[-133.1396,57.3294],[-133.1563,57.3114],[-133.2298,57.3069],[-133.2593,57.2875],[-133.3093,57.2914],[-133.3481,57.2874],[-133.4268,57.2862],[-133.4572,57.2953],[-133.4868,57.2823],[-133.5258,57.279],[-133.5336,57.2605],[-133.4995,57.2272],[-133.5132,57.2017],[-133.5412,57.1928],[-133.5143,57.1751],[-133.4696,57.1713],[-133.4433,57.1961],[-133.4188,57.1967],[-133.3554,57.2201],[-133.2982,57.2356],[-133.2571,57.2291],[-133.212,57.2043],[-133.1776,57.1997],[-133.1655,57.1899],[-133.1245,57.1839],[-133.0811,57.1941],[-133.0603,57.2193],[-133.0325,57.2339],[-133.0398,57.254],[-133.0162,57.27],[-133.0173,57.2955],[-133,57.3027],[-132.9893,57.3279],[-132.9407,57.3489],[-132.9014,57.3547],[-132.877,57.3665],[-132.8199,57.3583],[-132.8026,57.3647],[-132.7923,57.3947],[-132.7652,57.4065],[-132.7144,57.4187],[-132.648,57.4229],[-132.592,57.4109],[-132.5575,57.3939],[-132.5186,57.3931],[-132.5066,57.3715],[-132.5042,57.3569],[-132.4984,57.3531],[-132.4265,57.3421],[-132.3646,57.3439]]],[[[-135.0305,59.3465],[-134.9924,59.3878],[-135.1006,59.4278],[-135.0773,59.4519],[-135.0279,59.4746],[-135.0289,59.5636],[-135.1175,59.6231],[-135.1572,59.6258],[-135.2198,59.6629],[-135.2337,59.6961],[-135.3644,59.7396],[-135.4796,59.7981],[-135.7134,59.7312],[-135.3845,59.3614],[-135.3758,59.4117],[-135.3618,59.4494],[-135.3286,59.4442],[-135.3412,59.4236],[-135.3449,59.3903],[-135.3587,59.3718],[-135.3569,59.3437],[-135.0305,59.3465]]],[[[-139.7156,59.6344],[-139.7628,59.6108],[-139.7772,59.5942],[-139.8044,59.5858],[-139.7983,59.5722],[-139.7528,59.5825],[-139.7222,59.5825],[-139.7489,59.615],[-139.7156,59.6344]]],[[[-139.5086,59.7196],[-139.5622,59.7392],[-139.5983,59.7169],[-139.5556,59.7042],[-139.5145,59.707],[-139.5086,59.7196]]],[[[-136.12,58.6067],[-136.1516,58.5937],[-136.1064,58.5614],[-136.0872,58.5699],[-136.1069,58.6019],[-136.12,58.6067]]],[[[-135.8628,58.9042],[-135.93,58.8922],[-135.905,58.8789],[-135.8572,58.8889],[-135.8628,58.9042]]],[[[-136.8367,58.9472],[-136.8639,58.9375],[-136.8237,58.9111],[-136.8105,58.9416],[-136.8367,58.9472]]],[[[-136.2219,58.6749],[-136.2469,58.6584],[-136.2298,58.6416],[-136.2039,58.6366],[-136.2219,58.6749]]],[[[-135.9533,58.4811],[-135.9889,58.4875],[-135.9967,58.4686],[-135.9722,58.4608],[-135.9533,58.4811]]],[[[-135.9158,58.4931],[-135.9194,58.4771],[-135.9666,58.459],[-135.9328,58.4514],[-135.9055,58.4661],[-135.8705,58.4639],[-135.8759,58.4807],[-135.9158,58.4931]]],[[[-135.6251,58.38],[-135.6595,58.3847],[-135.7114,58.3774],[-135.733,58.368],[-135.6803,58.3309],[-135.5765,58.3254],[-135.553,58.3283],[-135.5377,58.3446],[-135.5853,58.3672],[-135.6251,58.38]]],[[[-136.4858,58.101],[-136.5358,58.0987],[-136.5539,58.0861],[-136.5522,58.0714],[-136.5678,58.0431],[-136.5694,58.0183],[-136.5311,58],[-136.5667,57.9644],[-136.5578,57.9403],[-136.5734,57.9188],[-136.5594,57.9103],[-136.5244,57.9206],[-136.5239,57.9019],[-136.4907,57.9017],[-136.4622,57.8494],[-136.4306,57.8647],[-136.3772,57.9295],[-136.3878,57.9675],[-136.3761,57.9958],[-136.3459,58.01],[-136.3566,58.0268],[-136.4499,58.076],[-136.4677,58.0988],[-136.4858,58.101]]],[[[-136.0182,57.8382],[-135.9206,57.9781],[-135.9025,58.0106],[-135.8816,58.0016],[-135.8383,57.9891],[-135.7797,57.9555],[-135.6822,57.9346],[-135.6039,57.9064],[-135.5595,57.9046],[-135.4778,57.8678],[-135.4422,57.8658],[-135.3909,57.8496],[-135.3158,57.807],[-135.2025,57.7765],[-135.1702,57.7813],[-135.1175,57.778],[-135.0961,57.7847],[-135.0245,57.7786],[-134.9544,57.8136],[-134.9867,57.8272],[-135,57.8417],[-135.0242,57.8406],[-135.0741,57.8783],[-135.1178,57.8832],[-135.1572,57.9],[-135.165,57.9178],[-135.141,57.924],[-135.0866,57.9115],[-135.041,57.8952],[-134.9995,57.8892],[-134.9605,57.9107],[-134.9226,57.9232],[-134.9195,57.9484],[-134.9383,57.9553],[-134.9142,57.9763],[-134.9311,58.0167],[-134.9527,58.04],[-135.0305,58.0583],[-135.0762,58.059],[-135.0852,58.0803],[-135.1161,58.0914],[-135.1771,58.086],[-135.275,58.0975],[-135.2978,58.0894],[-135.3189,58.1072],[-135.3949,58.1413],[-135.4672,58.1311],[-135.4433,58.1029],[-135.4711,58.0853],[-135.4911,58.0903],[-135.5139,58.0644],[-135.5398,58.0599],[-135.5683,58.0125],[-135.5976,57.9892],[-135.6531,57.9853],[-135.6489,57.9717],[-135.762,57.9909],[-135.7371,58.0105],[-135.6869,57.9908],[-135.637,57.9957],[-135.6228,58.0233],[-135.6778,58.0318],[-135.6894,58.0547],[-135.626,58.049],[-135.572,58.0868],[-135.5378,58.1013],[-135.5184,58.1268],[-135.5239,58.1533],[-135.508,58.175],[-135.5277,58.1876],[-135.6222,58.2123],[-135.6496,58.2291],[-135.6772,58.2261],[-135.7322,58.2386],[-135.7693,58.2663],[-135.7797,58.2842],[-135.825,58.2827],[-135.8358,58.2684],[-135.8733,58.2495],[-135.8975,58.2481],[-135.9744,58.2058],[-135.9752,58.1944],[-136.0056,58.1881],[-136.0756,58.2167],[-136.1404,58.2256],[-136.1983,58.1847],[-136.1926,58.1586],[-136.1688,58.1372],[-136.1841,58.1233],[-136.1834,58.1017],[-136.2061,58.1019],[-136.2029,58.1453],[-136.2322,58.1572],[-136.246,58.1866],[-136.275,58.2],[-136.284,58.2238],[-136.3226,58.2101],[-136.3461,58.2226],[-136.3647,58.2113],[-136.3574,58.1924],[-136.3228,58.1666],[-136.3201,58.1551],[-136.2907,58.1481],[-136.3233,58.124],[-136.3694,58.1497],[-136.4479,58.1199],[-136.4227,58.0782],[-136.388,58.0585],[-136.3528,58.0494],[-136.2961,58],[-136.2495,57.9824],[-136.2378,57.9617],[-136.1942,57.9417],[-136.1403,57.8967],[-136.087,57.8672],[-136.0335,57.8483],[-136.0246,57.8382],[-136.0182,57.8382]]],[[[-134.7654,58.0965],[-134.81,58.0575],[-134.8033,58.0283],[-134.7678,58.0003],[-134.7592,57.979],[-134.7727,57.9711],[-134.7428,57.9417],[-134.7489,57.9142],[-134.7401,57.9068],[-134.7056,57.8317],[-134.7186,57.7948],[-134.7113,57.7775],[-134.7305,57.7563],[-134.7309,57.7217],[-134.6961,57.6861],[-134.6931,57.6579],[-134.6744,57.6196],[-134.6778,57.6113],[-134.6118,57.5624],[-134.5774,57.5066],[-134.4883,57.5456],[-134.4278,57.5507],[-134.3952,57.5434],[-134.4361,57.5289],[-134.4494,57.54],[-134.535,57.5233],[-134.53,57.4819],[-134.5684,57.4955],[-134.5797,57.4765],[-134.5461,57.4678],[-134.5489,57.4558],[-134.4939,57.4133],[-134.4713,57.3879],[-134.3945,57.3791],[-134.3726,57.3592],[-134.3957,57.3543],[-134.4133,57.3739],[-134.4339,57.3683],[-134.4878,57.3725],[-134.5193,57.3881],[-134.5283,57.4064],[-134.5808,57.401],[-134.5689,57.3697],[-134.5807,57.3444],[-134.5672,57.3367],[-134.5189,57.334],[-134.4825,57.3166],[-134.5461,57.3111],[-134.5728,57.2956],[-134.6158,57.261],[-134.5806,57.242],[-134.5506,57.2383],[-134.5711,57.22],[-134.6032,57.2328],[-134.6461,57.2408],[-134.6539,57.2233],[-134.6401,57.1755],[-134.6014,57.1656],[-134.6389,57.1367],[-134.6378,57.1076],[-134.6211,57.0664],[-134.6004,57.0335],[-134.571,57.0395],[-134.5426,57.0226],[-134.4926,57.0278],[-134.4804,57.0497],[-134.4217,57.0678],[-134.3745,57.0919],[-134.4083,57.1142],[-134.3778,57.1313],[-134.3283,57.1236],[-134.2759,57.1513],[-134.3028,57.1683],[-134.2849,57.1763],[-134.2385,57.1821],[-134.2307,57.17],[-134.1922,57.1842],[-134.1557,57.2075],[-134.1486,57.2636],[-134.0956,57.2709],[-134.1263,57.316],[-134.1606,57.3333],[-134.1613,57.3615],[-134.2023,57.3847],[-134.1844,57.3925],[-134.1525,57.3788],[-134.1098,57.3401],[-134.0839,57.3461],[-134.0424,57.3267],[-134.0139,57.325],[-133.9808,57.3042],[-133.9609,57.307],[-133.9449,57.332],[-133.8745,57.3519],[-133.8624,57.3677],[-133.9072,57.4364],[-133.9745,57.4336],[-133.9688,57.4499],[-133.9881,57.4607],[-134.0596,57.4632],[-134.0617,57.4972],[-134.015,57.4908],[-133.9783,57.4803],[-133.9598,57.4833],[-133.9278,57.4694],[-133.8941,57.4895],[-133.8866,57.4713],[-133.8597,57.4679],[-133.8866,57.5061],[-133.9275,57.5352],[-133.9464,57.5673],[-133.9351,57.6109],[-133.9773,57.6401],[-134.0106,57.656],[-134.0772,57.6556],[-134.0839,57.6722],[-134.0472,57.6747],[-134.0631,57.6965],[-134.1023,57.7175],[-134.1483,57.7631],[-134.2339,57.8647],[-134.25,57.8742],[-134.2872,57.8542],[-134.2831,57.8373],[-134.3072,57.8317],[-134.3102,57.8558],[-134.2811,57.8917],[-134.2811,57.9175],[-134.3417,57.9869],[-134.3304,58.0005],[-134.2517,57.9689],[-134.2446,57.9863],[-134.3044,58.0214],[-134.2838,58.0294],[-134.2789,58.0486],[-134.3178,58.0794],[-134.303,58.0843],[-134.2611,58.0692],[-134.1633,57.9928],[-134.1917,57.9782],[-134.1611,57.9583],[-134.1413,57.9291],[-134.1387,57.9048],[-134.0928,57.8493],[-134.0317,57.8175],[-134.0154,57.7898],[-134.0206,57.7639],[-133.9995,57.7511],[-133.9981,57.7199],[-133.9817,57.7141],[-133.9628,57.6875],[-133.9107,57.6634],[-133.8768,57.633],[-133.8561,57.6228],[-133.8545,57.6004],[-133.8392,57.5778],[-133.8108,57.57],[-133.8004,57.5845],[-133.809,57.6276],[-133.8614,57.6576],[-133.8941,57.6847],[-133.8926,57.7183],[-133.8748,57.7321],[-133.9052,57.7694],[-133.9006,57.8064],[-133.9344,57.8398],[-133.975,57.8593],[-134.0064,57.8933],[-133.9922,57.9122],[-134.0349,57.9373],[-134.0667,57.9642],[-134.0987,57.9826],[-134.0889,58],[-134.1909,58.0854],[-134.1822,58.0934],[-134.2041,58.1147],[-134.1685,58.1274],[-134.1823,58.1419],[-134.1801,58.1595],[-134.3292,58.1307],[-134.3323,58.1301],[-134.4131,58.1145],[-134.4494,58.0973],[-134.5083,58.0918],[-134.5671,58.078],[-134.5479,58.0668],[-134.569,58.0525],[-134.6158,58.0599],[-134.6374,58.0533],[-134.6696,58.0287],[-134.6933,58.0313],[-134.7589,58.0784],[-134.7654,58.0965]]],[[[-134.7089,58.2269],[-134.7346,58.2365],[-134.754,58.2726],[-134.8017,58.2951],[-134.8047,58.3218],[-134.8373,58.342],[-134.8703,58.3223],[-134.8877,58.3223],[-134.9234,58.3862],[-134.9527,58.4091],[-134.9704,58.3698],[-134.9506,58.3334],[-134.957,58.31],[-134.9372,58.263],[-134.9168,58.2432],[-134.9182,58.2259],[-134.8959,58.1916],[-134.866,58.1814],[-134.8217,58.1436],[-134.8014,58.1052],[-134.7694,58.115],[-134.7717,58.1664],[-134.7417,58.1895],[-134.7089,58.2269]]],[[[-136.3099,58.2711],[-136.3441,58.2713],[-136.3642,58.2546],[-136.3128,58.2294],[-136.2864,58.2461],[-136.28,58.2669],[-136.3099,58.2711]]],[[[-136.0346,58.2976],[-136.048,58.3183],[-136.0769,58.3048],[-136.1078,58.3032],[-136.1577,58.2792],[-136.1334,58.2629],[-136.0903,58.2582],[-136.06,58.2746],[-136.0362,58.2744],[-136.0346,58.2976]]],[[[-136.4867,59.265],[-136.4888,59.258],[-136.582,59.1655],[-136.8247,59.1598],[-136.9996,59.0914],[-137.0977,59.0565],[-137.2309,59.0133],[-137.2827,59.0001],[-137.4515,58.9085],[-137.526,58.9066],[-137.5,58.9849],[-137.5418,59.1063],[-137.6074,59.2435],[-138.1689,59.5359],[-138.6092,59.76],[-138.6563,59.7992],[-138.7058,59.9062],[-138.7908,59.923],[-139.0421,59.9916],[-139.177,60.0829],[-139.0485,60.3259],[-139.0521,60.3537],[-139.6801,60.3357],[-139.6917,60.333],[-139.9741,60.1845],[-140.448,60.308],[-140.4577,60.3041],[-140.5203,60.2191],[-140.7683,60.2583],[-140.924,60.2912],[-141.0016,60.3051],[-141.0018,59.7733],[-140.9773,59.7684],[-140.9064,59.7424],[-140.8653,59.7344],[-140.793,59.7293],[-140.6681,59.7105],[-140.5945,59.7093],[-140.532,59.7042],[-140.4862,59.7053],[-140.3441,59.6939],[-140.2835,59.6945],[-140.2316,59.704],[-140.1488,59.74],[-140.0715,59.754],[-139.9824,59.7806],[-140.0504,59.7935],[-140.0854,59.7758],[-140.1171,59.7821],[-140.1046,59.8122],[-140.1333,59.8056],[-140.1734,59.7684],[-140.2312,59.7674],[-140.2505,59.7885],[-140.2398,59.7999],[-140.1671,59.8037],[-140.1254,59.8187],[-140.0775,59.8244],[-140.0438,59.8387],[-139.9719,59.8111],[-139.9606,59.792],[-139.9125,59.7949],[-139.8044,59.8184],[-139.7804,59.8287],[-139.7736,59.8684],[-139.7121,59.9188],[-139.6627,59.9307],[-139.6031,59.9521],[-139.6004,59.9876],[-139.5455,60.0323],[-139.4958,60.0021],[-139.4293,60.0021],[-139.4028,59.97],[-139.3833,59.9658],[-139.3356,59.9175],[-139.2711,59.8694],[-139.2529,59.8602],[-139.2083,59.8581],[-139.1405,59.8625],[-139.1289,59.8536],[-139.0691,59.8539],[-139.0228,59.8481],[-138.9854,59.8232],[-138.9431,59.8124],[-138.9628,59.8014],[-139.0063,59.8298],[-139.0483,59.8406],[-139.1922,59.8417],[-139.2444,59.8306],[-139.2822,59.8294],[-139.3006,59.8194],[-139.2867,59.7769],[-139.3211,59.755],[-139.3139,59.7228],[-139.2711,59.6925],[-139.2672,59.6686],[-139.2283,59.6061],[-139.2489,59.6014],[-139.2639,59.5742],[-139.2989,59.5611],[-139.3567,59.5897],[-139.3244,59.6056],[-139.2911,59.6131],[-139.2928,59.6403],[-139.3189,59.6692],[-139.3178,59.6886],[-139.3356,59.7042],[-139.3497,59.7461],[-139.348,59.7877],[-139.3345,59.8216],[-139.3,59.8524],[-139.3703,59.9074],[-139.3712,59.9188],[-139.406,59.9397],[-139.4438,59.9773],[-139.4722,59.9973],[-139.5099,59.9855],[-139.5349,59.9366],[-139.6051,59.9062],[-139.6289,59.9022],[-139.637,59.8731],[-139.6235,59.8442],[-139.5947,59.8193],[-139.6006,59.8047],[-139.5794,59.7739],[-139.5422,59.7367],[-139.4811,59.7072],[-139.5878,59.6458],[-139.5935,59.6242],[-139.5827,59.6074],[-139.6241,59.5963],[-139.6317,59.5836],[-139.6744,59.5697],[-139.705,59.5767],[-139.7211,59.5625],[-139.7528,59.5589],[-139.7456,59.5442],[-139.7972,59.5425],[-139.8378,59.5581],[-139.8567,59.5353],[-139.7861,59.5131],[-139.63,59.4569],[-139.4966,59.4277],[-139.4544,59.4061],[-139.4111,59.4119],[-139.3867,59.3892],[-139.4006,59.3797],[-139.365,59.3611],[-139.3611,59.3864],[-139.295,59.3883],[-139.2606,59.3706],[-139.2456,59.3419],[-139.2017,59.3381],[-139.1861,59.325],[-139.1322,59.3011],[-138.9869,59.2652],[-138.8938,59.2388],[-138.7978,59.2029],[-138.6704,59.1445],[-138.6483,59.1387],[-138.5966,59.1502],[-138.5816,59.1311],[-138.6051,59.1223],[-138.5132,59.1045],[-138.3191,59.0626],[-138.2356,59.0369],[-138.1858,59.0168],[-138.173,59.0025],[-138.0811,58.9633],[-138.0167,58.9286],[-137.9506,58.8861],[-137.925,58.8422],[-137.93,58.8194],[-137.9478,58.8],[-137.9294,58.7831],[-137.8833,58.765],[-137.7817,58.7181],[-137.7039,58.6722],[-137.6739,58.6467],[-137.68,58.6233],[-137.6056,58.6481],[-137.5711,58.6496],[-137.515,58.6636],[-137.5122,58.6428],[-137.5639,58.6233],[-137.6,58.6158],[-137.6372,58.62],[-137.6428,58.6025],[-137.5761,58.5917],[-137.5361,58.5718],[-137.455,58.5408],[-137.3978,58.5064],[-137.3117,58.4794],[-137.2789,58.46],[-137.235,58.4522],[-137.16,58.4239],[-137.1139,58.3992],[-137.095,58.3814],[-137.0706,58.4003],[-137.0128,58.4106],[-136.9533,58.3967],[-136.9176,58.3993],[-136.8919,58.3849],[-136.9044,58.3703],[-136.9039,58.3417],[-136.8441,58.3431],[-136.8778,58.3176],[-136.8411,58.3153],[-136.8017,58.3219],[-136.7938,58.2941],[-136.7617,58.2858],[-136.6791,58.2982],[-136.694,58.2834],[-136.7222,58.2764],[-136.7325,58.2595],[-136.6861,58.2117],[-136.6211,58.2103],[-136.5872,58.2231],[-136.5894,58.2389],[-136.5673,58.2455],[-136.5761,58.2817],[-136.6067,58.3003],[-136.6117,58.3167],[-136.5967,58.3322],[-136.5422,58.3322],[-136.5016,58.3073],[-136.4663,58.3071],[-136.4378,58.315],[-136.3683,58.3036],[-136.3568,58.3303],[-136.3622,58.3483],[-136.4114,58.3806],[-136.4651,58.3952],[-136.4948,58.3818],[-136.4925,58.353],[-136.5406,58.3592],[-136.5468,58.3738],[-136.5136,58.3759],[-136.4933,58.3958],[-136.4394,58.4039],[-136.4039,58.3922],[-136.383,58.3732],[-136.3533,58.3717],[-136.3211,58.3871],[-136.2747,58.3635],[-136.3013,58.3429],[-136.3057,58.3237],[-136.2828,58.315],[-136.2152,58.3279],[-136.1561,58.3455],[-136.1004,58.3457],[-136.0383,58.3831],[-136.0578,58.3944],[-136.0543,58.4134],[-136.0694,58.4403],[-136.0871,58.4474],[-136.0721,58.4674],[-136.095,58.4722],[-136.1046,58.4967],[-136.0953,58.5071],[-136.1243,58.5176],[-136.1867,58.5097],[-136.172,58.5274],[-136.1845,58.5366],[-136.1568,58.5643],[-136.1926,58.5689],[-136.22,58.5826],[-136.1963,58.6016],[-136.2045,58.6133],[-136.2557,58.635],[-136.2811,58.6569],[-136.3155,58.671],[-136.3456,58.6474],[-136.3816,58.6322],[-136.4489,58.6161],[-136.4678,58.5878],[-136.5211,58.5936],[-136.4389,58.6422],[-136.3933,58.6542],[-136.3496,58.6867],[-136.3913,58.7176],[-136.4575,58.7397],[-136.4786,58.7365],[-136.5074,58.7564],[-136.5143,58.7077],[-136.5367,58.7142],[-136.5306,58.7404],[-136.6064,58.7731],[-136.611,58.7858],[-136.6387,58.7913],[-136.6539,58.8308],[-136.6075,58.8185],[-136.5793,58.7806],[-136.545,58.7848],[-136.5178,58.7778],[-136.4932,58.7915],[-136.5617,58.8324],[-136.6143,58.8469],[-136.6467,58.8406],[-136.6686,58.8538],[-136.701,58.8584],[-136.7467,58.8772],[-136.7991,58.8782],[-136.8178,58.8661],[-136.8422,58.8831],[-136.8927,58.8866],[-136.9267,58.9006],[-137.0139,58.9042],[-137.0411,58.875],[-137.089,58.8417],[-137.1194,58.8411],[-137.1167,58.8583],[-137.0778,58.8739],[-137.0561,58.9061],[-137.0229,58.9236],[-136.9611,58.9253],[-136.9417,58.9178],[-136.9183,58.9325],[-136.9206,58.9531],[-136.9444,58.9719],[-136.9661,58.975],[-137.0018,58.9976],[-137.0067,59.0174],[-137.0433,59.0206],[-137.0678,59.0458],[-137.0311,59.0618],[-137.0078,59.0425],[-136.9783,59.03],[-136.9519,59.0044],[-136.9033,58.9866],[-136.8754,58.9629],[-136.8222,58.9539],[-136.7103,58.918],[-136.6828,58.8975],[-136.6301,58.8903],[-136.6236,58.9032],[-136.6397,58.9305],[-136.6883,58.9772],[-136.6484,58.9665],[-136.637,58.9466],[-136.6146,58.9367],[-136.601,58.915],[-136.5769,58.9139],[-136.571,58.9557],[-136.53,58.9511],[-136.5328,58.9214],[-136.5064,58.8802],[-136.5111,58.8625],[-136.4897,58.838],[-136.4611,58.825],[-136.3964,58.8168],[-136.3221,58.7788],[-136.2787,58.7714],[-136.2496,58.7521],[-136.2155,58.7498],[-136.1727,58.7603],[-136.1761,58.7731],[-136.1461,58.7817],[-136.154,58.797],[-136.1303,58.8144],[-136.106,58.8639],[-136.1174,58.8922],[-136.1386,58.905],[-136.1206,58.9218],[-136.1261,58.9354],[-136.1972,58.9314],[-136.2161,58.9207],[-136.2817,58.9236],[-136.3517,58.9394],[-136.2978,58.9481],[-136.2117,58.9333],[-136.1521,58.9443],[-136.1616,58.9638],[-136.1511,58.985],[-136.1533,59.0061],[-136.2006,59.0542],[-136.2779,59.0505],[-136.3028,59.0539],[-136.3689,59.075],[-136.3658,59.0854],[-136.314,59.0763],[-136.297,59.0664],[-136.1844,59.0728],[-136.1694,59.0447],[-136.1112,59.0102],[-136.1181,58.9607],[-136.0995,58.9546],[-136.0529,58.912],[-136.0683,58.8866],[-136.0548,58.8684],[-136.059,58.8533],[-135.9872,58.8614],[-135.9683,58.8792],[-135.92,58.905],[-135.8439,58.9097],[-135.8033,58.9031],[-135.7986,58.8864],[-135.865,58.8764],[-135.8893,58.8777],[-135.9206,58.8636],[-135.9539,58.8647],[-136.0145,58.844],[-136.0494,58.8408],[-136.0806,58.8281],[-136.0828,58.8076],[-136.0411,58.7779],[-136.0365,58.7611],[-136.0009,58.7416],[-135.9796,58.7203],[-135.9894,58.7],[-135.9605,58.6937],[-135.9367,58.6506],[-135.9106,58.6165],[-135.8847,58.6023],[-135.8344,58.5992],[-135.9078,58.5761],[-135.8875,58.5682],[-135.8544,58.5273],[-135.8714,58.5208],[-135.8832,58.4989],[-135.8672,58.4622],[-135.8977,58.4488],[-135.8984,58.4174],[-135.9219,58.3855],[-135.9082,58.379],[-135.8617,58.3867],[-135.8274,58.3861],[-135.7833,58.3978],[-135.7044,58.3956],[-135.6772,58.4017],[-135.62,58.4269],[-135.5764,58.4076],[-135.5561,58.408],[-135.5011,58.3769],[-135.4759,58.3753],[-135.4579,58.4075],[-135.501,58.4513],[-135.515,58.4761],[-135.5114,58.4924],[-135.4904,58.4989],[-135.4713,58.5072],[-135.4294,58.51],[-135.3812,58.4997],[-135.3575,58.4871],[-135.3156,58.4995],[-135.336,58.5235],[-135.3667,58.5343],[-135.3749,58.5675],[-135.411,58.5842],[-135.3945,58.5947],[-135.3991,58.6156],[-135.4265,58.6314],[-135.4555,58.6354],[-135.4777,58.654],[-135.5252,58.6556],[-135.5452,58.6982],[-135.5823,58.7081],[-135.6219,58.711],[-135.6335,58.721],[-135.6739,58.7158],[-135.6998,58.7375],[-135.7331,58.7282],[-135.7536,58.7421],[-135.7514,58.7585],[-135.7322,58.7686],[-135.73,58.7877],[-135.7074,58.8038],[-135.7088,58.8279],[-135.6763,58.8403],[-135.6776,58.8589],[-135.6166,58.8565],[-135.5691,58.8672],[-135.5498,58.8805],[-135.5377,58.8978],[-135.6008,58.9102],[-135.601,58.9257],[-135.5642,58.9454],[-135.5628,58.969],[-135.5808,58.9871],[-135.6476,59.0009],[-135.6834,59.0175],[-135.7061,59.0433],[-135.7174,59.0723],[-135.6967,59.1052],[-135.7803,59.141],[-135.8221,59.138],[-135.852,59.156],[-135.8761,59.1604],[-135.889,59.1758],[-135.948,59.179],[-135.9954,59.1864],[-136.0461,59.1791],[-136.0655,59.2026],[-136.1139,59.2095],[-136.1435,59.186],[-136.1928,59.2201],[-136.2203,59.2144],[-136.2637,59.2295],[-136.314,59.2353],[-136.3658,59.2353],[-136.3663,59.2489],[-136.4326,59.2527],[-136.4457,59.2649],[-136.4867,59.265]]]]},"properties":{"GID_0":"USA","GID_1":"USA.2_1","GID_2":"USA.2.21_1","NAME_1":"Alaska","NAME_2":"Skagway-Yakutat-Angoon"}},
{"type":"Feature","geometry":{"type":"Polygon","coordinates":[[[-141.0026,65.84],[-141.1055,65.8215],[-141.1688,65.789],[-141.2115,65.775],[-141.2654,65.7425],[-141.3182,65.7192],[-141.3495,65.6975],[-141.344,65.68],[-141.3731,65.6525],[-141.408,65.6377],[-141.3828,65.6192],[-141.4578,65.5902],[-141.4936,65.5948],[-141.5184,65.5682],[-141.5478,65.5721],[-141.5808,65.5468],[-141.6348,65.5415],[-141.6326,65.522],[-141.6957,65.5223],[-141.7515,65.5021],[-141.7889,65.4979],[-141.7922,65.4766],[-141.8483,65.4555],[-141.8518,65.4474],[-141.9238,65.4476],[-141.9857,65.4416],[-142.0539,65.46],[-142.1422,65.465],[-142.2164,65.4591],[-142.3012,65.4421],[-142.3815,65.4129],[-142.4234,65.4019],[-142.4574,65.379],[-142.5209,65.3734],[-142.5846,65.4024],[-142.6284,65.4042],[-142.6613,65.391],[-142.7005,65.3456],[-142.7629,65.3296],[-142.7653,65.3167],[-142.732,65.2813],[-142.7504,65.2658],[-142.7411,65.2457],[-142.7723,65.2417],[-142.7612,65.2228],[-142.7955,65.1962],[-142.8546,65.1625],[-142.8667,65.1441],[-142.9413,65.1497],[-142.9852,65.1253],[-143.0106,65.1403],[-143.0493,65.1173],[-143.0867,65.1241],[-143.1441,65.0967],[-143.2009,65.0768],[-143.2335,65.0737],[-143.2527,65.0536],[-143.3214,65.0379],[-143.3742,65.0404],[-143.3702,65.0009],[-143.4149,64.9845],[-143.4658,64.9882],[-143.5275,64.9663],[-143.4962,64.9499],[-143.5085,64.9408],[-143.4811,64.9211],[-143.5114,64.8609],[-143.4335,64.8264],[-143.4903,64.805],[-143.5191,64.8085],[-143.5301,64.7779],[-143.5143,64.7592],[-143.6051,64.7325],[-143.6495,64.6826],[-143.7012,64.6616],[-143.7665,64.6526],[-143.8872,64.6681],[-144.0495,64.681],[-144.0598,64.6935],[-144.069,64.6902],[-144.0465,64.6668],[-144.0707,64.6526],[-144.1137,64.649],[-144.1432,64.6553],[-144.1853,64.6422],[-144.2084,64.6484],[-144.3079,64.6421],[-144.3125,64.6161],[-144.4622,64.5829],[-144.5487,64.5996],[-144.6045,64.5959],[-144.667,64.5845],[-144.7398,64.5934],[-144.7915,64.5698],[-144.8457,64.5669],[-144.9214,64.5787],[-144.9819,64.5642],[-145.0724,64.5132],[-145.1574,64.5011],[-145.2055,64.5069],[-145.2729,64.4905],[-145.2963,64.4961],[-145.3605,64.4869],[-145.3694,64.4561],[-145.444,64.4449],[-145.4993,64.4233],[-145.5318,64.4176],[-145.614,64.4259],[-145.6372,64.4397],[-145.6694,64.4422],[-145.7391,64.4605],[-145.7655,64.4408],[-145.8084,64.4303],[-145.8804,64.4298],[-145.9161,64.4237],[-146.0008,64.3839],[-146.0399,64.3799],[-146.1135,64.3882],[-146.1572,64.3859],[-146.1766,64.3721],[-146.2379,64.3577],[-146.2206,64.3421],[-146.2343,64.3104],[-146.3055,64.2972],[-146.3371,64.282],[-146.3698,64.288],[-146.4921,64.2887],[-146.5554,64.2762],[-146.6151,64.2703],[-146.6585,64.2568],[-147.5708,64.257],[-147.5435,64.2166],[-147.5386,64.1757],[-147.4991,64.1101],[-147.5032,64.0952],[-147.4499,64.0636],[-147.3699,64.0301],[-147.3645,64.0215],[-147.4207,63.9995],[-147.4592,63.9523],[-147.4908,63.9549],[-147.5539,63.9425],[-147.5903,63.9159],[-147.6248,63.9072],[-147.5903,63.8916],[-147.5748,63.8726],[-147.5939,63.8656],[-147.5933,63.843],[-147.6403,63.8185],[-147.6343,63.7868],[-147.6929,63.7865],[-147.7015,63.7765],[-147.6694,63.7542],[-147.6103,63.753],[-147.5692,63.7393],[-147.578,63.7224],[-147.5558,63.7112],[-147.516,63.7058],[-147.5625,63.6703],[-147.5149,63.6666],[-147.4904,63.6563],[-147.441,63.6488],[-147.3883,63.654],[-147.3607,63.6433],[-147.3554,63.626],[-147.332,63.6184],[-147.2719,63.6152],[-147.2793,63.5941],[-147.3903,63.5671],[-147.3934,63.5581],[-147.4691,63.555],[-147.4905,63.562],[-147.5625,63.5512],[-147.5429,63.5296],[-147.5998,63.5146],[-147.6314,63.4974],[-147.6256,63.4777],[-146.4943,63.4775],[-146.4941,63.029],[-146.1113,63.029],[-146.112,63.203],[-145.1548,63.2025],[-145.1543,63.1151],[-144.5866,63.1141],[-143.1279,63.1229],[-143.1394,63.1077],[-143.1216,63.0851],[-143.1134,63.0511],[-143.1223,63.0371],[-143.087,63.0271],[-143.0948,63.0046],[-143.0185,62.9923],[-142.9991,62.9817],[-143.0127,62.9685],[-143.0423,62.9668],[-143.0458,62.9281],[-143.068,62.9205],[-143.1012,62.8838],[-143.1526,62.8601],[-143.1793,62.8367],[-143.216,62.8264],[-143.1752,62.8028],[-143.1493,62.8034],[-143.0886,62.7745],[-143.0439,62.7719],[-143.027,62.7605],[-143.0677,62.7375],[-143.0965,62.7055],[-143.1337,62.6981],[-143.1373,62.6715],[-143.1718,62.6503],[-143.1432,62.6274],[-143.1034,62.615],[-142.9979,62.6105],[-142.9668,62.597],[-142.9279,62.6102],[-142.8396,62.5995],[-142.829,62.6253],[-142.7912,62.6545],[-142.7443,62.6567],[-142.7524,62.6817],[-142.7151,62.7137],[-142.636,62.7004],[-142.6297,62.6843],[-142.5678,62.6877],[-142.5276,62.6845],[-142.3225,62.6843],[-142.3279,62.5994],[-142.1341,62.5978],[-142.1373,62.5103],[-141.9675,62.5105],[-141.9688,62.1608],[-142.0061,62.1547],[-142.0071,62.1175],[-141.8162,62.1158],[-141.8199,62.0251],[-141.8129,61.9902],[-141.8155,61.8939],[-141.0617,61.8956],[-141.0023,61.8946],[-141.0018,63.4572],[-141.0038,63.7461],[-141.0018,63.9326],[-141.0026,65.84]]]},"properties":{"GID_0":"USA","GID_1":"USA.2_1","GID_2":"USA.2.22_1","NAME_1":"Alaska","NAME_2":"SoutheastFairbanks"}},
{"type":"Feature","geometry":{"type":"MultiPolygon","coordinates":[[[[-148.5859,59.9666],[-148.6382,59.9523],[-148.6578,59.9501],[-148.6833,59.9219],[-148.6393,59.9201],[-148.6081,59.9285],[-148.5669,59.9559],[-148.5859,59.9666]]],[[[-148.2373,59.9358],[-148.1643,59.9356],[-148.1023,59.953],[-148.0755,59.9745],[-148.0234,60.0026],[-148.0778,60.0004],[-148.1252,59.9657],[-148.1669,59.9592],[-148.1944,59.9679],[-148.2373,59.9358]]],[[[-147.8318,60.0651],[-147.8464,60.0724],[-147.887,60.062],[-147.913,60.0359],[-147.937,60.0266],[-147.9869,59.9956],[-148.0112,59.9901],[-148.0553,59.9531],[-148.0468,59.9385],[-147.9859,59.9494],[-147.9727,59.9579],[-147.9179,59.9706],[-147.8842,59.9899],[-147.8193,60.0464],[-147.8318,60.0651]]],[[[-147.9609,60.1286],[-147.9953,60.1161],[-148.0391,60.1099],[-148.0443,60.0922],[-148.0714,60.0714],[-148.1182,60.0474],[-148.1297,60.0016],[-148.0953,60.0078],[-148.0609,60.0318],[-148.0661,60.0505],[-148.025,60.0646],[-147.9787,60.0641],[-147.8963,60.0964],[-147.8896,60.1104],[-147.9078,60.1234],[-147.9609,60.1286]]],[[[-148.0401,60.1797],[-148.0443,60.1974],[-148.0807,60.187],[-148.0776,60.1672],[-148.1026,60.1234],[-148.1338,60.1484],[-148.2068,60.1172],[-148.2417,60.1063],[-148.2854,60.1021],[-148.2812,60.0854],[-148.2146,60.0771],[-148.2187,60.0583],[-148.2521,60.0625],[-148.2875,60.0563],[-148.2792,60.0417],[-148.2187,60.0438],[-148.225,60.0292],[-148.3125,60.0292],[-148.2667,60.0125],[-148.1979,60.0167],[-148.1463,60.0359],[-148.1432,60.0557],[-148.0838,60.1047],[-148.1016,60.1161],[-148.0651,60.1443],[-148.0401,60.1797]]],[[[-147.0901,60.3724],[-147.1042,60.3792],[-147.212,60.3453],[-147.212,60.3255],[-147.1875,60.325],[-147.1651,60.3068],[-147.212,60.2911],[-147.1859,60.2724],[-147.1859,60.2505],[-147.2292,60.2313],[-147.2474,60.2328],[-147.3161,60.1995],[-147.3151,60.188],[-147.4339,60.0922],[-147.4818,60.0693],[-147.5557,60.0495],[-147.5693,60.0318],[-147.6167,60.0104],[-147.7068,59.9923],[-147.6725,59.9647],[-147.7007,59.95],[-147.7443,59.9559],[-147.7836,59.9268],[-147.8147,59.922],[-147.8273,59.9036],[-147.8017,59.888],[-147.8081,59.8719],[-147.8613,59.8721],[-147.8943,59.8615],[-147.9179,59.8335],[-147.8969,59.8053],[-147.9332,59.7805],[-147.8831,59.7651],[-147.8457,59.7707],[-147.8239,59.7838],[-147.7689,59.8042],[-147.7093,59.8052],[-147.6669,59.8177],[-147.6671,59.8299],[-147.6391,59.8491],[-147.5962,59.8542],[-147.525,59.8411],[-147.4659,59.8667],[-147.4563,59.9044],[-147.5066,59.9099],[-147.5142,59.9373],[-147.4464,59.9659],[-147.3923,59.9605],[-147.3937,59.9963],[-147.3797,60.0016],[-147.3604,60.0417],[-147.3213,60.063],[-147.3036,60.0807],[-147.238,60.1193],[-147.2078,60.1453],[-147.1229,60.1833],[-147.1062,60.1854],[-147.0318,60.2172],[-146.9807,60.2474],[-146.9505,60.2589],[-146.9151,60.3036],[-146.9521,60.3063],[-146.9854,60.2938],[-147.0078,60.2953],[-147.0276,60.2797],[-147.0792,60.2625],[-147.1141,60.2609],[-147.0891,60.2891],[-147.0297,60.3151],[-147.0047,60.3411],[-147.1083,60.3354],[-147.1359,60.3422],[-147.0901,60.3609],[-147.0901,60.3724]]],[[[-147.3646,60.2625],[-147.3443,60.2734],[-147.3464,60.2995],[-147.4495,60.2703],[-147.4974,60.2359],[-147.4708,60.2292],[-147.4187,60.2521],[-147.3646,60.2625]]],[[[-148.4542,60.5417],[-148.4839,60.5255],[-148.5745,60.4995],[-148.6359,60.4568],[-148.664,60.446],[-148.6646,60.4151],[-148.5637,60.4153],[-148.5631,60.1265],[-148.5733,60.1262],[-148.5727,60.061],[-148.5874,60.0611],[-148.5859,59.9724],[-148.5533,59.9697],[-148.5443,60.0057],[-148.5557,60.0286],[-148.5375,60.0313],[-148.5034,59.9919],[-148.5009,59.9788],[-148.4753,59.9647],[-148.456,59.9413],[-148.4103,59.981],[-148.4151,60.0141],[-148.4391,60.0193],[-148.3984,60.038],[-148.3672,60.087],[-148.3932,60.1057],[-148.3745,60.1286],[-148.3505,60.138],[-148.3578,60.1557],[-148.3313,60.1667],[-148.2833,60.1667],[-148.2896,60.1104],[-148.2417,60.1146],[-148.1943,60.1318],[-148.1214,60.1651],[-148.1307,60.1839],[-148.0859,60.213],[-148.1453,60.2349],[-148.1516,60.2089],[-148.1797,60.163],[-148.2026,60.1693],[-148.1859,60.2099],[-148.2109,60.2182],[-148.2693,60.2193],[-148.2516,60.237],[-148.2,60.2354],[-148.188,60.2495],[-148.2104,60.2583],[-148.2807,60.2432],[-148.3005,60.2234],[-148.3292,60.2125],[-148.3562,60.1937],[-148.3901,60.2005],[-148.3557,60.2245],[-148.3589,60.2474],[-148.3833,60.2604],[-148.412,60.2609],[-148.4036,60.2807],[-148.3542,60.2813],[-148.3224,60.2599],[-148.3,60.2604],[-148.2422,60.2818],[-148.2088,60.3005],[-148.2182,60.3464],[-148.1667,60.3354],[-148.0984,60.3745],[-148.0818,60.3797],[-148.1057,60.413],[-148.0797,60.412],[-148.0604,60.3854],[-148.0068,60.4005],[-147.987,60.4214],[-147.9568,60.4193],[-147.9453,60.4391],[-148.0021,60.4562],[-147.9714,60.4818],[-147.9625,60.5],[-147.9734,60.5141],[-148.0141,60.5172],[-148.0245,60.538],[-148.0547,60.5526],[-148.0755,60.5807],[-148.113,60.5839],[-148.1516,60.5745],[-148.1682,60.538],[-148.1547,60.5036],[-148.1901,60.4943],[-148.1797,60.5349],[-148.2005,60.5401],[-148.2464,60.5078],[-148.2271,60.4625],[-148.263,60.4484],[-148.2797,60.4818],[-148.3328,60.4724],[-148.3297,60.4953],[-148.3896,60.5187],[-148.4208,60.5125],[-148.4542,60.5417]]],[[[-147.9943,60.3766],[-148.0583,60.3688],[-148.0859,60.3401],[-148.137,60.3266],[-148.1536,60.3068],[-148.1083,60.2792],[-148.0437,60.275],[-148.0167,60.2938],[-148.012,60.3276],[-147.988,60.3641],[-147.9943,60.3766]]],[[[-147.6932,60.4943],[-147.7224,60.4839],[-147.7057,60.4672],[-147.712,60.437],[-147.7437,60.4396],[-147.7688,60.4292],[-147.787,60.4453],[-147.8213,60.437],[-147.8349,60.4141],[-147.8396,60.3833],[-147.8047,60.3943],[-147.7818,60.3828],[-147.8167,60.3688],[-147.8542,60.3729],[-147.8708,60.3208],[-147.8437,60.3125],[-147.7812,60.3333],[-147.7443,60.3286],[-147.7797,60.3089],[-147.8411,60.2911],[-147.8708,60.2938],[-147.9016,60.2849],[-147.8859,60.2672],[-147.9099,60.2578],[-147.8917,60.2229],[-147.8479,60.2167],[-147.8089,60.2359],[-147.8057,60.2068],[-147.8453,60.1922],[-147.7953,60.1672],[-147.7547,60.1609],[-147.7443,60.1818],[-147.7193,60.2005],[-147.712,60.2203],[-147.738,60.2474],[-147.6932,60.2974],[-147.6672,60.3089],[-147.6734,60.3245],[-147.6422,60.3359],[-147.6193,60.3651],[-147.6214,60.3828],[-147.6578,60.387],[-147.6953,60.3724],[-147.687,60.4057],[-147.6458,60.4104],[-147.6089,60.4255],[-147.6516,60.4505],[-147.6234,60.4609],[-147.6297,60.4766],[-147.6771,60.4771],[-147.6932,60.4943]]],[[[-148.3833,60.7542],[-148.3672,60.763],[-148.4021,60.7771],[-148.4349,60.7661],[-148.4401,60.7547],[-148.512,60.7661],[-148.5401,60.7443],[-148.5703,60.737],[-148.588,60.6984],[-148.6568,60.6628],[-148.6565,60.4957],[-148.5974,60.5328],[-148.5245,60.5641],[-148.4812,60.5729],[-148.4266,60.5724],[-148.4099,60.5484],[-148.325,60.5292],[-148.2516,60.5953],[-148.188,60.6089],[-148.212,60.6297],[-148.2068,60.6536],[-148.2349,60.6672],[-148.2547,60.7026],[-148.2464,60.7276],[-148.2583,60.7562],[-148.2807,60.7474],[-148.2943,60.7214],[-148.3307,60.7036],[-148.3578,60.6682],[-148.3828,60.6516],[-148.4234,60.637],[-148.4516,60.6516],[-148.4047,60.6651],[-148.3859,60.687],[-148.3943,60.7193],[-148.3672,60.7318],[-148.3833,60.7542]]],[[[-148.1766,60.7453],[-148.1979,60.7458],[-148.2328,60.7286],[-148.2391,60.6984],[-148.1849,60.6609],[-148.1786,60.6401],[-148.1547,60.6339],[-148.1234,60.6401],[-148.0922,60.6609],[-148.1047,60.7016],[-148.1005,60.7172],[-148.1167,60.7458],[-148.1766,60.7453]]],[[[-144.9016,60.537],[-144.9307,60.537],[-144.975,60.5125],[-145.0125,60.5104],[-145.0286,60.4859],[-145.0047,60.4672],[-145.0536,60.4432],[-145.0276,60.4203],[-144.9667,60.4208],[-144.9214,60.4391],[-144.9104,60.475],[-144.9255,60.5016],[-144.9016,60.537]]],[[[-144.8687,60.5042],[-144.8995,60.4891],[-144.8672,60.4589],[-144.8484,60.4734],[-144.8687,60.5042]]],[[[-145.7974,60.5807],[-145.825,60.5875],[-145.8792,60.5833],[-145.9,60.5875],[-145.9521,60.5792],[-145.9521,60.5563],[-146.0016,60.5641],[-146.0229,60.5479],[-146.0688,60.5458],[-146.15,60.5187],[-146.1708,60.5271],[-146.2292,60.5146],[-146.2833,60.5167],[-146.3026,60.5026],[-146.3307,60.463],[-146.3208,60.4542],[-146.1854,60.4562],[-146.1187,60.4688],[-146.0583,60.4854],[-146.025,60.5042],[-146.0042,60.5042],[-145.9625,60.5187],[-145.9083,60.5271],[-145.8214,60.5526],[-145.8026,60.562],[-145.7974,60.5807]]],[[[-146.7417,60.875],[-146.7437,60.8521],[-146.8141,60.8432],[-146.8089,60.8141],[-146.7854,60.8063],[-146.725,60.8104],[-146.7068,60.8516],[-146.7417,60.875]]],[[[-147.2141,60.8901],[-147.2146,60.9063],[-147.2557,60.8974],[-147.263,60.8839],[-147.2292,60.8646],[-147.1812,60.8812],[-147.1849,60.8589],[-147.15,60.8521],[-147.0838,60.8755],[-147.0734,60.8911],[-147.1229,60.8958],[-147.1693,60.8932],[-147.2016,60.9016],[-147.2141,60.8901]]],[[[-147.6292,60.5313],[-147.6599,60.5286],[-147.637,60.4984],[-147.6026,60.4995],[-147.6292,60.5313]]],[[[-147.5536,60.5661],[-147.5786,60.5526],[-147.6224,60.5464],[-147.5995,60.5255],[-147.562,60.5474],[-147.5536,60.5661]]],[[[-147.3213,60.6682],[-147.3599,60.662],[-147.3849,60.6359],[-147.3443,60.6276],[-147.3068,60.6641],[-147.3213,60.6682]]],[[[-147.4349,60.6839],[-147.4557,60.6568],[-147.412,60.6453],[-147.3859,60.6526],[-147.4083,60.6854],[-147.4349,60.6839]]],[[[-147.3589,60.6984],[-147.3646,60.7104],[-147.4162,60.6964],[-147.3693,60.688],[-147.3589,60.6984]]],[[[-147.9438,60.7208],[-147.9766,60.7026],[-147.9922,60.7245],[-148.012,60.7224],[-147.9661,60.6734],[-147.9307,60.6703],[-147.8495,60.6891],[-147.9,60.7313],[-147.9307,60.737],[-147.9438,60.7208]]],[[[-148.0203,60.9172],[-148.0396,60.9271],[-148.0745,60.9224],[-148.0984,60.9089],[-148.0891,60.8849],[-148.1224,60.8661],[-148.1297,60.8318],[-148.1474,60.8245],[-148.1229,60.7875],[-148.0682,60.788],[-148.0292,60.7813],[-147.9151,60.813],[-147.9234,60.837],[-147.9536,60.8464],[-147.9349,60.8755],[-147.9755,60.9057],[-148.0203,60.9172]]],[[[-146.2961,59.4653],[-146.3759,59.4145],[-146.3694,59.402],[-146.3344,59.4042],[-146.2911,59.4503],[-146.2961,59.4653]]],[[[-146.5276,60.4755],[-146.5396,60.4833],[-146.5979,60.4833],[-146.6391,60.4641],[-146.6667,60.4271],[-146.7036,60.412],[-146.7068,60.388],[-146.7271,60.3792],[-146.7224,60.3432],[-146.6833,60.3438],[-146.6646,60.3521],[-146.6005,60.3589],[-146.5729,60.35],[-146.5292,60.3563],[-146.5193,60.338],[-146.6224,60.3078],[-146.6375,60.2958],[-146.6974,60.2786],[-146.6828,60.2547],[-146.6625,60.2542],[-146.6479,60.2354],[-146.6187,60.2354],[-146.5276,60.2714],[-146.4787,60.2974],[-146.375,60.3312],[-146.3083,60.3458],[-146.2453,60.3391],[-146.2104,60.35],[-146.1812,60.3708],[-146.0922,60.3818],[-146.1146,60.3979],[-146.1234,60.4266],[-146.1958,60.425],[-146.2354,60.4167],[-146.3021,60.4146],[-146.3333,60.4063],[-146.3641,60.4255],[-146.3547,60.4589],[-146.412,60.4766],[-146.4672,60.4547],[-146.5,60.4708],[-146.5276,60.4755]]],[[[-145.1792,60.3458],[-145.1771,60.3583],[-145.2625,60.3396],[-145.2849,60.3307],[-145.2354,60.3042],[-145.1714,60.3276],[-145.1792,60.3458]]],[[[-145.087,60.3828],[-145.162,60.337],[-145.1359,60.313],[-145.087,60.3828]]],[[[-145.8875,60.3937],[-145.8813,60.375],[-145.8188,60.3708],[-145.7833,60.3563],[-145.7505,60.363],[-145.7797,60.3797],[-145.8188,60.3792],[-145.8667,60.3937],[-145.8875,60.3937]]],[[[-144.8375,60.2375],[-144.8167,60.2208],[-144.7792,60.2208],[-144.7833,60.2354],[-144.8375,60.2375]]],[[[-144.2021,60.0021],[-144.2208,60.0062],[-144.2697,60.0001],[-144.3707,59.9627],[-144.3991,59.9416],[-144.4362,59.9393],[-144.4486,59.9201],[-144.5376,59.8739],[-144.5696,59.8518],[-144.5759,59.8329],[-144.5595,59.8173],[-144.5298,59.8435],[-144.4582,59.8755],[-144.4332,59.8981],[-144.3702,59.9246],[-144.3142,59.9553],[-144.2021,60.0021]]],[[[-144.4042,60.1521],[-144.4224,60.1401],[-144.3943,60.1286],[-144.3401,60.0943],[-144.3297,60.1026],[-144.3297,60.137],[-144.4042,60.1521]]],[[[-141.0018,59.7733],[-141.0023,61.8445],[-141.0023,61.8946],[-141.0617,61.8956],[-141.8155,61.8939],[-141.8129,61.9902],[-141.8199,62.0251],[-141.8162,62.1158],[-142.0071,62.1175],[-142.0061,62.1547],[-141.9688,62.1608],[-141.9675,62.5105],[-142.1373,62.5103],[-142.1341,62.5978],[-142.3279,62.5994],[-142.3225,62.6843],[-142.5276,62.6845],[-142.5678,62.6877],[-142.6297,62.6843],[-142.636,62.7004],[-142.7151,62.7137],[-142.7524,62.6817],[-142.7443,62.6567],[-142.7912,62.6545],[-142.829,62.6253],[-142.8396,62.5995],[-142.9279,62.6102],[-142.9668,62.597],[-142.9979,62.6105],[-143.1034,62.615],[-143.1432,62.6274],[-143.1718,62.6503],[-143.1373,62.6715],[-143.1337,62.6981],[-143.0965,62.7055],[-143.0677,62.7375],[-143.027,62.7605],[-143.0439,62.7719],[-143.0886,62.7745],[-143.1493,62.8034],[-143.1752,62.8028],[-143.216,62.8264],[-143.1793,62.8367],[-143.1526,62.8601],[-143.1012,62.8838],[-143.068,62.9205],[-143.0458,62.9281],[-143.0423,62.9668],[-143.0127,62.9685],[-142.9991,62.9817],[-143.0185,62.9923],[-143.0948,63.0046],[-143.087,63.0271],[-143.1223,63.0371],[-143.1134,63.0511],[-143.1216,63.0851],[-143.1394,63.1077],[-143.1279,63.1229],[-144.5866,63.1141],[-145.1543,63.1151],[-145.1548,63.2025],[-146.112,63.203],[-146.1113,63.029],[-146.4941,63.029],[-146.4938,62.9579],[-146.4501,62.9579],[-146.4499,62.8569],[-146.4367,62.8569],[-146.4372,62.5103],[-146.4241,62.5103],[-146.4241,62.2505],[-146.9795,62.2507],[-146.9826,62.1639],[-146.9599,62.1637],[-146.9613,61.8173],[-146.9428,61.8173],[-146.9425,61.4709],[-147.2069,61.4705],[-147.2069,61.4263],[-148.462,61.4261],[-148.4626,61.1663],[-148.4721,61.1665],[-148.4717,60.8497],[-148.7405,60.8493],[-148.7458,60.8199],[-148.7469,60.7329],[-148.6573,60.733],[-148.6867,60.7134],[-148.6836,60.6863],[-148.6807,60.7057],[-148.6037,60.7599],[-148.5292,60.7833],[-148.4896,60.7792],[-148.4588,60.7839],[-148.4542,60.8042],[-148.4979,60.8042],[-148.5286,60.7974],[-148.5917,60.7979],[-148.6443,60.7797],[-148.7161,60.7776],[-148.712,60.787],[-148.6568,60.8005],[-148.6021,60.825],[-148.5437,60.8187],[-148.4687,60.8312],[-148.4333,60.8292],[-148.3687,60.8021],[-148.338,60.8047],[-148.3359,60.8182],[-148.4063,60.8458],[-148.3771,60.8604],[-148.3068,60.8339],[-148.2901,60.8599],[-148.3182,60.9047],[-148.2912,60.9172],[-148.2974,60.9526],[-148.2563,60.9354],[-148.2318,60.9422],[-148.1859,60.9901],[-148.1849,61.0099],[-148.1651,61.0661],[-148.2583,61.0521],[-148.3245,61.0266],[-148.3276,61.0151],[-148.3838,60.9776],[-148.4125,60.9688],[-148.4318,60.9839],[-148.3797,61.0089],[-148.3687,61.0417],[-148.4016,61.0422],[-148.4036,61.0557],[-148.3396,61.0583],[-148.2984,61.0661],[-148.3042,61.0833],[-148.2354,61.0875],[-148.1979,61.0833],[-148.1786,61.1161],[-148.1318,61.1245],[-148.1479,61.0979],[-148.1214,61.0703],[-148.1182,61.0422],[-148.0589,61.013],[-148.013,61.0464],[-148.0005,61.063],[-148.0016,61.0849],[-147.9807,61.1078],[-147.9214,61.138],[-147.887,61.1661],[-147.8213,61.2026],[-147.8203,61.2099],[-147.7516,61.2599],[-147.7146,61.2917],[-147.6667,61.2771],[-147.7057,61.2557],[-147.7542,61.2104],[-147.7,61.225],[-147.6338,61.2151],[-147.6833,61.1979],[-147.7578,61.1849],[-147.7964,61.1568],[-147.8495,61.1286],[-147.8505,61.1214],[-147.9057,61.0891],[-147.9068,61.0651],[-147.9391,61.0411],[-147.9422,61.0182],[-147.963,60.9943],[-147.9932,60.9807],[-147.9854,60.9708],[-148.0349,60.9536],[-148.0354,60.9354],[-148.0104,60.9167],[-147.9729,60.9125],[-147.9229,60.8896],[-147.9099,60.8536],[-147.8786,60.8276],[-147.8411,60.837],[-147.8026,60.8359],[-147.8266,60.8151],[-147.7651,60.813],[-147.75,60.8396],[-147.7713,60.8557],[-147.7995,60.8568],[-147.8266,60.8734],[-147.7849,60.8766],[-147.7672,60.8964],[-147.7646,60.9167],[-147.7375,60.9396],[-147.713,60.9016],[-147.6708,60.8896],[-147.6667,60.8625],[-147.6682,60.8422],[-147.6047,60.8484],[-147.5984,60.9443],[-147.6214,60.9651],[-147.5964,60.9995],[-147.6313,60.9958],[-147.6766,61.0047],[-147.6641,61.0224],[-147.6167,61.0083],[-147.5922,61.013],[-147.588,61.038],[-147.5547,61.0839],[-147.5589,61.1161],[-147.5703,61.1297],[-147.5349,61.137],[-147.5088,61.0953],[-147.5104,61.0812],[-147.4833,61.0667],[-147.5234,61.0495],[-147.5286,61.0203],[-147.513,61.013],[-147.5412,60.987],[-147.5297,60.9359],[-147.5474,60.9047],[-147.525,60.8958],[-147.4984,60.9182],[-147.5099,60.9245],[-147.4995,60.9536],[-147.4479,60.9417],[-147.4458,60.8937],[-147.4047,60.8943],[-147.3667,60.8833],[-147.3318,60.8943],[-147.3286,60.9214],[-147.2755,60.9172],[-147.2505,60.9276],[-147.2766,60.9547],[-147.2797,60.9766],[-147.2563,60.9771],[-147.2276,60.9922],[-147.2104,60.9437],[-147.1812,60.9313],[-147.1359,60.9443],[-147.1662,60.9672],[-147.1255,60.9859],[-147.112,61.0036],[-147.0354,60.9917],[-147.0141,61.0057],[-146.9651,60.9932],[-146.9771,60.9667],[-147.0245,60.9557],[-147.0042,60.9396],[-146.9625,60.9313],[-146.8922,60.9568],[-146.863,60.9734],[-146.8474,60.9995],[-146.7922,61.0318],[-146.8042,61.0479],[-146.7937,61.0625],[-146.7521,61.0438],[-146.7021,61.0542],[-146.6734,61.0776],[-146.6516,61.1057],[-146.5922,61.1318],[-146.5979,61.1437],[-146.5745,61.1245],[-146.5,61.1229],[-146.4646,61.1333],[-146.4109,61.1328],[-146.3917,61.1229],[-146.3042,61.1292],[-146.2359,61.1078],[-146.2667,61.0833],[-146.3313,61.0812],[-146.3729,61.0875],[-146.45,61.0771],[-146.5083,61.0812],[-146.5667,61.075],[-146.6104,61.0812],[-146.6536,61.0661],[-146.6417,61.0458],[-146.5813,61.0375],[-146.5578,61.0193],[-146.6438,61.0229],[-146.6687,61.0313],[-146.6932,60.9995],[-146.6963,60.9776],[-146.7161,60.9672],[-146.6833,60.9479],[-146.6208,60.9521],[-146.5901,60.9255],[-146.6292,60.9229],[-146.6625,60.9313],[-146.7,60.9292],[-146.7359,60.937],[-146.7245,60.9047],[-146.6984,60.8953],[-146.6891,60.8672],[-146.6286,60.8734],[-146.613,60.8682],[-146.6099,60.837],[-146.5708,60.8563],[-146.5396,60.8104],[-146.3562,60.8167],[-146.2901,60.838],[-146.2807,60.8536],[-146.2453,60.8786],[-146.2083,60.8771],[-146.137,60.8484],[-146.2208,60.8417],[-146.2474,60.8286],[-146.2417,60.8125],[-146.2854,60.8063],[-146.3313,60.7854],[-146.3604,60.7854],[-146.4604,60.7708],[-146.5474,60.7703],[-146.5109,60.7536],[-146.5521,60.7458],[-146.6042,60.7583],[-146.6266,60.7453],[-146.6234,60.7193],[-146.662,60.7297],[-146.6625,60.6958],[-146.6208,60.6813],[-146.5859,60.6953],[-146.4984,60.6828],[-146.4187,60.6875],[-146.387,60.7161],[-146.3589,60.7193],[-146.3297,60.7401],[-146.3203,60.7661],[-146.2937,60.7667],[-146.3146,60.725],[-146.2979,60.7125],[-146.2563,60.7125],[-146.2349,60.7203],[-146.2234,60.7411],[-146.1568,60.7255],[-146.1432,60.7432],[-146.1208,60.7417],[-146.0838,60.7609],[-146.0682,60.7828],[-146.0417,60.7729],[-146.0568,60.7359],[-146.0849,60.7266],[-146.0911,60.713],[-146.1432,60.7057],[-146.2057,60.6766],[-146.2172,60.663],[-146.262,60.6516],[-146.2557,60.6255],[-146.15,60.6312],[-146.1167,60.6437],[-146.0479,60.6604],[-145.95,60.6979],[-145.9026,60.6984],[-145.9641,60.6682],[-145.9651,60.6568],[-145.9995,60.6411],[-146.0057,60.6172],[-145.938,60.6255],[-145.9266,60.6495],[-145.8995,60.6745],[-145.8687,60.6854],[-145.8526,60.6734],[-145.8755,60.6568],[-145.8687,60.6375],[-145.8338,60.6484],[-145.8109,60.638],[-145.8745,60.6203],[-145.8437,60.6104],[-145.7354,60.6354],[-145.6651,60.6547],[-145.6479,60.6688],[-145.6141,60.6557],[-145.6786,60.6203],[-145.6943,60.5922],[-145.7411,60.5661],[-145.7891,60.5307],[-145.7922,60.5193],[-145.8641,60.5016],[-145.8917,60.4875],[-145.9141,60.4891],[-145.9411,60.4745],[-145.9187,60.4542],[-145.8792,60.4458],[-145.7672,60.4589],[-145.7083,60.4562],[-145.6646,60.4625],[-145.6417,60.45],[-145.5526,60.4401],[-145.5021,60.4083],[-145.5057,60.3922],[-145.4563,60.3792],[-145.4375,60.3875],[-145.4,60.3771],[-145.4182,60.3651],[-145.3687,60.3563],[-145.3333,60.3417],[-145.2958,60.3375],[-145.2422,60.3526],[-145.2088,60.3672],[-145.1911,60.387],[-145.1505,60.3984],[-145.1463,60.4109],[-145.0901,60.438],[-145.0745,60.462],[-145.0359,60.4922],[-145.0307,60.5099],[-144.9922,60.5172],[-144.9979,60.5292],[-144.9333,60.5479],[-144.8859,60.5485],[-144.8651,60.5693],[-144.8641,60.6099],[-144.7792,60.6292],[-144.8104,60.6521],[-144.7734,60.6547],[-144.7672,60.6714],[-144.7276,60.6797],[-144.7,60.6958],[-144.7042,60.675],[-144.6542,60.6667],[-144.6646,60.6729],[-144.6432,60.7141],[-144.6021,60.7167],[-144.5917,60.7333],[-144.5599,60.7286],[-144.5896,60.7],[-144.6266,60.6932],[-144.6125,60.6688],[-144.6396,60.6521],[-144.7083,60.6458],[-144.7479,60.6708],[-144.7641,60.6661],[-144.7667,60.6396],[-144.7588,60.6109],[-144.7818,60.5839],[-144.8328,60.5661],[-144.8229,60.5146],[-144.7797,60.4953],[-144.7943,60.4547],[-144.8266,60.4453],[-144.8495,60.4203],[-144.8464,60.4089],[-144.9182,60.3516],[-144.9276,60.3255],[-144.9578,60.3099],[-144.9536,60.288],[-144.9104,60.2792],[-144.8911,60.2911],[-144.8188,60.2792],[-144.7854,60.2833],[-144.7359,60.2661],[-144.6776,60.2276],[-144.712,60.2214],[-144.6089,60.1911],[-144.5896,60.1792],[-144.5562,60.1771],[-144.5182,60.1839],[-144.4687,60.1667],[-144.3729,60.1667],[-144.3625,60.1771],[-144.3167,60.175],[-144.2755,60.1505],[-144.2891,60.1422],[-144.2563,60.1271],[-144.213,60.1286],[-144.2036,60.1151],[-144.1422,60.1057],[-144.0776,60.0786],[-144.0417,60.0417],[-144.0917,60.0438],[-144.2125,60.0417],[-144.2401,60.0255],[-144.1771,60.0229],[-144.15,60.0167],[-144.0292,60.0208],[-143.9854,60.0125],[-143.9708,60.0021],[-143.8899,59.9893],[-143.8392,60],[-143.813,60],[-143.6479,60.0375],[-143.6104,60.0375],[-143.562,60.0474],[-143.4833,60.0542],[-143.4687,60.0604],[-143.4292,60.0521],[-143.3792,60.0521],[-143.3266,60.0651],[-143.3042,60.0583],[-143.1729,60.0625],[-143.1083,60.0667],[-143.0375,60.1],[-142.9896,60.0833],[-142.8083,60.1021],[-142.7583,60.1104],[-142.7458,60.0979],[-142.6812,60.0938],[-142.6062,60.0938],[-142.4458,60.0729],[-142.425,60.0646],[-142.2125,60.0479],[-142.1812,60.0396],[-142.0896,60.025],[-142.0208,60.025],[-141.8854,60.0021],[-141.8412,59.9879],[-141.7502,59.9515],[-141.6811,59.9515],[-141.6372,59.964],[-141.6046,59.9636],[-141.5522,59.9783],[-141.5308,59.9897],[-141.4297,60],[-141.4026,60.0068],[-141.3714,60.0328],[-141.4104,60.0625],[-141.5104,60.075],[-141.4479,60.0812],[-141.4672,60.1057],[-141.4521,60.1104],[-141.4271,60.125],[-141.3838,60.1182],[-141.3547,60.0911],[-141.3021,60.0896],[-141.1938,60.1208],[-141.1375,60.1542],[-141.1505,60.1214],[-141.1974,60.1016],[-141.2266,60.1016],[-141.2401,60.0859],[-141.2745,60.0786],[-141.2776,60.0672],[-141.3146,60.0542],[-141.2693,60.0078],[-141.2679,59.9877],[-141.2954,59.9363],[-141.3418,59.9279],[-141.3678,59.9307],[-141.425,59.9089],[-141.4631,59.8853],[-141.4331,59.8675],[-141.3135,59.847],[-141.1283,59.8041],[-141.1243,59.7983],[-141.0018,59.7733]]]]},"properties":{"GID_0":"USA","GID_1":"USA.2_1","GID_2":"USA.2.23_1","NAME_1":"Alaska","NAME_2":"Valdez-Cordova"}},
{"type":"Feature","geometry":{"type":"MultiPolygon","coordinates":[[[[-164.9042,62.5667],[-164.975,62.5625],[-164.9563,62.5479],[-164.8672,62.5443],[-164.8776,62.5661],[-164.9042,62.5667]]],[[[-160.1873,61.8353],[-160.2197,61.8407],[-160.2531,61.8577],[-160.3219,61.8463],[-160.398,61.8511],[-160.4695,61.8693],[-160.5017,61.8927],[-160.5284,61.9267],[-160.536,61.946],[-160.9162,61.946],[-160.9157,62.2058],[-161.048,62.2057],[-161.0478,62.5525],[-160.9962,62.5525],[-160.9963,62.8991],[-160.9431,62.899],[-160.9435,62.9991],[-160.858,62.9993],[-160.8584,63.0121],[-162.0018,63.0119],[-162.0017,63.0985],[-162.1927,63.0985],[-162.1922,63.1851],[-162.3828,63.1853],[-162.3828,63.2719],[-162.5609,63.2719],[-162.5793,63.2718],[-162.612,63.2578],[-162.6443,63.2297],[-162.7292,63.2083],[-162.7604,63.2146],[-162.8104,63.2083],[-162.837,63.1953],[-162.838,63.1589],[-162.8547,63.1464],[-162.9234,63.1172],[-162.9766,63.1057],[-162.9901,63.0922],[-163.0536,63.0557],[-163.1141,63.0359],[-163.1271,63.0458],[-163.2,63.0438],[-163.2672,63.0276],[-163.3255,63.0245],[-163.3693,63.0443],[-163.3651,63.0536],[-163.4354,63.0875],[-163.4682,63.0922],[-163.5042,63.1104],[-163.5479,63.1042],[-163.6167,63.0729],[-163.6109,63.1161],[-163.6526,63.1193],[-163.6297,63.1432],[-163.6745,63.1568],[-163.6943,63.1807],[-163.7328,63.1964],[-163.7542,63.2146],[-163.8146,63.2083],[-163.8458,63.2188],[-163.9208,63.2271],[-163.9667,63.2479],[-164.0568,63.262],[-164.1208,63.2604],[-164.1854,63.25],[-164.2417,63.2458],[-164.2807,63.2359],[-164.3229,63.2396],[-164.3755,63.2151],[-164.4078,63.2141],[-164.4661,63.1891],[-164.4755,63.1797],[-164.5703,63.137],[-164.5828,63.1203],[-164.5349,63.0734],[-164.4839,63.0849],[-164.4729,63.0729],[-164.4312,63.075],[-164.3729,63.0646],[-164.3297,63.0453],[-164.3078,63.0193],[-164.4042,63.0208],[-164.4787,63.0286],[-164.5479,63.025],[-164.6438,63.025],[-164.712,63.0057],[-164.7828,62.9474],[-164.812,62.9078],[-164.8318,62.8526],[-164.8537,62.8349],[-164.8516,62.8172],[-164.8167,62.7958],[-164.7667,62.8],[-164.6922,62.787],[-164.687,62.7672],[-164.6354,62.7604],[-164.5792,62.775],[-164.5021,62.7729],[-164.45,62.7438],[-164.5078,62.7453],[-164.5047,62.7172],[-164.5307,62.7078],[-164.5672,62.6797],[-164.6401,62.6339],[-164.7047,62.6057],[-164.8349,62.5766],[-164.8578,62.5578],[-164.8458,62.5438],[-164.7937,62.5438],[-164.7776,62.5349],[-164.8036,62.5016],[-164.8307,62.4974],[-164.8333,62.4771],[-164.7521,62.4938],[-164.6979,62.4729],[-164.6599,62.512],[-164.6484,62.4818],[-164.6682,62.4703],[-164.6599,62.4547],[-164.5958,62.4479],[-164.5755,62.4557],[-164.5578,62.4255],[-164.6417,62.4188],[-164.6458,62.4354],[-164.6833,62.4333],[-164.7479,62.4646],[-164.8557,62.4672],[-164.8766,62.4932],[-164.8401,62.5214],[-164.8583,62.5333],[-164.8938,62.5271],[-164.9521,62.5271],[-165.0229,62.5396],[-165.0625,62.5333],[-165.1151,62.5068],[-165.237,62.4557],[-165.2661,62.4391],[-165.2776,62.4214],[-165.3099,62.3974],[-165.3411,62.3516],[-165.3646,62.3521],[-165.4109,62.3151],[-165.4536,62.2932],[-165.4776,62.2693],[-165.5224,62.2453],[-165.5557,62.2161],[-165.6104,62.1833],[-165.6625,62.1625],[-165.7411,62.1141],[-165.7547,62.0714],[-165.7682,62.0536],[-165.7641,61.9859],[-165.7391,61.9193],[-165.6953,61.8859],[-165.637,61.8505],[-165.725,61.8417],[-165.787,61.813],[-165.8021,61.825],[-165.9609,61.8255],[-166.0042,61.8187],[-166.0625,61.8187],[-166.0979,61.8021],[-166.0599,61.7672],[-166.0443,61.762],[-166.0099,61.7214],[-165.9568,61.7203],[-165.9578,61.7109],[-165.9208,61.6979],[-165.8813,61.7],[-165.8354,61.6875],[-165.7375,61.6875],[-165.7271,61.6646],[-165.687,61.6776],[-165.638,61.6755],[-165.6245,61.712],[-165.5901,61.7203],[-165.5568,61.6901],[-165.5828,61.6724],[-165.6141,61.6641],[-165.6141,61.6484],[-165.5688,61.6458],[-165.5422,61.6568],[-165.5578,61.6807],[-165.5099,61.6755],[-165.5172,61.6464],[-165.5437,61.6375],[-165.5833,61.6437],[-165.6349,61.6318],[-165.6214,61.6557],[-165.6604,61.6604],[-165.6599,61.6422],[-165.687,61.6359],[-165.7021,61.5917],[-165.7708,61.5938],[-165.7932,61.6089],[-165.7792,61.6188],[-165.7443,61.6099],[-165.7088,61.6151],[-165.6833,61.6583],[-165.7396,61.6583],[-165.7672,61.6786],[-165.8125,61.6833],[-165.8417,61.6646],[-165.8349,61.6432],[-165.8974,61.6422],[-165.8687,61.6625],[-165.9563,61.6583],[-166.1104,61.6375],[-166.1516,61.6422],[-166.1828,61.6099],[-166.1703,61.5526],[-166.1484,61.5307],[-166.1432,61.5068],[-166.0854,61.4875],[-166.0646,61.4896],[-166.0849,61.5224],[-166.0333,61.5396],[-165.9833,61.5458],[-165.9354,61.5458],[-165.8958,61.5313],[-165.8354,61.5271],[-165.7859,61.4953],[-165.7588,61.4672],[-165.7786,61.4359],[-165.7026,61.4411],[-165.7021,61.4104],[-165.6521,61.4021],[-165.7229,61.3875],[-165.7151,61.4089],[-165.7312,61.4208],[-165.762,61.4172],[-165.8062,61.4479],[-165.8464,61.4349],[-165.8589,61.4453],[-165.9005,61.438],[-165.9287,61.4453],[-165.9578,61.4182],[-165.9536,61.4036],[-165.9182,61.3818],[-165.8786,61.3276],[-165.8333,61.3083],[-165.7703,61.3276],[-165.7609,61.3391],[-165.787,61.363],[-165.7401,61.3703],[-165.7287,61.3609],[-165.7396,61.3312],[-165.7161,61.2984],[-165.6693,61.2849],[-165.6526,61.1995],[-165.6536,61.1609],[-165.6391,61.1318],[-165.6104,61.1104],[-165.5688,61.0958],[-165.4958,61.0854],[-165.3958,61.0771],[-165.363,61.1234],[-165.325,61.1542],[-165.3354,61.1688],[-165.3724,61.1693],[-165.3891,61.1797],[-165.3828,61.2141],[-165.3401,61.2214],[-165.2896,61.2646],[-165.237,61.2734],[-165.213,61.3068],[-165.2828,61.3109],[-165.2932,61.3224],[-165.2354,61.3625],[-165.1797,61.363],[-165.1995,61.3859],[-165.1979,61.4],[-165.1521,61.4354],[-165.1292,61.4229],[-165.1828,61.3911],[-165.1745,61.3776],[-165.1411,61.3766],[-165.1547,61.3589],[-165.1901,61.3443],[-165.2099,61.2797],[-165.188,61.2682],[-165.1963,61.2495],[-165.2208,61.2438],[-165.2688,61.2583],[-165.2974,61.2474],[-165.3276,61.213],[-165.3599,61.188],[-165.2922,61.1786],[-165.237,61.1474],[-165.1875,61.1375],[-165.1255,61.1547],[-165.1167,61.1479],[-165.1766,61.1328],[-165.1786,61.1089],[-165.1255,61.0984],[-165.1182,61.1141],[-165.0818,61.1109],[-165.1141,61.0776],[-165.0646,61.0604],[-165.0083,61.0479],[-164.988,61.0641],[-165.0078,61.0849],[-164.9417,61.1125],[-164.8687,61.0958],[-164.8516,61.112],[-164.8104,61.1042],[-164.7745,61.1068],[-164.7995,61.1297],[-164.6651,61.1328],[-164.7287,61.1568],[-164.7005,61.1786],[-164.6234,61.1818],[-164.6161,61.2099],[-164.6875,61.2229],[-164.675,61.2333],[-164.6307,61.2349],[-164.5984,61.2245],[-164.6068,61.1818],[-164.6458,61.175],[-164.6859,61.1495],[-164.6609,61.137],[-164.675,61.1188],[-164.7021,61.1271],[-164.7641,61.1255],[-164.7588,61.1036],[-164.7854,61.0938],[-164.8271,61.1021],[-164.8646,61.0812],[-164.9453,61.1016],[-164.9536,61.0891],[-164.9391,61.0724],[-164.9516,61.0599],[-164.938,61.0453],[-164.9463,61.0182],[-164.9729,61.0208],[-165.0167,61.0042],[-165.0813,61.0146],[-165.1271,61.0125],[-165.1662,60.9953],[-165.1891,60.9682],[-165.1807,60.9443],[-165.1432,60.9255],[-165.0896,60.9167],[-165.0068,60.9214],[-164.9668,60.9458],[-164.963,60.9521],[-164.7975,60.9823],[-164.7296,60.9709],[-164.7019,60.9823],[-164.6408,60.9549],[-164.6032,60.9437],[-164.5299,60.9411],[-164.4399,60.9579],[-164.4117,60.9503],[-164.39,60.9723],[-164.3393,60.9785],[-164.3016,60.9749],[-164.2682,60.9875],[-164.2248,60.9925],[-164.2193,61.0069],[-164.1544,61.0227],[-164.1452,61.0651],[-164.1853,61.0705],[-164.2115,61.0825],[-164.1928,61.1159],[-164.2257,61.1229],[-164.2014,61.1515],[-164.157,61.1531],[-164.1211,61.1271],[-164.0769,61.1433],[-164.0804,61.1601],[-164.0177,61.1931],[-163.9984,61.1923],[-163.9213,61.2109],[-163.9132,61.2227],[-163.924,61.2483],[-163.9793,61.2529],[-163.9906,61.2843],[-163.9774,61.3037],[-164.0035,61.3235],[-163.9848,61.3723],[-163.9336,61.3655],[-163.8759,61.3691],[-163.8225,61.3561],[-163.7855,61.3673],[-163.6548,61.3357],[-163.5848,61.3393],[-163.5237,61.3551],[-163.5422,61.3817],[-163.5316,61.4013],[-163.4679,61.4091],[-163.4858,61.4329],[-163.4482,61.4469],[-163.429,61.4623],[-163.44,61.4801],[-163.4082,61.4841],[-163.3965,61.4631],[-163.3593,61.4743],[-163.2954,61.4559],[-163.2232,61.4549],[-163.1714,61.4493],[-163.1001,61.4745],[-163.0617,61.4801],[-162.9604,61.4827],[-162.868,61.4927],[-162.8326,61.5049],[-162.7544,61.5425],[-162.7052,61.5357],[-162.5996,61.5487],[-162.4965,61.5533],[-162.468,61.5435],[-162.4762,61.5041],[-162.3986,61.4991],[-162.3286,61.5183],[-162.2658,61.5099],[-162.2207,61.5097],[-162.1238,61.4969],[-162.0553,61.4815],[-162.0135,61.4769],[-161.8849,61.4829],[-161.7381,61.5183],[-161.6634,61.5339],[-161.599,61.5333],[-161.537,61.5439],[-161.4499,61.5691],[-161.3263,61.5807],[-161.2753,61.5881],[-161.1228,61.6003],[-161.0842,61.6153],[-161.0269,61.6537],[-160.9544,61.6859],[-160.8697,61.7139],[-160.7748,61.7383],[-160.6834,61.7519],[-160.5973,61.7601],[-160.461,61.8003],[-160.404,61.8125],[-160.3504,61.8189],[-160.2651,61.8175],[-160.2026,61.8105],[-160.191,61.8217],[-160.1873,61.8353]]],[[[-164.8146,62.7917],[-164.8521,62.7938],[-164.8724,62.7818],[-164.8526,62.7516],[-164.8589,62.712],[-164.8359,62.6953],[-164.8286,62.6526],[-164.7958,62.6104],[-164.7609,62.6109],[-164.7234,62.6276],[-164.7036,62.6474],[-164.6042,62.6917],[-164.5713,62.6984],[-164.5328,62.7286],[-164.5146,62.7708],[-164.5958,62.7667],[-164.6333,62.7542],[-164.6792,62.7562],[-164.7109,62.7849],[-164.7271,62.7896],[-164.8146,62.7917]]],[[[-164.9849,62.6234],[-165.0104,62.6333],[-165.0286,62.6109],[-165.0099,62.588],[-164.9625,62.5875],[-164.9463,62.5984],[-164.9849,62.6234]]],[[[-164.9057,62.663],[-164.9391,62.662],[-164.9328,62.638],[-164.9005,62.6328],[-164.9036,62.6172],[-164.8807,62.5984],[-164.8109,62.6026],[-164.8589,62.662],[-164.9057,62.663]]],[[[-164.5646,63.0542],[-164.6099,63.0443],[-164.5896,63.0333],[-164.5547,63.0401],[-164.5646,63.0542]]],[[[-164.4797,63.0703],[-164.5188,63.0687],[-164.4979,63.0417],[-164.4479,63.0438],[-164.375,63.0271],[-164.3859,63.0578],[-164.425,63.0687],[-164.4797,63.0703]]],[[[-164.5859,63.0995],[-164.6057,63.1057],[-164.637,63.0828],[-164.5943,63.0797],[-164.5859,63.0995]]],[[[-163.5255,63.1286],[-163.5807,63.1266],[-163.6057,63.1047],[-163.5417,63.1125],[-163.5255,63.1286]]]]},"properties":{"GID_0":"USA","GID_1":"USA.2_1","GID_2":"USA.2.24_1","NAME_1":"Alaska","NAME_2":"WadeHampton"}},
{"type":"Feature","geometry":{"type":"MultiPolygon","coordinates":[[[[-134.2644,55.9289],[-134.3069,55.9141],[-134.3339,55.9292],[-134.3667,55.913],[-134.3529,55.8913],[-134.3194,55.8781],[-134.3425,55.8457],[-134.3139,55.8317],[-134.2711,55.8286],[-134.2283,55.864],[-134.1677,55.8907],[-134.133,55.8968],[-134.1205,55.9189],[-134.1523,55.9235],[-134.2649,55.897],[-134.2644,55.9289]]],[[[-134.2483,56.9364],[-134.2033,56.9122],[-134.2195,56.9025],[-134.145,56.8753],[-134.1411,56.8483],[-134.1617,56.8489],[-134.2715,56.8967],[-134.3196,56.908],[-134.3561,56.8942],[-134.3476,56.8687],[-134.3017,56.8436],[-134.2998,56.8281],[-134.3456,56.8347],[-134.3588,56.8539],[-134.4033,56.8597],[-134.4228,56.8411],[-134.4128,56.8011],[-134.3911,56.7564],[-134.4011,56.7261],[-134.37,56.6897],[-134.3255,56.6511],[-134.3,56.6489],[-134.2561,56.6659],[-134.2417,56.6889],[-134.213,56.6716],[-134.2417,56.6542],[-134.2944,56.6458],[-134.2777,56.6253],[-134.2454,56.6213],[-134.2083,56.6281],[-134.1973,56.6155],[-134.255,56.5978],[-134.3234,56.5628],[-134.3132,56.5541],[-134.2672,56.5606],[-134.2028,56.5414],[-134.1939,56.5211],[-134.1531,56.5003],[-134.1389,56.4775],[-134.1028,56.5086],[-134.0978,56.5353],[-134.0722,56.5405],[-134.0744,56.5133],[-134.0594,56.5125],[-134.0391,56.4901],[-134.095,56.4808],[-134.0716,56.4565],[-134.0744,56.4458],[-134.0444,56.4114],[-134.0567,56.3839],[-134.0794,56.3997],[-134.11,56.4095],[-134.1533,56.3978],[-134.18,56.4444],[-134.1911,56.4136],[-134.2341,56.4091],[-134.2336,56.361],[-134.2561,56.3697],[-134.2939,56.3539],[-134.2744,56.3142],[-134.2967,56.31],[-134.2962,56.2897],[-134.2505,56.2889],[-134.21,56.3225],[-134.209,56.2919],[-134.231,56.2758],[-134.2768,56.2656],[-134.2615,56.2176],[-134.2461,56.2047],[-134.2461,56.1756],[-134.2055,56.1531],[-134.2389,56.1445],[-134.2639,56.1303],[-134.2617,56.12],[-134.2122,56.105],[-134.2367,56.0761],[-134.1572,56.0442],[-134.18,56.0306],[-134.1373,56.0091],[-134.1222,56.0167],[-134.1122,56.0525],[-134.1363,56.0663],[-134.1032,56.0823],[-134.0917,56.0964],[-134.1128,56.1058],[-134.1039,56.1431],[-134.1672,56.1459],[-134.1886,56.153],[-134.1632,56.1731],[-134.1417,56.1633],[-134.1155,56.1647],[-134.0961,56.1798],[-134.0967,56.2206],[-134.0727,56.2555],[-134.0839,56.2787],[-134.0739,56.3003],[-134.0505,56.2947],[-134.0428,56.2531],[-134.0594,56.2431],[-134.0592,56.2181],[-134.0346,56.1933],[-134.0263,56.1479],[-134.045,56.1179],[-134.0155,56.0867],[-133.9942,56.0803],[-133.9577,56.0947],[-133.9552,56.1239],[-133.9367,56.1356],[-133.9339,56.1687],[-133.9561,56.2051],[-133.9226,56.2132],[-133.8987,56.2049],[-133.8817,56.2205],[-133.9189,56.2779],[-133.9464,56.2771],[-133.9812,56.2659],[-133.991,56.2748],[-133.9721,56.3252],[-133.9854,56.3419],[-133.9522,56.3454],[-133.9095,56.3022],[-133.8811,56.2816],[-133.8516,56.2877],[-133.8622,56.3039],[-133.8311,56.3233],[-133.849,56.349],[-133.9133,56.3754],[-133.9125,56.3907],[-133.8756,56.397],[-133.8916,56.4187],[-133.8355,56.4305],[-133.87,56.4558],[-133.8686,56.4742],[-133.9272,56.5033],[-133.8904,56.5094],[-133.8717,56.5233],[-133.8458,56.5744],[-133.8988,56.6085],[-133.8365,56.6061],[-133.796,56.5846],[-133.7778,56.5578],[-133.7446,56.5565],[-133.7222,56.5817],[-133.6904,56.6026],[-133.7189,56.6218],[-133.7089,56.6428],[-133.7444,56.6778],[-133.7706,56.6795],[-133.7489,56.7372],[-133.7383,56.7403],[-133.735,56.7783],[-133.7728,56.7872],[-133.814,56.7891],[-133.8127,56.8019],[-133.8745,56.8109],[-133.8938,56.8033],[-133.8689,56.7827],[-133.8642,56.7518],[-133.8856,56.7158],[-133.935,56.6933],[-133.943,56.6653],[-133.9634,56.6437],[-133.99,56.6314],[-134.0035,56.646],[-133.9541,56.671],[-133.9602,56.7091],[-133.9317,56.7256],[-133.9394,56.7375],[-133.9272,56.76],[-133.9371,56.7919],[-133.9983,56.7886],[-134.0099,56.8036],[-133.9652,56.8037],[-133.965,56.8244],[-133.9995,56.8236],[-134.0144,56.8736],[-134.0753,56.8892],[-134.137,56.9122],[-134.1839,56.9192],[-134.2483,56.9364]]],[[[-133.8696,57.0967],[-133.89,57.0996],[-133.9446,57.0851],[-134.0083,57.0728],[-134.0339,57.0589],[-134.0179,57.0411],[-134.0411,57.0227],[-133.9889,57.0011],[-133.9333,56.9653],[-133.8922,56.9484],[-133.8816,56.9189],[-133.8617,56.9225],[-133.8039,56.884],[-133.8556,56.8806],[-133.8983,56.8864],[-133.8833,56.8664],[-133.8334,56.8439],[-133.7639,56.8072],[-133.6947,56.8305],[-133.6913,56.8067],[-133.712,56.7883],[-133.6841,56.7697],[-133.7054,56.7632],[-133.7022,56.7025],[-133.7217,56.6797],[-133.7086,56.6481],[-133.678,56.6332],[-133.6777,56.6086],[-133.6533,56.5917],[-133.6814,56.5827],[-133.6582,56.5537],[-133.672,56.5431],[-133.6744,56.52],[-133.664,56.4937],[-133.6667,56.4647],[-133.658,56.4436],[-133.5988,56.4346],[-133.5615,56.4387],[-133.5089,56.4363],[-133.4961,56.4481],[-133.4633,56.4492],[-133.4072,56.4708],[-133.4383,56.4889],[-133.3883,56.4965],[-133.3595,56.4877],[-133.3517,56.4703],[-133.3263,56.4661],[-133.2666,56.4758],[-133.2022,56.4464],[-133.1561,56.4583],[-133.11,56.4883],[-133.1353,56.5094],[-133.1239,56.5203],[-133.0846,56.5273],[-133.1068,56.5801],[-133.1417,56.6058],[-133.1051,56.6089],[-133.1052,56.6199],[-133.1461,56.6367],[-133.1789,56.6336],[-133.2178,56.6533],[-133.2378,56.6717],[-133.2356,56.6889],[-133.2162,56.6972],[-133.2255,56.7206],[-133.2433,56.735],[-133.2956,56.7311],[-133.3172,56.7372],[-133.3202,56.7528],[-133.3427,56.7647],[-133.3228,56.7861],[-133.3298,56.8021],[-133.3566,56.8207],[-133.3418,56.8329],[-133.3128,56.8079],[-133.2652,56.8119],[-133.2462,56.795],[-133.2156,56.7364],[-133.1689,56.6954],[-133.1118,56.6702],[-133.06,56.6342],[-133.0272,56.6047],[-133.0072,56.6022],[-132.956,56.6278],[-132.9323,56.665],[-132.9567,56.69],[-132.9587,56.7399],[-132.9842,56.7653],[-132.9869,56.7972],[-133.0011,56.8075],[-132.9433,56.8264],[-132.9406,56.8522],[-132.9662,56.8868],[-132.9773,56.92],[-132.9923,56.9375],[-133.0367,56.9542],[-133.0861,56.9961],[-133.2065,57.0122],[-133.2232,57.0067],[-133.3083,57.0157],[-133.3222,57.0059],[-133.2943,56.9655],[-133.2624,56.9335],[-133.2886,56.925],[-133.3006,56.9549],[-133.3263,56.9929],[-133.3607,57.0082],[-133.4062,57.0083],[-133.4761,57.0259],[-133.4902,57.0358],[-133.5242,57.0339],[-133.5692,57.0439],[-133.5974,57.059],[-133.6375,57.0568],[-133.6985,57.0643],[-133.73,57.0791],[-133.7534,57.0782],[-133.8696,57.0967]]],[[[-132.3705,55.9039],[-132.4006,55.8829],[-132.3761,55.8619],[-132.3465,55.8568],[-132.3406,55.8925],[-132.3705,55.9039]]],[[[-132.1928,56.0397],[-132.2055,56.0317],[-132.2078,56.0181],[-132.2055,56.0043],[-132.1941,55.9919],[-132.1889,55.9822],[-132.2028,55.9564],[-132.1927,55.9368],[-132.1561,55.9267],[-132.1333,55.9422],[-132.1355,55.9706],[-132.1633,55.9864],[-132.1601,56.0137],[-132.1928,56.0397]]],[[[-132.0283,56.0893],[-132.0639,56.0567],[-132.0689,56.0256],[-132.0422,56.0269],[-132.0422,56.0103],[-132.01,55.9835],[-131.9894,56.0014],[-131.9822,56.0249],[-132.01,56.0779],[-132.0283,56.0893]]],[[[-132.4216,56.3484],[-132.4356,56.3523],[-132.5003,56.3363],[-132.5348,56.3362],[-132.5484,56.3086],[-132.5748,56.2951],[-132.5965,56.2449],[-132.6447,56.2326],[-132.687,56.2385],[-132.71,56.2227],[-132.6904,56.2075],[-132.71,56.1933],[-132.6964,56.1767],[-132.7194,56.1709],[-132.7223,56.143],[-132.703,56.1205],[-132.7064,56.1088],[-132.6729,56.0768],[-132.6671,56.0597],[-132.6361,56.0317],[-132.6067,56.055],[-132.5926,56.0789],[-132.5533,56.0583],[-132.5372,56.0614],[-132.6015,56.1476],[-132.5844,56.1444],[-132.5722,56.1217],[-132.535,56.0742],[-132.4911,56.0624],[-132.4782,56.0495],[-132.4838,56.0321],[-132.4717,56.015],[-132.4386,56.0201],[-132.3872,56.0128],[-132.4382,55.9975],[-132.435,55.9492],[-132.3917,55.9447],[-132.352,55.9124],[-132.2158,55.9359],[-132.2,55.9875],[-132.2061,56.0033],[-132.2122,56.0264],[-132.2122,56.0372],[-132.1781,56.0538],[-132.2214,56.0686],[-132.2291,56.0821],[-132.1984,56.0867],[-132.176,56.0753],[-132.1436,56.0981],[-132.11,56.0953],[-132.1165,56.1201],[-132.1827,56.1595],[-132.2517,56.1942],[-132.3131,56.1898],[-132.3528,56.2185],[-132.406,56.2305],[-132.381,56.2561],[-132.3944,56.2805],[-132.3781,56.3085],[-132.4216,56.3484]]],[[[-133.823,56.4962],[-133.8421,56.4915],[-133.8189,56.4689],[-133.7881,56.4539],[-133.7738,56.4647],[-133.79,56.4811],[-133.823,56.4962]]],[[[-132.9839,56.5925],[-133.0327,56.5913],[-133.074,56.5798],[-133.0724,56.5525],[-133.0441,56.5204],[-132.9845,56.5114],[-132.9878,56.5314],[-132.9635,56.5559],[-132.9839,56.5925]]],[[[-132.8956,56.4576],[-132.9527,56.4531],[-132.9623,56.426],[-133.0005,56.4306],[-133.0458,56.3703],[-133.0692,56.3565],[-133.0663,56.3309],[-133.0334,56.3156],[-132.9594,56.2953],[-132.939,56.2716],[-132.8983,56.2572],[-132.8567,56.2328],[-132.7996,56.2483],[-132.718,56.2577],[-132.6572,56.2769],[-132.6513,56.296],[-132.6587,56.3203],[-132.6833,56.3464],[-132.6469,56.3798],[-132.6222,56.3911],[-132.6325,56.4212],[-132.6616,56.4385],[-132.718,56.4565],[-132.7477,56.4575],[-132.8128,56.4406],[-132.8711,56.4569],[-132.8956,56.4576]]],[[[-132.4795,56.4386],[-132.4943,56.4398],[-132.5376,56.4209],[-132.5621,56.3927],[-132.5583,56.3556],[-132.5014,56.3524],[-132.4843,56.3692],[-132.4493,56.375],[-132.4386,56.3903],[-132.4079,56.3825],[-132.4052,56.4078],[-132.4795,56.4386]]],[[[-132.6203,56.4885],[-132.655,56.4803],[-132.6319,56.462],[-132.5927,56.4483],[-132.5753,56.4606],[-132.6203,56.4885]]],[[[-132.3691,56.4869],[-132.395,56.4839],[-132.38,56.4445],[-132.3427,56.4117],[-132.3445,56.3933],[-132.3633,56.377],[-132.3394,56.3414],[-132.3479,56.3031],[-132.3653,56.2844],[-132.3467,56.2714],[-132.3318,56.242],[-132.3024,56.2213],[-132.2611,56.2033],[-132.201,56.192],[-132.1961,56.1814],[-132.1567,56.1703],[-132.1012,56.1474],[-132.0738,56.1158],[-132.0562,56.1339],[-132.024,56.1355],[-132.0144,56.17],[-132.0161,56.195],[-131.9845,56.1906],[-131.9223,56.2031],[-131.9572,56.2431],[-131.9983,56.3],[-132.0067,56.3322],[-132.0303,56.3527],[-132.0905,56.3714],[-132.1172,56.3532],[-132.1533,56.3447],[-132.1857,56.3667],[-132.2088,56.3737],[-132.237,56.3971],[-132.2447,56.4408],[-132.2793,56.4621],[-132.3361,56.47],[-132.3691,56.4869]]],[[[-131.1025,56.3533],[-131.0758,56.3871],[-131.0634,56.4031],[-131.087,56.4061],[-131.1733,56.4495],[-131.4716,56.5527],[-131.5813,56.6123],[-131.8354,56.5991],[-131.8604,56.7029],[-131.9009,56.7535],[-131.8731,56.8063],[-132.0047,56.8401],[-132.1231,56.8739],[-132.0448,57.0451],[-132.3687,57.0917],[-132.2478,57.2111],[-132.3646,57.3439],[-132.4265,57.3421],[-132.4984,57.3531],[-132.5042,57.3569],[-132.5066,57.3715],[-132.5186,57.3931],[-132.5575,57.3939],[-132.592,57.4109],[-132.648,57.4229],[-132.7144,57.4187],[-132.7652,57.4065],[-132.7923,57.3947],[-132.8026,57.3647],[-132.8199,57.3583],[-132.877,57.3665],[-132.9014,57.3547],[-132.9407,57.3489],[-132.9893,57.3279],[-133,57.3027],[-133.0173,57.2955],[-133.0162,57.27],[-133.0398,57.254],[-133.0325,57.2339],[-133.0603,57.2193],[-133.0811,57.1941],[-133.1245,57.1839],[-133.1655,57.1899],[-133.1776,57.1997],[-133.212,57.2043],[-133.2571,57.2291],[-133.2982,57.2356],[-133.3554,57.2201],[-133.4188,57.1967],[-133.4433,57.1961],[-133.4696,57.1713],[-133.465,57.1501],[-133.4206,57.1375],[-133.3672,57.1287],[-133.3604,57.1197],[-133.3161,57.1067],[-133.2839,57.1101],[-133.259,57.1405],[-133.1971,57.1387],[-133.2133,57.1561],[-133.1789,57.1767],[-133.1569,57.1598],[-133.1755,57.1445],[-133.1561,57.1304],[-133.1847,57.0971],[-133.1579,57.0855],[-133.1139,57.0881],[-133.0789,57.0825],[-133.0564,57.0675],[-133.0044,57.0492],[-132.9851,57.0541],[-132.93,57.0445],[-132.9048,57.0254],[-132.8737,57.03],[-132.8651,57.0459],[-132.8743,57.0677],[-132.85,57.0791],[-132.8349,57.0658],[-132.8072,57.0214],[-132.7829,57.0021],[-132.7889,56.9717],[-132.8383,56.98],[-132.8721,57.0014],[-132.8899,56.9941],[-132.9528,56.9942],[-132.9539,56.9828],[-132.9253,56.9727],[-132.8978,56.9483],[-132.8861,56.9222],[-132.8003,56.8763],[-132.79,56.8433],[-132.7017,56.8103],[-132.6439,56.7817],[-132.6213,56.7779],[-132.5672,56.7567],[-132.5178,56.7578],[-132.5194,56.775],[-132.504,56.7887],[-132.4539,56.7853],[-132.4581,56.8024],[-132.4428,56.82],[-132.3838,56.8297],[-132.3888,56.8161],[-132.4267,56.8115],[-132.4396,56.8018],[-132.4339,56.7803],[-132.4699,56.7687],[-132.4961,56.7689],[-132.4917,56.7456],[-132.5505,56.7153],[-132.535,56.6978],[-132.5311,56.6717],[-132.5703,56.6342],[-132.5389,56.6195],[-132.5178,56.6289],[-132.4982,56.6035],[-132.4239,56.6092],[-132.3511,56.6367],[-132.3239,56.6267],[-132.3417,56.6055],[-132.3679,56.5928],[-132.3592,56.5277],[-132.3158,56.5079],[-132.2893,56.4844],[-132.2565,56.4855],[-132.2113,56.4607],[-132.1977,56.4157],[-132.1706,56.3939],[-132.1347,56.3819],[-132.1237,56.3663],[-132.0944,56.3761],[-132.0622,56.377],[-132.0033,56.3517],[-131.9906,56.3406],[-131.98,56.3011],[-131.9489,56.2653],[-131.9317,56.2364],[-131.8983,56.2253],[-131.8745,56.2297],[-131.8061,56.2161],[-131.7583,56.2245],[-131.7317,56.2147],[-131.695,56.2153],[-131.6567,56.1989],[-131.6,56.2075],[-131.5706,56.1967],[-131.5578,56.2253],[-131.5367,56.2159],[-131.5578,56.1897],[-131.6095,56.1764],[-131.6811,56.1933],[-131.7106,56.1867],[-131.7639,56.2056],[-131.825,56.1914],[-131.8733,56.2033],[-131.8944,56.1819],[-131.9728,56.1739],[-131.9733,56.1014],[-131.9822,56.0611],[-131.9605,56.0128],[-131.9759,55.9655],[-132.0311,55.9625],[-132.0614,55.9469],[-132.0709,55.9242],[-132.0544,55.9105],[-132.0485,55.8869],[-132.0802,55.8656],[-132.0917,55.8467],[-132.0839,55.8314],[-132.0603,55.8246],[-132.0504,55.8091],[-132.1313,55.8109],[-132.1928,55.7856],[-132.1833,55.7639],[-132.1967,55.7308],[-132.2275,55.7404],[-132.1723,55.7087],[-132.163,55.6719],[-132.1258,55.6719],[-132.1043,55.6455],[-132.0732,55.6625],[-132.0707,55.6929],[-132.0351,55.7031],[-132.0019,55.6835],[-131.9692,55.6985],[-131.987,55.7183],[-131.9827,55.7515],[-131.9547,55.7767],[-131.9415,55.7987],[-132.0152,55.8523],[-132.0426,55.8551],[-132.0395,55.8633],[-132.016,55.8723],[-132.0008,55.8691],[-131.9522,55.8857],[-131.9524,55.9049],[-131.8894,55.9265],[-131.8792,55.9505],[-131.9094,55.9713],[-131.9043,55.9825],[-131.8724,55.9945],[-131.8729,56.0169],[-131.8366,56.0205],[-131.8087,56.0421],[-131.7917,56.0397],[-131.7372,56.0557],[-131.7187,56.0433],[-131.6938,56.0389],[-131.6812,56.0417],[-131.6626,56.0585],[-131.6847,56.0847],[-131.6521,56.0935],[-131.6382,56.0835],[-131.6048,56.0829],[-131.5942,56.0643],[-131.5645,56.0499],[-131.5249,56.0441],[-131.5313,56.0279],[-131.4931,56.0089],[-131.401,56.0153],[-131.3626,56.0063],[-131.3763,56.0439],[-131.3777,56.0707],[-131.4193,56.0967],[-131.4383,56.1291],[-131.3972,56.1311],[-131.3565,56.1449],[-131.3476,56.1597],[-131.3113,56.1791],[-131.258,56.1943],[-131.2408,56.1871],[-131.2463,56.1653],[-131.2192,56.1653],[-131.1857,56.1793],[-131.1477,56.1739],[-131.0736,56.1993],[-131.0443,56.2359],[-131.0028,56.2391],[-130.9942,56.2735],[-131.0669,56.2859],[-131.0219,56.2981],[-131.0127,56.3073],[-131.0494,56.3259],[-131.0769,56.3301],[-131.0995,56.3431],[-131.1025,56.3533]],[[-132.2531,55.7535],[-132.2347,55.7417],[-132.2694,55.7635],[-132.2531,55.7535]]],[[[-132.5754,56.5033],[-132.5808,56.5137],[-132.6169,56.5101],[-132.6131,56.4939],[-132.571,56.4871],[-132.5754,56.5033]]],[[[-132.453,56.5436],[-132.476,56.5435],[-132.4763,56.5161],[-132.4388,56.5239],[-132.453,56.5436]]],[[[-132.5245,56.5367],[-132.5307,56.563],[-132.5645,56.5342],[-132.5245,56.5367]]],[[[-132.4006,56.6036],[-132.4527,56.5956],[-132.4622,56.5867],[-132.4439,56.5664],[-132.4094,56.5847],[-132.4006,56.6036]]],[[[-132.9341,56.8225],[-132.9794,56.8058],[-132.9778,56.7829],[-132.9396,56.7403],[-132.9322,56.7239],[-132.9428,56.7106],[-132.9344,56.6725],[-132.9161,56.6539],[-132.9117,56.6336],[-132.9455,56.6318],[-132.9751,56.6023],[-132.9714,56.5765],[-132.9583,56.5636],[-132.9619,56.5335],[-132.9521,56.5097],[-132.8986,56.4998],[-132.8714,56.5089],[-132.8149,56.4938],[-132.7648,56.5061],[-132.7243,56.5111],[-132.7433,56.5367],[-132.7038,56.5289],[-132.6505,56.5531],[-132.6215,56.5518],[-132.5425,56.5838],[-132.5433,56.607],[-132.5932,56.6115],[-132.6288,56.647],[-132.6183,56.6636],[-132.6537,56.6797],[-132.6841,56.6834],[-132.6837,56.6997],[-132.7368,56.7125],[-132.7653,56.7556],[-132.8009,56.7726],[-132.8293,56.795],[-132.9037,56.8042],[-132.9341,56.8225]]],[[[-132.8395,57.0202],[-132.8517,56.9986],[-132.8207,57.0017],[-132.8395,57.0202]]]]},"properties":{"GID_0":"USA","GID_1":"USA.2_1","GID_2":"USA.2.25_1","NAME_1":"Alaska","NAME_2":"Wrangell-Petersburg"}},
{"type":"Feature","geometry":{"type":"Polygon","coordinates":[[[-141.003,68.4393],[-145.9993,68.4389],[-145.9991,67.9995],[-155.3189,67.9993],[-155.3188,67.862],[-155.3692,67.8617],[-155.3692,67.7755],[-155.1433,67.7752],[-155.143,67.6885],[-154.9167,67.6884],[-154.9171,67.6022],[-154.6902,67.6023],[-154.6903,67.5155],[-154.7494,67.5156],[-154.7488,67.2556],[-154.3036,67.2556],[-154.3025,67.1693],[-154.146,67.1691],[-154.1462,66.8227],[-154.2107,66.823],[-154.21,66.7365],[-154.8602,66.7361],[-154.8603,66.5633],[-155.5105,66.5631],[-155.5102,66.4767],[-155.5545,66.4763],[-155.5546,66.3035],[-155.9827,66.3035],[-155.9823,66.3899],[-156.1964,66.3899],[-156.1957,66.4767],[-156.6242,66.4763],[-156.6242,66.3031],[-157.051,66.3035],[-157.0515,66.4766],[-157.9061,66.4763],[-157.9065,66.13],[-158.9724,66.1303],[-158.972,65.9567],[-159.6043,65.9571],[-159.6042,65.7835],[-159.5932,65.7837],[-159.5933,65.524],[-159.3858,65.5238],[-159.3853,65.4371],[-159.3777,65.4372],[-159.3769,65.2639],[-159.5824,65.2641],[-159.5825,65.0909],[-159.5717,65.0909],[-159.5719,64.9177],[-159.7749,64.9176],[-159.7749,64.7445],[-159.9628,64.7443],[-159.9626,64.3981],[-159.9478,64.3978],[-159.9477,64.0517],[-159.7372,64.0513],[-159.7369,63.7919],[-159.9332,63.7915],[-159.9322,63.7051],[-160.1114,63.7049],[-160.1119,63.6183],[-160.4972,63.6183],[-160.4976,63.5319],[-160.6902,63.5315],[-160.6899,63.3585],[-160.6675,63.3585],[-160.6674,63.2721],[-160.8583,63.2719],[-160.858,62.9993],[-160.9435,62.9991],[-160.9431,62.899],[-160.9963,62.8991],[-160.9962,62.5525],[-161.0478,62.5525],[-161.048,62.2057],[-160.9157,62.2058],[-160.9162,61.946],[-159.2651,61.9463],[-159.2654,62.0543],[-158.5003,62.0545],[-158.5002,62.1413],[-157.0636,62.1409],[-157.0641,62.0329],[-153.7619,62.0325],[-153.7617,62.1631],[-153.3953,62.1631],[-153.3946,62.2497],[-153.0703,62.2495],[-153.0696,62.3291],[-153.0076,62.3291],[-153.0055,62.7256],[-152.6941,62.9576],[-152.4277,63.1524],[-152.4282,63.3043],[-152.6196,63.3043],[-152.6198,63.3467],[-152.8105,63.3465],[-152.8112,63.4774],[-152.8736,63.4775],[-152.8731,63.6507],[-152.2261,63.6507],[-152.2258,63.8241],[-152.0558,63.824],[-152.0577,63.9971],[-151.8104,63.9971],[-151.8466,64.0314],[-151.8183,64.0687],[-151.5654,64.0677],[-151.5645,64.0567],[-151.4916,64.0501],[-151.5179,64.0238],[-151.4384,64.0142],[-151.4138,63.9972],[-151.2373,63.9973],[-150.9979,64.1706],[-150.7099,64.3753],[-150.2239,64.3787],[-149.1349,64.3807],[-149.1329,64.3439],[-148.0583,64.3441],[-148.1111,64.3617],[-148.1071,64.377],[-148.1657,64.3963],[-148.2095,64.4251],[-148.2454,64.4719],[-148.2436,64.4842],[-148.322,64.4991],[-148.3511,64.5215],[-148.3926,64.5253],[-148.4256,64.5493],[-148.4272,64.5742],[-148.5013,64.6006],[-148.5628,64.6162],[-148.6038,64.6153],[-148.6522,64.5873],[-148.6475,64.6266],[-148.6485,64.8633],[-148.6614,64.8636],[-148.6616,65.2098],[-147.5513,65.2101],[-147.4951,65.2351],[-147.4005,65.2507],[-147.335,65.2732],[-147.1544,65.2855],[-147.1178,65.2803],[-147.033,65.2802],[-147.0171,65.2902],[-146.9496,65.2737],[-146.9027,65.2839],[-146.8061,65.2972],[-146.7843,65.3078],[-146.6937,65.3196],[-146.6121,65.3444],[-146.5689,65.3447],[-146.4901,65.3868],[-146.5251,65.4211],[-146.4347,65.4338],[-146.4036,65.42],[-146.3545,65.4346],[-146.3159,65.4314],[-146.2831,65.4411],[-146.2309,65.4439],[-146.2023,65.4539],[-146.1793,65.4531],[-146.1647,65.4428],[-146.1564,65.4279],[-146.1143,65.417],[-146.1201,65.4058],[-146.0558,65.403],[-145.9945,65.4064],[-145.9758,65.3981],[-146.0055,65.3748],[-146.1141,65.3268],[-146.1376,65.3099],[-146.1114,65.3039],[-146.1264,65.2781],[-146.089,65.262],[-146.0784,65.245],[-145.9974,65.2303],[-145.9527,65.2053],[-145.8517,65.2098],[-145.8279,65.1983],[-145.7372,65.1837],[-145.6784,65.1848],[-145.675,65.1591],[-145.6155,65.1439],[-145.673,65.1279],[-145.6893,65.1101],[-145.7494,65.098],[-145.7674,65.0711],[-145.702,65.0778],[-145.6463,65.0337],[-145.5895,65.046],[-145.5287,65.0497],[-145.5175,65.0655],[-145.4445,65.0668],[-145.418,65.0847],[-145.3884,65.0847],[-145.3503,65.0688],[-145.3049,65.0722],[-145.2214,65.0698],[-145.1519,65.0977],[-145.0867,65.0985],[-145.0495,65.115],[-144.9753,65.1355],[-144.9204,65.1278],[-144.8805,65.1357],[-144.8471,65.1172],[-144.8185,65.1196],[-144.7531,65.1012],[-144.7058,65.0964],[-144.6872,65.1056],[-144.6046,65.089],[-144.5936,65.0797],[-144.5429,65.0727],[-144.4839,65.0812],[-144.4455,65.0622],[-144.4229,65.0729],[-144.3434,65.0894],[-144.3235,65.1105],[-144.2467,65.1188],[-144.1875,65.118],[-144.1437,65.1105],[-144.1182,65.1176],[-144.0552,65.1177],[-144.0152,65.1115],[-143.9784,65.119],[-143.9272,65.1019],[-143.8843,65.0903],[-143.9655,65.0485],[-144.0312,65.0403],[-144.0568,65.0192],[-144.1059,65.0156],[-144.0937,65.002],[-144.0488,64.986],[-143.9917,64.9768],[-143.9881,64.9593],[-143.9887,64.9514],[-143.9911,64.9465],[-144.0735,64.9212],[-144.0416,64.9012],[-144.0647,64.8851],[-144.0594,64.8665],[-144.0919,64.8535],[-144.0681,64.8235],[-144.1206,64.7983],[-144.0483,64.7809],[-144.0222,64.7693],[-144.1106,64.7282],[-144.1005,64.7106],[-144.0636,64.7083],[-144.0556,64.6955],[-144.0598,64.6935],[-144.0495,64.681],[-143.8872,64.6681],[-143.7665,64.6526],[-143.7012,64.6616],[-143.6495,64.6826],[-143.6051,64.7325],[-143.5143,64.7592],[-143.5301,64.7779],[-143.5191,64.8085],[-143.4903,64.805],[-143.4335,64.8264],[-143.5114,64.8609],[-143.4811,64.9211],[-143.5085,64.9408],[-143.4962,64.9499],[-143.5275,64.9663],[-143.4658,64.9882],[-143.4149,64.9845],[-143.3702,65.0009],[-143.3742,65.0404],[-143.3214,65.0379],[-143.2527,65.0536],[-143.2335,65.0737],[-143.2009,65.0768],[-143.1441,65.0967],[-143.0867,65.1241],[-143.0493,65.1173],[-143.0106,65.1403],[-142.9852,65.1253],[-142.9413,65.1497],[-142.8667,65.1441],[-142.8546,65.1625],[-142.7955,65.1962],[-142.7612,65.2228],[-142.7723,65.2417],[-142.7411,65.2457],[-142.7504,65.2658],[-142.732,65.2813],[-142.7653,65.3167],[-142.7629,65.3296],[-142.7005,65.3456],[-142.6613,65.391],[-142.6284,65.4042],[-142.5846,65.4024],[-142.5209,65.3734],[-142.4574,65.379],[-142.4234,65.4019],[-142.3815,65.4129],[-142.3012,65.4421],[-142.2164,65.4591],[-142.1422,65.465],[-142.0539,65.46],[-141.9857,65.4416],[-141.9238,65.4476],[-141.8518,65.4474],[-141.8483,65.4555],[-141.7922,65.4766],[-141.7889,65.4979],[-141.7515,65.5021],[-141.6957,65.5223],[-141.6326,65.522],[-141.6348,65.5415],[-141.5808,65.5468],[-141.5478,65.5721],[-141.5184,65.5682],[-141.4936,65.5948],[-141.4578,65.5902],[-141.3828,65.6192],[-141.408,65.6377],[-141.3731,65.6525],[-141.344,65.68],[-141.3495,65.6975],[-141.3182,65.7192],[-141.2654,65.7425],[-141.2115,65.775],[-141.1688,65.789],[-141.1055,65.8215],[-141.0026,65.84],[-141.0022,67.0133],[-141.0069,67.9999],[-141.003,68.4393]]]},"properties":{"GID_0":"USA","GID_1":"USA.2_1","GID_2":"USA.2.26_1","NAME_1":"Alaska","NAME_2":"Yukon-Koyukuk"}}
]}