{"type":"FeatureCollection", "features": [
{"type":"Feature","geometry":{"type":"Polygon","coordinates":[[[-96.0524,32.0048],[-96.0567,31.9511],[-96.0061,31.9246],[-96.0298,31.8821],[-95.9711,31.8791],[-95.9959,31.8476],[-95.9766,31.8017],[-95.9514,31.7775],[-95.9054,31.7699],[-95.8674,31.7448],[-95.8767,31.6981],[-95.8333,31.6956],[-95.7941,31.6617],[-95.7872,31.6176],[-95.7688,31.5995],[-95.7548,31.6104],[-95.7539,31.6382],[-95.7572,31.647],[-95.7406,31.6551],[-95.7363,31.654],[-95.7115,31.6156],[-95.7584,31.5315],[-95.7362,31.5047],[-95.655,31.5253],[-95.6575,31.5391],[-95.2774,31.5931],[-95.2611,31.6125],[-95.2849,31.6304],[-95.2832,31.6765],[-95.3428,31.7178],[-95.3981,31.7694],[-95.4032,31.8203],[-95.4441,31.8421],[-95.4226,31.9252],[-95.4483,31.9482],[-95.4501,31.9939],[-95.4265,32.018],[-95.4365,32.0513],[-95.4389,32.0669],[-95.4236,32.0782],[-95.4265,32.0847],[-96.0524,32.0048]]]},"properties":{"GID_0":"USA","GID_1":"USA.44_1","GID_2":"USA.44.1_1","NAME_1":"Texas","NAME_2":"Anderson"}},
{"type":"Feature","geometry":{"type":"Polygon","coordinates":[[[-103.0641,32.0856],[-102.2102,32.0887],[-102.2082,32.1731],[-102.2109,32.524],[-103.0637,32.5215],[-103.0641,32.0856]]]},"properties":{"GID_0":"USA","GID_1":"USA.44_1","GID_2":"USA.44.2_1","NAME_1":"Texas","NAME_2":"Andrews"}},
{"type":"Feature","geometry":{"type":"Polygon","coordinates":[[[-95.0066,31.4296],[-95.0051,31.4268],[-94.9587,31.3877],[-94.9608,31.3531],[-94.9524,31.3426],[-94.9042,31.3327],[-94.9019,31.2585],[-94.868,31.2441],[-94.8663,31.2116],[-94.844,31.1483],[-94.8289,31.1392],[-94.7518,31.1059],[-94.6126,31.0828],[-94.5782,31.0692],[-94.5662,31.0645],[-94.548,31.0533],[-94.5285,31.056],[-94.4753,31.0291],[-94.4455,31.034],[-94.1299,31.1019],[-94.2197,31.1638],[-94.2206,31.1735],[-94.2358,31.1789],[-94.2699,31.1962],[-94.2871,31.2039],[-94.3278,31.227],[-94.3713,31.2645],[-94.3873,31.2813],[-94.394,31.3008],[-94.4494,31.3214],[-94.4591,31.3521],[-94.469,31.3796],[-94.4738,31.388],[-94.4781,31.3878],[-94.5136,31.411],[-94.5379,31.4013],[-94.5545,31.4345],[-94.5948,31.4502],[-94.6244,31.4416],[-94.6641,31.4586],[-94.7408,31.4686],[-94.8276,31.49],[-94.8401,31.5039],[-94.8573,31.5129],[-94.8689,31.5253],[-95.0066,31.4296]]]},"properties":{"GID_0":"USA","GID_1":"USA.44_1","GID_2":"USA.44.3_1","NAME_1":"Texas","NAME_2":"Angelina"}},
{"type":"Feature","geometry":{"type":"MultiPolygon","coordinates":[[[[-97.2578,28.0694],[-97.189,27.9735],[-97.1568,28.0049],[-97.1607,28.0491],[-97.2039,28.0708],[-97.2578,28.0694]]],[[[-97.1379,27.9021],[-97.0469,28.025],[-97.0253,28.0322],[-97.0367,28.077],[-97.0609,28.088],[-97.1025,28.0767],[-97.135,28.0475],[-97.1475,27.9994],[-97.1875,27.9714],[-97.1379,27.9021]]],[[[-97.0449,27.8658],[-97.048,27.8411],[-97.025,27.8804],[-96.9731,27.9444],[-96.8628,28.0536],[-96.8394,28.0978],[-96.8731,28.1325],[-96.9258,28.0878],[-96.9336,28.0564],[-96.9744,28.0061],[-96.975,27.9792],[-97.005,27.9286],[-97.046,27.8893],[-97.0509,27.8433],[-97.0495,27.8521],[-97.0449,27.8658]]],[[[-97.0192,28.2034],[-97.0211,28.1498],[-96.9856,28.1275],[-96.9681,28.1708],[-96.9478,28.1647],[-96.9594,28.1225],[-96.9322,28.1237],[-96.9075,28.1511],[-96.8314,28.1983],[-96.8094,28.2226],[-96.8077,28.2833],[-96.7915,28.3135],[-96.7916,28.3265],[-96.7926,28.3204],[-97.0442,28.2841],[-97.1288,28.2744],[-97.129,28.2514],[-97.0605,28.2031],[-97.0393,28.2034],[-97.0192,28.2034]]]]},"properties":{"GID_0":"USA","GID_1":"USA.44_1","GID_2":"USA.44.4_1","NAME_1":"Texas","NAME_2":"Aransas"}},
{"type":"Feature","geometry":{"type":"Polygon","coordinates":[[[-98.9541,33.3962],[-98.4225,33.3946],[-98.4232,33.8357],[-98.9533,33.8337],[-98.9541,33.3962]]]},"properties":{"GID_0":"USA","GID_1":"USA.44_1","GID_2":"USA.44.5_1","NAME_1":"Texas","NAME_2":"Archer"}},
{"type":"Feature","geometry":{"type":"Polygon","coordinates":[[[-101.0873,34.7476],[-101.0862,35.1826],[-101.624,35.1824],[-101.6266,34.7482],[-101.0873,34.7476]]]},"properties":{"GID_0":"USA","GID_1":"USA.44_1","GID_2":"USA.44.6_1","NAME_1":"Texas","NAME_2":"Armstrong"}},
{"type":"Feature","geometry":{"type":"Polygon","coordinates":[[[-98.8042,29.2513],[-98.8035,28.645],[-98.3372,28.6443],[-98.3363,28.6117],[-98.099,28.7882],[-98.1879,28.8807],[-98.2809,28.9878],[-98.4083,29.1104],[-98.8042,29.2513]]]},"properties":{"GID_0":"USA","GID_1":"USA.44_1","GID_2":"USA.44.7_1","NAME_1":"Texas","NAME_2":"Atascosa"}},
{"type":"Feature","geometry":{"type":"Polygon","coordinates":[[[-96.175,29.6325],[-96.1053,29.62],[-96.0919,29.6021],[-96.0254,29.5996],[-96.0195,29.6457],[-96.0458,29.666],[-96.0155,29.7185],[-96.036,29.7293],[-96.0474,29.7994],[-96.1046,29.8129],[-96.1235,29.8374],[-96.1109,29.8585],[-96.1255,29.8944],[-96.1146,29.9141],[-96.1255,29.9631],[-96.0867,30.0025],[-96.1166,30.0503],[-96.1411,30.0576],[-96.1454,30.0678],[-96.1479,30.0688],[-96.1598,30.0532],[-96.1703,30.054],[-96.2693,30.0821],[-96.2702,30.0964],[-96.2908,30.0966],[-96.5802,30.0589],[-96.6191,30.0491],[-96.585,29.9821],[-96.5435,29.9143],[-96.4647,29.8591],[-96.4408,29.8524],[-96.4125,29.8249],[-96.334,29.8149],[-96.3139,29.7579],[-96.2632,29.6695],[-96.1998,29.6536],[-96.175,29.6325]]]},"properties":{"GID_0":"USA","GID_1":"USA.44_1","GID_2":"USA.44.8_1","NAME_1":"Texas","NAME_2":"Austin"}},
{"type":"Feature","geometry":{"type":"Polygon","coordinates":[[[-103.0424,34.31],[-103.0427,34.0007],[-103.0469,33.8237],[-102.616,33.8257],[-102.614,34.3109],[-103.0424,34.31]]]},"properties":{"GID_0":"USA","GID_1":"USA.44_1","GID_2":"USA.44.9_1","NAME_1":"Texas","NAME_2":"Bailey"}},
{"type":"Feature","geometry":{"type":"Polygon","coordinates":[[[-98.7869,29.7168],[-98.9253,29.7842],[-99.1766,29.8946],[-99.2839,29.905],[-99.6031,29.9068],[-99.6033,29.6257],[-99.4132,29.6253],[-98.9909,29.6185],[-98.9832,29.5625],[-98.9245,29.562],[-98.7869,29.7168]]]},"properties":{"GID_0":"USA","GID_1":"USA.44_1","GID_2":"USA.44.10_1","NAME_1":"Texas","NAME_2":"Bandera"}},
{"type":"Feature","geometry":{"type":"Polygon","coordinates":[[[-97.3173,29.7849],[-97.254,29.8383],[-97.1175,29.9649],[-97.0274,30.0541],[-97.0808,30.2574],[-97.2061,30.3389],[-97.3703,30.4189],[-97.4881,30.2071],[-97.6526,30.0711],[-97.3173,29.7849]]]},"properties":{"GID_0":"USA","GID_1":"USA.44_1","GID_2":"USA.44.11_1","NAME_1":"Texas","NAME_2":"Bastrop"}},
{"type":"Feature","geometry":{"type":"Polygon","coordinates":[[[-98.9533,33.8337],[-99.4785,33.8318],[-99.4753,33.3956],[-98.9541,33.3962],[-98.9533,33.8337]]]},"properties":{"GID_0":"USA","GID_1":"USA.44_1","GID_2":"USA.44.12_1","NAME_1":"Texas","NAME_2":"Baylor"}},
{"type":"Feature","geometry":{"type":"Polygon","coordinates":[[[-97.3742,28.3879],[-97.4262,28.4126],[-97.462,28.4098],[-97.4958,28.4395],[-97.5507,28.4537],[-97.5567,28.5163],[-97.6123,28.5281],[-97.642,28.5219],[-97.6952,28.5447],[-97.7334,28.6277],[-97.7743,28.669],[-97.8267,28.6715],[-97.8637,28.6841],[-97.9189,28.7187],[-98.0894,28.6599],[-98.0167,28.5323],[-97.8084,28.1788],[-97.5607,28.1256],[-97.3742,28.3879]]]},"properties":{"GID_0":"USA","GID_1":"USA.44_1","GID_2":"USA.44.13_1","NAME_1":"Texas","NAME_2":"Bee"}},
{"type":"Feature","geometry":{"type":"Polygon","coordinates":[[[-97.8284,30.9104],[-97.6244,30.8687],[-97.3169,30.7547],[-97.2646,30.8874],[-97.0712,30.988],[-97.2781,31.2793],[-97.3404,31.2433],[-97.4214,31.3225],[-97.9135,31.0646],[-97.9104,31.0372],[-97.8284,30.9104]]]},"properties":{"GID_0":"USA","GID_1":"USA.44_1","GID_2":"USA.44.14_1","NAME_1":"Texas","NAME_2":"Bell"}},
{"type":"Feature","geometry":{"type":"Polygon","coordinates":[[[-98.4083,29.1104],[-98.1349,29.4422],[-98.1238,29.4461],[-98.1261,29.4815],[-98.1894,29.489],[-98.1906,29.506],[-98.2296,29.5446],[-98.2222,29.5454],[-98.2295,29.5488],[-98.2562,29.5501],[-98.2587,29.5561],[-98.2645,29.5544],[-98.2626,29.5465],[-98.3,29.5613],[-98.3124,29.5973],[-98.3445,29.6175],[-98.3479,29.6551],[-98.3842,29.6786],[-98.3606,29.7318],[-98.4182,29.7446],[-98.4851,29.735],[-98.5357,29.7526],[-98.6048,29.7407],[-98.6478,29.7477],[-98.6555,29.7528],[-98.719,29.7274],[-98.7342,29.7285],[-98.7843,29.7195],[-98.8056,29.6968],[-98.8042,29.2513],[-98.4083,29.1104]]]},"properties":{"GID_0":"USA","GID_1":"USA.44_1","GID_2":"USA.44.15_1","NAME_1":"Texas","NAME_2":"Bexar"}},
{"type":"Feature","geometry":{"type":"Polygon","coordinates":[[[-98.3566,30.4893],[-98.3851,30.4975],[-98.5855,30.4989],[-98.5896,30.1375],[-98.4138,29.9442],[-98.2986,30.0395],[-98.2197,30.2335],[-98.1732,30.356],[-98.1256,30.4257],[-98.3566,30.4893]]]},"properties":{"GID_0":"USA","GID_1":"USA.44_1","GID_2":"USA.44.16_1","NAME_1":"Texas","NAME_2":"Blanco"}},
{"type":"Feature","geometry":{"type":"Polygon","coordinates":[[[-101.6915,32.5252],[-101.176,32.5272],[-101.1738,32.9627],[-101.5553,32.9589],[-101.6915,32.9597],[-101.6915,32.5252]]]},"properties":{"GID_0":"USA","GID_1":"USA.44_1","GID_2":"USA.44.17_1","NAME_1":"Texas","NAME_2":"Borden"}},
{"type":"Feature","geometry":{"type":"Polygon","coordinates":[[[-97.6048,31.5872],[-97.2785,31.7464],[-97.3263,31.7845],[-97.2813,31.8235],[-97.302,31.8478],[-97.3292,31.8429],[-97.3795,31.8719],[-97.3695,31.8959],[-97.4314,31.9361],[-97.3817,31.9696],[-97.428,32.0241],[-97.4837,32.023],[-97.4923,32.0597],[-97.474,32.0899],[-97.4937,32.1354],[-97.4654,32.1745],[-97.5102,32.1604],[-97.5283,32.1371],[-97.5627,32.1616],[-97.5972,32.2043],[-97.6232,32.2048],[-97.6286,32.2063],[-97.863,32.0892],[-98.0054,32.0162],[-97.8845,31.847],[-97.7664,31.675],[-97.6911,31.71],[-97.6048,31.5872]]]},"properties":{"GID_0":"USA","GID_1":"USA.44_1","GID_2":"USA.44.18_1","NAME_1":"Texas","NAME_2":"Bosque"}},
{"type":"Feature","geometry":{"type":"Polygon","coordinates":[[[-94.0446,33.2695],[-94.0445,33.5505],[-94.0929,33.5756],[-94.1173,33.5668],[-94.1866,33.5892],[-94.2198,33.5554],[-94.2708,33.5644],[-94.3189,33.5498],[-94.3793,33.5431],[-94.4709,33.6395],[-94.5264,33.6152],[-94.5696,33.6384],[-94.6467,33.7016],[-94.6869,33.6853],[-94.7466,33.7037],[-94.7465,33.3275],[-94.7034,33.3142],[-94.6637,33.2827],[-94.6555,33.275],[-94.6214,33.2511],[-94.5264,33.2721],[-94.4694,33.2945],[-94.3824,33.2561],[-94.2902,33.2538],[-94.2336,33.2459],[-94.2362,33.2784],[-94.2183,33.2971],[-94.1645,33.3108],[-94.1388,33.2944],[-94.0604,33.2977],[-94.0446,33.2695]]]},"properties":{"GID_0":"USA","GID_1":"USA.44_1","GID_2":"USA.44.19_1","NAME_1":"Texas","NAME_2":"Bowie"}},
{"type":"Feature","geometry":{"type":"Polygon","coordinates":[[[-95.0584,29.2007],[-95.2333,29.4668],[-95.2144,29.5587],[-95.241,29.5608],[-95.2412,29.5585],[-95.255,29.555],[-95.2623,29.5924],[-95.2904,29.5982],[-95.3472,29.5874],[-95.3823,29.588],[-95.3931,29.5829],[-95.4225,29.5828],[-95.4618,29.4394],[-95.5497,29.4381],[-95.5506,29.3945],[-95.5727,29.3798],[-95.5882,29.3284],[-95.6254,29.2948],[-95.6656,29.2966],[-95.752,29.3241],[-95.7972,29.3076],[-95.8486,29.2613],[-95.8426,29.256],[-95.8721,29.2292],[-95.8449,29.2047],[-95.839,29.1771],[-95.8406,29.1687],[-95.8434,29.1068],[-95.8057,29.0904],[-95.7789,29.044],[-95.778,28.9943],[-95.7666,28.9667],[-95.7015,28.9691],[-95.6539,28.9515],[-95.6397,28.9015],[-95.5801,28.8559],[-95.5597,28.8284],[-95.5071,28.8256],[-95.4572,28.8517],[-95.3853,28.8672],[-95.3522,28.8997],[-95.2953,28.9364],[-95.2356,29.0069],[-95.2233,29.0424],[-95.1869,29.0738],[-95.2044,29.0978],[-95.1667,29.1149],[-95.1494,29.1962],[-95.1136,29.1958],[-95.0985,29.1764],[-95.0584,29.2007]]]},"properties":{"GID_0":"USA","GID_1":"USA.44_1","GID_2":"USA.44.20_1","NAME_1":"Texas","NAME_2":"Brazoria"}},
{"type":"Feature","geometry":{"type":"Polygon","coordinates":[[[-96.172,30.8244],[-96.1765,30.8524],[-96.2005,30.8748],[-96.2143,30.9109],[-96.2038,30.9288],[-96.2428,30.9745],[-96.2624,30.9665],[-96.3254,30.9306],[-96.3625,30.8994],[-96.4156,30.8202],[-96.4254,30.7917],[-96.461,30.7434],[-96.5689,30.6975],[-96.602,30.6436],[-96.5696,30.6298],[-96.5138,30.629],[-96.4877,30.6052],[-96.4516,30.5936],[-96.4348,30.5756],[-96.4354,30.5866],[-96.4289,30.5901],[-96.4241,30.5533],[-96.3921,30.5335],[-96.363,30.5431],[-96.3563,30.5031],[-96.3278,30.4522],[-96.2844,30.427],[-96.3055,30.3819],[-96.2815,30.361],[-96.2042,30.3835],[-96.1569,30.3755],[-96.1552,30.3324],[-96.1501,30.3839],[-96.1246,30.3848],[-96.1093,30.4186],[-96.1281,30.4472],[-96.1383,30.4993],[-96.1637,30.535],[-96.1643,30.567],[-96.1893,30.6017],[-96.1697,30.6683],[-96.1779,30.7098],[-96.163,30.7312],[-96.1655,30.7688],[-96.1845,30.7955],[-96.172,30.8244]]]},"properties":{"GID_0":"USA","GID_1":"USA.44_1","GID_2":"USA.44.21_1","NAME_1":"Texas","NAME_2":"Brazos"}},
{"type":"Feature","geometry":{"type":"Polygon","coordinates":[[[-103.7925,29.2626],[-103.7763,29.2207],[-103.7435,29.2156],[-103.7186,29.1809],[-103.6116,29.1652],[-103.5935,29.1503],[-103.5575,29.1558],[-103.5251,29.1374],[-103.4156,29.0376],[-103.3274,29.0161],[-103.3076,29.0032],[-103.2279,28.9917],[-103.1532,28.9717],[-103.1136,28.9885],[-103.098,29.0268],[-103.1007,29.0603],[-103.0796,29.0878],[-103.0338,29.1012],[-102.9786,29.1862],[-102.9504,29.1783],[-102.8674,29.2237],[-102.9059,29.2615],[-102.8775,29.3546],[-102.8392,29.3589],[-102.8251,29.3969],[-102.8304,29.444],[-102.8064,29.4942],[-102.8083,29.5226],[-102.7762,29.5472],[-102.7402,29.5979],[-102.7362,29.6417],[-102.6933,29.6767],[-102.6986,29.6971],[-102.6741,29.7445],[-102.6225,29.7363],[-102.5723,29.7592],[-102.548,29.7446],[-102.4808,29.7762],[-102.435,29.7768],[-102.4071,29.7642],[-102.3628,29.8321],[-102.3206,29.8792],[-102.5714,30.0573],[-102.8797,30.2735],[-102.9378,30.3164],[-103.4426,30.6637],[-103.8008,30.4125],[-103.7976,30.2738],[-103.7989,29.9697],[-103.7925,29.2626]]]},"properties":{"GID_0":"USA","GID_1":"USA.44_1","GID_2":"USA.44.22_1","NAME_1":"Texas","NAME_2":"Brewster"}},
{"type":"Feature","geometry":{"type":"Polygon","coordinates":[[[-101.4722,34.7484],[-101.4717,34.3127],[-101.0423,34.3119],[-100.9472,34.3132],[-100.943,34.7466],[-101.4722,34.7484]]]},"properties":{"GID_0":"USA","GID_1":"USA.44_1","GID_2":"USA.44.23_1","NAME_1":"Texas","NAME_2":"Briscoe"}},
{"type":"Feature","geometry":{"type":"Polygon","coordinates":[[[-98.5252,27.267],[-98.493,27.2349],[-98.4922,27.1419],[-98.4661,27.1415],[-98.466,27.0545],[-98.4169,27.0544],[-98.4233,26.7834],[-97.9864,26.7833],[-97.9844,27.2599],[-98.0589,27.2627],[-98.5252,27.267]]]},"properties":{"GID_0":"USA","GID_1":"USA.44_1","GID_2":"USA.44.24_1","NAME_1":"Texas","NAME_2":"Brooks"}},
{"type":"Feature","geometry":{"type":"Polygon","coordinates":[[[-99.1979,32.0838],[-99.2051,31.4676],[-99.1117,31.4651],[-99.0931,31.4508],[-99.0379,31.4896],[-99.0177,31.4703],[-98.987,31.4851],[-98.7768,31.6139],[-98.7649,31.6868],[-98.671,31.7003],[-98.8453,31.9677],[-98.9254,32.0811],[-99.1979,32.0838]]]},"properties":{"GID_0":"USA","GID_1":"USA.44_1","GID_2":"USA.44.25_1","NAME_1":"Texas","NAME_2":"Brown"}},
{"type":"Feature","geometry":{"type":"Polygon","coordinates":[[[-96.5689,30.6975],[-96.6234,30.7307],[-96.9056,30.5848],[-96.9656,30.5563],[-96.9631,30.5526],[-96.9516,30.5463],[-96.9221,30.54],[-96.899,30.4909],[-96.9078,30.471],[-96.874,30.4371],[-96.8334,30.4185],[-96.7745,30.3665],[-96.7565,30.3261],[-96.6912,30.3173],[-96.6497,30.2964],[-96.5644,30.3226],[-96.5093,30.3231],[-96.4226,30.3451],[-96.3055,30.3819],[-96.2844,30.427],[-96.3278,30.4522],[-96.3563,30.5031],[-96.363,30.5431],[-96.3921,30.5335],[-96.4241,30.5533],[-96.4289,30.5901],[-96.4354,30.5866],[-96.4348,30.5756],[-96.4516,30.5936],[-96.4877,30.6052],[-96.5138,30.629],[-96.5696,30.6298],[-96.602,30.6436],[-96.5689,30.6975]]]},"properties":{"GID_0":"USA","GID_1":"USA.44_1","GID_2":"USA.44.26_1","NAME_1":"Texas","NAME_2":"Burleson"}},
{"type":"Feature","geometry":{"type":"Polygon","coordinates":[[[-97.9104,31.0372],[-98.4408,31.0262],[-98.4414,31.024],[-98.4449,30.924],[-98.4512,30.8738],[-98.4278,30.868],[-98.4006,30.8182],[-98.4351,30.794],[-98.4357,30.762],[-98.431,30.7565],[-98.3833,30.7476],[-98.4363,30.6766],[-98.4059,30.5993],[-98.4097,30.5692],[-98.354,30.5638],[-98.3566,30.4893],[-98.1256,30.4257],[-98.0972,30.4674],[-98.1228,30.4854],[-98.0538,30.6243],[-97.9639,30.7795],[-97.8284,30.9104],[-97.9104,31.0372]]]},"properties":{"GID_0":"USA","GID_1":"USA.44_1","GID_2":"USA.44.27_1","NAME_1":"Texas","NAME_2":"Burnet"}},
{"type":"Feature","geometry":{"type":"Polygon","coordinates":[[[-97.6526,30.0711],[-97.7659,29.9791],[-97.7995,29.9459],[-97.897,29.8819],[-97.888,29.8625],[-97.8786,29.8591],[-97.8497,29.8407],[-97.8416,29.8258],[-97.8359,29.784],[-97.8036,29.7518],[-97.7934,29.7589],[-97.7637,29.7295],[-97.7618,29.7244],[-97.7023,29.6709],[-97.6319,29.6529],[-97.5979,29.632],[-97.3173,29.7849],[-97.6526,30.0711]]]},"properties":{"GID_0":"USA","GID_1":"USA.44_1","GID_2":"USA.44.28_1","NAME_1":"Texas","NAME_2":"Caldwell"}},
{"type":"Feature","geometry":{"type":"MultiPolygon","coordinates":[[[[-96.4072,28.3994],[-96.4289,28.3933],[-96.4404,28.3429],[-96.5431,28.315],[-96.5492,28.2931],[-96.5881,28.2894],[-96.6494,28.2519],[-96.7017,28.1995],[-96.7508,28.1875],[-96.7919,28.1886],[-96.8231,28.1672],[-96.802,28.1402],[-96.8358,28.1008],[-96.828,28.0832],[-96.7028,28.1773],[-96.5895,28.2492],[-96.4439,28.3153],[-96.4077,28.3437],[-96.4072,28.3994]]],[[[-96.8077,28.2833],[-96.8094,28.2226],[-96.7873,28.2556],[-96.8077,28.2833]]],[[[-96.8868,28.5054],[-96.8093,28.4318],[-96.7844,28.4453],[-96.7539,28.4356],[-96.7369,28.409],[-96.7073,28.4056],[-96.7044,28.3473],[-96.6874,28.3277],[-96.6431,28.3242],[-96.5604,28.3704],[-96.4208,28.4327],[-96.4053,28.4543],[-96.5125,28.532],[-96.5242,28.5562],[-96.5678,28.583],[-96.6129,28.5682],[-96.6222,28.621],[-96.6112,28.6367],[-96.6648,28.6967],[-96.6601,28.7121],[-96.7193,28.67],[-96.8598,28.6324],[-96.93,28.5861],[-96.9063,28.5662],[-96.894,28.506],[-96.8868,28.5054]]],[[[-96.4099,28.6958],[-96.4106,28.7152],[-96.4324,28.704],[-96.5565,28.7044],[-96.5605,28.694],[-96.5733,28.6731],[-96.5631,28.6378],[-96.5094,28.6503],[-96.4948,28.6144],[-96.4495,28.6359],[-96.4348,28.6032],[-96.3988,28.6192],[-96.4191,28.6732],[-96.4247,28.6776],[-96.4099,28.6958]]]]},"properties":{"GID_0":"USA","GID_1":"USA.44_1","GID_2":"USA.44.29_1","NAME_1":"Texas","NAME_2":"Calhoun"}},
{"type":"Feature","geometry":{"type":"Polygon","coordinates":[[[-99.1184,32.0837],[-99.1167,32.3809],[-99.1142,32.5157],[-99.6318,32.5163],[-99.6337,32.0843],[-99.1184,32.0837]]]},"properties":{"GID_0":"USA","GID_1":"USA.44_1","GID_2":"USA.44.30_1","NAME_1":"Texas","NAME_2":"Callahan"}},
{"type":"Feature","geometry":{"type":"MultiPolygon","coordinates":[[[[-97.8632,26.3489],[-97.8656,26.0644],[-97.8337,26.0489],[-97.8083,26.0609],[-97.7688,26.0475],[-97.7635,26.0268],[-97.7113,26.0339],[-97.6381,26.0021],[-97.6106,25.966],[-97.5679,25.9525],[-97.5143,25.8876],[-97.4565,25.8853],[-97.4426,25.8484],[-97.3951,25.8385],[-97.3629,25.8675],[-97.3697,25.9165],[-97.3411,25.9315],[-97.2808,25.9353],[-97.2109,25.9637],[-97.2224,26.0035],[-97.196,26.0465],[-97.2071,26.0793],[-97.2729,26.0876],[-97.3001,26.1432],[-97.2951,26.1932],[-97.3126,26.2174],[-97.3154,26.2604],[-97.3443,26.2676],[-97.3552,26.3635],[-97.3685,26.3588],[-97.3755,26.3603],[-97.402,26.3527],[-97.3848,26.3698],[-97.3819,26.3822],[-97.4361,26.3614],[-97.4451,26.3288],[-97.4863,26.3376],[-97.525,26.3252],[-97.5302,26.3003],[-97.8632,26.3489]]],[[[-97.3856,26.3934],[-97.3761,26.3904],[-97.376,26.3941],[-97.3719,26.3968],[-97.3949,26.4052],[-97.3971,26.3974],[-97.3856,26.3934]]],[[[-97.2599,26.4225],[-97.2965,26.5051],[-97.3362,26.5076],[-97.279,26.4343],[-97.2438,26.341],[-97.1901,26.2729],[-97.2215,26.4013],[-97.2573,26.4276],[-97.2599,26.4225]]]]},"properties":{"GID_0":"USA","GID_1":"USA.44_1","GID_2":"USA.44.31_1","NAME_1":"Texas","NAME_2":"Cameron"}},
{"type":"Feature","geometry":{"type":"Polygon","coordinates":[[[-95.1515,33.0123],[-95.1526,32.9057],[-94.7246,32.9081],[-94.7271,32.911],[-94.7593,32.9202],[-94.7805,32.9481],[-94.8183,32.9808],[-94.8579,33.0118],[-94.8654,33.0153],[-94.8847,33.0207],[-94.9438,33.0744],[-95.0347,33.0752],[-95.1062,33.0364],[-95.1288,33.035],[-95.1515,33.0123]]]},"properties":{"GID_0":"USA","GID_1":"USA.44_1","GID_2":"USA.44.32_1","NAME_1":"Texas","NAME_2":"Camp"}},
{"type":"Feature","geometry":{"type":"Polygon","coordinates":[[[-101.0862,35.1826],[-101.0862,35.6238],[-101.6244,35.6249],[-101.624,35.1824],[-101.0862,35.1826]]]},"properties":{"GID_0":"USA","GID_1":"USA.44_1","GID_2":"USA.44.33_1","NAME_1":"Texas","NAME_2":"Carson"}},
{"type":"Feature","geometry":{"type":"Polygon","coordinates":[[[-94.0446,33.2695],[-94.0604,33.2977],[-94.1388,33.2944],[-94.1645,33.3108],[-94.2183,33.2971],[-94.2362,33.2784],[-94.2336,33.2459],[-94.2902,33.2538],[-94.3824,33.2561],[-94.4694,33.2945],[-94.5264,33.2721],[-94.6214,33.2511],[-94.6555,33.275],[-94.6603,33.2771],[-94.6541,32.8825],[-94.0455,32.8792],[-94.0446,33.2695]]]},"properties":{"GID_0":"USA","GID_1":"USA.44_1","GID_2":"USA.44.34_1","NAME_1":"Texas","NAME_2":"Cass"}},
{"type":"Feature","geometry":{"type":"Polygon","coordinates":[[[-102.5269,34.7467],[-102.5255,34.3114],[-101.9963,34.3099],[-101.9959,34.7479],[-102.5269,34.7467]]]},"properties":{"GID_0":"USA","GID_1":"USA.44_1","GID_2":"USA.44.35_1","NAME_1":"Texas","NAME_2":"Castro"}},
{"type":"Feature","geometry":{"type":"Polygon","coordinates":[[[-94.4542,29.5648],[-94.4213,29.5709],[-94.4161,29.5931],[-94.3735,29.6019],[-94.3726,29.5549],[-94.354,29.5614],[-94.3587,29.8888],[-94.9846,29.8859],[-94.9378,29.8324],[-94.917,29.7594],[-94.9352,29.7112],[-94.9281,29.698],[-94.9333,29.6778],[-94.9097,29.6549],[-94.8728,29.6711],[-94.8508,29.7211],[-94.8202,29.7535],[-94.7399,29.7879],[-94.7124,29.7718],[-94.6892,29.6964],[-94.7033,29.6333],[-94.7638,29.5243],[-94.6049,29.5582],[-94.5511,29.5743],[-94.5238,29.5415],[-94.4542,29.5648]]]},"properties":{"GID_0":"USA","GID_1":"USA.44_1","GID_2":"USA.44.36_1","NAME_1":"Texas","NAME_2":"Chambers"}},
{"type":"Feature","geometry":{"type":"Polygon","coordinates":[[[-95.2774,31.5931],[-95.2573,31.5767],[-95.1636,31.5786],[-95.1404,31.5626],[-95.1215,31.5357],[-95.1045,31.5245],[-95.0976,31.5132],[-95.0965,31.4693],[-95.0585,31.4676],[-95.0479,31.4484],[-95.0085,31.4334],[-95.0066,31.4296],[-94.8689,31.5253],[-94.8708,31.5286],[-94.9255,31.5827],[-94.9292,31.6094],[-94.9635,31.69],[-94.9632,31.7548],[-94.9763,31.786],[-94.9496,31.8042],[-94.938,31.8464],[-94.9861,31.8463],[-94.9852,32.1376],[-95.461,32.1353],[-95.4587,32.128],[-95.4293,32.0925],[-95.4236,32.0782],[-95.4389,32.0669],[-95.4365,32.0513],[-95.4265,32.018],[-95.4501,31.9939],[-95.4483,31.9482],[-95.4226,31.9252],[-95.4441,31.8421],[-95.4032,31.8203],[-95.3981,31.7694],[-95.3428,31.7178],[-95.2832,31.6765],[-95.2849,31.6304],[-95.2611,31.6125],[-95.2774,31.5931]]]},"properties":{"GID_0":"USA","GID_1":"USA.44_1","GID_2":"USA.44.37_1","NAME_1":"Texas","NAME_2":"Cherokee"}},
{"type":"Feature","geometry":{"type":"Polygon","coordinates":[[[-100.0012,34.7468],[-100.063,34.7458],[-100.4155,34.7474],[-100.4187,34.3144],[-99.9987,34.312],[-100.0014,34.5576],[-100.0012,34.7468]]]},"properties":{"GID_0":"USA","GID_1":"USA.44_1","GID_2":"USA.44.38_1","NAME_1":"Texas","NAME_2":"Childress"}},
{"type":"Feature","geometry":{"type":"Polygon","coordinates":[[[-98.4219,34.0826],[-98.4227,33.4652],[-97.9802,33.466],[-97.9791,33.8922],[-97.9737,33.9398],[-97.9487,33.9869],[-97.9753,33.9992],[-98.0355,33.9937],[-98.0871,34.0047],[-98.1215,34.0773],[-98.098,34.1007],[-98.093,34.1342],[-98.1274,34.1516],[-98.1693,34.1139],[-98.2383,34.1324],[-98.2971,34.1332],[-98.3673,34.1558],[-98.3982,34.1036],[-98.4219,34.0826]]]},"properties":{"GID_0":"USA","GID_1":"USA.44_1","GID_2":"USA.44.39_1","NAME_1":"Texas","NAME_2":"Clay"}},
{"type":"Feature","geometry":{"type":"Polygon","coordinates":[[[-103.0559,33.3903],[-102.5954,33.3903],[-102.616,33.8257],[-103.0469,33.8237],[-103.0559,33.3903]]]},"properties":{"GID_0":"USA","GID_1":"USA.44_1","GID_2":"USA.44.40_1","NAME_1":"Texas","NAME_2":"Cochran"}},
{"type":"Feature","geometry":{"type":"Polygon","coordinates":[[[-100.8153,32.0851],[-100.8254,31.6965],[-100.2344,31.692],[-100.2354,32.0035],[-100.2377,32.0823],[-100.8153,32.0851]]]},"properties":{"GID_0":"USA","GID_1":"USA.44_1","GID_2":"USA.44.41_1","NAME_1":"Texas","NAME_2":"Coke"}},
{"type":"Feature","geometry":{"type":"Polygon","coordinates":[[[-99.1979,32.0838],[-99.7181,32.0841],[-99.7237,31.5637],[-99.721,31.5614],[-99.7156,31.5628],[-99.7134,31.576],[-99.7064,31.5746],[-99.6561,31.5229],[-99.6322,31.4694],[-99.6047,31.493],[-99.5393,31.4828],[-99.5197,31.4325],[-99.4553,31.4422],[-99.4524,31.4714],[-99.4005,31.4611],[-99.3476,31.422],[-99.3155,31.4136],[-99.2927,31.4454],[-99.2473,31.4812],[-99.2051,31.4676],[-99.1979,32.0838]]]},"properties":{"GID_0":"USA","GID_1":"USA.44_1","GID_2":"USA.44.42_1","NAME_1":"Texas","NAME_2":"Coleman"}},
{"type":"Feature","geometry":{"type":"Polygon","coordinates":[[[-96.5185,32.9847],[-96.2992,32.9824],[-96.2962,33.3507],[-96.3835,33.3394],[-96.383,33.3995],[-96.8349,33.406],[-96.8462,32.9883],[-96.5185,32.9847]]]},"properties":{"GID_0":"USA","GID_1":"USA.44_1","GID_2":"USA.44.43_1","NAME_1":"Texas","NAME_2":"Collin"}},
{"type":"Feature","geometry":{"type":"Polygon","coordinates":[[[-100.0014,35.1818],[-100.5388,35.1837],[-100.5396,34.7478],[-100.063,34.7458],[-100.0012,34.7468],[-100.0014,35.1818]]]},"properties":{"GID_0":"USA","GID_1":"USA.44_1","GID_2":"USA.44.44_1","NAME_1":"Texas","NAME_2":"Collingsworth"}},
{"type":"Feature","geometry":{"type":"Polygon","coordinates":[[[-96.5691,29.9568],[-96.8734,29.6324],[-96.8469,29.6194],[-96.8344,29.5768],[-96.7939,29.5764],[-96.5608,29.3349],[-96.6568,29.2646],[-96.6379,29.247],[-96.3479,29.4094],[-96.3069,29.5142],[-96.175,29.6325],[-96.1998,29.6536],[-96.2632,29.6695],[-96.3139,29.7579],[-96.334,29.8149],[-96.4125,29.8249],[-96.4408,29.8524],[-96.4647,29.8591],[-96.5435,29.9143],[-96.5691,29.9568]]]},"properties":{"GID_0":"USA","GID_1":"USA.44_1","GID_2":"USA.44.45_1","NAME_1":"Texas","NAME_2":"Colorado"}},
{"type":"Feature","geometry":{"type":"Polygon","coordinates":[[[-98.3124,29.5973],[-98.2045,29.6363],[-98.0895,29.6857],[-97.9996,29.7537],[-98.0389,29.8493],[-98.2986,30.0395],[-98.6478,29.7477],[-98.6048,29.7407],[-98.5357,29.7526],[-98.4851,29.735],[-98.4182,29.7446],[-98.3606,29.7318],[-98.3842,29.6786],[-98.3479,29.6551],[-98.3445,29.6175],[-98.3124,29.5973]]]},"properties":{"GID_0":"USA","GID_1":"USA.44_1","GID_2":"USA.44.46_1","NAME_1":"Texas","NAME_2":"Comal"}},
{"type":"Feature","geometry":{"type":"Polygon","coordinates":[[[-98.671,31.7003],[-98.4946,31.7246],[-98.4641,31.6858],[-98.1587,31.8395],[-98.2516,31.9783],[-98.3291,31.9412],[-98.5555,32.2593],[-98.7909,32.1422],[-98.9254,32.0811],[-98.8453,31.9677],[-98.671,31.7003]]]},"properties":{"GID_0":"USA","GID_1":"USA.44_1","GID_2":"USA.44.47_1","NAME_1":"Texas","NAME_2":"Comanche"}},
{"type":"Feature","geometry":{"type":"Polygon","coordinates":[[[-99.7236,31.5723],[-100.1154,31.5804],[-100.1136,31.0869],[-99.6051,31.0872],[-99.6047,31.493],[-99.6322,31.4694],[-99.6561,31.5229],[-99.7064,31.5746],[-99.7134,31.576],[-99.7156,31.5628],[-99.721,31.5614],[-99.7237,31.5637],[-99.7236,31.5723]]]},"properties":{"GID_0":"USA","GID_1":"USA.44_1","GID_2":"USA.44.48_1","NAME_1":"Texas","NAME_2":"Concho"}},
{"type":"Feature","geometry":{"type":"Polygon","coordinates":[[[-97.482,33.9156],[-97.4825,33.4357],[-97.384,33.4362],[-97.3842,33.4308],[-96.9451,33.4172],[-96.9447,33.9533],[-96.9936,33.933],[-96.989,33.8783],[-97.0511,33.8167],[-97.0938,33.7982],[-97.0915,33.734],[-97.1234,33.7163],[-97.1654,33.7313],[-97.1939,33.768],[-97.1945,33.828],[-97.166,33.8516],[-97.1837,33.896],[-97.2188,33.9134],[-97.2528,33.8685],[-97.3142,33.8686],[-97.3435,33.8557],[-97.3834,33.8179],[-97.4183,33.8173],[-97.4573,33.8354],[-97.4538,33.8986],[-97.482,33.9156]]]},"properties":{"GID_0":"USA","GID_1":"USA.44_1","GID_2":"USA.44.49_1","NAME_1":"Texas","NAME_2":"Cooke"}},
{"type":"Feature","geometry":{"type":"Polygon","coordinates":[[[-97.4214,31.3225],[-97.6911,31.71],[-97.7664,31.675],[-98.178,31.4629],[-97.9091,31.0673],[-97.4214,31.3225]]]},"properties":{"GID_0":"USA","GID_1":"USA.44_1","GID_2":"USA.44.50_1","NAME_1":"Texas","NAME_2":"Coryell"}},
{"type":"Feature","geometry":{"type":"Polygon","coordinates":[[[-100.4187,34.3144],[-100.5121,34.315],[-100.5206,33.835],[-100.0524,33.8375],[-100.0525,33.993],[-100.0502,34.0257],[-100.0493,34.2293],[-100.0137,34.243],[-99.9987,34.2252],[-99.9987,34.312],[-100.4187,34.3144]]]},"properties":{"GID_0":"USA","GID_1":"USA.44_1","GID_2":"USA.44.51_1","NAME_1":"Texas","NAME_2":"Cottle"}},
{"type":"Feature","geometry":{"type":"Polygon","coordinates":[[[-102.3007,31.0862],[-102.3123,31.3449],[-102.3171,31.6527],[-102.769,31.6512],[-102.7725,31.2963],[-102.7357,31.2867],[-102.7252,31.3094],[-102.6707,31.3299],[-102.5985,31.2667],[-102.5185,31.2608],[-102.4548,31.2248],[-102.4319,31.1956],[-102.4277,31.1271],[-102.3993,31.0862],[-102.3763,31.0848],[-102.3007,31.0862]]]},"properties":{"GID_0":"USA","GID_1":"USA.44_1","GID_2":"USA.44.52_1","NAME_1":"Texas","NAME_2":"Crane"}},
{"type":"Feature","geometry":{"type":"Polygon","coordinates":[[[-102.3763,31.0848],[-102.3325,31.0679],[-102.2781,31.0339],[-102.2474,31.0409],[-102.2044,31.0322],[-102.1957,31.0063],[-102.0768,30.9908],[-102.0547,31.0026],[-101.9828,30.9875],[-101.9522,30.9579],[-101.8815,30.9225],[-101.8882,30.8886],[-101.8508,30.8614],[-101.8343,30.8118],[-101.8361,30.7752],[-101.8336,30.7597],[-101.8165,30.7532],[-101.8084,30.703],[-101.7804,30.6865],[-101.767,30.6566],[-101.7611,30.6544],[-101.7117,30.6533],[-101.6537,30.6227],[-101.6605,30.5933],[-101.646,30.5565],[-101.6777,30.5231],[-101.6899,30.4717],[-101.7392,30.4242],[-101.7017,30.402],[-101.69,30.3747],[-101.6606,30.36],[-101.7382,30.3245],[-101.758,30.2885],[-101.2772,30.2878],[-100.9503,30.2903],[-100.9638,31.0825],[-101.2748,31.0794],[-101.7762,31.0798],[-102.3007,31.0862],[-102.3763,31.0848]]]},"properties":{"GID_0":"USA","GID_1":"USA.44_1","GID_2":"USA.44.53_1","NAME_1":"Texas","NAME_2":"Crockett"}},
{"type":"Feature","geometry":{"type":"Polygon","coordinates":[[[-101.0425,33.8342],[-101.5644,33.8297],[-101.5655,33.7491],[-101.5595,33.394],[-101.0406,33.3962],[-101.0425,33.8342]]]},"properties":{"GID_0":"USA","GID_1":"USA.44_1","GID_2":"USA.44.54_1","NAME_1":"Texas","NAME_2":"Crosby"}},
{"type":"Feature","geometry":{"type":"Polygon","coordinates":[[[-104.0265,32.001],[-104.9201,32.0029],[-104.9141,30.9791],[-104.9034,30.9791],[-104.9036,30.813],[-104.9131,30.8121],[-104.9141,30.6647],[-104.6791,30.8026],[-104.2529,31.0284],[-104.1024,31.1049],[-104.0265,32.001]]]},"properties":{"GID_0":"USA","GID_1":"USA.44_1","GID_2":"USA.44.55_1","NAME_1":"Texas","NAME_2":"Culberson"}},
{"type":"Feature","geometry":{"type":"Polygon","coordinates":[[[-103.0408,36.056],[-102.1628,36.0553],[-102.1618,36.5004],[-103.0408,36.5005],[-103.0393,36.2749],[-103.0408,36.056]]]},"properties":{"GID_0":"USA","GID_1":"USA.44_1","GID_2":"USA.44.56_1","NAME_1":"Texas","NAME_2":"Dallam"}},
{"type":"Feature","geometry":{"type":"Polygon","coordinates":[[[-96.8462,32.9883],[-97.0355,32.9902],[-97.0377,32.5502],[-96.5252,32.5457],[-96.5185,32.9847],[-96.8462,32.9883]]]},"properties":{"GID_0":"USA","GID_1":"USA.44_1","GID_2":"USA.44.57_1","NAME_1":"Texas","NAME_2":"Dallas"}},
{"type":"Feature","geometry":{"type":"Polygon","coordinates":[[[-101.6915,32.9597],[-102.2039,32.961],[-102.2038,32.5237],[-101.6915,32.5252],[-101.6915,32.9597]]]},"properties":{"GID_0":"USA","GID_1":"USA.44_1","GID_2":"USA.44.58_1","NAME_1":"Texas","NAME_2":"Dawson"}},
{"type":"Feature","geometry":{"type":"Polygon","coordinates":[[[-103.0424,34.7472],[-102.7748,34.7461],[-102.1727,34.7475],[-102.1676,35.1832],[-103.0421,35.1861],[-103.0424,34.7472]]]},"properties":{"GID_0":"USA","GID_1":"USA.44_1","GID_2":"USA.44.59_1","NAME_1":"Texas","NAME_2":"DeafSmith"}},
{"type":"Feature","geometry":{"type":"Polygon","coordinates":[[[-95.8603,33.4087],[-95.8643,33.2176],[-95.8082,33.2406],[-95.7586,33.2952],[-95.6456,33.311],[-95.614,33.3449],[-95.5847,33.3579],[-95.522,33.3468],[-95.4528,33.365],[-95.3997,33.3693],[-95.3512,33.3619],[-95.309,33.3774],[-95.3902,33.3992],[-95.4892,33.4546],[-95.529,33.4468],[-95.5623,33.4749],[-95.647,33.4843],[-95.6748,33.4729],[-95.7053,33.4858],[-95.7797,33.49],[-95.8258,33.4615],[-95.8597,33.4628],[-95.8603,33.4087]]]},"properties":{"GID_0":"USA","GID_1":"USA.44_1","GID_2":"USA.44.60_1","NAME_1":"Texas","NAME_2":"Delta"}},
{"type":"Feature","geometry":{"type":"Polygon","coordinates":[[[-96.8349,33.406],[-96.8465,33.4063],[-96.8462,33.4131],[-97.3842,33.4308],[-97.3954,32.9922],[-97.0357,32.9843],[-97.0355,32.9902],[-96.8462,32.9883],[-96.8349,33.406]]]},"properties":{"GID_0":"USA","GID_1":"USA.44_1","GID_2":"USA.44.61_1","NAME_1":"Texas","NAME_2":"Denton"}},
{"type":"Feature","geometry":{"type":"Polygon","coordinates":[[[-97.2351,29.3817],[-97.473,29.216],[-97.755,29.0056],[-97.5693,28.8157],[-97.4199,28.9233],[-97.3417,28.8939],[-97.3289,28.8729],[-97.3068,28.8622],[-96.9777,29.1037],[-97.2351,29.3817]]]},"properties":{"GID_0":"USA","GID_1":"USA.44_1","GID_2":"USA.44.62_1","NAME_1":"Texas","NAME_2":"Dewitt"}},
{"type":"Feature","geometry":{"type":"Polygon","coordinates":[[[-101.0406,33.3962],[-100.5194,33.3966],[-100.5206,33.835],[-101.0425,33.8342],[-101.0406,33.3962]]]},"properties":{"GID_0":"USA","GID_1":"USA.44_1","GID_2":"USA.44.63_1","NAME_1":"Texas","NAME_2":"Dickens"}},
{"type":"Feature","geometry":{"type":"Polygon","coordinates":[[[-99.4009,28.6417],[-100.1118,28.6383],[-100.1107,28.199],[-100.0008,28.1972],[-99.3901,28.1991],[-99.3931,28.6417],[-99.4009,28.6417]]]},"properties":{"GID_0":"USA","GID_1":"USA.44_1","GID_2":"USA.44.64_1","NAME_1":"Texas","NAME_2":"Dimmit"}},
{"type":"Feature","geometry":{"type":"Polygon","coordinates":[[[-101.0873,34.7476],[-100.943,34.7466],[-100.5396,34.7478],[-100.5388,35.1837],[-101.0862,35.1826],[-101.0873,34.7476]]]},"properties":{"GID_0":"USA","GID_1":"USA.44_1","GID_2":"USA.44.65_1","NAME_1":"Texas","NAME_2":"Donley"}},
{"type":"Feature","geometry":{"type":"Polygon","coordinates":[[[-98.2339,27.2644],[-98.2338,28.0607],[-98.8025,28.0571],[-98.8,27.3549],[-98.5527,27.361],[-98.5239,27.3417],[-98.5252,27.267],[-98.2339,27.2644]]]},"properties":{"GID_0":"USA","GID_1":"USA.44_1","GID_2":"USA.44.66_1","NAME_1":"Texas","NAME_2":"Duval"}},
{"type":"Feature","geometry":{"type":"Polygon","coordinates":[[[-98.9254,32.0811],[-98.7909,32.1422],[-98.4773,32.2984],[-98.4796,32.5172],[-99.1142,32.5157],[-99.1167,32.3809],[-99.1184,32.0837],[-98.9254,32.0811]]]},"properties":{"GID_0":"USA","GID_1":"USA.44_1","GID_2":"USA.44.67_1","NAME_1":"Texas","NAME_2":"Eastland"}},
{"type":"Feature","geometry":{"type":"Polygon","coordinates":[[[-102.7982,32.0871],[-102.7986,31.6513],[-102.2897,31.6533],[-102.2897,32.0885],[-102.7982,32.0871]]]},"properties":{"GID_0":"USA","GID_1":"USA.44_1","GID_2":"USA.44.68_1","NAME_1":"Texas","NAME_2":"Ector"}},
{"type":"Feature","geometry":{"type":"Polygon","coordinates":[[[-99.7576,30.2882],[-100.0347,30.287],[-100.1183,30.2897],[-100.6999,30.2899],[-100.6992,29.6236],[-100.0145,29.6237],[-100.0079,29.6318],[-100.0443,29.6944],[-100.0226,29.7439],[-100.0352,29.7764],[-100.0137,29.7957],[-100.0268,29.82],[-100.021,29.8868],[-99.9989,29.9166],[-99.9916,30.0205],[-99.9726,30.0796],[-99.9235,30.0772],[-99.7577,30.0772],[-99.7576,30.2882]]]},"properties":{"GID_0":"USA","GID_1":"USA.44_1","GID_2":"USA.44.69_1","NAME_1":"Texas","NAME_2":"Edwards"}},
{"type":"Feature","geometry":{"type":"Polygon","coordinates":[[[-105.9978,32.002],[-106.6193,32.0012],[-106.6362,31.9878],[-106.6147,31.9196],[-106.6427,31.9047],[-106.636,31.8694],[-106.5994,31.8254],[-106.544,31.8081],[-106.4904,31.7486],[-106.4507,31.7642],[-106.3816,31.7324],[-106.3494,31.6959],[-106.3032,31.6218],[-106.2811,31.5626],[-106.2471,31.5425],[-106.2196,31.4815],[-106.1331,31.4255],[-106.0802,31.3985],[-105.9985,31.3888],[-105.9609,31.4104],[-105.9611,31.4786],[-105.9961,31.4794],[-105.9978,32.002]]]},"properties":{"GID_0":"USA","GID_1":"USA.44_1","GID_2":"USA.44.70_1","NAME_1":"Texas","NAME_2":"ElPaso"}},
{"type":"Feature","geometry":{"type":"Polygon","coordinates":[[[-97.0377,32.5502],[-97.0899,32.5506],[-97.0883,32.2689],[-96.9419,32.0543],[-96.3843,32.3293],[-96.3933,32.3337],[-96.4264,32.3347],[-96.4519,32.3601],[-96.4366,32.4112],[-96.4757,32.4343],[-96.5106,32.4814],[-96.5033,32.5254],[-96.5323,32.5454],[-97.0377,32.5502]]]},"properties":{"GID_0":"USA","GID_1":"USA.44_1","GID_2":"USA.44.71_1","NAME_1":"Texas","NAME_2":"Ellis"}},
{"type":"Feature","geometry":{"type":"Polygon","coordinates":[[[-97.863,32.0892],[-97.9438,32.2275],[-98.0675,32.5141],[-98.4796,32.5172],[-98.4773,32.2984],[-98.5555,32.2593],[-98.3291,31.9412],[-98.2516,31.9783],[-98.2077,31.9133],[-97.863,32.0892]]]},"properties":{"GID_0":"USA","GID_1":"USA.44_1","GID_2":"USA.44.72_1","NAME_1":"Texas","NAME_2":"Erath"}},
{"type":"Feature","geometry":{"type":"Polygon","coordinates":[[[-97.0712,30.988],[-96.8277,31.1143],[-96.8307,31.1053],[-96.5948,31.2235],[-96.8,31.5192],[-97.2781,31.2793],[-97.0712,30.988]]]},"properties":{"GID_0":"USA","GID_1":"USA.44_1","GID_2":"USA.44.73_1","NAME_1":"Texas","NAME_2":"Falls"}},
{"type":"Feature","geometry":{"type":"Polygon","coordinates":[[[-96.3773,33.7261],[-96.3835,33.3394],[-95.8603,33.4087],[-95.8558,33.8273],[-95.8439,33.8389],[-95.9154,33.8808],[-95.9507,33.8579],[-96.049,33.8367],[-96.0995,33.8495],[-96.1498,33.8354],[-96.1698,33.8171],[-96.1654,33.7801],[-96.1857,33.7549],[-96.2315,33.7475],[-96.292,33.7679],[-96.3196,33.6957],[-96.3605,33.6903],[-96.3773,33.7261]]]},"properties":{"GID_0":"USA","GID_1":"USA.44_1","GID_2":"USA.44.74_1","NAME_1":"Texas","NAME_2":"Fannin"}},
{"type":"Feature","geometry":{"type":"Polygon","coordinates":[[[-96.6191,30.0491],[-96.637,30.0748],[-96.6314,30.109],[-96.6805,30.1485],[-96.7529,30.1369],[-96.7932,30.1601],[-96.8428,30.1194],[-97.0227,30.0356],[-97.0274,30.0541],[-97.1175,29.9649],[-97.254,29.8383],[-97.3173,29.7849],[-97.1292,29.6454],[-97.1289,29.6394],[-97.1413,29.6292],[-96.8734,29.6324],[-96.5691,29.9568],[-96.585,29.9821],[-96.6191,30.0491]]]},"properties":{"GID_0":"USA","GID_1":"USA.44_1","GID_2":"USA.44.75_1","NAME_1":"Texas","NAME_2":"Fayette"}},
{"type":"Feature","geometry":{"type":"Polygon","coordinates":[[[-100.1431,32.959],[-100.5192,32.9633],[-100.6555,32.9633],[-100.6643,32.5259],[-100.1466,32.5213],[-100.1422,32.7987],[-100.1431,32.959]]]},"properties":{"GID_0":"USA","GID_1":"USA.44_1","GID_2":"USA.44.76_1","NAME_1":"Texas","NAME_2":"Fisher"}},
{"type":"Feature","geometry":{"type":"Polygon","coordinates":[[[-101.4717,34.3127],[-101.5641,34.3124],[-101.5644,33.8297],[-101.0425,33.8342],[-101.0423,34.3119],[-101.4717,34.3127]]]},"properties":{"GID_0":"USA","GID_1":"USA.44_1","GID_2":"USA.44.77_1","NAME_1":"Texas","NAME_2":"Floyd"}},
{"type":"Feature","geometry":{"type":"Polygon","coordinates":[[[-99.4785,33.8318],[-99.4774,34.0814],[-99.4891,34.071],[-99.5123,34.0792],[-99.5329,34.0743],[-99.5662,34.064],[-99.6382,34.0961],[-99.6776,34.0885],[-99.7519,34.0977],[-99.7846,34.0928],[-99.9987,34.2252],[-100.0137,34.243],[-100.0493,34.2293],[-100.0502,34.0257],[-100.0525,33.993],[-100.0524,33.8375],[-99.9998,33.838],[-99.8395,33.8351],[-99.8379,33.8151],[-99.7727,33.8173],[-99.7141,33.8094],[-99.6858,33.8253],[-99.6632,33.8075],[-99.5993,33.7854],[-99.5616,33.7962],[-99.5253,33.7706],[-99.4944,33.7655],[-99.4786,33.7336],[-99.4785,33.8318]]]},"properties":{"GID_0":"USA","GID_1":"USA.44_1","GID_2":"USA.44.78_1","NAME_1":"Texas","NAME_2":"Foard"}},
{"type":"Feature","geometry":{"type":"Polygon","coordinates":[[[-96.0919,29.6021],[-96.0606,29.5872],[-96.0438,29.5554],[-96.0424,29.5406],[-96.0571,29.5173],[-96.0512,29.5102],[-96.0251,29.507],[-96.0596,29.4757],[-96.0344,29.4431],[-95.9937,29.4292],[-95.9396,29.3565],[-95.9481,29.3325],[-95.9017,29.3184],[-95.8795,29.2703],[-95.8525,29.266],[-95.8486,29.2613],[-95.7972,29.3076],[-95.752,29.3241],[-95.6656,29.2966],[-95.6254,29.2948],[-95.5882,29.3284],[-95.5727,29.3798],[-95.5506,29.3945],[-95.5497,29.4381],[-95.4618,29.4394],[-95.4225,29.5828],[-95.4298,29.5831],[-95.6077,29.6638],[-95.8263,29.7893],[-95.9697,29.7292],[-96.036,29.7293],[-96.0155,29.7185],[-96.0458,29.666],[-96.0195,29.6457],[-96.0254,29.5996],[-96.0919,29.6021]]]},"properties":{"GID_0":"USA","GID_1":"USA.44_1","GID_2":"USA.44.79_1","NAME_1":"Texas","NAME_2":"FortBend"}},
{"type":"Feature","geometry":{"type":"Polygon","coordinates":[[[-95.1288,33.035],[-95.1245,33.3875],[-95.2193,33.3769],[-95.2397,33.3678],[-95.309,33.3774],[-95.3105,32.9647],[-95.1725,32.9644],[-95.1515,33.0123],[-95.1288,33.035]]]},"properties":{"GID_0":"USA","GID_1":"USA.44_1","GID_2":"USA.44.80_1","NAME_1":"Texas","NAME_2":"Franklin"}},
{"type":"Feature","geometry":{"type":"Polygon","coordinates":[[[-96.0524,32.0048],[-96.0554,32.0099],[-96.4998,31.8005],[-96.4298,31.7011],[-96.2333,31.4115],[-95.9342,31.5531],[-95.7872,31.6176],[-95.7941,31.6617],[-95.8333,31.6956],[-95.8767,31.6981],[-95.8674,31.7448],[-95.9054,31.7699],[-95.9514,31.7775],[-95.9766,31.8017],[-95.9959,31.8476],[-95.9711,31.8791],[-96.0298,31.8821],[-96.0061,31.9246],[-96.0567,31.9511],[-96.0524,32.0048]]]},"properties":{"GID_0":"USA","GID_1":"USA.44_1","GID_2":"USA.44.81_1","NAME_1":"Texas","NAME_2":"Freestone"}},
{"type":"Feature","geometry":{"type":"Polygon","coordinates":[[[-98.8039,29.0884],[-99.4107,29.087],[-99.4009,28.6417],[-98.8035,28.645],[-98.8039,29.0884]]]},"properties":{"GID_0":"USA","GID_1":"USA.44_1","GID_2":"USA.44.82_1","NAME_1":"Texas","NAME_2":"Frio"}},
{"type":"Feature","geometry":{"type":"Polygon","coordinates":[[[-103.0637,32.5215],[-102.2038,32.5237],[-102.2039,32.961],[-103.0632,32.9589],[-103.0637,32.5215]]]},"properties":{"GID_0":"USA","GID_1":"USA.44_1","GID_2":"USA.44.83_1","NAME_1":"Texas","NAME_2":"Gaines"}},
{"type":"Feature","geometry":{"type":"MultiPolygon","coordinates":[[[[-95.2,29.5626],[-95.2144,29.5587],[-95.2333,29.4668],[-95.0584,29.2007],[-94.9617,29.2861],[-94.9414,29.3114],[-94.9122,29.3106],[-94.8842,29.2728],[-94.9439,29.2358],[-94.9674,29.1852],[-94.8237,29.2668],[-94.7253,29.3331],[-94.7664,29.3378],[-94.7933,29.3102],[-94.8747,29.2921],[-94.8983,29.3038],[-94.9086,29.3424],[-94.8672,29.3746],[-94.886,29.3914],[-94.8913,29.4338],[-94.9536,29.4723],[-94.9121,29.4965],[-94.9805,29.5127],[-95.0178,29.5498],[-95.0589,29.56],[-95.1053,29.5125],[-95.129,29.5104],[-95.1349,29.5084],[-95.1611,29.4994],[-95.1711,29.5081],[-95.2,29.5626]]],[[[-94.4542,29.5648],[-94.4944,29.5129],[-94.5122,29.5164],[-94.6816,29.4538],[-94.7705,29.3838],[-94.7294,29.3699],[-94.7077,29.4046],[-94.6694,29.4327],[-94.588,29.4721],[-94.3726,29.5549],[-94.3735,29.6019],[-94.4161,29.5931],[-94.4213,29.5709],[-94.4542,29.5648]]],[[[-94.5608,29.5306],[-94.5883,29.5164],[-94.6044,29.4842],[-94.5222,29.5133],[-94.5608,29.5306]]]]},"properties":{"GID_0":"USA","GID_1":"USA.44_1","GID_2":"USA.44.84_1","NAME_1":"Texas","NAME_2":"Galveston"}},
{"type":"Feature","geometry":{"type":"Polygon","coordinates":[[[-101.1738,32.9627],[-101.0371,32.9701],[-101.0406,33.3962],[-101.5595,33.394],[-101.5553,32.9589],[-101.1738,32.9627]]]},"properties":{"GID_0":"USA","GID_1":"USA.44_1","GID_2":"USA.44.85_1","NAME_1":"Texas","NAME_2":"Garza"}},
{"type":"Feature","geometry":{"type":"Polygon","coordinates":[[[-98.5855,30.4989],[-99.302,30.5003],[-99.3034,30.1398],[-98.5896,30.1375],[-98.5855,30.4989]]]},"properties":{"GID_0":"USA","GID_1":"USA.44_1","GID_2":"USA.44.86_1","NAME_1":"Texas","NAME_2":"Gillespie"}},
{"type":"Feature","geometry":{"type":"Polygon","coordinates":[[[-101.6942,32.0881],[-101.7764,32.0882],[-101.777,31.6521],[-101.2654,31.6522],[-101.2626,32.0896],[-101.6942,32.0881]]]},"properties":{"GID_0":"USA","GID_1":"USA.44_1","GID_2":"USA.44.87_1","NAME_1":"Texas","NAME_2":"Glasscock"}},
{"type":"Feature","geometry":{"type":"Polygon","coordinates":[[[-97.3742,28.3879],[-97.1516,28.5468],[-97.1759,28.5943],[-97.1681,28.7498],[-97.1634,28.7819],[-97.1945,28.8148],[-97.1923,28.8359],[-97.2324,28.8649],[-97.2606,28.8436],[-97.2997,28.8414],[-97.3068,28.8622],[-97.3289,28.8729],[-97.3417,28.8939],[-97.4199,28.9233],[-97.7743,28.669],[-97.7334,28.6277],[-97.6952,28.5447],[-97.642,28.5219],[-97.6123,28.5281],[-97.5567,28.5163],[-97.5507,28.4537],[-97.4958,28.4395],[-97.462,28.4098],[-97.4262,28.4126],[-97.3742,28.3879]]]},"properties":{"GID_0":"USA","GID_1":"USA.44_1","GID_2":"USA.44.88_1","NAME_1":"Texas","NAME_2":"Goliad"}},
{"type":"Feature","geometry":{"type":"Polygon","coordinates":[[[-97.6319,29.6529],[-97.6533,29.6199],[-97.8576,29.3527],[-97.6145,29.1096],[-97.473,29.216],[-97.2351,29.3817],[-97.2051,29.5121],[-97.2006,29.5831],[-97.1289,29.6394],[-97.1292,29.6454],[-97.3173,29.7849],[-97.5979,29.632],[-97.6319,29.6529]]]},"properties":{"GID_0":"USA","GID_1":"USA.44_1","GID_2":"USA.44.89_1","NAME_1":"Texas","NAME_2":"Gonzales"}},
{"type":"Feature","geometry":{"type":"Polygon","coordinates":[[[-101.0862,35.1826],[-100.5388,35.1837],[-100.5413,35.6208],[-101.0862,35.6211],[-101.0862,35.1826]]]},"properties":{"GID_0":"USA","GID_1":"USA.44_1","GID_2":"USA.44.90_1","NAME_1":"Texas","NAME_2":"Gray"}},
{"type":"Feature","geometry":{"type":"Polygon","coordinates":[[[-96.3773,33.7261],[-96.4241,33.7772],[-96.502,33.7741],[-96.5322,33.8214],[-96.5708,33.8184],[-96.617,33.843],[-96.59,33.8961],[-96.6353,33.8975],[-96.6709,33.9151],[-96.6899,33.8588],[-96.7175,33.8323],[-96.7669,33.8291],[-96.7852,33.8627],[-96.8242,33.873],[-96.8528,33.8529],[-96.8796,33.8699],[-96.9048,33.9386],[-96.9447,33.9533],[-96.9451,33.4172],[-96.8462,33.4131],[-96.8465,33.4063],[-96.383,33.3995],[-96.3773,33.7261]]]},"properties":{"GID_0":"USA","GID_1":"USA.44_1","GID_2":"USA.44.91_1","NAME_1":"Texas","NAME_2":"Grayson"}},
{"type":"Feature","geometry":{"type":"Polygon","coordinates":[[[-94.5736,32.396],[-94.6458,32.399],[-94.7012,32.4235],[-94.702,32.6567],[-94.7613,32.659],[-94.8196,32.5932],[-94.9895,32.5352],[-94.9873,32.3713],[-94.6595,32.3723],[-94.5915,32.3654],[-94.5736,32.396]]]},"properties":{"GID_0":"USA","GID_1":"USA.44_1","GID_2":"USA.44.92_1","NAME_1":"Texas","NAME_2":"Gregg"}},
{"type":"Feature","geometry":{"type":"Polygon","coordinates":[[[-96.1552,30.3324],[-96.0894,30.2893],[-96.0981,30.2411],[-96.1032,30.2335],[-96.0951,30.2268],[-95.8097,30.2414],[-95.8297,30.6285],[-95.8641,30.8641],[-96.0161,30.8404],[-96.172,30.8244],[-96.1845,30.7955],[-96.1655,30.7688],[-96.163,30.7312],[-96.1779,30.7098],[-96.1697,30.6683],[-96.1893,30.6017],[-96.1643,30.567],[-96.1637,30.535],[-96.1383,30.4993],[-96.1281,30.4472],[-96.1093,30.4186],[-96.1246,30.3848],[-96.1501,30.3839],[-96.1552,30.3324]]]},"properties":{"GID_0":"USA","GID_1":"USA.44_1","GID_2":"USA.44.93_1","NAME_1":"Texas","NAME_2":"Grimes"}},
{"type":"Feature","geometry":{"type":"Polygon","coordinates":[[[-98.1381,29.4368],[-98.1176,29.3708],[-98.0923,29.38],[-97.8381,29.3775],[-97.6533,29.6199],[-97.6319,29.6529],[-97.7023,29.6709],[-97.7618,29.7244],[-97.7637,29.7295],[-97.7934,29.7589],[-97.8036,29.7518],[-97.8359,29.784],[-97.8416,29.8258],[-97.8497,29.8407],[-97.8786,29.8591],[-97.9478,29.8091],[-97.9996,29.7537],[-98.0895,29.6857],[-98.2045,29.6363],[-98.3124,29.5973],[-98.3,29.5613],[-98.2626,29.5465],[-98.2645,29.5544],[-98.2587,29.5561],[-98.2562,29.5501],[-98.2295,29.5488],[-98.2222,29.5454],[-98.2296,29.5446],[-98.1906,29.506],[-98.1894,29.489],[-98.1261,29.4815],[-98.1238,29.4461],[-98.1381,29.4368]]]},"properties":{"GID_0":"USA","GID_1":"USA.44_1","GID_2":"USA.44.94_1","NAME_1":"Texas","NAME_2":"Guadalupe"}},
{"type":"Feature","geometry":{"type":"Polygon","coordinates":[[[-102.0909,34.3096],[-102.0867,33.8237],[-101.5644,33.8297],[-101.5641,34.3124],[-102.0909,34.3096]]]},"properties":{"GID_0":"USA","GID_1":"USA.44_1","GID_2":"USA.44.95_1","NAME_1":"Texas","NAME_2":"Hale"}},
{"type":"Feature","geometry":{"type":"Polygon","coordinates":[[[-100.9472,34.3132],[-100.4187,34.3144],[-100.4155,34.7474],[-100.943,34.7466],[-100.9472,34.3132]]]},"properties":{"GID_0":"USA","GID_1":"USA.44_1","GID_2":"USA.44.96_1","NAME_1":"Texas","NAME_2":"Hall"}},
{"type":"Feature","geometry":{"type":"Polygon","coordinates":[[[-98.0054,32.0162],[-98.2077,31.9133],[-98.1587,31.8395],[-98.4641,31.6858],[-98.2659,31.4173],[-97.7664,31.675],[-97.8845,31.847],[-98.0054,32.0162]]]},"properties":{"GID_0":"USA","GID_1":"USA.44_1","GID_2":"USA.44.97_1","NAME_1":"Texas","NAME_2":"Hamilton"}},
{"type":"Feature","geometry":{"type":"Polygon","coordinates":[[[-101.6255,36.5025],[-101.6262,36.3191],[-101.6239,36.0556],[-101.3997,36.0548],[-101.0828,36.0567],[-101.0853,36.2717],[-101.0908,36.5003],[-101.6255,36.5025]]]},"properties":{"GID_0":"USA","GID_1":"USA.44_1","GID_2":"USA.44.98_1","NAME_1":"Texas","NAME_2":"Hansford"}},
{"type":"Feature","geometry":{"type":"Polygon","coordinates":[[[-99.4774,34.0814],[-99.4759,34.389],[-99.5057,34.4079],[-99.5793,34.4149],[-99.6074,34.3717],[-99.7054,34.384],[-99.8011,34.4588],[-99.8671,34.5364],[-99.9213,34.5728],[-99.9487,34.5803],[-99.9808,34.5624],[-100.0014,34.5583],[-99.9987,34.2252],[-99.7846,34.0928],[-99.7519,34.0977],[-99.6776,34.0885],[-99.6382,34.0961],[-99.5662,34.064],[-99.5329,34.0743],[-99.5123,34.0792],[-99.4891,34.071],[-99.4774,34.0814]]]},"properties":{"GID_0":"USA","GID_1":"USA.44_1","GID_2":"USA.44.99_1","NAME_1":"Texas","NAME_2":"Hardeman"}},
{"type":"Feature","geometry":{"type":"Polygon","coordinates":[[[-94.1174,30.166],[-94.0984,30.2094],[-94.1183,30.2357],[-94.1092,30.2513],[-94.1011,30.2604],[-94.117,30.3053],[-94.0863,30.3486],[-94.12,30.4109],[-94.0808,30.4908],[-94.0732,30.5234],[-94.0691,30.5277],[-94.5523,30.5257],[-94.5445,30.4909],[-94.7394,30.4913],[-94.5991,30.1151],[-94.4426,30.1146],[-94.4034,30.1007],[-94.2932,30.1193],[-94.2721,30.1719],[-94.2374,30.1677],[-94.2101,30.1874],[-94.1174,30.166]]]},"properties":{"GID_0":"USA","GID_1":"USA.44_1","GID_2":"USA.44.100_1","NAME_1":"Texas","NAME_2":"Hardin"}},
{"type":"Feature","geometry":{"type":"Polygon","coordinates":[[[-95.241,29.5608],[-95.2144,29.5587],[-95.2,29.5626],[-95.1711,29.5081],[-95.1611,29.4994],[-95.1349,29.5084],[-95.129,29.5104],[-95.1053,29.5125],[-95.0589,29.56],[-95.0178,29.5498],[-94.9825,29.6011],[-95.0155,29.6385],[-94.981,29.6765],[-95.0008,29.6967],[-95.0535,29.7067],[-95.0701,29.7532],[-95.0994,29.7841],[-95.0683,29.8136],[-95.0188,29.7217],[-94.9963,29.7074],[-94.943,29.6982],[-94.9333,29.6778],[-94.9281,29.698],[-94.9352,29.7112],[-94.917,29.7594],[-94.9378,29.8324],[-94.9846,29.8859],[-94.9982,29.9189],[-94.9829,29.9622],[-95.0022,29.992],[-95.0311,29.9931],[-95.0963,30.1675],[-95.2611,30.0328],[-95.2883,30.0276],[-95.3521,30.0757],[-95.4128,30.0952],[-95.4238,30.1158],[-95.4917,30.1113],[-95.4975,30.14],[-95.5258,30.1649],[-95.5472,30.1695],[-95.5962,30.1334],[-95.6206,30.1321],[-95.6676,30.1015],[-95.6843,30.1063],[-95.7639,30.0878],[-95.7864,30.0924],[-95.8085,30.0884],[-95.8257,30.0826],[-95.8725,30.1188],[-95.9038,30.1254],[-95.9628,30.1615],[-95.8263,29.7893],[-95.6077,29.6638],[-95.4298,29.5831],[-95.3931,29.5829],[-95.3823,29.588],[-95.3472,29.5874],[-95.2904,29.5982],[-95.2623,29.5924],[-95.255,29.555],[-95.2412,29.5585],[-95.241,29.5608]]]},"properties":{"GID_0":"USA","GID_1":"USA.44_1","GID_2":"USA.44.101_1","NAME_1":"Texas","NAME_2":"Harris"}},
{"type":"Feature","geometry":{"type":"Polygon","coordinates":[[[-94.0449,32.6926],[-94.0926,32.6915],[-94.0991,32.736],[-94.1441,32.7416],[-94.1728,32.695],[-94.2194,32.7025],[-94.2426,32.7506],[-94.2833,32.7491],[-94.3819,32.6941],[-94.5069,32.6935],[-94.7018,32.793],[-94.7012,32.4235],[-94.6458,32.399],[-94.5736,32.396],[-94.5571,32.4066],[-94.5182,32.3879],[-94.4821,32.3907],[-94.4369,32.3611],[-94.409,32.3702],[-94.3466,32.331],[-94.0444,32.3899],[-94.0449,32.6926]]]},"properties":{"GID_0":"USA","GID_1":"USA.44_1","GID_2":"USA.44.102_1","NAME_1":"Texas","NAME_2":"Harrison"}},
{"type":"Feature","geometry":{"type":"Polygon","coordinates":[[[-103.0409,35.6225],[-102.1624,35.6277],[-102.1628,36.0553],[-103.0408,36.056],[-103.0409,35.6225]]]},"properties":{"GID_0":"USA","GID_1":"USA.44_1","GID_2":"USA.44.103_1","NAME_1":"Texas","NAME_2":"Hartley"}},
{"type":"Feature","geometry":{"type":"Polygon","coordinates":[[[-99.6138,32.9575],[-99.4722,32.9569],[-99.4753,33.3956],[-99.9927,33.395],[-99.9949,32.9586],[-99.6138,32.9575]]]},"properties":{"GID_0":"USA","GID_1":"USA.44_1","GID_2":"USA.44.104_1","NAME_1":"Texas","NAME_2":"Haskell"}},
{"type":"Feature","geometry":{"type":"Polygon","coordinates":[[[-98.2986,30.0395],[-98.0389,29.8493],[-97.9996,29.7537],[-97.9478,29.8091],[-97.8786,29.8591],[-97.888,29.8625],[-97.897,29.8819],[-97.7995,29.9459],[-97.7659,29.9791],[-97.7131,30.0229],[-98.1732,30.356],[-98.2197,30.2335],[-98.2986,30.0395]]]},"properties":{"GID_0":"USA","GID_1":"USA.44_1","GID_2":"USA.44.105_1","NAME_1":"Texas","NAME_2":"Hays"}},
{"type":"Feature","geometry":{"type":"Polygon","coordinates":[[[-100.002,36.0539],[-100.5438,36.0577],[-100.5413,35.6208],[-100.0011,35.6197],[-100.002,36.0539]]]},"properties":{"GID_0":"USA","GID_1":"USA.44_1","GID_2":"USA.44.106_1","NAME_1":"Texas","NAME_2":"Hemphill"}},
{"type":"Feature","geometry":{"type":"Polygon","coordinates":[[[-95.4265,32.0847],[-95.4293,32.0925],[-95.4587,32.128],[-95.4623,32.1404],[-95.4621,32.1828],[-95.4826,32.222],[-95.4856,32.2363],[-95.4658,32.251],[-95.4503,32.2942],[-95.4468,32.3552],[-96.0751,32.3573],[-96.4519,32.3601],[-96.4264,32.3347],[-96.3933,32.3337],[-96.3285,32.3038],[-96.2925,32.2953],[-96.2878,32.2915],[-96.2878,32.2577],[-96.2378,32.247],[-96.1953,32.2054],[-96.1662,32.1579],[-96.1089,32.1545],[-96.1183,32.0951],[-96.0644,32.0796],[-96.0682,32.035],[-96.0554,32.0099],[-96.0524,32.0048],[-95.4265,32.0847]]]},"properties":{"GID_0":"USA","GID_1":"USA.44_1","GID_2":"USA.44.107_1","NAME_1":"Texas","NAME_2":"Henderson"}},
{"type":"Feature","geometry":{"type":"Polygon","coordinates":[[[-98.5897,26.2591],[-98.5626,26.2244],[-98.5206,26.2295],[-98.4862,26.2128],[-98.4438,26.2239],[-98.4426,26.1989],[-98.387,26.1577],[-98.3356,26.1657],[-98.3216,26.1183],[-98.2806,26.1173],[-98.2643,26.0849],[-98.2048,26.0664],[-98.1768,26.0753],[-98.1432,26.0541],[-98.1047,26.0676],[-98.0701,26.0509],[-97.9802,26.0672],[-97.9252,26.0569],[-97.8663,26.0629],[-97.8617,26.4339],[-97.909,26.435],[-98.0027,26.4485],[-97.9839,26.5359],[-97.9697,26.552],[-97.957,26.6115],[-97.9867,26.6175],[-97.9864,26.7833],[-98.3254,26.7837],[-98.5897,26.2591]]]},"properties":{"GID_0":"USA","GID_1":"USA.44_1","GID_2":"USA.44.108_1","NAME_1":"Texas","NAME_2":"Hidalgo"}},
{"type":"Feature","geometry":{"type":"Polygon","coordinates":[[[-97.2785,31.7464],[-97.0394,31.8621],[-96.9329,31.7114],[-96.7184,31.8195],[-96.8984,32.075],[-96.9419,32.0543],[-97.0883,32.2689],[-97.4657,32.1832],[-97.4654,32.1745],[-97.4937,32.1354],[-97.474,32.0899],[-97.4923,32.0597],[-97.4837,32.023],[-97.428,32.0241],[-97.3817,31.9696],[-97.4314,31.9361],[-97.3695,31.8959],[-97.3795,31.8719],[-97.3292,31.8429],[-97.302,31.8478],[-97.2813,31.8235],[-97.3263,31.7845],[-97.2785,31.7464]]]},"properties":{"GID_0":"USA","GID_1":"USA.44_1","GID_2":"USA.44.109_1","NAME_1":"Texas","NAME_2":"Hill"}},
{"type":"Feature","geometry":{"type":"Polygon","coordinates":[[[-102.5954,33.3903],[-102.0774,33.3894],[-102.0867,33.8237],[-102.616,33.8257],[-102.5954,33.3903]]]},"properties":{"GID_0":"USA","GID_1":"USA.44_1","GID_2":"USA.44.110_1","NAME_1":"Texas","NAME_2":"Hockley"}},
{"type":"Feature","geometry":{"type":"Polygon","coordinates":[[[-97.9464,32.233],[-97.7825,32.3188],[-97.6138,32.3186],[-97.6155,32.5533],[-98.067,32.5555],[-98.0675,32.5141],[-97.9464,32.233]]]},"properties":{"GID_0":"USA","GID_1":"USA.44_1","GID_2":"USA.44.111_1","NAME_1":"Texas","NAME_2":"Hood"}},
{"type":"Feature","geometry":{"type":"Polygon","coordinates":[[[-95.8643,33.2176],[-95.8658,33.1894],[-95.8673,32.9821],[-95.666,32.9797],[-95.6637,32.9627],[-95.3105,32.9647],[-95.309,33.3774],[-95.3512,33.3619],[-95.3997,33.3693],[-95.4528,33.365],[-95.522,33.3468],[-95.5847,33.3579],[-95.614,33.3449],[-95.6456,33.311],[-95.7586,33.2952],[-95.8082,33.2406],[-95.8643,33.2176]]]},"properties":{"GID_0":"USA","GID_1":"USA.44_1","GID_2":"USA.44.112_1","NAME_1":"Texas","NAME_2":"Hopkins"}},
{"type":"Feature","geometry":{"type":"Polygon","coordinates":[[[-95.7362,31.5047],[-95.7383,31.4737],[-95.7239,31.4626],[-95.6904,31.3754],[-95.6623,31.3583],[-95.6553,31.3197],[-95.7272,31.2681],[-95.7285,31.2233],[-95.7467,31.2035],[-95.7294,31.1653],[-95.7372,31.1597],[-95.7759,31.1355],[-95.7672,31.0968],[-95.7237,31.0805],[-95.6653,31.0824],[-95.6493,31.0712],[-95.6294,31.0444],[-95.662,31.0338],[-95.679,30.9864],[-95.6404,30.9287],[-95.6287,30.9273],[-95.6162,30.9323],[-95.4371,31.0531],[-94.9587,31.3877],[-95.0051,31.4268],[-95.0085,31.4334],[-95.0479,31.4484],[-95.0585,31.4676],[-95.0965,31.4693],[-95.0976,31.5132],[-95.1045,31.5245],[-95.1215,31.5357],[-95.1404,31.5626],[-95.1636,31.5786],[-95.2573,31.5767],[-95.2774,31.5931],[-95.6575,31.5391],[-95.655,31.5253],[-95.7362,31.5047]]]},"properties":{"GID_0":"USA","GID_1":"USA.44_1","GID_2":"USA.44.113_1","NAME_1":"Texas","NAME_2":"Houston"}},
{"type":"Feature","geometry":{"type":"Polygon","coordinates":[[[-101.6915,32.5252],[-101.6942,32.0881],[-101.1739,32.0897],[-101.1776,32.4871],[-101.176,32.5272],[-101.6915,32.5252]]]},"properties":{"GID_0":"USA","GID_1":"USA.44_1","GID_2":"USA.44.114_1","NAME_1":"Texas","NAME_2":"Howard"}},
{"type":"Feature","geometry":{"type":"Polygon","coordinates":[[[-105.9985,31.3888],[-105.9541,31.3645],[-105.9325,31.3127],[-105.8749,31.2912],[-105.797,31.2048],[-105.7726,31.1662],[-105.7431,31.1646],[-105.711,31.137],[-105.6485,31.1155],[-105.6056,31.0846],[-105.5576,30.99],[-105.533,30.9846],[-105.4993,30.9508],[-105.4162,30.9003],[-105.3951,30.8624],[-105.3491,30.8359],[-105.2898,30.8249],[-105.2564,30.7944],[-105.1857,30.7835],[-105.1617,30.7524],[-105.1188,30.7497],[-105.0546,30.6821],[-105.0069,30.6858],[-104.9806,30.6295],[-104.9141,30.6647],[-104.9131,30.8121],[-104.9036,30.813],[-104.9034,30.9791],[-104.9141,30.9791],[-104.9201,32.0029],[-105.9978,32.002],[-105.9961,31.4794],[-105.9611,31.4786],[-105.9609,31.4104],[-105.9985,31.3888]]]},"properties":{"GID_0":"USA","GID_1":"USA.44_1","GID_2":"USA.44.115_1","NAME_1":"Texas","NAME_2":"Hudspeth"}},
{"type":"Feature","geometry":{"type":"Polygon","coordinates":[[[-96.2992,32.9824],[-96.3019,32.8431],[-96.0906,32.8396],[-95.9381,32.8411],[-95.976,32.8908],[-95.9401,32.982],[-95.8673,32.9821],[-95.8658,33.1894],[-95.8603,33.4087],[-96.2962,33.3507],[-96.2992,32.9824]]]},"properties":{"GID_0":"USA","GID_1":"USA.44_1","GID_2":"USA.44.116_1","NAME_1":"Texas","NAME_2":"Hunt"}},
{"type":"Feature","geometry":{"type":"Polygon","coordinates":[[[-101.0862,35.6238],[-101.0828,36.0567],[-101.3997,36.0548],[-101.6239,36.0556],[-101.6244,35.6249],[-101.0862,35.6238]]]},"properties":{"GID_0":"USA","GID_1":"USA.44_1","GID_2":"USA.44.117_1","NAME_1":"Texas","NAME_2":"Hutchinson"}},
{"type":"Feature","geometry":{"type":"Polygon","coordinates":[[[-100.9638,31.0825],[-100.6888,31.0866],[-100.6931,31.5267],[-101.0916,31.5258],[-101.2666,31.5235],[-101.2722,31.0794],[-100.9638,31.0825]]]},"properties":{"GID_0":"USA","GID_1":"USA.44_1","GID_2":"USA.44.118_1","NAME_1":"Texas","NAME_2":"Irion"}},
{"type":"Feature","geometry":{"type":"Polygon","coordinates":[[[-98.4225,33.3946],[-98.427,33.0056],[-97.9204,33.0011],[-97.9206,33.4313],[-97.9795,33.4305],[-97.9802,33.466],[-98.4227,33.4652],[-98.4225,33.3946]]]},"properties":{"GID_0":"USA","GID_1":"USA.44_1","GID_2":"USA.44.119_1","NAME_1":"Texas","NAME_2":"Jack"}},
{"type":"Feature","geometry":{"type":"Polygon","coordinates":[[[-96.4324,28.704],[-96.4353,28.7317],[-96.3978,28.7371],[-96.3895,28.6737],[-96.3241,28.6737],[-96.3098,28.9636],[-96.6568,29.2646],[-96.9389,29.0627],[-96.933,29.0565],[-96.8303,29.0164],[-96.8069,28.9725],[-96.7903,28.9183],[-96.7455,28.8908],[-96.7051,28.8464],[-96.6995,28.7769],[-96.6714,28.7512],[-96.6627,28.7236],[-96.6453,28.7114],[-96.5861,28.725],[-96.5605,28.694],[-96.5565,28.7044],[-96.4324,28.704]]]},"properties":{"GID_0":"USA","GID_1":"USA.44_1","GID_2":"USA.44.120_1","NAME_1":"Texas","NAME_2":"Jackson"}},
{"type":"Feature","geometry":{"type":"Polygon","coordinates":[[[-94.4455,31.034],[-94.4118,31.0272],[-94.3395,31.0364],[-94.3195,31.0239],[-94.2428,31.0122],[-94.23,30.9438],[-94.2047,30.9324],[-94.2012,30.8535],[-94.1802,30.8039],[-94.1322,30.767],[-94.1357,30.7333],[-94.1182,30.6875],[-94.0574,30.6526],[-94.0545,30.641],[-94.0949,30.5827],[-94.0738,30.5431],[-94.0682,30.5327],[-94.0679,30.5295],[-94.0732,30.5234],[-94.0808,30.4908],[-94.12,30.4109],[-94.0863,30.3486],[-94.117,30.3053],[-94.1011,30.2604],[-94.1134,30.2451],[-93.9011,30.2431],[-93.8653,30.9489],[-93.8873,31.0184],[-93.9192,31.1569],[-94.0382,31.1337],[-94.0446,31.1194],[-94.1299,31.1019],[-94.4455,31.034]]]},"properties":{"GID_0":"USA","GID_1":"USA.44_1","GID_2":"USA.44.121_1","NAME_1":"Texas","NAME_2":"Jasper"}},
{"type":"Feature","geometry":{"type":"Polygon","coordinates":[[[-104.9799,30.6291],[-104.2708,30.4832],[-103.9735,30.4279],[-103.9015,30.4121],[-103.8004,30.4125],[-103.4426,30.6637],[-103.9486,31.0099],[-104.1024,31.1049],[-104.2529,31.0284],[-104.6791,30.8026],[-104.9141,30.6647],[-104.9799,30.6291]]]},"properties":{"GID_0":"USA","GID_1":"USA.44_1","GID_2":"USA.44.122_1","NAME_1":"Texas","NAME_2":"JeffDavis"}},
{"type":"Feature","geometry":{"type":"Polygon","coordinates":[[[-93.853,29.8685],[-93.839,29.9334],[-93.8621,29.9778],[-93.9317,29.9908],[-93.9982,30.0292],[-94.03,30.0267],[-94.0527,30.0776],[-94.0845,30.0867],[-94.0779,30.1276],[-94.1174,30.166],[-94.2101,30.1874],[-94.2374,30.1677],[-94.2721,30.1719],[-94.2932,30.1193],[-94.4034,30.1007],[-94.4426,30.1146],[-94.442,29.8885],[-94.3587,29.8888],[-94.354,29.5614],[-94.1188,29.6527],[-94.0675,29.6686],[-93.9725,29.6829],[-93.8385,29.6778],[-93.8403,29.6914],[-93.895,29.7703],[-93.9237,29.7865],[-93.9263,29.8165],[-93.853,29.8685]]]},"properties":{"GID_0":"USA","GID_1":"USA.44_1","GID_2":"USA.44.123_1","NAME_1":"Texas","NAME_2":"Jefferson"}},
{"type":"Feature","geometry":{"type":"Polygon","coordinates":[[[-98.5252,27.267],[-98.5239,27.3417],[-98.5527,27.361],[-98.8,27.3549],[-98.7997,27.2659],[-98.9579,27.2671],[-98.9576,26.785],[-98.4233,26.7834],[-98.4169,27.0544],[-98.466,27.0545],[-98.4661,27.1415],[-98.4922,27.1419],[-98.493,27.2349],[-98.5252,27.267]]]},"properties":{"GID_0":"USA","GID_1":"USA.44_1","GID_2":"USA.44.124_1","NAME_1":"Texas","NAME_2":"JimHogg"}},
{"type":"Feature","geometry":{"type":"Polygon","coordinates":[[[-98.0589,27.2627],[-98.0576,27.6336],[-97.9427,27.6375],[-97.9335,27.8067],[-97.9352,27.885],[-97.7981,27.9992],[-97.7973,28.0088],[-97.7924,28.0175],[-97.8052,28.0403],[-97.8563,28.0376],[-97.8781,28.05],[-97.8923,28.0595],[-98.2338,28.0607],[-98.2339,27.2644],[-98.0589,27.2627]]]},"properties":{"GID_0":"USA","GID_1":"USA.44_1","GID_2":"USA.44.125_1","NAME_1":"Texas","NAME_2":"JimWells"}},
{"type":"Feature","geometry":{"type":"Polygon","coordinates":[[[-97.4654,32.1745],[-97.4657,32.1832],[-97.0883,32.2689],[-97.0899,32.5506],[-97.6155,32.5533],[-97.614,32.2046],[-97.5972,32.2043],[-97.5627,32.1616],[-97.5283,32.1371],[-97.5102,32.1604],[-97.4654,32.1745]]]},"properties":{"GID_0":"USA","GID_1":"USA.44_1","GID_2":"USA.44.126_1","NAME_1":"Texas","NAME_2":"Johnson"}},
{"type":"Feature","geometry":{"type":"Polygon","coordinates":[[[-99.6198,32.5162],[-99.6138,32.9575],[-100.1431,32.959],[-100.1422,32.7987],[-100.1466,32.5213],[-99.6317,32.5204],[-99.6318,32.5163],[-99.6198,32.5162]]]},"properties":{"GID_0":"USA","GID_1":"USA.44_1","GID_2":"USA.44.127_1","NAME_1":"Texas","NAME_2":"Jones"}},
{"type":"Feature","geometry":{"type":"Polygon","coordinates":[[[-98.099,28.7882],[-98.0037,28.6896],[-97.9189,28.7187],[-97.8637,28.6841],[-97.8267,28.6715],[-97.7743,28.669],[-97.5693,28.8157],[-97.755,29.0056],[-97.6145,29.1096],[-97.7292,29.224],[-98.1879,28.8807],[-98.099,28.7882]]]},"properties":{"GID_0":"USA","GID_1":"USA.44_1","GID_2":"USA.44.128_1","NAME_1":"Texas","NAME_2":"Karnes"}},
{"type":"Feature","geometry":{"type":"Polygon","coordinates":[[[-96.5323,32.5454],[-96.5033,32.5254],[-96.5106,32.4814],[-96.4757,32.4343],[-96.4366,32.4112],[-96.4519,32.3601],[-96.0751,32.3573],[-96.0775,32.8396],[-96.3019,32.8431],[-96.3026,32.8157],[-96.5211,32.8153],[-96.5252,32.5457],[-96.5323,32.5454]]]},"properties":{"GID_0":"USA","GID_1":"USA.44_1","GID_2":"USA.44.129_1","NAME_1":"Texas","NAME_2":"Kaufman"}},
{"type":"Feature","geometry":{"type":"Polygon","coordinates":[[[-98.7869,29.7168],[-98.7843,29.7195],[-98.7342,29.7285],[-98.719,29.7274],[-98.6555,29.7528],[-98.6478,29.7477],[-98.4138,29.9442],[-98.5896,30.1375],[-98.9217,30.139],[-98.9253,29.7842],[-98.7869,29.7168]]]},"properties":{"GID_0":"USA","GID_1":"USA.44_1","GID_2":"USA.44.130_1","NAME_1":"Texas","NAME_2":"Kendall"}},
{"type":"Feature","geometry":{"type":"MultiPolygon","coordinates":[[[[-97.3656,27.275],[-97.3831,27.2614],[-97.3781,27.2003],[-97.395,27.1219],[-97.3862,27.0853],[-97.3924,26.8874],[-97.3621,26.7629],[-97.356,26.7193],[-97.3254,26.6732],[-97.3079,26.6071],[-97.2904,26.6018],[-97.324,26.7032],[-97.3613,26.8482],[-97.3793,26.9982],[-97.3775,27.0983],[-97.3694,27.1792],[-97.3575,27.2408],[-97.3474,27.2804],[-97.3663,27.2798],[-97.3656,27.275]]],[[[-97.9599,27.2175],[-97.9845,27.2124],[-97.9867,26.6175],[-97.957,26.6115],[-97.8666,26.5985],[-97.442,26.6014],[-97.4512,26.6192],[-97.4465,26.641],[-97.4679,26.7096],[-97.4782,26.8054],[-97.5126,26.8101],[-97.5546,26.8446],[-97.544,26.8951],[-97.4796,26.834],[-97.4662,26.8568],[-97.4621,26.9363],[-97.4957,26.9124],[-97.5479,26.9199],[-97.5549,26.9387],[-97.5385,26.9874],[-97.4665,26.9699],[-97.4518,26.984],[-97.4658,27.0642],[-97.4483,27.0914],[-97.4425,27.1592],[-97.4226,27.2625],[-97.4481,27.2632],[-97.5127,27.233],[-97.6311,27.2425],[-97.6485,27.2762],[-97.7078,27.2629],[-97.7766,27.2834],[-97.8161,27.2566],[-97.8732,27.2393],[-97.935,27.2368],[-97.9599,27.2175]]]]},"properties":{"GID_0":"USA","GID_1":"USA.44_1","GID_2":"USA.44.131_1","NAME_1":"Texas","NAME_2":"Kenedy"}},
{"type":"Feature","geometry":{"type":"Polygon","coordinates":[[[-101.0406,33.3962],[-101.0371,32.9701],[-100.6734,32.9636],[-100.5192,32.9633],[-100.5194,33.3966],[-101.0406,33.3962]]]},"properties":{"GID_0":"USA","GID_1":"USA.44_1","GID_2":"USA.44.132_1","NAME_1":"Texas","NAME_2":"Kent"}},
{"type":"Feature","geometry":{"type":"Polygon","coordinates":[[[-98.9253,29.7842],[-98.9217,30.139],[-99.3034,30.1398],[-99.3032,30.289],[-99.7576,30.2882],[-99.7577,30.0772],[-99.6923,30.0775],[-99.6908,29.9079],[-99.2839,29.905],[-99.1766,29.8946],[-98.9253,29.7842]]]},"properties":{"GID_0":"USA","GID_1":"USA.44_1","GID_2":"USA.44.133_1","NAME_1":"Texas","NAME_2":"Kerr"}},
{"type":"Feature","geometry":{"type":"Polygon","coordinates":[[[-99.7576,30.2882],[-99.3032,30.289],[-99.302,30.5003],[-99.4908,30.5004],[-99.4873,30.7107],[-100.1168,30.7113],[-100.1183,30.2897],[-100.0347,30.287],[-99.7576,30.2882]]]},"properties":{"GID_0":"USA","GID_1":"USA.44_1","GID_2":"USA.44.134_1","NAME_1":"Texas","NAME_2":"Kimble"}},
{"type":"Feature","geometry":{"type":"Polygon","coordinates":[[[-100.5206,33.835],[-100.5194,33.3966],[-99.9987,33.395],[-99.9998,33.838],[-100.5206,33.835]]]},"properties":{"GID_0":"USA","GID_1":"USA.44_1","GID_2":"USA.44.135_1","NAME_1":"Texas","NAME_2":"King"}},
{"type":"Feature","geometry":{"type":"Polygon","coordinates":[[[-100.6671,29.0834],[-100.1119,29.0844],[-100.111,29.6236],[-100.6992,29.6236],[-100.6981,29.4216],[-100.711,29.3436],[-100.7438,29.3296],[-100.7403,29.2852],[-100.7639,29.2368],[-100.7943,29.2417],[-100.7662,29.1849],[-100.7245,29.1273],[-100.683,29.11],[-100.6671,29.0834]]]},"properties":{"GID_0":"USA","GID_1":"USA.44_1","GID_2":"USA.44.136_1","NAME_1":"Texas","NAME_2":"Kinney"}},
{"type":"Feature","geometry":{"type":"MultiPolygon","coordinates":[[[[-97.9324,27.6382],[-97.9923,27.6358],[-98.0576,27.6336],[-98.0589,27.2627],[-97.9844,27.2599],[-97.9845,27.2124],[-97.9599,27.2175],[-97.935,27.2368],[-97.8732,27.2393],[-97.8161,27.2566],[-97.7766,27.2834],[-97.7247,27.2689],[-97.6614,27.2875],[-97.6922,27.3348],[-97.7019,27.3844],[-97.6625,27.3608],[-97.6327,27.3237],[-97.5969,27.2994],[-97.5326,27.3407],[-97.4866,27.3845],[-97.4786,27.2994],[-97.4121,27.3223],[-97.3701,27.4077],[-97.3263,27.562],[-97.8437,27.5599],[-97.8436,27.5645],[-97.855,27.5768],[-97.8862,27.6211],[-97.9224,27.6283],[-97.9324,27.6382]]],[[[-97.2251,27.5776],[-97.2586,27.5728],[-97.3308,27.4347],[-97.3367,27.4022],[-97.3606,27.3664],[-97.3556,27.3111],[-97.3725,27.2972],[-97.3656,27.275],[-97.3663,27.2798],[-97.3472,27.2803],[-97.2967,27.4278],[-97.2251,27.5776]]]]},"properties":{"GID_0":"USA","GID_1":"USA.44_1","GID_2":"USA.44.137_1","NAME_1":"Texas","NAME_2":"Kleberg"}},
{"type":"Feature","geometry":{"type":"Polygon","coordinates":[[[-99.4786,33.7336],[-99.4944,33.7655],[-99.5253,33.7706],[-99.5616,33.7962],[-99.5993,33.7854],[-99.6632,33.8075],[-99.6858,33.8253],[-99.7141,33.8094],[-99.7727,33.8173],[-99.8379,33.8151],[-99.8395,33.8351],[-99.9998,33.838],[-99.9987,33.395],[-99.4753,33.3956],[-99.4786,33.7336]]]},"properties":{"GID_0":"USA","GID_1":"USA.44_1","GID_2":"USA.44.138_1","NAME_1":"Texas","NAME_2":"Knox"}},
{"type":"Feature","geometry":{"type":"Polygon","coordinates":[[[-99.3901,28.1991],[-99.3882,28.0303],[-98.8025,28.0571],[-98.8035,28.645],[-99.3931,28.6417],[-99.3901,28.1991]]]},"properties":{"GID_0":"USA","GID_1":"USA.44_1","GID_2":"USA.44.139_1","NAME_1":"Texas","NAME_2":"LaSalle"}},
{"type":"Feature","geometry":{"type":"Polygon","coordinates":[[[-95.8439,33.8389],[-95.8558,33.8273],[-95.8597,33.4628],[-95.8258,33.4615],[-95.7797,33.49],[-95.7053,33.4858],[-95.6748,33.4729],[-95.647,33.4843],[-95.5623,33.4749],[-95.529,33.4468],[-95.4892,33.4546],[-95.3902,33.3992],[-95.309,33.3774],[-95.3114,33.8795],[-95.4136,33.8667],[-95.4918,33.8749],[-95.5158,33.8944],[-95.5406,33.8795],[-95.5603,33.9302],[-95.5872,33.9355],[-95.6385,33.9063],[-95.6639,33.9079],[-95.6985,33.8848],[-95.7464,33.8962],[-95.7534,33.8563],[-95.8202,33.8577],[-95.8439,33.8389]]]},"properties":{"GID_0":"USA","GID_1":"USA.44_1","GID_2":"USA.44.140_1","NAME_1":"Texas","NAME_2":"Lamar"}},
{"type":"Feature","geometry":{"type":"Polygon","coordinates":[[[-102.616,33.8257],[-102.0867,33.8237],[-102.0909,34.3096],[-102.614,34.3109],[-102.616,33.8257]]]},"properties":{"GID_0":"USA","GID_1":"USA.44_1","GID_2":"USA.44.141_1","NAME_1":"Texas","NAME_2":"Lamb"}},
{"type":"Feature","geometry":{"type":"Polygon","coordinates":[[[-97.9091,31.0673],[-98.178,31.4629],[-98.2659,31.4173],[-98.2623,31.4118],[-98.5626,31.2325],[-98.5621,31.2266],[-98.5617,31.1937],[-98.5199,31.168],[-98.5484,31.1264],[-98.5223,31.0922],[-98.4796,31.119],[-98.4568,31.0799],[-98.4792,31.056],[-98.4438,31.0368],[-98.4408,31.0262],[-97.9104,31.0372],[-97.9135,31.0646],[-97.9091,31.0673]]]},"properties":{"GID_0":"USA","GID_1":"USA.44_1","GID_2":"USA.44.142_1","NAME_1":"Texas","NAME_2":"Lampasas"}},
{"type":"Feature","geometry":{"type":"Polygon","coordinates":[[[-96.8734,29.6324],[-97.1413,29.6292],[-97.2006,29.5831],[-97.2051,29.5121],[-97.2351,29.3817],[-96.9389,29.0627],[-96.6568,29.2646],[-96.5608,29.3349],[-96.7939,29.5764],[-96.8344,29.5768],[-96.8469,29.6194],[-96.8734,29.6324]]]},"properties":{"GID_0":"USA","GID_1":"USA.44_1","GID_2":"USA.44.143_1","NAME_1":"Texas","NAME_2":"Lavaca"}},
{"type":"Feature","geometry":{"type":"Polygon","coordinates":[[[-97.0274,30.0541],[-97.0227,30.0356],[-96.8428,30.1194],[-96.7932,30.1601],[-96.7409,30.1993],[-96.7363,30.2349],[-96.6887,30.2467],[-96.6497,30.2964],[-96.6912,30.3173],[-96.7565,30.3261],[-96.7745,30.3665],[-96.8334,30.4185],[-96.874,30.4371],[-96.9078,30.471],[-96.899,30.4909],[-96.9221,30.54],[-96.9516,30.5463],[-96.9631,30.5526],[-96.9656,30.5563],[-97.1621,30.4609],[-97.1601,30.4572],[-97.3379,30.4031],[-97.2061,30.3389],[-97.0808,30.2574],[-97.0274,30.0541]]]},"properties":{"GID_0":"USA","GID_1":"USA.44_1","GID_2":"USA.44.144_1","NAME_1":"Texas","NAME_2":"Lee"}},
{"type":"Feature","geometry":{"type":"Polygon","coordinates":[[[-95.7872,31.6176],[-95.9342,31.5531],[-96.2333,31.4115],[-96.3228,31.3661],[-96.3225,31.3501],[-96.3199,31.3007],[-96.3331,31.2563],[-96.3017,31.1817],[-96.3012,31.146],[-96.2793,31.0868],[-96.2509,31.0534],[-96.264,31.0132],[-96.2428,30.9745],[-96.1747,30.9937],[-96.0499,31.0666],[-96.0149,31.0712],[-95.9765,31.0923],[-95.7672,31.0968],[-95.7759,31.1355],[-95.7372,31.1597],[-95.7294,31.1653],[-95.7467,31.2035],[-95.7285,31.2233],[-95.7272,31.2681],[-95.6553,31.3197],[-95.6623,31.3583],[-95.6904,31.3754],[-95.7239,31.4626],[-95.7383,31.4737],[-95.7362,31.5047],[-95.7584,31.5315],[-95.7115,31.6156],[-95.7363,31.654],[-95.7406,31.6551],[-95.7572,31.647],[-95.7539,31.6382],[-95.7548,31.6104],[-95.7688,31.5995],[-95.7872,31.6176]]]},"properties":{"GID_0":"USA","GID_1":"USA.44_1","GID_2":"USA.44.145_1","NAME_1":"Texas","NAME_2":"Leon"}},
{"type":"Feature","geometry":{"type":"Polygon","coordinates":[[[-94.442,29.8885],[-94.4426,30.1146],[-94.5991,30.1151],[-94.7394,30.4913],[-94.8154,30.4912],[-94.8423,30.4929],[-95.1652,30.3482],[-95.1076,30.1993],[-95.0311,29.9931],[-95.0022,29.992],[-94.9829,29.9622],[-94.9982,29.9189],[-94.9846,29.8859],[-94.442,29.8885]]]},"properties":{"GID_0":"USA","GID_1":"USA.44_1","GID_2":"USA.44.146_1","NAME_1":"Texas","NAME_2":"Liberty"}},
{"type":"Feature","geometry":{"type":"Polygon","coordinates":[[[-96.5948,31.2235],[-96.3236,31.3593],[-96.3228,31.3661],[-96.2333,31.4115],[-96.4298,31.7011],[-96.4998,31.8005],[-96.7184,31.8195],[-96.9329,31.7114],[-96.5948,31.2235]]]},"properties":{"GID_0":"USA","GID_1":"USA.44_1","GID_2":"USA.44.147_1","NAME_1":"Texas","NAME_2":"Limestone"}},
{"type":"Feature","geometry":{"type":"Polygon","coordinates":[[[-100.5459,36.4994],[-100.5438,36.0577],[-100.002,36.0539],[-100.0038,36.4998],[-100.5459,36.4994]]]},"properties":{"GID_0":"USA","GID_1":"USA.44_1","GID_2":"USA.44.148_1","NAME_1":"Texas","NAME_2":"Lipscomb"}},
{"type":"Feature","geometry":{"type":"Polygon","coordinates":[[[-98.3363,28.6117],[-98.3343,28.06],[-97.8923,28.0595],[-97.9013,28.0726],[-97.9018,28.1135],[-97.8084,28.1788],[-98.0167,28.5323],[-98.0894,28.6599],[-98.0037,28.6896],[-98.099,28.7882],[-98.3363,28.6117]]]},"properties":{"GID_0":"USA","GID_1":"USA.44_1","GID_2":"USA.44.149_1","NAME_1":"Texas","NAME_2":"LiveOak"}},
{"type":"Feature","geometry":{"type":"Polygon","coordinates":[[[-98.3566,30.4893],[-98.354,30.5638],[-98.4097,30.5692],[-98.4059,30.5993],[-98.4363,30.6766],[-98.3833,30.7476],[-98.431,30.7565],[-98.4357,30.762],[-98.4351,30.794],[-98.4006,30.8182],[-98.4278,30.868],[-98.4512,30.8738],[-98.4449,30.924],[-98.9599,30.9222],[-98.9647,30.4994],[-98.3851,30.4975],[-98.3566,30.4893]]]},"properties":{"GID_0":"USA","GID_1":"USA.44_1","GID_2":"USA.44.150_1","NAME_1":"Texas","NAME_2":"Llano"}},
{"type":"Feature","geometry":{"type":"Polygon","coordinates":[[[-103.9757,32.001],[-103.9534,31.9872],[-103.9151,31.911],[-103.9002,31.8937],[-103.8722,31.8718],[-103.8374,31.8899],[-103.8118,31.852],[-103.8075,31.7951],[-103.7957,31.7722],[-103.7467,31.7387],[-103.6916,31.7478],[-103.6664,31.7162],[-103.6226,31.7008],[-103.6278,31.6718],[-103.6091,31.6519],[-103.3276,31.6513],[-103.3265,32.0007],[-103.9757,32.001]]]},"properties":{"GID_0":"USA","GID_1":"USA.44_1","GID_2":"USA.44.151_1","NAME_1":"Texas","NAME_2":"Loving"}},
{"type":"Feature","geometry":{"type":"Polygon","coordinates":[[[-101.5644,33.8297],[-102.0867,33.8237],[-102.0774,33.3894],[-101.5595,33.394],[-101.5655,33.7491],[-101.5644,33.8297]]]},"properties":{"GID_0":"USA","GID_1":"USA.44_1","GID_2":"USA.44.152_1","NAME_1":"Texas","NAME_2":"Lubbock"}},
{"type":"Feature","geometry":{"type":"Polygon","coordinates":[[[-101.5553,32.9589],[-101.5595,33.394],[-102.0774,33.3894],[-102.0782,32.9611],[-101.5553,32.9589]]]},"properties":{"GID_0":"USA","GID_1":"USA.44_1","GID_2":"USA.44.153_1","NAME_1":"Texas","NAME_2":"Lynn"}},
{"type":"Feature","geometry":{"type":"Polygon","coordinates":[[[-96.172,30.8244],[-96.0161,30.8404],[-95.8641,30.8641],[-95.811,30.8703],[-95.7533,30.9029],[-95.7247,30.9095],[-95.657,30.8987],[-95.6161,30.9135],[-95.6162,30.9323],[-95.6287,30.9273],[-95.6404,30.9287],[-95.679,30.9864],[-95.662,31.0338],[-95.6294,31.0444],[-95.6493,31.0712],[-95.6653,31.0824],[-95.7237,31.0805],[-95.7672,31.0968],[-95.9765,31.0923],[-96.0149,31.0712],[-96.0499,31.0666],[-96.1747,30.9937],[-96.2428,30.9745],[-96.2038,30.9288],[-96.2143,30.9109],[-96.2005,30.8748],[-96.1765,30.8524],[-96.172,30.8244]]]},"properties":{"GID_0":"USA","GID_1":"USA.44_1","GID_2":"USA.44.154_1","NAME_1":"Texas","NAME_2":"Madison"}},
{"type":"Feature","geometry":{"type":"Polygon","coordinates":[[[-94.0455,32.8792],[-94.7082,32.8823],[-94.7045,32.8648],[-94.7018,32.793],[-94.5069,32.6935],[-94.3819,32.6941],[-94.2833,32.7491],[-94.2426,32.7506],[-94.2194,32.7025],[-94.1728,32.695],[-94.1441,32.7416],[-94.0991,32.736],[-94.0926,32.6915],[-94.0449,32.6926],[-94.0455,32.8792]]]},"properties":{"GID_0":"USA","GID_1":"USA.44_1","GID_2":"USA.44.155_1","NAME_1":"Texas","NAME_2":"Marion"}},
{"type":"Feature","geometry":{"type":"Polygon","coordinates":[[[-102.2102,32.0887],[-101.6942,32.0881],[-101.6915,32.5252],[-102.2109,32.524],[-102.2082,32.1731],[-102.2102,32.0887]]]},"properties":{"GID_0":"USA","GID_1":"USA.44_1","GID_2":"USA.44.156_1","NAME_1":"Texas","NAME_2":"Martin"}},
{"type":"Feature","geometry":{"type":"Polygon","coordinates":[[[-98.9647,30.4994],[-98.9599,30.9222],[-99.0926,30.9211],[-99.0924,30.9412],[-99.4837,30.9396],[-99.4908,30.5004],[-98.9647,30.4994]]]},"properties":{"GID_0":"USA","GID_1":"USA.44_1","GID_2":"USA.44.157_1","NAME_1":"Texas","NAME_2":"Mason"}},
{"type":"Feature","geometry":{"type":"Polygon","coordinates":[[[-95.8406,29.1687],[-95.839,29.1771],[-95.8449,29.2047],[-95.8721,29.2292],[-95.9672,29.1432],[-96.3098,28.9636],[-96.3241,28.6737],[-96.3239,28.6412],[-96.3052,28.6686],[-96.1992,28.7128],[-96.1824,28.7054],[-96.2313,28.644],[-96.2114,28.6144],[-96.1794,28.63],[-96.1569,28.6117],[-96.0967,28.625],[-96.0297,28.6529],[-95.9947,28.6575],[-95.9797,28.6367],[-95.9942,28.5994],[-96.0458,28.5886],[-96.0886,28.5536],[-95.8684,28.6394],[-95.8067,28.6678],[-95.7868,28.6959],[-95.9331,28.63],[-95.9531,28.6525],[-95.9271,28.6997],[-95.7864,28.7486],[-95.7256,28.7406],[-95.6725,28.7631],[-95.6542,28.7503],[-95.5071,28.8256],[-95.5597,28.8284],[-95.5801,28.8559],[-95.6397,28.9015],[-95.6539,28.9515],[-95.7015,28.9691],[-95.7666,28.9667],[-95.778,28.9943],[-95.7789,29.044],[-95.8057,29.0904],[-95.8434,29.1068],[-95.8406,29.1687]]]},"properties":{"GID_0":"USA","GID_1":"USA.44_1","GID_2":"USA.44.158_1","NAME_1":"Texas","NAME_2":"Matagorda"}},
{"type":"Feature","geometry":{"type":"Polygon","coordinates":[[[-100.2149,28.2157],[-100.2123,28.2002],[-100.1107,28.199],[-100.1119,29.0844],[-100.6671,29.0834],[-100.6457,28.9878],[-100.6515,28.9429],[-100.5467,28.8255],[-100.5315,28.7735],[-100.5074,28.7402],[-100.512,28.7065],[-100.4993,28.6604],[-100.4615,28.6408],[-100.4472,28.6092],[-100.3985,28.5851],[-100.411,28.5498],[-100.3883,28.5147],[-100.3339,28.4993],[-100.3684,28.4784],[-100.3407,28.4488],[-100.3427,28.3864],[-100.2866,28.3122],[-100.2942,28.2836],[-100.2555,28.2384],[-100.2149,28.2157]]]},"properties":{"GID_0":"USA","GID_1":"USA.44_1","GID_2":"USA.44.159_1","NAME_1":"Texas","NAME_2":"Maverick"}},
{"type":"Feature","geometry":{"type":"Polygon","coordinates":[[[-99.2051,31.4676],[-99.2473,31.4812],[-99.2927,31.4454],[-99.3155,31.4136],[-99.3476,31.422],[-99.4005,31.4611],[-99.4524,31.4714],[-99.4553,31.4422],[-99.5197,31.4325],[-99.5393,31.4828],[-99.6047,31.493],[-99.6053,30.9387],[-99.0924,30.9412],[-99.0931,31.4508],[-99.1117,31.4651],[-99.2051,31.4676]]]},"properties":{"GID_0":"USA","GID_1":"USA.44_1","GID_2":"USA.44.160_1","NAME_1":"Texas","NAME_2":"McCulloch"}},
{"type":"Feature","geometry":{"type":"Polygon","coordinates":[[[-97.2781,31.2793],[-96.8,31.5192],[-96.9329,31.7114],[-97.0394,31.8621],[-97.6048,31.5872],[-97.4214,31.3225],[-97.3404,31.2433],[-97.2781,31.2793]]]},"properties":{"GID_0":"USA","GID_1":"USA.44_1","GID_2":"USA.44.161_1","NAME_1":"Texas","NAME_2":"McLennan"}},
{"type":"Feature","geometry":{"type":"Polygon","coordinates":[[[-98.8035,28.645],[-98.8025,28.0571],[-98.3343,28.06],[-98.3372,28.6443],[-98.8035,28.645]]]},"properties":{"GID_0":"USA","GID_1":"USA.44_1","GID_2":"USA.44.162_1","NAME_1":"Texas","NAME_2":"McMullen"}},
{"type":"Feature","geometry":{"type":"Polygon","coordinates":[[[-98.8042,29.2513],[-98.8056,29.6968],[-98.9245,29.562],[-98.9832,29.5625],[-98.9909,29.6185],[-99.4132,29.6253],[-99.4107,29.087],[-98.8039,29.0884],[-98.8042,29.2513]]]},"properties":{"GID_0":"USA","GID_1":"USA.44_1","GID_2":"USA.44.163_1","NAME_1":"Texas","NAME_2":"Medina"}},
{"type":"Feature","geometry":{"type":"Polygon","coordinates":[[[-100.1136,31.0869],[-100.1168,30.7113],[-99.4873,30.7107],[-99.4837,30.9396],[-99.6053,30.9387],[-99.6051,31.0872],[-100.1136,31.0869]]]},"properties":{"GID_0":"USA","GID_1":"USA.44_1","GID_2":"USA.44.164_1","NAME_1":"Texas","NAME_2":"Menard"}},
{"type":"Feature","geometry":{"type":"Polygon","coordinates":[[[-102.2897,32.0885],[-102.2897,31.6533],[-101.777,31.6521],[-101.7764,32.0882],[-102.2897,32.0885]]]},"properties":{"GID_0":"USA","GID_1":"USA.44_1","GID_2":"USA.44.165_1","NAME_1":"Texas","NAME_2":"Midland"}},
{"type":"Feature","geometry":{"type":"Polygon","coordinates":[[[-97.3169,30.7547],[-97.2717,30.7367],[-97.1621,30.4609],[-96.9056,30.5848],[-96.6234,30.7307],[-96.6324,30.7433],[-96.6138,30.7556],[-96.6411,30.8163],[-96.693,30.8627],[-96.703,30.9064],[-96.7576,30.9272],[-96.7728,30.9624],[-96.7474,30.9955],[-96.7949,31.065],[-96.822,31.0671],[-96.8113,31.081],[-96.8307,31.1053],[-96.8277,31.1143],[-97.2646,30.8874],[-97.3169,30.7547]]]},"properties":{"GID_0":"USA","GID_1":"USA.44_1","GID_2":"USA.44.166_1","NAME_1":"Texas","NAME_2":"Milam"}},
{"type":"Feature","geometry":{"type":"Polygon","coordinates":[[[-98.987,31.4851],[-98.9936,31.4678],[-98.928,31.4347],[-98.8705,31.4438],[-98.849,31.4107],[-98.7782,31.4145],[-98.7553,31.4024],[-98.6957,31.4072],[-98.7029,31.3589],[-98.655,31.3706],[-98.6417,31.333],[-98.6072,31.3121],[-98.6002,31.2869],[-98.6245,31.2707],[-98.5656,31.2458],[-98.5626,31.2325],[-98.2623,31.4118],[-98.4641,31.6858],[-98.4946,31.7246],[-98.7649,31.6868],[-98.7768,31.6139],[-98.987,31.4851]]]},"properties":{"GID_0":"USA","GID_1":"USA.44_1","GID_2":"USA.44.167_1","NAME_1":"Texas","NAME_2":"Mills"}},
{"type":"Feature","geometry":{"type":"Polygon","coordinates":[[[-100.6698,32.0838],[-100.6681,32.3327],[-100.6643,32.5259],[-101.176,32.5272],[-101.1776,32.4871],[-101.1739,32.0897],[-100.6698,32.0838]]]},"properties":{"GID_0":"USA","GID_1":"USA.44_1","GID_2":"USA.44.168_1","NAME_1":"Texas","NAME_2":"Mitchell"}},
{"type":"Feature","geometry":{"type":"Polygon","coordinates":[[[-97.9791,33.8922],[-97.9795,33.4305],[-97.4825,33.4357],[-97.482,33.9156],[-97.5849,33.9003],[-97.5897,33.9538],[-97.6327,33.9822],[-97.6752,33.9901],[-97.7805,33.8975],[-97.8379,33.8587],[-97.8822,33.8545],[-97.9791,33.8922]]]},"properties":{"GID_0":"USA","GID_1":"USA.44_1","GID_2":"USA.44.169_1","NAME_1":"Texas","NAME_2":"Montague"}},
{"type":"Feature","geometry":{"type":"Polygon","coordinates":[[[-95.8097,30.2414],[-95.8056,30.1662],[-95.8028,30.1486],[-95.8011,30.089],[-95.7864,30.0924],[-95.7639,30.0878],[-95.6843,30.1063],[-95.6676,30.1015],[-95.6206,30.1321],[-95.5962,30.1334],[-95.5472,30.1695],[-95.5258,30.1649],[-95.4975,30.14],[-95.4917,30.1113],[-95.4238,30.1158],[-95.4128,30.0952],[-95.3521,30.0757],[-95.2883,30.0276],[-95.2611,30.0328],[-95.0963,30.1675],[-95.1652,30.3482],[-95.2251,30.3215],[-95.2045,30.3476],[-95.2395,30.3831],[-95.2943,30.3973],[-95.3191,30.4185],[-95.3622,30.5105],[-95.5995,30.5111],[-95.8297,30.6285],[-95.8097,30.2414]]]},"properties":{"GID_0":"USA","GID_1":"USA.44_1","GID_2":"USA.44.170_1","NAME_1":"Texas","NAME_2":"Montgomery"}},
{"type":"Feature","geometry":{"type":"Polygon","coordinates":[[[-101.6244,35.6249],[-101.6239,36.0556],[-102.1628,36.0553],[-102.1625,35.6203],[-101.6356,35.6184],[-101.6243,35.6186],[-101.6244,35.6249]]]},"properties":{"GID_0":"USA","GID_1":"USA.44_1","GID_2":"USA.44.171_1","NAME_1":"Texas","NAME_2":"Moore"}},
{"type":"Feature","geometry":{"type":"Polygon","coordinates":[[[-94.7465,33.3275],[-94.7791,33.3176],[-94.784,33.3261],[-94.8139,33.3735],[-94.8208,33.3769],[-94.8183,32.9808],[-94.7805,32.9481],[-94.7593,32.9202],[-94.7271,32.911],[-94.7099,32.8901],[-94.7082,32.8823],[-94.6541,32.8825],[-94.6603,33.2771],[-94.6637,33.2827],[-94.7034,33.3142],[-94.7465,33.3275]]]},"properties":{"GID_0":"USA","GID_1":"USA.44_1","GID_2":"USA.44.172_1","NAME_1":"Texas","NAME_2":"Morris"}},
{"type":"Feature","geometry":{"type":"Polygon","coordinates":[[[-101.0423,34.3119],[-101.0425,33.8342],[-100.5206,33.835],[-100.5121,34.315],[-101.0423,34.3119]]]},"properties":{"GID_0":"USA","GID_1":"USA.44_1","GID_2":"USA.44.173_1","NAME_1":"Texas","NAME_2":"Motley"}},
{"type":"Feature","geometry":{"type":"Polygon","coordinates":[[[-94.3278,31.227],[-94.333,31.2516],[-94.3388,31.2688],[-94.3185,31.3052],[-94.3338,31.3636],[-94.3115,31.4206],[-94.3245,31.4427],[-94.3049,31.5062],[-94.3121,31.587],[-94.3697,31.6338],[-94.3785,31.6393],[-94.4018,31.6523],[-94.4174,31.7157],[-94.4164,31.7527],[-94.4317,31.7726],[-94.4368,31.825],[-94.4494,31.8379],[-94.4537,31.8459],[-94.938,31.8464],[-94.9496,31.8042],[-94.9763,31.786],[-94.9632,31.7548],[-94.9635,31.69],[-94.9292,31.6094],[-94.9255,31.5827],[-94.8708,31.5286],[-94.8573,31.5129],[-94.8401,31.5039],[-94.8276,31.49],[-94.7408,31.4686],[-94.6641,31.4586],[-94.6244,31.4416],[-94.5948,31.4502],[-94.5545,31.4345],[-94.5379,31.4013],[-94.5136,31.411],[-94.4781,31.3878],[-94.4738,31.388],[-94.469,31.3796],[-94.4591,31.3521],[-94.4494,31.3214],[-94.394,31.3008],[-94.3873,31.2813],[-94.3713,31.2645],[-94.3278,31.227]]]},"properties":{"GID_0":"USA","GID_1":"USA.44_1","GID_2":"USA.44.174_1","NAME_1":"Texas","NAME_2":"Nacogdoches"}},
{"type":"Feature","geometry":{"type":"Polygon","coordinates":[[[-96.8984,32.075],[-96.7184,31.8195],[-96.4998,31.8005],[-96.0554,32.0099],[-96.0682,32.035],[-96.0644,32.0796],[-96.1183,32.0951],[-96.1089,32.1545],[-96.1662,32.1579],[-96.1953,32.2054],[-96.2378,32.247],[-96.2878,32.2577],[-96.2878,32.2915],[-96.2925,32.2953],[-96.3285,32.3038],[-96.3843,32.3293],[-96.8984,32.075]]]},"properties":{"GID_0":"USA","GID_1":"USA.44_1","GID_2":"USA.44.175_1","NAME_1":"Texas","NAME_2":"Navarro"}},
{"type":"Feature","geometry":{"type":"Polygon","coordinates":[[[-93.9011,30.2431],[-93.7052,30.2418],[-93.7096,30.2893],[-93.7428,30.3028],[-93.7619,30.3535],[-93.7573,30.3899],[-93.7119,30.4325],[-93.7057,30.5117],[-93.739,30.5415],[-93.713,30.5891],[-93.6859,30.589],[-93.6844,30.6347],[-93.6561,30.6696],[-93.6309,30.6797],[-93.6153,30.7545],[-93.5956,30.7642],[-93.5818,30.8033],[-93.5564,30.8274],[-93.5732,30.8783],[-93.5592,30.9146],[-93.5268,30.9319],[-93.5347,30.9571],[-93.5729,30.9719],[-93.5588,31.006],[-93.5106,31.0281],[-93.5208,31.0657],[-93.5642,31.0944],[-93.5398,31.1197],[-93.5574,31.186],[-93.6014,31.1798],[-93.9192,31.1569],[-93.8873,31.0184],[-93.8653,30.9489],[-93.9011,30.2431]]]},"properties":{"GID_0":"USA","GID_1":"USA.44_1","GID_2":"USA.44.176_1","NAME_1":"Texas","NAME_2":"Newton"}},
{"type":"Feature","geometry":{"type":"Polygon","coordinates":[[[-100.2377,32.0823],[-100.1534,32.082],[-100.1466,32.5213],[-100.6643,32.5259],[-100.6681,32.3327],[-100.6698,32.0838],[-100.2377,32.0823]]]},"properties":{"GID_0":"USA","GID_1":"USA.44_1","GID_2":"USA.44.177_1","NAME_1":"Texas","NAME_2":"Nolan"}},
{"type":"Feature","geometry":{"type":"MultiPolygon","coordinates":[[[[-97.2251,27.5776],[-97.1575,27.6934],[-97.1014,27.7733],[-97.0479,27.833],[-97.1056,27.8222],[-97.1244,27.7681],[-97.1614,27.7378],[-97.1967,27.6839],[-97.1972,27.6531],[-97.2314,27.6317],[-97.2475,27.6028],[-97.2251,27.5776]]],[[[-97.0449,27.8658],[-97.0495,27.8521],[-97.0509,27.8433],[-97.048,27.8411],[-97.0449,27.8658]]],[[[-97.7983,27.988],[-97.7981,27.9992],[-97.9352,27.885],[-97.9335,27.8067],[-97.9427,27.6375],[-97.9324,27.6382],[-97.9224,27.6283],[-97.8862,27.6211],[-97.855,27.5768],[-97.8436,27.5645],[-97.8437,27.5599],[-97.3263,27.562],[-97.3069,27.5919],[-97.2577,27.6971],[-97.333,27.7196],[-97.3882,27.7701],[-97.3925,27.8125],[-97.3783,27.8364],[-97.4786,27.8253],[-97.507,27.8431],[-97.5419,27.8586],[-97.5741,27.8608],[-97.6084,27.8732],[-97.6378,27.8661],[-97.6746,27.8809],[-97.6895,27.9169],[-97.7609,27.9318],[-97.8109,27.9625],[-97.7983,27.988]]],[[[-97.0756,27.9164],[-97.0892,27.8742],[-97.0506,27.8742],[-97.0756,27.9164]]]]},"properties":{"GID_0":"USA","GID_1":"USA.44_1","GID_2":"USA.44.178_1","NAME_1":"Texas","NAME_2":"Nueces"}},
{"type":"Feature","geometry":{"type":"Polygon","coordinates":[[[-100.5459,36.4994],[-101.0908,36.5003],[-101.0853,36.2717],[-101.0828,36.0567],[-100.8392,36.0596],[-100.5438,36.0577],[-100.5459,36.4994]]]},"properties":{"GID_0":"USA","GID_1":"USA.44_1","GID_2":"USA.44.179_1","NAME_1":"Texas","NAME_2":"Ochiltree"}},
{"type":"Feature","geometry":{"type":"Polygon","coordinates":[[[-103.0421,35.1861],[-102.1676,35.1832],[-102.1624,35.6277],[-103.0409,35.6225],[-103.0421,35.1861]]]},"properties":{"GID_0":"USA","GID_1":"USA.44_1","GID_2":"USA.44.180_1","NAME_1":"Texas","NAME_2":"Oldham"}},
{"type":"Feature","geometry":{"type":"Polygon","coordinates":[[[-93.853,29.8685],[-93.8345,29.888],[-93.7901,29.9873],[-93.7426,30.0231],[-93.7147,30.0649],[-93.7348,30.0865],[-93.7048,30.1109],[-93.7018,30.1337],[-93.7204,30.209],[-93.7063,30.2412],[-94.1134,30.2451],[-94.1183,30.2357],[-94.0984,30.2094],[-94.1174,30.166],[-94.0779,30.1276],[-94.0845,30.0867],[-94.0527,30.0776],[-94.03,30.0267],[-93.9982,30.0292],[-93.9317,29.9908],[-93.8621,29.9778],[-93.839,29.9334],[-93.853,29.8685]]]},"properties":{"GID_0":"USA","GID_1":"USA.44_1","GID_2":"USA.44.181_1","NAME_1":"Texas","NAME_2":"Orange"}},
{"type":"Feature","geometry":{"type":"Polygon","coordinates":[[[-98.4796,32.5172],[-98.0675,32.5141],[-98.0566,33.0026],[-98.427,33.0056],[-98.4275,32.9537],[-98.5767,32.9547],[-98.5791,32.5176],[-98.4796,32.5172]]]},"properties":{"GID_0":"USA","GID_1":"USA.44_1","GID_2":"USA.44.182_1","NAME_1":"Texas","NAME_2":"PaloPinto"}},
{"type":"Feature","geometry":{"type":"Polygon","coordinates":[[[-94.0444,32.3899],[-94.3466,32.331],[-94.409,32.3702],[-94.4369,32.3611],[-94.4821,32.3907],[-94.5322,32.2703],[-94.5789,32.2064],[-94.588,32.1206],[-94.602,32.081],[-94.5975,31.9717],[-94.0173,31.9783],[-94.0419,31.9939],[-94.0444,32.3899]]]},"properties":{"GID_0":"USA","GID_1":"USA.44_1","GID_2":"USA.44.183_1","NAME_1":"Texas","NAME_2":"Panola"}},
{"type":"Feature","geometry":{"type":"Polygon","coordinates":[[[-97.6155,32.5533],[-97.548,32.5533],[-97.5436,32.995],[-98.0566,33.0026],[-98.067,32.5555],[-97.6155,32.5533]]]},"properties":{"GID_0":"USA","GID_1":"USA.44_1","GID_2":"USA.44.184_1","NAME_1":"Texas","NAME_2":"Parker"}},
{"type":"Feature","geometry":{"type":"Polygon","coordinates":[[[-103.0424,34.31],[-102.5255,34.3114],[-102.5269,34.7467],[-103.0424,34.7472],[-103.0424,34.31]]]},"properties":{"GID_0":"USA","GID_1":"USA.44_1","GID_2":"USA.44.185_1","NAME_1":"Texas","NAME_2":"Parmer"}},
{"type":"Feature","geometry":{"type":"Polygon","coordinates":[[[-102.5671,30.0543],[-102.5671,30.2831],[-102.3434,30.2843],[-102.3431,30.597],[-102.138,30.5974],[-102.1378,30.6562],[-101.7646,30.6557],[-101.767,30.6566],[-101.7804,30.6865],[-101.8084,30.703],[-101.8165,30.7532],[-101.8336,30.7597],[-101.8361,30.7752],[-101.8343,30.8118],[-101.8508,30.8614],[-101.8882,30.8886],[-101.8815,30.9225],[-101.9522,30.9579],[-101.9828,30.9875],[-102.0547,31.0026],[-102.0768,30.9908],[-102.1957,31.0063],[-102.2044,31.0322],[-102.2474,31.0409],[-102.2781,31.0339],[-102.3325,31.0679],[-102.3763,31.0848],[-102.3993,31.0862],[-102.4277,31.1271],[-102.4319,31.1956],[-102.4548,31.2248],[-102.5185,31.2608],[-102.5985,31.2667],[-102.6707,31.3299],[-102.7252,31.3094],[-102.7357,31.2867],[-102.7725,31.2963],[-102.8267,31.2707],[-102.9138,31.3393],[-102.9972,31.3622],[-103.0176,31.3758],[-103.5895,30.7642],[-102.9378,30.3164],[-102.8797,30.2735],[-102.5671,30.0543]]]},"properties":{"GID_0":"USA","GID_1":"USA.44_1","GID_2":"USA.44.186_1","NAME_1":"Texas","NAME_2":"Pecos"}},
{"type":"Feature","geometry":{"type":"Polygon","coordinates":[[[-94.8404,31.1464],[-94.939,31.0417],[-95.1978,30.8239],[-95.1859,30.8179],[-95.134,30.784],[-95.1466,30.7155],[-95.1138,30.6944],[-95.1137,30.6609],[-95.0572,30.6799],[-95.0239,30.6414],[-95.0157,30.6025],[-95.0302,30.5995],[-95.0375,30.5848],[-94.9563,30.5737],[-94.8348,30.5448],[-94.8654,30.5137],[-94.8423,30.4929],[-94.8154,30.4912],[-94.5445,30.4909],[-94.6575,31.0121],[-94.5592,31.0601],[-94.5782,31.0692],[-94.6126,31.0828],[-94.7518,31.1059],[-94.8289,31.1392],[-94.8404,31.1464]]]},"properties":{"GID_0":"USA","GID_1":"USA.44_1","GID_2":"USA.44.187_1","NAME_1":"Texas","NAME_2":"Polk"}},
{"type":"Feature","geometry":{"type":"Polygon","coordinates":[[[-101.6243,35.6186],[-102.1625,35.6203],[-102.1676,35.1832],[-101.624,35.1824],[-101.6243,35.6186]]]},"properties":{"GID_0":"USA","GID_1":"USA.44_1","GID_2":"USA.44.188_1","NAME_1":"Texas","NAME_2":"Potter"}},
{"type":"Feature","geometry":{"type":"Polygon","coordinates":[[[-104.9799,30.6291],[-104.975,30.6135],[-104.927,30.6046],[-104.909,30.5843],[-104.8722,30.5107],[-104.8592,30.3904],[-104.8117,30.3667],[-104.8113,30.3327],[-104.7605,30.2959],[-104.7338,30.2612],[-104.6873,30.1799],[-104.6973,30.1354],[-104.6862,30.0848],[-104.7066,30.0506],[-104.6808,29.9773],[-104.6838,29.9291],[-104.6157,29.8464],[-104.6105,29.8194],[-104.5667,29.7721],[-104.5506,29.7391],[-104.5442,29.6807],[-104.5159,29.641],[-104.4767,29.6277],[-104.4597,29.5982],[-104.3531,29.5287],[-104.2731,29.5163],[-104.2091,29.4814],[-104.1679,29.3955],[-104.1229,29.3803],[-104.0379,29.3199],[-103.9734,29.2961],[-103.9178,29.2843],[-103.8379,29.2784],[-103.7925,29.2626],[-103.7989,29.9697],[-103.7976,30.2738],[-103.8008,30.4125],[-103.9015,30.4121],[-103.9735,30.4279],[-104.2708,30.4832],[-104.9799,30.6291]]]},"properties":{"GID_0":"USA","GID_1":"USA.44_1","GID_2":"USA.44.189_1","NAME_1":"Texas","NAME_2":"Presidio"}},
{"type":"Feature","geometry":{"type":"Polygon","coordinates":[[[-95.8673,32.9821],[-95.9401,32.982],[-95.976,32.8908],[-95.9381,32.8411],[-95.9229,32.8178],[-95.86,32.7768],[-95.7722,32.7745],[-95.6897,32.7358],[-95.6722,32.716],[-95.6566,32.7118],[-95.6392,32.7216],[-95.6313,32.7163],[-95.666,32.9797],[-95.8673,32.9821]]]},"properties":{"GID_0":"USA","GID_1":"USA.44_1","GID_2":"USA.44.190_1","NAME_1":"Texas","NAME_2":"Rains"}},
{"type":"Feature","geometry":{"type":"Polygon","coordinates":[[[-101.624,35.1824],[-102.1676,35.1832],[-102.1727,34.7475],[-101.6266,34.7482],[-101.624,35.1824]]]},"properties":{"GID_0":"USA","GID_1":"USA.44_1","GID_2":"USA.44.191_1","NAME_1":"Texas","NAME_2":"Randall"}},
{"type":"Feature","geometry":{"type":"Polygon","coordinates":[[[-101.2722,31.0794],[-101.2654,31.6522],[-101.777,31.6521],[-101.7748,31.0798],[-101.2722,31.0794]]]},"properties":{"GID_0":"USA","GID_1":"USA.44_1","GID_2":"USA.44.192_1","NAME_1":"Texas","NAME_2":"Reagan"}},
{"type":"Feature","geometry":{"type":"Polygon","coordinates":[[[-99.6031,29.9068],[-99.6908,29.9079],[-99.6923,30.0775],[-99.9235,30.0772],[-99.9726,30.0796],[-99.9916,30.0205],[-99.9989,29.9166],[-100.021,29.8868],[-100.0268,29.82],[-100.0137,29.7957],[-100.0352,29.7764],[-100.0226,29.7439],[-100.0443,29.6944],[-100.0079,29.6318],[-100.0145,29.6237],[-99.6033,29.6257],[-99.6031,29.9068]]]},"properties":{"GID_0":"USA","GID_1":"USA.44_1","GID_2":"USA.44.193_1","NAME_1":"Texas","NAME_2":"Real"}},
{"type":"Feature","geometry":{"type":"Polygon","coordinates":[[[-95.3114,33.8795],[-95.309,33.3774],[-95.2397,33.3678],[-95.2193,33.3769],[-95.1245,33.3875],[-95.0588,33.3911],[-95.0192,33.3821],[-94.8934,33.3957],[-94.8294,33.3805],[-94.8139,33.3735],[-94.784,33.3261],[-94.7791,33.3176],[-94.7465,33.3275],[-94.7466,33.7037],[-94.801,33.7381],[-94.8667,33.7441],[-94.9516,33.8113],[-94.9673,33.8586],[-95.0257,33.8589],[-95.1144,33.9065],[-95.1239,33.9347],[-95.1663,33.9377],[-95.2191,33.9598],[-95.2767,33.9115],[-95.2805,33.8771],[-95.3114,33.8795]]]},"properties":{"GID_0":"USA","GID_1":"USA.44_1","GID_2":"USA.44.194_1","NAME_1":"Texas","NAME_2":"RedRiver"}},
{"type":"Feature","geometry":{"type":"Polygon","coordinates":[[[-104.0265,32.001],[-104.1024,31.1049],[-103.9486,31.0099],[-103.5895,30.7642],[-103.0176,31.3758],[-103.0538,31.3853],[-103.0654,31.3658],[-103.1959,31.3704],[-103.2423,31.3901],[-103.2598,31.4256],[-103.3339,31.4125],[-103.3462,31.4235],[-103.4585,31.4288],[-103.4882,31.4571],[-103.4819,31.4737],[-103.5065,31.5086],[-103.495,31.5391],[-103.5106,31.6258],[-103.5474,31.6434],[-103.6012,31.643],[-103.6278,31.6718],[-103.6226,31.7008],[-103.6664,31.7162],[-103.6916,31.7478],[-103.7467,31.7387],[-103.7957,31.7722],[-103.8075,31.7951],[-103.8118,31.852],[-103.8374,31.8899],[-103.8722,31.8718],[-103.9002,31.8937],[-103.9151,31.911],[-103.9534,31.9872],[-103.9757,32.001],[-104.0265,32.001]]]},"properties":{"GID_0":"USA","GID_1":"USA.44_1","GID_2":"USA.44.195_1","NAME_1":"Texas","NAME_2":"Reeves"}},
{"type":"Feature","geometry":{"type":"Polygon","coordinates":[[[-97.2577,28.075],[-97.2323,28.0715],[-97.1692,28.1303],[-97.1822,28.1617],[-97.1505,28.1735],[-97.128,28.1458],[-97.0901,28.1683],[-97.0324,28.1881],[-97.0393,28.2034],[-97.0605,28.2031],[-97.129,28.2514],[-97.1288,28.2744],[-97.0442,28.2841],[-96.7926,28.3204],[-96.7916,28.3265],[-96.7944,28.3638],[-96.8278,28.38],[-96.8594,28.4147],[-96.8375,28.4325],[-96.781,28.4003],[-96.7844,28.4453],[-96.8093,28.4318],[-96.8868,28.5054],[-96.9054,28.5064],[-96.9206,28.4866],[-96.9598,28.5061],[-97.0227,28.5143],[-97.0546,28.5492],[-97.0798,28.5425],[-97.0839,28.5422],[-97.08,28.5366],[-97.0816,28.5329],[-97.094,28.5351],[-97.1059,28.5515],[-97.1221,28.545],[-97.1516,28.5468],[-97.3742,28.3879],[-97.5355,28.1613],[-97.5232,28.1565],[-97.5192,28.1522],[-97.5073,28.1529],[-97.479,28.1697],[-97.427,28.1155],[-97.4015,28.1066],[-97.3996,28.119],[-97.4039,28.1274],[-97.3798,28.125],[-97.347,28.1177],[-97.3152,28.1293],[-97.2833,28.0954],[-97.2675,28.0904],[-97.2601,28.0773],[-97.2577,28.075]]]},"properties":{"GID_0":"USA","GID_1":"USA.44_1","GID_2":"USA.44.196_1","NAME_1":"Texas","NAME_2":"Refugio"}},
{"type":"Feature","geometry":{"type":"Polygon","coordinates":[[[-101.0862,35.6211],[-100.5413,35.6208],[-100.5438,36.0577],[-100.8392,36.0596],[-101.0828,36.0567],[-101.0862,35.6211]]]},"properties":{"GID_0":"USA","GID_1":"USA.44_1","GID_2":"USA.44.197_1","NAME_1":"Texas","NAME_2":"Roberts"}},
{"type":"Feature","geometry":{"type":"Polygon","coordinates":[[[-96.2428,30.9745],[-96.264,31.0132],[-96.2509,31.0534],[-96.2793,31.0868],[-96.3012,31.146],[-96.3017,31.1817],[-96.3331,31.2563],[-96.3199,31.3007],[-96.3225,31.3501],[-96.3236,31.3593],[-96.8307,31.1053],[-96.8113,31.081],[-96.822,31.0671],[-96.7949,31.065],[-96.7474,30.9955],[-96.7728,30.9624],[-96.7576,30.9272],[-96.703,30.9064],[-96.693,30.8627],[-96.6411,30.8163],[-96.6138,30.7556],[-96.6324,30.7433],[-96.6234,30.7307],[-96.5689,30.6975],[-96.461,30.7434],[-96.4254,30.7917],[-96.4156,30.8202],[-96.3625,30.8994],[-96.3254,30.9306],[-96.2624,30.9665],[-96.2428,30.9745]]]},"properties":{"GID_0":"USA","GID_1":"USA.44_1","GID_2":"USA.44.198_1","NAME_1":"Texas","NAME_2":"Robertson"}},
{"type":"Feature","geometry":{"type":"Polygon","coordinates":[[[-96.5185,32.9847],[-96.5211,32.8153],[-96.3026,32.8157],[-96.2992,32.9824],[-96.5185,32.9847]]]},"properties":{"GID_0":"USA","GID_1":"USA.44_1","GID_2":"USA.44.199_1","NAME_1":"Texas","NAME_2":"Rockwall"}},
{"type":"Feature","geometry":{"type":"Polygon","coordinates":[[[-100.2344,31.692],[-100.2336,31.5811],[-100.1154,31.5804],[-99.7236,31.5723],[-99.7181,32.0841],[-100.2377,32.0823],[-100.2354,32.0035],[-100.2344,31.692]]]},"properties":{"GID_0":"USA","GID_1":"USA.44_1","GID_2":"USA.44.200_1","NAME_1":"Texas","NAME_2":"Runnels"}},
{"type":"Feature","geometry":{"type":"Polygon","coordinates":[[[-94.938,31.8464],[-94.4537,31.8459],[-94.4669,31.858],[-94.4865,31.9028],[-94.5115,31.9246],[-94.5125,31.9731],[-94.5975,31.9717],[-94.602,32.081],[-94.588,32.1206],[-94.5789,32.2064],[-94.5322,32.2703],[-94.4821,32.3907],[-94.5182,32.3879],[-94.5571,32.4066],[-94.5736,32.396],[-94.5915,32.3654],[-94.6595,32.3723],[-94.9873,32.3713],[-94.9852,32.1376],[-94.9861,31.8463],[-94.938,31.8464]]]},"properties":{"GID_0":"USA","GID_1":"USA.44_1","GID_2":"USA.44.201_1","NAME_1":"Texas","NAME_2":"Rusk"}},
{"type":"Feature","geometry":{"type":"Polygon","coordinates":[[[-93.835,31.5878],[-93.9007,31.6092],[-93.9868,31.5677],[-93.988,31.4644],[-94.0443,31.4075],[-94.0266,31.3792],[-94.0489,31.3017],[-94.0327,31.2528],[-94.0418,31.2235],[-94.0382,31.1337],[-93.9192,31.1569],[-93.6014,31.1798],[-93.6155,31.2566],[-93.6895,31.3066],[-93.665,31.3657],[-93.6739,31.3975],[-93.7019,31.4098],[-93.6946,31.4405],[-93.7494,31.4686],[-93.7238,31.4942],[-93.7405,31.5144],[-93.7841,31.5287],[-93.8179,31.5572],[-93.835,31.5878]]]},"properties":{"GID_0":"USA","GID_1":"USA.44_1","GID_2":"USA.44.202_1","NAME_1":"Texas","NAME_2":"Sabine"}},
{"type":"Feature","geometry":{"type":"Polygon","coordinates":[[[-94.1299,31.1019],[-94.0446,31.1194],[-94.0382,31.1337],[-94.0418,31.2235],[-94.0327,31.2528],[-94.0489,31.3017],[-94.0266,31.3792],[-94.0443,31.4075],[-93.988,31.4644],[-93.9868,31.5677],[-94.0916,31.6217],[-94.4018,31.6523],[-94.3785,31.6393],[-94.3697,31.6338],[-94.3121,31.587],[-94.3049,31.5062],[-94.3245,31.4427],[-94.3115,31.4206],[-94.3338,31.3636],[-94.3185,31.3052],[-94.3388,31.2688],[-94.333,31.2516],[-94.3278,31.227],[-94.2871,31.2039],[-94.2699,31.1962],[-94.2358,31.1789],[-94.2206,31.1735],[-94.2197,31.1638],[-94.1299,31.1019]]]},"properties":{"GID_0":"USA","GID_1":"USA.44_1","GID_2":"USA.44.203_1","NAME_1":"Texas","NAME_2":"SanAugustine"}},
{"type":"Feature","geometry":{"type":"Polygon","coordinates":[[[-94.8423,30.4929],[-94.8654,30.5137],[-94.8348,30.5448],[-94.9563,30.5737],[-95.0375,30.5848],[-95.0302,30.5995],[-95.0157,30.6025],[-95.0239,30.6414],[-95.0572,30.6799],[-95.1137,30.6609],[-95.1138,30.6944],[-95.1466,30.7155],[-95.134,30.784],[-95.1859,30.8179],[-95.2086,30.8303],[-95.2324,30.8428],[-95.2355,30.89],[-95.2548,30.906],[-95.294,30.9012],[-95.3053,30.9008],[-95.3159,30.8925],[-95.3284,30.8601],[-95.3622,30.5105],[-95.3191,30.4185],[-95.2943,30.3973],[-95.2395,30.3831],[-95.2045,30.3476],[-95.2251,30.3215],[-94.8423,30.4929]]]},"properties":{"GID_0":"USA","GID_1":"USA.44_1","GID_2":"USA.44.204_1","NAME_1":"Texas","NAME_2":"SanJacinto"}},
{"type":"Feature","geometry":{"type":"Polygon","coordinates":[[[-97.2578,28.0694],[-97.2601,28.0773],[-97.2675,28.0904],[-97.2833,28.0954],[-97.3152,28.1293],[-97.347,28.1177],[-97.3798,28.125],[-97.4039,28.1274],[-97.3996,28.119],[-97.4015,28.1066],[-97.427,28.1155],[-97.479,28.1697],[-97.5073,28.1529],[-97.5192,28.1522],[-97.5232,28.1565],[-97.5355,28.1613],[-97.5607,28.1256],[-97.8084,28.1788],[-97.9018,28.1135],[-97.9013,28.0726],[-97.8781,28.05],[-97.8563,28.0376],[-97.8052,28.0403],[-97.7924,28.0175],[-97.7973,28.0088],[-97.7983,27.988],[-97.8109,27.9625],[-97.7609,27.9318],[-97.6895,27.9169],[-97.6746,27.8809],[-97.6378,27.8661],[-97.6084,27.8732],[-97.5741,27.8608],[-97.5419,27.8586],[-97.507,27.8431],[-97.4542,27.8717],[-97.3621,27.8752],[-97.3256,27.8678],[-97.2709,27.8811],[-97.2468,27.8733],[-97.2139,27.8208],[-97.1919,27.8208],[-97.1379,27.9021],[-97.1875,27.9714],[-97.189,27.9735],[-97.2578,28.0694]]]},"properties":{"GID_0":"USA","GID_1":"USA.44_1","GID_2":"USA.44.205_1","NAME_1":"Texas","NAME_2":"SanPatricio"}},
{"type":"Feature","geometry":{"type":"Polygon","coordinates":[[[-99.0931,31.4508],[-99.0926,30.9211],[-98.4449,30.924],[-98.4414,31.024],[-98.4438,31.0368],[-98.4792,31.056],[-98.4568,31.0799],[-98.4796,31.119],[-98.5223,31.0922],[-98.5484,31.1264],[-98.5199,31.168],[-98.5617,31.1937],[-98.5621,31.2266],[-98.5656,31.2458],[-98.6245,31.2707],[-98.6002,31.2869],[-98.6072,31.3121],[-98.6417,31.333],[-98.655,31.3706],[-98.7029,31.3589],[-98.6957,31.4072],[-98.7553,31.4024],[-98.7782,31.4145],[-98.849,31.4107],[-98.8705,31.4438],[-98.928,31.4347],[-98.9936,31.4678],[-98.987,31.4851],[-99.0177,31.4703],[-99.0379,31.4896],[-99.0931,31.4508]]]},"properties":{"GID_0":"USA","GID_1":"USA.44_1","GID_2":"USA.44.206_1","NAME_1":"Texas","NAME_2":"SanSaba"}},
{"type":"Feature","geometry":{"type":"Polygon","coordinates":[[[-100.9578,30.7041],[-100.5096,30.7043],[-100.2912,30.7028],[-100.1168,30.7049],[-100.1136,31.0869],[-100.6888,31.0866],[-100.9638,31.0825],[-100.9578,30.7041]]]},"properties":{"GID_0":"USA","GID_1":"USA.44_1","GID_2":"USA.44.207_1","NAME_1":"Texas","NAME_2":"Schleicher"}},
{"type":"Feature","geometry":{"type":"Polygon","coordinates":[[[-101.176,32.5272],[-100.6643,32.5259],[-100.6555,32.9633],[-101.0371,32.9701],[-101.1738,32.9627],[-101.176,32.5272]]]},"properties":{"GID_0":"USA","GID_1":"USA.44_1","GID_2":"USA.44.208_1","NAME_1":"Texas","NAME_2":"Scurry"}},
{"type":"Feature","geometry":{"type":"Polygon","coordinates":[[[-99.1142,32.5157],[-99.094,32.5155],[-99.0945,32.9564],[-99.6138,32.9575],[-99.6198,32.5162],[-99.1142,32.5157]]]},"properties":{"GID_0":"USA","GID_1":"USA.44_1","GID_2":"USA.44.209_1","NAME_1":"Texas","NAME_2":"Shackelford"}},
{"type":"Feature","geometry":{"type":"Polygon","coordinates":[[[-94.0173,31.9783],[-94.5125,31.9731],[-94.5115,31.9246],[-94.4865,31.9028],[-94.4669,31.858],[-94.4587,31.8516],[-94.4494,31.8379],[-94.4368,31.825],[-94.4317,31.7726],[-94.4164,31.7527],[-94.4174,31.7157],[-94.4018,31.6523],[-94.0916,31.6217],[-93.9868,31.5677],[-93.9007,31.6092],[-93.835,31.5878],[-93.8207,31.6151],[-93.8269,31.6642],[-93.8092,31.7034],[-93.837,31.7503],[-93.8251,31.7701],[-93.8408,31.8002],[-93.8758,31.827],[-93.9015,31.8762],[-93.9775,31.9287],[-94.0173,31.9783]]]},"properties":{"GID_0":"USA","GID_1":"USA.44_1","GID_2":"USA.44.210_1","NAME_1":"Texas","NAME_2":"Shelby"}},
{"type":"Feature","geometry":{"type":"Polygon","coordinates":[[[-102.1618,36.5004],[-102.1628,36.0553],[-101.6239,36.0556],[-101.6262,36.3191],[-101.6255,36.5025],[-101.87,36.5034],[-102.1618,36.5004]]]},"properties":{"GID_0":"USA","GID_1":"USA.44_1","GID_2":"USA.44.211_1","NAME_1":"Texas","NAME_2":"Sherman"}},
{"type":"Feature","geometry":{"type":"Polygon","coordinates":[[[-94.9852,32.1376],[-94.9895,32.5352],[-95.0165,32.5218],[-95.0186,32.5319],[-95.1363,32.548],[-95.1513,32.57],[-95.1814,32.5412],[-95.2521,32.5784],[-95.2786,32.5722],[-95.3089,32.5949],[-95.3513,32.6062],[-95.3893,32.5991],[-95.4457,32.6128],[-95.4829,32.6106],[-95.5159,32.6242],[-95.565,32.6718],[-95.5918,32.6815],[-95.5926,32.4791],[-95.5539,32.4525],[-95.4694,32.3688],[-95.4468,32.3552],[-95.4503,32.2942],[-95.4658,32.251],[-95.4856,32.2363],[-95.4826,32.222],[-95.4621,32.1828],[-95.4623,32.1404],[-95.461,32.1353],[-94.9852,32.1376]]]},"properties":{"GID_0":"USA","GID_1":"USA.44_1","GID_2":"USA.44.212_1","NAME_1":"Texas","NAME_2":"Smith"}},
{"type":"Feature","geometry":{"type":"Polygon","coordinates":[[[-97.614,32.2046],[-97.6138,32.3186],[-97.7825,32.3188],[-97.9464,32.233],[-97.863,32.0892],[-97.6286,32.2063],[-97.614,32.2046]]]},"properties":{"GID_0":"USA","GID_1":"USA.44_1","GID_2":"USA.44.213_1","NAME_1":"Texas","NAME_2":"Somervell"}},
{"type":"Feature","geometry":{"type":"Polygon","coordinates":[[[-99.1667,26.5773],[-99.1669,26.536],[-99.1274,26.5248],[-99.0918,26.4769],[-99.1132,26.4312],[-99.0868,26.4014],[-99.0411,26.4125],[-99.0107,26.3923],[-98.9783,26.4001],[-98.8803,26.3662],[-98.8026,26.3667],[-98.7839,26.3281],[-98.738,26.3253],[-98.7292,26.2991],[-98.7008,26.2864],[-98.6771,26.2524],[-98.6186,26.2486],[-98.5897,26.2591],[-98.3254,26.7837],[-98.9576,26.785],[-99.0096,26.6757],[-99.1667,26.5773]]]},"properties":{"GID_0":"USA","GID_1":"USA.44_1","GID_2":"USA.44.214_1","NAME_1":"Texas","NAME_2":"Starr"}},
{"type":"Feature","geometry":{"type":"Polygon","coordinates":[[[-98.5791,32.5176],[-98.5767,32.9547],[-99.0945,32.9564],[-99.094,32.5155],[-98.5791,32.5176]]]},"properties":{"GID_0":"USA","GID_1":"USA.44_1","GID_2":"USA.44.215_1","NAME_1":"Texas","NAME_2":"Stephens"}},
{"type":"Feature","geometry":{"type":"Polygon","coordinates":[[[-100.8153,32.0851],[-101.2626,32.0896],[-101.2661,31.5591],[-100.8654,31.5648],[-100.8625,31.7017],[-100.8254,31.6965],[-100.8153,32.0851]]]},"properties":{"GID_0":"USA","GID_1":"USA.44_1","GID_2":"USA.44.216_1","NAME_1":"Texas","NAME_2":"Sterling"}},
{"type":"Feature","geometry":{"type":"Polygon","coordinates":[[[-100.1431,32.959],[-99.9949,32.9586],[-99.9927,33.395],[-100.5194,33.3966],[-100.5192,32.9633],[-100.1431,32.959]]]},"properties":{"GID_0":"USA","GID_1":"USA.44_1","GID_2":"USA.44.217_1","NAME_1":"Texas","NAME_2":"Stonewall"}},
{"type":"Feature","geometry":{"type":"Polygon","coordinates":[[[-100.9503,30.2903],[-100.1183,30.2897],[-100.1168,30.7049],[-100.2912,30.7028],[-100.5096,30.7043],[-100.9578,30.7041],[-100.9503,30.2903]]]},"properties":{"GID_0":"USA","GID_1":"USA.44_1","GID_2":"USA.44.218_1","NAME_1":"Texas","NAME_2":"Sutton"}},
{"type":"Feature","geometry":{"type":"Polygon","coordinates":[[[-101.6266,34.7482],[-101.9959,34.7479],[-101.9963,34.3099],[-101.4717,34.3127],[-101.4722,34.7484],[-101.6266,34.7482]]]},"properties":{"GID_0":"USA","GID_1":"USA.44_1","GID_2":"USA.44.219_1","NAME_1":"Texas","NAME_2":"Swisher"}},
{"type":"Feature","geometry":{"type":"Polygon","coordinates":[[[-97.0357,32.9843],[-97.5436,32.995],[-97.548,32.5533],[-97.0377,32.5502],[-97.0357,32.9843]]]},"properties":{"GID_0":"USA","GID_1":"USA.44_1","GID_2":"USA.44.220_1","NAME_1":"Texas","NAME_2":"Tarrant"}},
{"type":"Feature","geometry":{"type":"Polygon","coordinates":[[[-99.6318,32.5163],[-99.6317,32.5204],[-100.1466,32.5213],[-100.1534,32.082],[-99.6337,32.0843],[-99.6318,32.5163]]]},"properties":{"GID_0":"USA","GID_1":"USA.44_1","GID_2":"USA.44.221_1","NAME_1":"Texas","NAME_2":"Taylor"}},
{"type":"Feature","geometry":{"type":"Polygon","coordinates":[[[-101.7593,29.7811],[-101.758,30.2885],[-101.7382,30.3245],[-101.6606,30.36],[-101.69,30.3747],[-101.7017,30.402],[-101.7392,30.4242],[-101.6899,30.4717],[-101.6777,30.5231],[-101.646,30.5565],[-101.6605,30.5933],[-101.6537,30.6227],[-101.7117,30.6533],[-101.7611,30.6544],[-101.7646,30.6557],[-102.1378,30.6562],[-102.138,30.5974],[-102.3431,30.597],[-102.3434,30.2843],[-102.5671,30.2831],[-102.5671,30.0543],[-102.3206,29.8792],[-102.3001,29.8774],[-102.2232,29.8405],[-102.1785,29.8401],[-102.1435,29.8033],[-102.0746,29.787],[-102.0155,29.7974],[-101.9817,29.815],[-101.9544,29.7957],[-101.8748,29.794],[-101.8562,29.807],[-101.7886,29.7792],[-101.7593,29.7811]]]},"properties":{"GID_0":"USA","GID_1":"USA.44_1","GID_2":"USA.44.222_1","NAME_1":"Texas","NAME_2":"Terrell"}},
{"type":"Feature","geometry":{"type":"Polygon","coordinates":[[[-102.0782,32.9611],[-102.0774,33.3894],[-102.5954,33.3903],[-102.5941,33.3161],[-102.595,32.9596],[-102.0782,32.9611]]]},"properties":{"GID_0":"USA","GID_1":"USA.44_1","GID_2":"USA.44.223_1","NAME_1":"Texas","NAME_2":"Terry"}},
{"type":"Feature","geometry":{"type":"Polygon","coordinates":[[[-99.4753,33.3956],[-99.4722,32.9569],[-98.9523,32.9565],[-98.9541,33.3962],[-99.4753,33.3956]]]},"properties":{"GID_0":"USA","GID_1":"USA.44_1","GID_2":"USA.44.224_1","NAME_1":"Texas","NAME_2":"Throckmorton"}},
{"type":"Feature","geometry":{"type":"Polygon","coordinates":[[[-94.8183,32.9808],[-94.8208,33.3769],[-94.8294,33.3805],[-94.8934,33.3957],[-95.0192,33.3821],[-95.0588,33.3911],[-95.1245,33.3875],[-95.1288,33.035],[-95.1062,33.0364],[-95.0347,33.0752],[-94.9438,33.0744],[-94.8847,33.0207],[-94.8654,33.0153],[-94.8579,33.0118],[-94.8183,32.9808]]]},"properties":{"GID_0":"USA","GID_1":"USA.44_1","GID_2":"USA.44.225_1","NAME_1":"Texas","NAME_2":"Titus"}},
{"type":"Feature","geometry":{"type":"Polygon","coordinates":[[[-100.8254,31.6965],[-100.8625,31.7017],[-100.8654,31.5648],[-101.2661,31.5591],[-101.2666,31.5235],[-101.0916,31.5258],[-100.6931,31.5267],[-100.6888,31.0866],[-100.1136,31.0869],[-100.1154,31.5804],[-100.2336,31.5811],[-100.2344,31.692],[-100.8254,31.6965]]]},"properties":{"GID_0":"USA","GID_1":"USA.44_1","GID_2":"USA.44.226_1","NAME_1":"Texas","NAME_2":"TomGreen"}},
{"type":"Feature","geometry":{"type":"Polygon","coordinates":[[[-97.3703,30.4189],[-97.3865,30.4266],[-97.438,30.458],[-97.5076,30.4871],[-97.5492,30.4789],[-97.5962,30.5028],[-97.7564,30.4449],[-97.8163,30.4474],[-97.8475,30.47],[-97.8742,30.5227],[-97.8715,30.5437],[-97.9065,30.5681],[-97.9221,30.599],[-97.964,30.6263],[-98.0276,30.6069],[-98.0538,30.6243],[-98.1228,30.4854],[-98.0972,30.4674],[-98.1732,30.356],[-97.7131,30.0229],[-97.4881,30.2071],[-97.3703,30.4189]]]},"properties":{"GID_0":"USA","GID_1":"USA.44_1","GID_2":"USA.44.227_1","NAME_1":"Texas","NAME_2":"Travis"}},
{"type":"Feature","geometry":{"type":"Polygon","coordinates":[[[-94.9587,31.3877],[-95.4371,31.0531],[-95.4371,30.9388],[-95.4154,30.9068],[-95.3834,30.8872],[-95.3842,30.8547],[-95.3284,30.8601],[-95.3159,30.8925],[-95.3053,30.9008],[-95.294,30.9012],[-95.2548,30.906],[-95.2355,30.89],[-95.2324,30.8428],[-95.2086,30.8303],[-95.1978,30.8239],[-94.939,31.0417],[-94.8404,31.1464],[-94.844,31.1483],[-94.8663,31.2116],[-94.868,31.2441],[-94.9019,31.2585],[-94.9042,31.3327],[-94.9524,31.3426],[-94.9608,31.3531],[-94.9587,31.3877]]]},"properties":{"GID_0":"USA","GID_1":"USA.44_1","GID_2":"USA.44.228_1","NAME_1":"Texas","NAME_2":"Trinity"}},
{"type":"Feature","geometry":{"type":"Polygon","coordinates":[[[-94.5592,31.0601],[-94.6575,31.0121],[-94.5523,30.5257],[-94.0691,30.5277],[-94.0682,30.5327],[-94.0738,30.5431],[-94.0949,30.5827],[-94.0545,30.641],[-94.0574,30.6526],[-94.1182,30.6875],[-94.1357,30.7333],[-94.1322,30.767],[-94.1802,30.8039],[-94.2012,30.8535],[-94.2047,30.9324],[-94.23,30.9438],[-94.2428,31.0122],[-94.3195,31.0239],[-94.3395,31.0364],[-94.4118,31.0272],[-94.4455,31.034],[-94.4753,31.0291],[-94.5285,31.056],[-94.548,31.0533],[-94.5592,31.0601]]]},"properties":{"GID_0":"USA","GID_1":"USA.44_1","GID_2":"USA.44.229_1","NAME_1":"Texas","NAME_2":"Tyler"}},
{"type":"Feature","geometry":{"type":"Polygon","coordinates":[[[-95.1526,32.9057],[-95.1513,32.57],[-95.1363,32.548],[-95.0186,32.5319],[-95.0165,32.5218],[-94.9895,32.5352],[-94.8196,32.5932],[-94.7613,32.659],[-94.702,32.6567],[-94.7018,32.793],[-94.7045,32.8648],[-94.7099,32.8901],[-94.7246,32.9081],[-95.1526,32.9057]]]},"properties":{"GID_0":"USA","GID_1":"USA.44_1","GID_2":"USA.44.230_1","NAME_1":"Texas","NAME_2":"Upshur"}},
{"type":"Feature","geometry":{"type":"Polygon","coordinates":[[[-102.3007,31.0862],[-101.7748,31.0798],[-101.777,31.6521],[-102.3171,31.6527],[-102.3123,31.3449],[-102.3007,31.0862]]]},"properties":{"GID_0":"USA","GID_1":"USA.44_1","GID_2":"USA.44.231_1","NAME_1":"Texas","NAME_2":"Upton"}},
{"type":"Feature","geometry":{"type":"Polygon","coordinates":[[[-99.6033,29.6257],[-100.111,29.6236],[-100.1119,29.0844],[-99.6813,29.0872],[-99.4107,29.087],[-99.4132,29.6253],[-99.6033,29.6257]]]},"properties":{"GID_0":"USA","GID_1":"USA.44_1","GID_2":"USA.44.232_1","NAME_1":"Texas","NAME_2":"Uvalde"}},
{"type":"Feature","geometry":{"type":"Polygon","coordinates":[[[-101.7593,29.7811],[-101.7101,29.7618],[-101.6623,29.7712],[-101.5749,29.7693],[-101.57,29.796],[-101.5353,29.7982],[-101.5398,29.7646],[-101.5022,29.7642],[-101.4534,29.7847],[-101.451,29.7533],[-101.4149,29.7526],[-101.3735,29.6775],[-101.3057,29.6542],[-101.3133,29.6038],[-101.305,29.5773],[-101.2523,29.6032],[-101.243,29.5662],[-101.2609,29.5382],[-101.2363,29.5237],[-101.1856,29.518],[-101.1476,29.4745],[-101.0601,29.4585],[-101.0371,29.4065],[-101.0047,29.3653],[-100.9498,29.3477],[-100.8862,29.3074],[-100.8792,29.2815],[-100.7943,29.2417],[-100.7639,29.2368],[-100.7403,29.2852],[-100.7438,29.3296],[-100.711,29.3436],[-100.6981,29.4216],[-100.6999,30.2899],[-100.9503,30.2903],[-101.2772,30.2878],[-101.758,30.2885],[-101.7593,29.7811]]]},"properties":{"GID_0":"USA","GID_1":"USA.44_1","GID_2":"USA.44.233_1","NAME_1":"Texas","NAME_2":"ValVerde"}},
{"type":"Feature","geometry":{"type":"Polygon","coordinates":[[[-95.4468,32.3552],[-95.4694,32.3688],[-95.5539,32.4525],[-95.5926,32.4791],[-95.5926,32.6952],[-95.627,32.7148],[-95.6392,32.7216],[-95.6566,32.7118],[-95.6722,32.716],[-95.6897,32.7358],[-95.7722,32.7745],[-95.86,32.7768],[-95.9229,32.8178],[-95.9381,32.8411],[-96.0775,32.8396],[-96.0751,32.3573],[-95.4468,32.3552]]]},"properties":{"GID_0":"USA","GID_1":"USA.44_1","GID_2":"USA.44.234_1","NAME_1":"Texas","NAME_2":"VanZandt"}},
{"type":"Feature","geometry":{"type":"Polygon","coordinates":[[[-96.6601,28.7121],[-96.6607,28.7146],[-96.6627,28.7236],[-96.6714,28.7512],[-96.6995,28.7769],[-96.7051,28.8464],[-96.7455,28.8908],[-96.7903,28.9183],[-96.8069,28.9725],[-96.8303,29.0164],[-96.933,29.0565],[-96.9777,29.1037],[-97.3068,28.8622],[-97.2997,28.8414],[-97.2606,28.8436],[-97.2324,28.8649],[-97.1923,28.8359],[-97.1945,28.8148],[-97.1634,28.7819],[-97.1681,28.7498],[-97.1759,28.5943],[-97.1516,28.5468],[-97.1221,28.545],[-97.1059,28.5515],[-97.094,28.5351],[-97.0816,28.5329],[-97.08,28.5366],[-97.0839,28.5422],[-97.0798,28.5425],[-97.0546,28.5492],[-97.0227,28.5143],[-96.9598,28.5061],[-96.9206,28.4866],[-96.9054,28.5064],[-96.894,28.506],[-96.9063,28.5662],[-96.93,28.5861],[-96.8598,28.6324],[-96.7193,28.67],[-96.6601,28.7121]]]},"properties":{"GID_0":"USA","GID_1":"USA.44_1","GID_2":"USA.44.235_1","NAME_1":"Texas","NAME_2":"Victoria"}},
{"type":"Feature","geometry":{"type":"Polygon","coordinates":[[[-95.8297,30.6285],[-95.5995,30.5111],[-95.3622,30.5105],[-95.3284,30.8601],[-95.3842,30.8547],[-95.3834,30.8872],[-95.4154,30.9068],[-95.4371,30.9388],[-95.4371,31.0531],[-95.6162,30.9323],[-95.6161,30.9135],[-95.657,30.8987],[-95.7247,30.9095],[-95.7533,30.9029],[-95.811,30.8703],[-95.8641,30.8641],[-95.8297,30.6285]]]},"properties":{"GID_0":"USA","GID_1":"USA.44_1","GID_2":"USA.44.236_1","NAME_1":"Texas","NAME_2":"Walker"}},
{"type":"Feature","geometry":{"type":"Polygon","coordinates":[[[-96.036,29.7293],[-95.9697,29.7292],[-95.8263,29.7893],[-95.9628,30.1615],[-95.9038,30.1254],[-95.8725,30.1188],[-95.8257,30.0826],[-95.8085,30.0884],[-95.8011,30.089],[-95.8028,30.1486],[-95.8056,30.1662],[-95.8097,30.2414],[-96.0951,30.2268],[-96.1551,30.2101],[-96.1608,30.1672],[-96.1511,30.1491],[-96.1888,30.1325],[-96.1569,30.0916],[-96.1568,30.0824],[-96.1479,30.0688],[-96.1454,30.0678],[-96.1411,30.0576],[-96.1166,30.0503],[-96.0867,30.0025],[-96.1255,29.9631],[-96.1146,29.9141],[-96.1255,29.8944],[-96.1109,29.8585],[-96.1235,29.8374],[-96.1046,29.8129],[-96.0474,29.7994],[-96.036,29.7293]]]},"properties":{"GID_0":"USA","GID_1":"USA.44_1","GID_2":"USA.44.237_1","NAME_1":"Texas","NAME_2":"Waller"}},
{"type":"Feature","geometry":{"type":"Polygon","coordinates":[[[-102.769,31.6512],[-103.6091,31.6519],[-103.6012,31.643],[-103.5474,31.6434],[-103.5106,31.6258],[-103.495,31.5391],[-103.5065,31.5086],[-103.4819,31.4737],[-103.4882,31.4571],[-103.4585,31.4288],[-103.3462,31.4235],[-103.3339,31.4125],[-103.2598,31.4256],[-103.2423,31.3901],[-103.1959,31.3704],[-103.0654,31.3658],[-103.0538,31.3853],[-103.0176,31.3758],[-102.9972,31.3622],[-102.9138,31.3393],[-102.8267,31.2707],[-102.7725,31.2963],[-102.769,31.6512]]]},"properties":{"GID_0":"USA","GID_1":"USA.44_1","GID_2":"USA.44.238_1","NAME_1":"Texas","NAME_2":"Ward"}},
{"type":"Feature","geometry":{"type":"Polygon","coordinates":[[[-96.1479,30.0688],[-96.1568,30.0824],[-96.1569,30.0916],[-96.1888,30.1325],[-96.1511,30.1491],[-96.1608,30.1672],[-96.1551,30.2101],[-96.0951,30.2268],[-96.1032,30.2335],[-96.0981,30.2411],[-96.0894,30.2893],[-96.1552,30.3324],[-96.1569,30.3755],[-96.2042,30.3835],[-96.2815,30.361],[-96.3055,30.3819],[-96.4226,30.3451],[-96.5093,30.3231],[-96.5644,30.3226],[-96.6497,30.2964],[-96.6887,30.2467],[-96.7363,30.2349],[-96.7409,30.1993],[-96.7932,30.1601],[-96.7529,30.1369],[-96.6805,30.1485],[-96.6314,30.109],[-96.637,30.0748],[-96.6191,30.0491],[-96.5802,30.0589],[-96.2908,30.0966],[-96.2702,30.0964],[-96.2693,30.0821],[-96.1703,30.054],[-96.1598,30.0532],[-96.1479,30.0688]]]},"properties":{"GID_0":"USA","GID_1":"USA.44_1","GID_2":"USA.44.239_1","NAME_1":"Texas","NAME_2":"Washington"}},
{"type":"Feature","geometry":{"type":"Polygon","coordinates":[[[-100.2149,28.2157],[-100.2129,28.1991],[-100.2095,28.1913],[-100.1589,28.1676],[-100.0862,28.1462],[-100.0464,28.0791],[-100.0182,28.0657],[-99.9905,27.9936],[-99.9315,27.9803],[-99.9373,27.9409],[-99.8937,27.8998],[-99.9011,27.864],[-99.8768,27.8408],[-99.8708,27.794],[-99.8423,27.7676],[-99.808,27.7653],[-99.7105,27.6574],[-99.6704,27.66],[-99.6387,27.6267],[-99.6034,27.6419],[-99.5403,27.6044],[-99.5115,27.5641],[-99.5282,27.4982],[-99.4788,27.4795],[-99.4955,27.438],[-99.4876,27.411],[-99.5045,27.3388],[-99.4966,27.2719],[-99.4585,27.2662],[-99.3704,27.3036],[-99.3339,27.2679],[-98.7997,27.2659],[-98.8025,28.0571],[-99.3882,28.0303],[-99.3901,28.1991],[-100.0008,28.1972],[-100.2123,28.2002],[-100.2149,28.2157]]]},"properties":{"GID_0":"USA","GID_1":"USA.44_1","GID_2":"USA.44.240_1","NAME_1":"Texas","NAME_2":"Webb"}},
{"type":"Feature","geometry":{"type":"Polygon","coordinates":[[[-96.175,29.6325],[-96.3069,29.5142],[-96.3479,29.4094],[-96.6379,29.247],[-96.3098,28.9636],[-95.9672,29.1432],[-95.8426,29.256],[-95.8525,29.266],[-95.8795,29.2703],[-95.9017,29.3184],[-95.9481,29.3325],[-95.9396,29.3565],[-95.9937,29.4292],[-96.0344,29.4431],[-96.0596,29.4757],[-96.0251,29.507],[-96.0512,29.5102],[-96.0571,29.5173],[-96.0424,29.5406],[-96.0438,29.5554],[-96.0606,29.5872],[-96.0919,29.6021],[-96.1053,29.62],[-96.175,29.6325]]]},"properties":{"GID_0":"USA","GID_1":"USA.44_1","GID_2":"USA.44.241_1","NAME_1":"Texas","NAME_2":"Wharton"}},
{"type":"Feature","geometry":{"type":"Polygon","coordinates":[[[-100.0014,35.1818],[-100.0011,35.6197],[-100.5413,35.6208],[-100.5388,35.1837],[-100.0014,35.1818]]]},"properties":{"GID_0":"USA","GID_1":"USA.44_1","GID_2":"USA.44.242_1","NAME_1":"Texas","NAME_2":"Wheeler"}},
{"type":"Feature","geometry":{"type":"Polygon","coordinates":[[[-98.4219,34.0826],[-98.486,34.0615],[-98.5999,34.161],[-98.6481,34.1644],[-98.6887,34.1339],[-98.739,34.1268],[-98.8298,34.162],[-98.8729,34.1565],[-98.9523,34.2135],[-98.9533,33.8337],[-98.4232,33.8357],[-98.4219,34.0826]]]},"properties":{"GID_0":"USA","GID_1":"USA.44_1","GID_2":"USA.44.243_1","NAME_1":"Texas","NAME_2":"Wichita"}},
{"type":"Feature","geometry":{"type":"Polygon","coordinates":[[[-98.9523,34.2135],[-98.9914,34.2221],[-99.0424,34.1991],[-99.1897,34.2156],[-99.2095,34.2889],[-99.2125,34.3366],[-99.2645,34.3801],[-99.3204,34.4152],[-99.3704,34.4578],[-99.3893,34.4286],[-99.3973,34.3813],[-99.4329,34.3744],[-99.4759,34.3881],[-99.4785,33.8318],[-98.9533,33.8337],[-98.9523,34.2135]]]},"properties":{"GID_0":"USA","GID_1":"USA.44_1","GID_2":"USA.44.244_1","NAME_1":"Texas","NAME_2":"Wilbarger"}},
{"type":"Feature","geometry":{"type":"Polygon","coordinates":[[[-97.3685,26.3588],[-97.3552,26.3635],[-97.3351,26.3813],[-97.4015,26.4685],[-97.4332,26.5885],[-97.4512,26.6192],[-97.442,26.6014],[-97.8666,26.5985],[-97.957,26.6115],[-97.9697,26.552],[-97.9839,26.5359],[-98.0027,26.4485],[-97.909,26.435],[-97.8617,26.4339],[-97.8632,26.3489],[-97.5302,26.3003],[-97.525,26.3252],[-97.4863,26.3376],[-97.4451,26.3288],[-97.4361,26.3614],[-97.3819,26.3822],[-97.3848,26.3698],[-97.402,26.3527],[-97.3755,26.3603],[-97.3685,26.3588]],[[-97.3719,26.3968],[-97.376,26.3941],[-97.3761,26.3904],[-97.3856,26.3934],[-97.3971,26.3974],[-97.3949,26.4052],[-97.3719,26.3968]]]},"properties":{"GID_0":"USA","GID_1":"USA.44_1","GID_2":"USA.44.245_1","NAME_1":"Texas","NAME_2":"Willacy"}},
{"type":"Feature","geometry":{"type":"Polygon","coordinates":[[[-97.3379,30.4031],[-97.1601,30.4572],[-97.2717,30.7367],[-97.3169,30.7547],[-97.6244,30.8687],[-97.8284,30.9104],[-97.9639,30.7795],[-98.0538,30.6243],[-98.0276,30.6069],[-97.964,30.6263],[-97.9221,30.599],[-97.9065,30.5681],[-97.8715,30.5437],[-97.8742,30.5227],[-97.8475,30.47],[-97.8163,30.4474],[-97.7564,30.4449],[-97.5962,30.5028],[-97.5492,30.4789],[-97.5076,30.4871],[-97.438,30.458],[-97.3865,30.4266],[-97.3379,30.4031]]]},"properties":{"GID_0":"USA","GID_1":"USA.44_1","GID_2":"USA.44.246_1","NAME_1":"Texas","NAME_2":"Williamson"}},
{"type":"Feature","geometry":{"type":"Polygon","coordinates":[[[-98.1879,28.8807],[-97.7292,29.224],[-97.8576,29.3527],[-97.8381,29.3775],[-98.0923,29.38],[-98.1176,29.3708],[-98.1381,29.4368],[-98.4083,29.1104],[-98.2809,28.9878],[-98.1879,28.8807]]]},"properties":{"GID_0":"USA","GID_1":"USA.44_1","GID_2":"USA.44.247_1","NAME_1":"Texas","NAME_2":"Wilson"}},
{"type":"Feature","geometry":{"type":"Polygon","coordinates":[[[-103.3265,32.0007],[-103.3276,31.6513],[-102.7986,31.6513],[-102.7982,32.0871],[-103.0641,32.0856],[-103.0642,31.9996],[-103.3265,32.0007]]]},"properties":{"GID_0":"USA","GID_1":"USA.44_1","GID_2":"USA.44.248_1","NAME_1":"Texas","NAME_2":"Winkler"}},
{"type":"Feature","geometry":{"type":"Polygon","coordinates":[[[-97.4825,33.4357],[-97.9206,33.4313],[-97.9204,33.0011],[-97.3954,32.9922],[-97.384,33.4362],[-97.4825,33.4357]]]},"properties":{"GID_0":"USA","GID_1":"USA.44_1","GID_2":"USA.44.249_1","NAME_1":"Texas","NAME_2":"Wise"}},
{"type":"Feature","geometry":{"type":"Polygon","coordinates":[[[-95.1515,33.0123],[-95.1725,32.9644],[-95.6637,32.9627],[-95.6313,32.7163],[-95.627,32.7148],[-95.5926,32.6952],[-95.5918,32.6815],[-95.565,32.6718],[-95.5159,32.6242],[-95.4829,32.6106],[-95.4457,32.6128],[-95.3893,32.5991],[-95.3513,32.6062],[-95.3089,32.5949],[-95.2786,32.5722],[-95.2521,32.5784],[-95.1814,32.5412],[-95.1513,32.57],[-95.1526,32.9057],[-95.1515,33.0123]]]},"properties":{"GID_0":"USA","GID_1":"USA.44_1","GID_2":"USA.44.250_1","NAME_1":"Texas","NAME_2":"Wood"}},
{"type":"Feature","geometry":{"type":"Polygon","coordinates":[[[-103.0632,32.9589],[-102.595,32.9596],[-102.5941,33.3161],[-102.5954,33.3903],[-103.0559,33.3903],[-103.0632,32.9589]]]},"properties":{"GID_0":"USA","GID_1":"USA.44_1","GID_2":"USA.44.251_1","NAME_1":"Texas","NAME_2":"Yoakum"}},
{"type":"Feature","geometry":{"type":"Polygon","coordinates":[[[-98.9541,33.3962],[-98.9523,32.9565],[-98.4275,32.9537],[-98.4225,33.3946],[-98.9541,33.3962]]]},"properties":{"GID_0":"USA","GID_1":"USA.44_1","GID_2":"USA.44.252_1","NAME_1":"Texas","NAME_2":"Young"}},
{"type":"Feature","geometry":{"type":"Polygon","coordinates":[[[-99.4585,27.2662],[-99.4262,27.1761],[-99.44,27.1511],[-99.4287,27.0926],[-99.4516,27.0652],[-99.4456,27.0245],[-99.4088,27.0099],[-99.3813,26.9793],[-99.3933,26.9583],[-99.3747,26.9324],[-99.3285,26.9195],[-99.3278,26.8839],[-99.282,26.8588],[-99.2424,26.7864],[-99.2408,26.7475],[-99.209,26.7247],[-99.1982,26.6529],[-99.1729,26.6166],[-99.1667,26.5773],[-99.0096,26.6757],[-98.9576,26.785],[-98.9579,27.2671],[-99.3339,27.2679],[-99.3704,27.3036],[-99.4585,27.2662]]]},"properties":{"GID_0":"USA","GID_1":"USA.44_1","GID_2":"USA.44.253_1","NAME_1":"Texas","NAME_2":"Zapata"}},
{"type":"Feature","geometry":{"type":"Polygon","coordinates":[[[-99.4009,28.6417],[-99.4107,29.087],[-99.6813,29.0872],[-100.1119,29.0844],[-100.1118,28.6383],[-99.4009,28.6417]]]},"properties":{"GID_0":"USA","GID_1":"USA.44_1","GID_2":"USA.44.254_1","NAME_1":"Texas","NAME_2":"Zavala"}}
]}