{"type":"FeatureCollection", "features": [
{"type":"Feature","geometry":{"type":"Polygon","coordinates":[[[-82.2265,31.5307],[-82.2212,31.5207],[-82.1999,31.5068],[-82.1653,31.4764],[-82.1461,31.469],[-82.1326,31.4716],[-82.1328,31.5574],[-82.1478,31.5575],[-82.1477,31.5694],[-82.1332,31.5693],[-82.1331,31.7737],[-82.0871,31.7998],[-82.0851,31.8271],[-82.057,31.8314],[-82.1079,31.8647],[-82.1157,31.8894],[-82.1609,31.9043],[-82.1906,31.9004],[-82.2212,31.9134],[-82.2299,31.9121],[-82.232,31.9172],[-82.2852,31.9426],[-82.3155,31.9314],[-82.3554,31.9394],[-82.3854,31.961],[-82.4243,31.9643],[-82.4313,31.9657],[-82.4311,31.8381],[-82.5201,31.8385],[-82.5207,31.7363],[-82.5214,31.7108],[-82.4961,31.7111],[-82.4737,31.6804],[-82.4099,31.6427],[-82.3499,31.6209],[-82.3157,31.5925],[-82.244,31.5582],[-82.2265,31.5307]]]},"properties":{"GID_0":"USA","GID_1":"USA.11_1","GID_2":"USA.11.1_1","NAME_1":"Georgia","NAME_2":"Appling"}},
{"type":"Feature","geometry":{"type":"Polygon","coordinates":[[[-83.0469,31.1842],[-82.6715,31.1837],[-82.6906,31.2235],[-82.699,31.2778],[-82.6545,31.2855],[-82.63,31.2744],[-82.629,31.3635],[-82.8182,31.3648],[-82.8444,31.4032],[-82.958,31.4033],[-82.9586,31.4175],[-83.1398,31.4206],[-83.1001,31.3544],[-83.069,31.3403],[-83.0475,31.2837],[-83.0347,31.2732],[-83.0502,31.223],[-83.0512,31.2116],[-83.048,31.1924],[-83.0469,31.1842]]]},"properties":{"GID_0":"USA","GID_1":"USA.11_1","GID_2":"USA.11.2_1","NAME_1":"Georgia","NAME_2":"Atkinson"}},
{"type":"Feature","geometry":{"type":"Polygon","coordinates":[[[-82.5214,31.7108],[-82.5216,31.6729],[-82.6276,31.6728],[-82.6281,31.5588],[-82.5964,31.5582],[-82.5979,31.4688],[-82.4949,31.4684],[-82.4813,31.4172],[-82.4019,31.4172],[-82.3449,31.4302],[-82.3006,31.4673],[-82.3004,31.4929],[-82.2698,31.4927],[-82.2562,31.5177],[-82.2265,31.5307],[-82.244,31.5582],[-82.3157,31.5925],[-82.3499,31.6209],[-82.4099,31.6427],[-82.4737,31.6804],[-82.4961,31.7111],[-82.5214,31.7108]]]},"properties":{"GID_0":"USA","GID_1":"USA.11_1","GID_2":"USA.11.3_1","NAME_1":"Georgia","NAME_2":"Bacon"}},
{"type":"Feature","geometry":{"type":"Polygon","coordinates":[[[-84.6354,31.4338],[-84.6353,31.4018],[-84.6371,31.3319],[-84.6399,31.3127],[-84.6415,31.2588],[-84.5371,31.2562],[-84.5428,31.0789],[-84.5086,31.0785],[-84.5061,31.0853],[-84.503,31.089],[-84.5068,31.1233],[-84.3773,31.2387],[-84.3405,31.2779],[-84.3409,31.3048],[-84.3239,31.3137],[-84.2803,31.3302],[-84.2718,31.3367],[-84.2333,31.3412],[-84.1977,31.3658],[-84.1955,31.3919],[-84.1461,31.428],[-84.142,31.4385],[-84.1409,31.4404],[-84.2117,31.436],[-84.4483,31.4368],[-84.4818,31.4491],[-84.491,31.428],[-84.5463,31.4318],[-84.6354,31.4338]]]},"properties":{"GID_0":"USA","GID_1":"USA.11_1","GID_2":"USA.11.4_1","NAME_1":"Georgia","NAME_2":"Baker"}},
{"type":"Feature","geometry":{"type":"Polygon","coordinates":[[[-83.3573,32.9261],[-83.1503,33.0062],[-83.1323,33.0072],[-83.1131,32.973],[-83.0819,32.9539],[-83.0735,32.9464],[-83.0704,32.9476],[-83.0698,32.9571],[-83.072,32.9667],[-83.0578,32.9749],[-83.0518,33.004],[-83.0666,33.0209],[-83.0612,33.0341],[-83.0437,33.0646],[-83.0732,33.0641],[-83.1006,33.05],[-83.1192,33.0832],[-83.1023,33.1305],[-83.0979,33.1342],[-83.0947,33.1442],[-83.0974,33.151],[-83.2631,33.189],[-83.2724,33.1867],[-83.2932,33.1903],[-83.3031,33.1807],[-83.3146,33.1811],[-83.3299,33.1674],[-83.3919,33.1836],[-83.4325,33.1834],[-83.4173,33.1193],[-83.3573,32.9261]]]},"properties":{"GID_0":"USA","GID_1":"USA.11_1","GID_2":"USA.11.5_1","NAME_1":"Georgia","NAME_2":"Baldwin"}},
{"type":"Feature","geometry":{"type":"Polygon","coordinates":[[[-83.3983,34.4603],[-83.4146,34.4684],[-83.4693,34.4841],[-83.5373,34.4915],[-83.5928,34.4499],[-83.6083,34.4358],[-83.6171,34.4294],[-83.6232,34.4189],[-83.6459,34.4065],[-83.6597,34.39],[-83.6656,34.3691],[-83.6628,34.3573],[-83.647,34.3347],[-83.6435,34.3161],[-83.625,34.3007],[-83.5875,34.27],[-83.5618,34.2529],[-83.4802,34.2623],[-83.4148,34.2081],[-83.4024,34.1975],[-83.4003,34.2004],[-83.3726,34.2059],[-83.3588,34.2228],[-83.3555,34.2237],[-83.3505,34.2351],[-83.3439,34.246],[-83.3378,34.261],[-83.3938,34.3249],[-83.3826,34.429],[-83.3983,34.4603]]]},"properties":{"GID_0":"USA","GID_1":"USA.11_1","GID_2":"USA.11.6_1","NAME_1":"Georgia","NAME_2":"Banks"}},
{"type":"Feature","geometry":{"type":"Polygon","coordinates":[[[-83.7992,33.9301],[-83.7612,33.8949],[-83.6662,33.916],[-83.6606,33.9124],[-83.6484,33.9079],[-83.537,33.9662],[-83.5636,34.032],[-83.6574,34.0529],[-83.7301,34.0583],[-83.7434,34.0646],[-83.7902,34.0857],[-83.8178,34.1273],[-83.8692,34.0047],[-83.8391,33.9844],[-83.7992,33.9301]]]},"properties":{"GID_0":"USA","GID_1":"USA.11_1","GID_2":"USA.11.7_1","NAME_1":"Georgia","NAME_2":"Barrow"}},
{"type":"Feature","geometry":{"type":"Polygon","coordinates":[[[-84.6536,34.4124],[-84.7338,34.4126],[-84.734,34.3963],[-84.9546,34.3987],[-84.9883,34.3845],[-85.0054,34.4033],[-85.0051,34.3456],[-85.0229,34.3452],[-85.0238,34.2121],[-85.045,34.2122],[-85.0476,34.0812],[-84.9301,34.0828],[-84.9145,34.0826],[-84.8968,34.0824],[-84.7381,34.0821],[-84.7381,34.0794],[-84.672,34.0781],[-84.6593,34.0779],[-84.6571,34.2092],[-84.6537,34.2093],[-84.6536,34.4124]]]},"properties":{"GID_0":"USA","GID_1":"USA.11_1","GID_2":"USA.11.8_1","NAME_1":"Georgia","NAME_2":"Bartow"}},
{"type":"Feature","geometry":{"type":"Polygon","coordinates":[[[-82.9956,31.7807],[-83.0279,31.7784],[-83.1141,31.8116],[-83.1357,31.8139],[-83.1697,31.8403],[-83.1827,31.8521],[-83.2101,31.8452],[-83.4803,31.8471],[-83.4808,31.8412],[-83.4845,31.8343],[-83.4605,31.7806],[-83.4539,31.7578],[-83.3246,31.7565],[-83.3254,31.6807],[-83.2657,31.68],[-83.2666,31.6544],[-83.1768,31.6514],[-83.1763,31.6783],[-82.9983,31.673],[-82.9956,31.7807]]]},"properties":{"GID_0":"USA","GID_1":"USA.11_1","GID_2":"USA.11.9_1","NAME_1":"Georgia","NAME_2":"BenHill"}},
{"type":"Feature","geometry":{"type":"Polygon","coordinates":[[[-83.1398,31.4206],[-83.1453,31.4721],[-83.3385,31.4763],[-83.339,31.4653],[-83.3696,31.4652],[-83.3709,31.4018],[-83.4297,31.3641],[-83.4302,31.3509],[-83.4339,31.3504],[-83.4333,31.3322],[-83.4353,31.3029],[-83.4288,31.2934],[-83.4084,31.2852],[-83.3863,31.2584],[-83.3332,31.2389],[-83.3341,31.1955],[-83.3051,31.1532],[-83.3204,31.0988],[-83.2797,31.0619],[-83.2839,31.0404],[-83.2918,31.0349],[-83.295,31.0276],[-83.1979,31.0255],[-83.1974,31.0625],[-83.1675,31.0626],[-83.165,31.1475],[-83.0384,31.1463],[-83.0491,31.1782],[-83.048,31.1924],[-83.0512,31.2116],[-83.0502,31.223],[-83.0347,31.2732],[-83.0475,31.2837],[-83.069,31.3403],[-83.1001,31.3544],[-83.1398,31.4206]]]},"properties":{"GID_0":"USA","GID_1":"USA.11_1","GID_2":"USA.11.10_1","NAME_1":"Georgia","NAME_2":"Berrien"}},
{"type":"Feature","geometry":{"type":"Polygon","coordinates":[[[-83.7104,32.6918],[-83.7006,32.6923],[-83.6837,32.6851],[-83.6449,32.6744],[-83.6056,32.6614],[-83.5974,32.6646],[-83.6107,32.6951],[-83.5789,32.738],[-83.5035,32.8008],[-83.4895,32.8241],[-83.5164,32.8476],[-83.5646,32.877],[-83.5986,32.8877],[-83.6587,32.8879],[-83.6955,32.9159],[-83.7111,32.9527],[-83.8133,32.8973],[-83.8925,32.8485],[-83.8818,32.8181],[-83.8304,32.7542],[-83.8232,32.7406],[-83.7104,32.6918]]]},"properties":{"GID_0":"USA","GID_1":"USA.11_1","GID_2":"USA.11.11_1","NAME_1":"Georgia","NAME_2":"Bibb"}},
{"type":"Feature","geometry":{"type":"Polygon","coordinates":[[[-83.1389,32.4224],[-83.2268,32.5844],[-83.4086,32.4956],[-83.498,32.4524],[-83.4915,32.4447],[-83.4847,32.4046],[-83.4977,32.4018],[-83.4023,32.3184],[-83.3462,32.2721],[-83.2841,32.3242],[-83.3048,32.3414],[-83.1732,32.452],[-83.1389,32.4224]]]},"properties":{"GID_0":"USA","GID_1":"USA.11_1","GID_2":"USA.11.12_1","NAME_1":"Georgia","NAME_2":"Bleckley"}},
{"type":"Feature","geometry":{"type":"Polygon","coordinates":[[[-81.9359,31.0476],[-81.932,31.0562],[-81.9193,31.0894],[-81.9112,31.0971],[-81.8878,31.1],[-81.8409,31.0973],[-81.8178,31.137],[-81.7683,31.169],[-81.7747,31.1653],[-81.7821,31.1724],[-81.7671,31.2013],[-81.7318,31.3299],[-81.7606,31.3423],[-81.8012,31.3632],[-81.923,31.3452],[-82.0321,31.3662],[-82.0405,31.3622],[-81.9975,31.2888],[-82.0518,31.2724],[-82.1128,31.2715],[-82.1441,31.254],[-82.1465,31.2275],[-82.1841,31.2063],[-82.1948,31.2073],[-82.2252,31.2208],[-82.2723,31.2188],[-82.2819,31.2257],[-82.2845,31.2244],[-82.2843,31.1928],[-82.2294,31.1687],[-82.2086,31.1713],[-82.2078,31.085],[-82.1633,31.0486],[-82.1317,31.0109],[-82.081,31.0109],[-82.061,31.0757],[-81.9359,31.0476]]]},"properties":{"GID_0":"USA","GID_1":"USA.11_1","GID_2":"USA.11.13_1","NAME_1":"Georgia","NAME_2":"Brantley"}},
{"type":"Feature","geometry":{"type":"Polygon","coordinates":[[[-83.7437,30.6583],[-83.3563,30.6356],[-83.3969,30.6772],[-83.4171,30.6845],[-83.4214,30.689],[-83.4314,30.6885],[-83.4426,30.6944],[-83.4533,30.7012],[-83.4845,30.7537],[-83.4542,30.7707],[-83.4464,30.805],[-83.4146,30.8285],[-83.3513,30.8419],[-83.3578,30.867],[-83.4384,30.9037],[-83.4307,30.9527],[-83.4754,31.032],[-83.4819,31.0328],[-83.5605,31.0631],[-83.5751,31.0781],[-83.5742,31.0338],[-83.7365,31.0378],[-83.7401,30.85],[-83.7391,30.7417],[-83.7437,30.6583]]]},"properties":{"GID_0":"USA","GID_1":"USA.11_1","GID_2":"USA.11.14_1","NAME_1":"Georgia","NAME_2":"Brooks"}},
{"type":"Feature","geometry":{"type":"Polygon","coordinates":[[[-81.2569,31.7495],[-81.2244,31.7494],[-81.1717,31.7272],[-81.1749,31.7725],[-81.2018,31.7866],[-81.164,31.8669],[-81.1716,31.8908],[-81.2699,31.912],[-81.2891,31.9469],[-81.2916,31.9798],[-81.3248,32.0213],[-81.368,32.0489],[-81.3919,32.0975],[-81.3886,32.1007],[-81.403,32.1077],[-81.4059,32.1524],[-81.43,32.2239],[-81.4314,32.2344],[-81.4324,32.2385],[-81.4367,32.2418],[-81.6174,32.1922],[-81.7816,32.1521],[-81.7822,32.148],[-81.7569,32.1058],[-81.7316,32.0964],[-81.719,32.0891],[-81.6981,32.0905],[-81.6522,32.059],[-81.6038,32.0101],[-81.5878,31.9697],[-81.5205,31.9593],[-81.4716,31.9723],[-81.4639,31.9503],[-81.4237,31.9384],[-81.4041,31.9199],[-81.378,31.8497],[-81.3547,31.8288],[-81.3161,31.8182],[-81.3069,31.7912],[-81.2816,31.7908],[-81.2764,31.7583],[-81.2569,31.7495]]]},"properties":{"GID_0":"USA","GID_1":"USA.11_1","GID_2":"USA.11.15_1","NAME_1":"Georgia","NAME_2":"Bryan"}},
{"type":"Feature","geometry":{"type":"Polygon","coordinates":[[[-81.4367,32.2418],[-81.4328,32.2453],[-81.4359,32.2513],[-81.4352,32.2595],[-81.4681,32.3242],[-81.48,32.3294],[-81.4891,32.3364],[-81.5341,32.3925],[-81.5372,32.4336],[-81.526,32.4499],[-81.5497,32.4921],[-81.5626,32.4977],[-81.5664,32.5019],[-81.5967,32.5068],[-81.6403,32.5324],[-81.6896,32.5466],[-81.7551,32.6025],[-81.7762,32.6086],[-81.8267,32.6529],[-81.8338,32.6534],[-81.8398,32.6498],[-81.918,32.6278],[-82.0021,32.6072],[-82.0307,32.5391],[-81.9718,32.5135],[-81.9745,32.4698],[-81.9193,32.4151],[-81.9516,32.3106],[-81.968,32.2676],[-81.9629,32.2729],[-81.893,32.2749],[-81.842,32.2416],[-81.8166,32.2377],[-81.7918,32.1923],[-81.781,32.153],[-81.6174,32.1922],[-81.4367,32.2418]]]},"properties":{"GID_0":"USA","GID_1":"USA.11_1","GID_2":"USA.11.16_1","NAME_1":"Georgia","NAME_2":"Bulloch"}},
{"type":"Feature","geometry":{"type":"Polygon","coordinates":[[[-82.1447,32.8124],[-82.1479,32.8197],[-82.1237,32.8837],[-82.0818,32.9171],[-81.9561,32.9237],[-81.854,32.9501],[-81.7882,32.9303],[-81.7731,32.9183],[-81.7677,32.9095],[-81.5417,33.0457],[-81.5642,33.0469],[-81.6142,33.0953],[-81.6466,33.0937],[-81.7211,33.1257],[-81.7622,33.1599],[-81.7577,33.1995],[-81.8072,33.2151],[-81.8511,33.2485],[-81.877,33.2584],[-81.9253,33.2557],[-81.9491,33.2404],[-81.991,33.2276],[-82.0594,33.2428],[-82.0892,33.2303],[-82.1115,33.2432],[-82.1337,33.2757],[-82.1636,33.2954],[-82.1735,33.2969],[-82.2677,33.2675],[-82.2324,33.2313],[-82.2511,33.1682],[-82.2665,33.1528],[-82.2909,33.0633],[-82.2724,32.938],[-82.3164,32.8358],[-82.3034,32.8271],[-82.2565,32.8241],[-82.2147,32.8042],[-82.1561,32.8152],[-82.1512,32.8152],[-82.1447,32.8124]]]},"properties":{"GID_0":"USA","GID_1":"USA.11_1","GID_2":"USA.11.17_1","NAME_1":"Georgia","NAME_2":"Burke"}},
{"type":"Feature","geometry":{"type":"Polygon","coordinates":[[[-84.1025,33.2977],[-84.0886,33.2856],[-84.1236,33.2425],[-84.1236,33.2029],[-83.8675,33.2019],[-83.8422,33.1966],[-83.8355,33.1899],[-83.8355,33.1871],[-83.8228,33.1804],[-83.8259,33.2086],[-83.8238,33.2213],[-83.8137,33.2487],[-83.8279,33.2937],[-83.8558,33.3353],[-83.8626,33.3603],[-83.8672,33.3725],[-83.9162,33.4327],[-83.9246,33.4435],[-83.9252,33.4481],[-84.0734,33.3021],[-84.1025,33.2977]]]},"properties":{"GID_0":"USA","GID_1":"USA.11_1","GID_2":"USA.11.18_1","NAME_1":"Georgia","NAME_2":"Butts"}},
{"type":"Feature","geometry":{"type":"Polygon","coordinates":[[[-84.43,31.4366],[-84.4279,31.4393],[-84.4285,31.4416],[-84.4259,31.448],[-84.4127,31.4587],[-84.4551,31.549],[-84.4494,31.6189],[-84.4505,31.6212],[-84.557,31.6211],[-84.5865,31.6211],[-84.6218,31.638],[-84.6564,31.6215],[-84.7295,31.6195],[-84.8172,31.6199],[-84.8179,31.6021],[-84.8276,31.6019],[-84.8279,31.5924],[-84.8182,31.593],[-84.8181,31.566],[-84.7988,31.565],[-84.8188,31.5478],[-84.8198,31.519],[-84.8197,31.4916],[-84.8073,31.4914],[-84.7895,31.4364],[-84.5463,31.4318],[-84.491,31.428],[-84.4818,31.4491],[-84.4483,31.4368],[-84.43,31.4366]]]},"properties":{"GID_0":"USA","GID_1":"USA.11_1","GID_2":"USA.11.19_1","NAME_1":"Georgia","NAME_2":"Calhoun"}},
{"type":"Feature","geometry":{"type":"MultiPolygon","coordinates":[[[[-81.9041,30.8298],[-81.8816,30.8026],[-81.8094,30.7913],[-81.7617,30.7748],[-81.7205,30.7469],[-81.6673,30.755],[-81.647,30.7287],[-81.5015,30.7286],[-81.449,30.72],[-81.4611,30.7589],[-81.4522,30.7992],[-81.4283,30.8392],[-81.4064,30.9003],[-81.4027,30.9589],[-81.469,30.9227],[-81.48,30.9308],[-81.4978,30.9219],[-81.5083,30.935],[-81.4992,30.9436],[-81.5131,30.9661],[-81.4611,30.9983],[-81.4847,31.0292],[-81.5552,31.0809],[-81.5648,31.1048],[-81.5587,31.1278],[-81.5817,31.1148],[-81.6861,31.1217],[-81.7641,31.1682],[-81.7683,31.169],[-81.8178,31.137],[-81.8409,31.0973],[-81.8878,31.1],[-81.9112,31.0971],[-81.9193,31.0894],[-81.932,31.0562],[-81.9359,31.0476],[-81.9056,31.0381],[-81.918,30.9862],[-81.908,30.9733],[-81.9023,30.9659],[-81.8986,30.9627],[-81.8929,30.9508],[-81.9049,30.9321],[-81.9126,30.9098],[-81.9025,30.9088],[-81.8924,30.9101],[-81.9041,30.8298]]],[[[-81.4642,30.97],[-81.4731,30.9697],[-81.5068,30.9347],[-81.4775,30.9311],[-81.4669,30.9245],[-81.4431,30.9508],[-81.4642,30.97]]]]},"properties":{"GID_0":"USA","GID_1":"USA.11_1","GID_2":"USA.11.20_1","NAME_1":"Georgia","NAME_2":"Camden"}},
{"type":"Feature","geometry":{"type":"Polygon","coordinates":[[[-82.0307,32.5391],[-82.0805,32.56],[-82.1484,32.5209],[-82.1815,32.4738],[-82.1884,32.4324],[-82.2544,32.3513],[-82.233,32.3188],[-81.968,32.2676],[-81.9516,32.3106],[-81.9193,32.4151],[-81.9745,32.4698],[-81.9718,32.5135],[-82.0307,32.5391]]]},"properties":{"GID_0":"USA","GID_1":"USA.11_1","GID_2":"USA.11.21_1","NAME_1":"Georgia","NAME_2":"Candler"}},
{"type":"Feature","geometry":{"type":"Polygon","coordinates":[[[-85.3384,33.6532],[-85.2946,33.428],[-85.0151,33.4255],[-84.9785,33.4561],[-84.9455,33.4367],[-84.9356,33.4373],[-84.9089,33.4691],[-84.851,33.511],[-84.8274,33.5132],[-84.8223,33.5315],[-84.8247,33.5633],[-84.8116,33.5704],[-84.809,33.574],[-84.8244,33.5738],[-84.8245,33.5765],[-84.83,33.5764],[-84.8299,33.5737],[-84.9054,33.5734],[-84.9005,33.78],[-84.9706,33.7988],[-85.0378,33.8117],[-85.0494,33.8124],[-85.0507,33.7146],[-85.1152,33.6912],[-85.1387,33.6998],[-85.2896,33.6519],[-85.3384,33.6532]]]},"properties":{"GID_0":"USA","GID_1":"USA.11_1","GID_2":"USA.11.22_1","NAME_1":"Georgia","NAME_2":"Carroll"}},
{"type":"Feature","geometry":{"type":"Polygon","coordinates":[[[-85.1453,34.7679],[-85.1322,34.8195],[-85.0628,34.8193],[-85.0622,34.8634],[-85.0244,34.8713],[-84.9981,34.9413],[-84.9973,34.9731],[-84.9803,34.9884],[-85.2659,34.985],[-85.2654,34.8542],[-85.2027,34.8545],[-85.2026,34.775],[-85.1453,34.7679]]]},"properties":{"GID_0":"USA","GID_1":"USA.11_1","GID_2":"USA.11.23_1","NAME_1":"Georgia","NAME_2":"Catoosa"}},
{"type":"Feature","geometry":{"type":"Polygon","coordinates":[[[-82.2213,30.5687],[-82.24,30.5387],[-82.2016,30.475],[-82.2079,30.4163],[-82.1986,30.3902],[-82.1618,30.3591],[-82.112,30.3671],[-82.0671,30.3571],[-82.0363,30.3825],[-82.0446,30.4115],[-82.0197,30.4747],[-82.019,30.5333],[-82.0104,30.583],[-82.0515,30.6577],[-82.0386,30.7082],[-82.0418,30.7508],[-82.0015,30.7905],[-81.9729,30.7806],[-81.9516,30.8264],[-81.9041,30.8298],[-81.8924,30.9101],[-81.9025,30.9088],[-81.9126,30.9098],[-81.9049,30.9321],[-81.8929,30.9508],[-81.8986,30.9627],[-81.9023,30.9659],[-81.908,30.9733],[-81.918,30.9862],[-81.9056,31.0381],[-81.9359,31.0476],[-82.061,31.0757],[-82.081,31.0109],[-82.4155,31.0141],[-82.415,30.947],[-82.4214,30.7953],[-82.1787,30.7906],[-82.15,30.784],[-82.2149,30.5682],[-82.2213,30.5687]]]},"properties":{"GID_0":"USA","GID_1":"USA.11_1","GID_2":"USA.11.24_1","NAME_1":"Georgia","NAME_2":"Charlton"}},
{"type":"Feature","geometry":{"type":"MultiPolygon","coordinates":[[[[-81.1244,31.85],[-81.1545,31.8377],[-81.1803,31.7939],[-81.1581,31.7792],[-81.1715,31.7572],[-81.1325,31.7222],[-81.0717,31.7669],[-81.0542,31.8181],[-81.0947,31.8464],[-81.1244,31.85]]],[[[-81.1716,31.8908],[-81.164,31.8669],[-81.1098,31.8667],[-81.0911,31.8858],[-81.0572,31.8781],[-81.0214,31.9078],[-81.0067,31.9025],[-80.9933,31.8578],[-80.9335,31.9074],[-80.985,31.9164],[-80.9833,31.9381],[-81.0136,31.9639],[-81.0086,32.0073],[-81.0463,32.0241],[-81.0494,32.0302],[-81.0422,32.0458],[-81.0315,32.0609],[-81.0114,32.0746],[-81.0236,32.0999],[-81.0584,32.0877],[-81.1183,32.1175],[-81.1301,32.166],[-81.1104,32.1734],[-81.1449,32.2269],[-81.1956,32.2377],[-81.3919,32.0975],[-81.368,32.0489],[-81.3248,32.0213],[-81.2916,31.9798],[-81.2891,31.9469],[-81.2699,31.912],[-81.1716,31.8908]]],[[[-80.8589,31.9975],[-80.8756,31.9911],[-80.9089,31.9942],[-80.9164,31.9869],[-80.9318,31.9621],[-80.9212,31.943],[-80.8608,31.975],[-80.8589,31.9975]]],[[[-80.9789,32.0669],[-80.9722,32.0467],[-80.9242,32.0125],[-80.9171,31.9882],[-80.9108,31.9981],[-80.9061,31.9944],[-80.8875,31.9989],[-80.8764,31.9927],[-80.841,32.0085],[-80.852,32.0294],[-80.8797,32.0167],[-80.9422,32.0392],[-80.9789,32.0669]]],[[[-81.0102,32.0717],[-81.0292,32.0622],[-81.0283,32.0497],[-81.0396,32.0447],[-81.0481,32.0278],[-81.0283,32.025],[-81.0031,32.0094],[-81.005,31.9681],[-80.9856,31.9517],[-80.9369,31.9656],[-80.9245,32.0091],[-80.94,32.0154],[-80.9706,32.0431],[-80.9824,32.0597],[-81.0102,32.0717]]]]},"properties":{"GID_0":"USA","GID_1":"USA.11_1","GID_2":"USA.11.25_1","NAME_1":"Georgia","NAME_2":"Chatham"}},
{"type":"Feature","geometry":{"type":"Polygon","coordinates":[[[-84.9267,32.2307],[-84.6594,32.233],[-84.6572,32.4951],[-84.6379,32.5346],[-84.6789,32.5189],[-84.7012,32.5186],[-84.7189,32.5074],[-84.7699,32.4264],[-84.779,32.424],[-84.786,32.4184],[-84.8819,32.4105],[-84.9333,32.38],[-84.9468,32.3752],[-84.9571,32.3741],[-84.974,32.3788],[-85.008,32.3446],[-84.9997,32.3223],[-84.9422,32.3001],[-84.9012,32.2625],[-84.9267,32.2307]]]},"properties":{"GID_0":"USA","GID_1":"USA.11_1","GID_2":"USA.11.26_1","NAME_1":"Georgia","NAME_2":"Chattahoochee"}},
{"type":"Feature","geometry":{"type":"Polygon","coordinates":[[[-85.463,34.2859],[-85.3878,34.2856],[-85.3628,34.3384],[-85.3353,34.3689],[-85.1807,34.4351],[-85.1479,34.5175],[-85.1259,34.5506],[-85.116,34.5744],[-85.109,34.5868],[-85.2051,34.5864],[-85.323,34.5891],[-85.5268,34.5885],[-85.463,34.2859]]]},"properties":{"GID_0":"USA","GID_1":"USA.11_1","GID_2":"USA.11.27_1","NAME_1":"Georgia","NAME_2":"Chattooga"}},
{"type":"Feature","geometry":{"type":"Polygon","coordinates":[[[-84.6593,34.0779],[-84.6243,34.0774],[-84.4185,34.0733],[-84.418,34.1088],[-84.3611,34.1249],[-84.3515,34.1768],[-84.3278,34.1862],[-84.2589,34.1856],[-84.2576,34.381],[-84.3918,34.3804],[-84.3922,34.3731],[-84.4006,34.373],[-84.4007,34.3803],[-84.4241,34.38],[-84.5822,34.3812],[-84.5829,34.4121],[-84.6536,34.4124],[-84.6537,34.2093],[-84.6571,34.2092],[-84.6593,34.0779]]]},"properties":{"GID_0":"USA","GID_1":"USA.11_1","GID_2":"USA.11.28_1","NAME_1":"Georgia","NAME_2":"Cherokee"}},
{"type":"Feature","geometry":{"type":"Polygon","coordinates":[[[-83.537,33.9662],[-83.5075,33.9309],[-83.4261,33.9271],[-83.3517,33.8774],[-83.3279,33.8693],[-83.3267,33.8556],[-83.3057,33.8511],[-83.2758,33.848],[-83.2411,33.9045],[-83.2795,33.9548],[-83.2664,33.9999],[-83.2586,33.999],[-83.2636,34.0063],[-83.2697,34.0049],[-83.2741,34.0067],[-83.3219,34.027],[-83.3596,34.0401],[-83.499,33.9873],[-83.537,33.9662]]]},"properties":{"GID_0":"USA","GID_1":"USA.11_1","GID_2":"USA.11.29_1","NAME_1":"Georgia","NAME_2":"Clarke"}},
{"type":"Feature","geometry":{"type":"Polygon","coordinates":[[[-85.144,31.7807],[-85.1227,31.7341],[-85.1257,31.6948],[-85.0674,31.627],[-85.0607,31.5728],[-85.0454,31.5443],[-85.051,31.5192],[-85.0284,31.4862],[-84.9871,31.4888],[-84.9376,31.5032],[-84.8194,31.5012],[-84.8198,31.519],[-84.8188,31.5478],[-84.7988,31.565],[-84.8181,31.566],[-84.8182,31.593],[-84.8279,31.5924],[-84.8276,31.6019],[-84.8179,31.6021],[-84.8172,31.6199],[-84.9419,31.6187],[-84.9423,31.6557],[-84.9593,31.7133],[-84.9576,31.7772],[-85.0261,31.7788],[-85.144,31.7807]]]},"properties":{"GID_0":"USA","GID_1":"USA.11_1","GID_2":"USA.11.30_1","NAME_1":"Georgia","NAME_2":"Clay"}},
{"type":"Feature","geometry":{"type":"Polygon","coordinates":[[[-84.3501,33.6481],[-84.4571,33.6486],[-84.4591,33.5508],[-84.3873,33.4762],[-84.402,33.4364],[-84.3849,33.4016],[-84.3936,33.3642],[-84.3879,33.3524],[-84.3543,33.3524],[-84.3536,33.4361],[-84.2947,33.4359],[-84.284,33.4842],[-84.2831,33.5329],[-84.2641,33.549],[-84.2535,33.6073],[-84.2817,33.6475],[-84.3501,33.6481]]]},"properties":{"GID_0":"USA","GID_1":"USA.11_1","GID_2":"USA.11.31_1","NAME_1":"Georgia","NAME_2":"Clayton"}},
{"type":"Feature","geometry":{"type":"Polygon","coordinates":[[[-82.4186,30.5813],[-82.4311,30.6125],[-82.429,30.6902],[-82.4352,30.7163],[-82.4356,30.82],[-82.4957,30.8194],[-82.4906,30.9633],[-82.5204,30.9639],[-82.5506,31.001],[-82.5927,31.019],[-82.6715,31.1837],[-82.9705,31.1842],[-82.9711,30.869],[-82.8465,30.8346],[-82.8301,30.8104],[-82.8323,30.7825],[-82.8057,30.7505],[-82.7669,30.7326],[-82.6983,30.7342],[-82.6064,30.7143],[-82.5794,30.6927],[-82.5847,30.5912],[-82.4186,30.5813]]]},"properties":{"GID_0":"USA","GID_1":"USA.11_1","GID_2":"USA.11.32_1","NAME_1":"Georgia","NAME_2":"Clinch"}},
{"type":"Feature","geometry":{"type":"Polygon","coordinates":[[[-84.7381,34.0794],[-84.7395,33.9476],[-84.7229,33.9473],[-84.7237,33.8059],[-84.6208,33.8047],[-84.5792,33.7425],[-84.5732,33.7453],[-84.4601,33.8382],[-84.4406,33.8912],[-84.446,33.9116],[-84.3832,33.9624],[-84.3765,33.9888],[-84.3979,34.0076],[-84.4181,34.0529],[-84.4185,34.0733],[-84.6243,34.0774],[-84.672,34.0781],[-84.7381,34.0794]]]},"properties":{"GID_0":"USA","GID_1":"USA.11_1","GID_2":"USA.11.33_1","NAME_1":"Georgia","NAME_2":"Cobb"}},
{"type":"Feature","geometry":{"type":"Polygon","coordinates":[[[-82.629,31.3635],[-82.6285,31.4689],[-82.5979,31.4688],[-82.5964,31.5582],[-82.6281,31.5588],[-82.6276,31.6728],[-82.8363,31.6715],[-82.836,31.8106],[-82.8393,31.8097],[-82.8414,31.8056],[-82.8452,31.8038],[-82.849,31.7988],[-82.8549,31.7979],[-82.8625,31.7838],[-82.9686,31.7907],[-82.9837,31.787],[-82.9918,31.782],[-82.9956,31.7807],[-82.9961,31.7747],[-82.9988,31.6607],[-83.0585,31.6114],[-83.0611,31.5635],[-83.0847,31.5146],[-83.1153,31.4781],[-83.1287,31.4744],[-83.1453,31.4721],[-83.1398,31.4206],[-82.9586,31.4175],[-82.958,31.4033],[-82.8444,31.4032],[-82.8182,31.3648],[-82.629,31.3635]]]},"properties":{"GID_0":"USA","GID_1":"USA.11_1","GID_2":"USA.11.34_1","NAME_1":"Georgia","NAME_2":"Coffee"}},
{"type":"Feature","geometry":{"type":"Polygon","coordinates":[[[-83.5751,31.0781],[-83.5756,31.0831],[-83.5567,31.1284],[-83.5435,31.1481],[-83.5415,31.1769],[-83.5102,31.2072],[-83.5058,31.2734],[-83.5125,31.3273],[-83.7135,31.3316],[-83.999,31.3349],[-84.0033,31.112],[-84.0031,31.1024],[-84.004,31.0417],[-83.7808,31.0385],[-83.5742,31.0338],[-83.5751,31.0781]]]},"properties":{"GID_0":"USA","GID_1":"USA.11_1","GID_2":"USA.11.35_1","NAME_1":"Georgia","NAME_2":"Colquitt"}},
{"type":"Feature","geometry":{"type":"Polygon","coordinates":[[[-82.4246,33.6505],[-82.4407,33.6397],[-82.4135,33.5881],[-82.438,33.5505],[-82.3847,33.5302],[-82.4003,33.5167],[-82.3847,33.4674],[-82.3355,33.4189],[-82.3406,33.4067],[-82.3102,33.366],[-82.2943,33.355],[-82.0296,33.5444],[-82.0483,33.5643],[-82.1071,33.598],[-82.1313,33.5922],[-82.1941,33.6301],[-82.2174,33.687],[-82.2284,33.6857],[-82.2455,33.6895],[-82.2732,33.6828],[-82.3056,33.7008],[-82.3593,33.6774],[-82.3659,33.6766],[-82.4029,33.6718],[-82.4246,33.6505]]]},"properties":{"GID_0":"USA","GID_1":"USA.11_1","GID_2":"USA.11.36_1","NAME_1":"Georgia","NAME_2":"Columbia"}},
{"type":"Feature","geometry":{"type":"Polygon","coordinates":[[[-83.4339,31.3504],[-83.4446,31.3495],[-83.4606,31.3266],[-83.5125,31.3273],[-83.5058,31.2734],[-83.5102,31.2072],[-83.5415,31.1769],[-83.5435,31.1481],[-83.5567,31.1284],[-83.5756,31.0831],[-83.5605,31.0631],[-83.4819,31.0328],[-83.295,31.0276],[-83.2918,31.0349],[-83.2839,31.0404],[-83.2797,31.0619],[-83.3204,31.0988],[-83.3051,31.1532],[-83.3341,31.1955],[-83.3332,31.2389],[-83.3863,31.2584],[-83.4084,31.2852],[-83.4288,31.2934],[-83.4353,31.3029],[-83.4333,31.3322],[-83.4339,31.3504]]]},"properties":{"GID_0":"USA","GID_1":"USA.11_1","GID_2":"USA.11.37_1","NAME_1":"Georgia","NAME_2":"Cook"}},
{"type":"Feature","geometry":{"type":"Polygon","coordinates":[[[-85.0151,33.4255],[-84.9392,33.2247],[-84.8624,33.2237],[-84.8629,33.1987],[-84.8627,33.1909],[-84.8525,33.2239],[-84.7164,33.2228],[-84.7166,33.2315],[-84.6518,33.2306],[-84.6517,33.2224],[-84.5024,33.2213],[-84.5058,33.2267],[-84.5083,33.2412],[-84.5021,33.2622],[-84.5191,33.3175],[-84.5864,33.358],[-84.6276,33.4398],[-84.6181,33.4836],[-84.6091,33.5024],[-84.6208,33.5104],[-84.851,33.511],[-84.9089,33.4691],[-84.9356,33.4373],[-84.9455,33.4367],[-84.9785,33.4561],[-85.0151,33.4255]]]},"properties":{"GID_0":"USA","GID_1":"USA.11_1","GID_2":"USA.11.38_1","NAME_1":"Georgia","NAME_2":"Coweta"}},
{"type":"Feature","geometry":{"type":"Polygon","coordinates":[[[-83.8925,32.8485],[-83.9783,32.8492],[-84.1317,32.85],[-84.1321,32.8013],[-84.1496,32.8011],[-84.1956,32.7036],[-84.1975,32.6845],[-84.1788,32.6783],[-84.1141,32.684],[-84.1058,32.6749],[-84.0589,32.6321],[-84.0712,32.6161],[-84.0648,32.581],[-84.0235,32.5468],[-84.0131,32.5387],[-84.0021,32.5333],[-83.9449,32.5698],[-83.7666,32.6928],[-83.7104,32.6918],[-83.8232,32.7406],[-83.8304,32.7542],[-83.8818,32.8181],[-83.8925,32.8485]]]},"properties":{"GID_0":"USA","GID_1":"USA.11_1","GID_2":"USA.11.39_1","NAME_1":"Georgia","NAME_2":"Crawford"}},
{"type":"Feature","geometry":{"type":"Polygon","coordinates":[[[-83.9607,32.0301],[-83.9508,32.0156],[-83.9457,31.9956],[-83.9195,31.9224],[-83.9247,31.9064],[-83.9288,31.8863],[-83.9285,31.8616],[-83.9391,31.8474],[-83.8554,31.8367],[-83.8142,31.8105],[-83.8114,31.806],[-83.8076,31.8042],[-83.6131,31.8041],[-83.6094,32.028],[-83.8688,32.0308],[-83.9607,32.0301]]]},"properties":{"GID_0":"USA","GID_1":"USA.11_1","GID_2":"USA.11.40_1","NAME_1":"Georgia","NAME_2":"Crisp"}},
{"type":"Feature","geometry":{"type":"Polygon","coordinates":[[[-85.5346,34.6247],[-85.4914,34.6693],[-85.4912,34.6988],[-85.4512,34.7592],[-85.4507,34.8319],[-85.4336,34.8763],[-85.3648,34.984],[-85.6055,34.9855],[-85.573,34.8029],[-85.5346,34.6247]]]},"properties":{"GID_0":"USA","GID_1":"USA.11_1","GID_2":"USA.11.41_1","NAME_1":"Georgia","NAME_2":"Dade"}},
{"type":"Feature","geometry":{"type":"Polygon","coordinates":[[[-84.2585,34.3351],[-83.9575,34.3339],[-83.967,34.3397],[-83.9843,34.3846],[-83.9728,34.3992],[-83.9728,34.406],[-83.983,34.4178],[-83.9801,34.4188],[-84.1053,34.4655],[-84.191,34.5397],[-84.1869,34.6002],[-84.1892,34.6056],[-84.1887,34.6092],[-84.1971,34.6176],[-84.2237,34.5971],[-84.2546,34.5973],[-84.255,34.5683],[-84.3313,34.5725],[-84.3465,34.5667],[-84.3462,34.5468],[-84.3198,34.468],[-84.2568,34.4674],[-84.2585,34.3351]]]},"properties":{"GID_0":"USA","GID_1":"USA.11_1","GID_2":"USA.11.42_1","NAME_1":"Georgia","NAME_2":"Dawson"}},
{"type":"Feature","geometry":{"type":"Polygon","coordinates":[[[-84.3808,30.6906],[-84.3758,30.9285],[-84.3762,31.0788],[-84.6454,31.0793],[-84.6457,31.0678],[-84.7306,31.0693],[-84.7318,31.0501],[-84.753,31.0411],[-84.7555,30.8852],[-84.7697,30.8763],[-84.7699,30.8356],[-84.8113,30.7829],[-84.8613,30.7583],[-84.8634,30.7114],[-84.3808,30.6906]]]},"properties":{"GID_0":"USA","GID_1":"USA.11_1","GID_2":"USA.11.43_1","NAME_1":"Georgia","NAME_2":"Decatur"}},
{"type":"Feature","geometry":{"type":"Polygon","coordinates":[[[-84.2817,33.6475],[-84.2254,33.6468],[-84.1702,33.646],[-84.1157,33.6147],[-84.0572,33.7266],[-84.0318,33.7471],[-84.1141,33.8075],[-84.1573,33.853],[-84.2029,33.8721],[-84.2562,33.9143],[-84.2707,33.955],[-84.2762,33.9545],[-84.3479,33.9682],[-84.3501,33.6481],[-84.2817,33.6475]]]},"properties":{"GID_0":"USA","GID_1":"USA.11_1","GID_2":"USA.11.44_1","NAME_1":"Georgia","NAME_2":"DeKalb"}},
{"type":"Feature","geometry":{"type":"Polygon","coordinates":[[[-83.3462,32.2721],[-83.3743,32.2496],[-83.2911,32.1788],[-83.3251,32.1509],[-83.3007,32.13],[-83.3374,32.1057],[-83.3314,32.1003],[-83.3249,32.0948],[-83.313,32.0867],[-83.3076,32.0903],[-83.2797,31.991],[-83.2915,31.986],[-83.2845,31.9841],[-83.2623,31.9523],[-83.2374,31.9409],[-83.2195,31.9259],[-83.206,31.9045],[-83.2054,31.9004],[-82.942,32.124],[-82.9555,32.1354],[-82.9349,32.1536],[-82.9279,32.1354],[-82.8721,32.1827],[-82.8872,32.1964],[-82.9912,32.1477],[-83.1389,32.4224],[-83.1732,32.452],[-83.3048,32.3414],[-83.2841,32.3242],[-83.3462,32.2721]]]},"properties":{"GID_0":"USA","GID_1":"USA.11_1","GID_2":"USA.11.45_1","NAME_1":"Georgia","NAME_2":"Dodge"}},
{"type":"Feature","geometry":{"type":"Polygon","coordinates":[[[-83.6094,32.028],[-83.6072,32.2386],[-83.6065,32.2883],[-83.7003,32.29],[-83.7188,32.2899],[-83.895,32.2918],[-83.8981,32.2804],[-83.965,32.248],[-83.9761,32.2296],[-83.9836,32.2218],[-83.9938,32.2153],[-84.0126,32.201],[-84.0216,32.1859],[-84.0307,32.179],[-84.0263,32.1727],[-84.0331,32.1525],[-84.0116,32.1245],[-84.011,32.1186],[-83.9962,32.1009],[-83.9907,32.0959],[-83.9607,32.0301],[-83.8688,32.0308],[-83.6094,32.028]]]},"properties":{"GID_0":"USA","GID_1":"USA.11_1","GID_2":"USA.11.46_1","NAME_1":"Georgia","NAME_2":"Dooly"}},
{"type":"Feature","geometry":{"type":"Polygon","coordinates":[[[-84.1409,31.4404],[-84.1377,31.4427],[-83.9977,31.444],[-83.9974,31.4632],[-83.9933,31.6499],[-84.0288,31.6486],[-84.0303,31.6427],[-84.0351,31.6385],[-84.043,31.6234],[-84.4494,31.6189],[-84.4551,31.549],[-84.4127,31.4587],[-84.4259,31.448],[-84.4285,31.4416],[-84.4279,31.4393],[-84.43,31.4366],[-84.2117,31.436],[-84.1409,31.4404]]]},"properties":{"GID_0":"USA","GID_1":"USA.11_1","GID_2":"USA.11.47_1","NAME_1":"Georgia","NAME_2":"Dougherty"}},
{"type":"Feature","geometry":{"type":"Polygon","coordinates":[[[-84.809,33.574],[-84.8085,33.579],[-84.7102,33.6465],[-84.6575,33.6582],[-84.6526,33.6837],[-84.6487,33.6861],[-84.5862,33.7292],[-84.5792,33.7425],[-84.6208,33.8047],[-84.7237,33.8059],[-84.7242,33.78],[-84.8793,33.7744],[-84.9005,33.78],[-84.9054,33.5734],[-84.8299,33.5737],[-84.83,33.5764],[-84.8245,33.5765],[-84.8244,33.5738],[-84.809,33.574]]]},"properties":{"GID_0":"USA","GID_1":"USA.11_1","GID_2":"USA.11.48_1","NAME_1":"Georgia","NAME_2":"Douglas"}},
{"type":"Feature","geometry":{"type":"Polygon","coordinates":[[[-85.051,31.5192],[-85.07,31.4871],[-85.0704,31.4368],[-85.0974,31.3637],[-85.0871,31.3276],[-85.0954,31.2934],[-85.1173,31.2741],[-85.1007,31.2304],[-85.1093,31.1911],[-85.0404,31.1097],[-85.0293,31.0761],[-84.9224,31.0725],[-84.9177,31.2562],[-84.7051,31.2519],[-84.6415,31.2565],[-84.6399,31.3127],[-84.6371,31.3319],[-84.6353,31.4018],[-84.6354,31.4338],[-84.7895,31.4364],[-84.8073,31.4914],[-84.8197,31.4916],[-84.8194,31.5012],[-84.9376,31.5032],[-84.9871,31.4888],[-85.0284,31.4862],[-85.051,31.5192]]]},"properties":{"GID_0":"USA","GID_1":"USA.11_1","GID_2":"USA.11.49_1","NAME_1":"Georgia","NAME_2":"Early"}},
{"type":"Feature","geometry":{"type":"Polygon","coordinates":[[[-82.5847,30.5912],[-82.5794,30.6927],[-82.6064,30.7143],[-82.6983,30.7342],[-82.7669,30.7326],[-82.8057,30.7505],[-82.8323,30.7825],[-82.8301,30.8104],[-82.8465,30.8346],[-82.9834,30.8726],[-83.0105,30.8516],[-83.0883,30.8511],[-83.1249,30.8036],[-83.1329,30.7588],[-83.1369,30.6229],[-82.5847,30.5912]]]},"properties":{"GID_0":"USA","GID_1":"USA.11_1","GID_2":"USA.11.50_1","NAME_1":"Georgia","NAME_2":"Echols"}},
{"type":"Feature","geometry":{"type":"Polygon","coordinates":[[[-81.3886,32.1007],[-81.1956,32.2377],[-81.1449,32.2269],[-81.1559,32.2435],[-81.1202,32.2875],[-81.135,32.3281],[-81.1689,32.3631],[-81.1774,32.3951],[-81.2033,32.4265],[-81.1959,32.4697],[-81.27,32.5334],[-81.2789,32.5579],[-81.3393,32.5673],[-81.3872,32.5969],[-81.5385,32.5092],[-81.5497,32.4921],[-81.526,32.4499],[-81.5372,32.4336],[-81.5341,32.3925],[-81.4891,32.3364],[-81.48,32.3294],[-81.4681,32.3242],[-81.4352,32.2595],[-81.4359,32.2513],[-81.4328,32.2453],[-81.4324,32.2385],[-81.4314,32.2344],[-81.43,32.2239],[-81.4059,32.1524],[-81.403,32.1077],[-81.3886,32.1007]]]},"properties":{"GID_0":"USA","GID_1":"USA.11_1","GID_2":"USA.11.51_1","NAME_1":"Georgia","NAME_2":"Effingham"}},
{"type":"Feature","geometry":{"type":"Polygon","coordinates":[[[-83.0771,34.2224],[-83.0921,34.1897],[-83.0954,34.162],[-83.0309,34.1129],[-83.032,34.0965],[-82.9777,34.0488],[-82.9677,34.0415],[-82.9533,34.0384],[-82.9295,34.0079],[-82.9073,34.0115],[-82.8448,33.9828],[-82.78,33.9709],[-82.7467,33.9781],[-82.6996,33.9816],[-82.6559,33.9911],[-82.6398,33.9814],[-82.6315,33.9796],[-82.6166,33.9805],[-82.5939,33.9718],[-82.59,33.9713],[-82.574,33.9594],[-82.5635,33.9566],[-82.5975,34.0313],[-82.6435,34.0712],[-82.6465,34.0943],[-82.6792,34.1307],[-82.7173,34.1521],[-82.742,34.2134],[-82.7502,34.2685],[-82.7729,34.2904],[-82.7824,34.284],[-82.9159,34.2474],[-82.9826,34.2102],[-83.0188,34.2342],[-83.0771,34.2224]]]},"properties":{"GID_0":"USA","GID_1":"USA.11_1","GID_2":"USA.11.52_1","NAME_1":"Georgia","NAME_2":"Elbert"}},
{"type":"Feature","geometry":{"type":"Polygon","coordinates":[[[-82.0021,32.6072],[-82.0826,32.6634],[-82.1447,32.8124],[-82.1512,32.8152],[-82.1561,32.8152],[-82.2147,32.8042],[-82.2565,32.8241],[-82.3034,32.8271],[-82.318,32.8363],[-82.3618,32.8206],[-82.3674,32.8147],[-82.4007,32.8131],[-82.4192,32.8114],[-82.4133,32.7981],[-82.4047,32.7826],[-82.3988,32.7771],[-82.4299,32.7613],[-82.4343,32.7623],[-82.452,32.7296],[-82.4997,32.6861],[-82.4645,32.6472],[-82.5945,32.5794],[-82.5913,32.558],[-82.5643,32.5328],[-82.6481,32.5126],[-82.4982,32.4979],[-82.3952,32.4487],[-82.3898,32.4446],[-82.3957,32.3886],[-82.409,32.354],[-82.3588,32.3186],[-82.3547,32.2926],[-82.2798,32.2945],[-82.233,32.3188],[-82.2544,32.3513],[-82.1884,32.4324],[-82.1815,32.4738],[-82.1484,32.5209],[-82.0805,32.56],[-82.0307,32.5391],[-82.0021,32.6072]]]},"properties":{"GID_0":"USA","GID_1":"USA.11_1","GID_2":"USA.11.53_1","NAME_1":"Georgia","NAME_2":"Emanuel"}},
{"type":"Feature","geometry":{"type":"Polygon","coordinates":[[[-81.781,32.153],[-81.7918,32.1923],[-81.8166,32.2377],[-81.842,32.2416],[-81.893,32.2749],[-81.9629,32.2729],[-81.9673,32.2674],[-82.0257,32.2789],[-81.9806,32.0816],[-81.8891,32.0506],[-81.7615,32.0479],[-81.719,32.0891],[-81.7316,32.0964],[-81.7569,32.1058],[-81.7822,32.148],[-81.781,32.153]]]},"properties":{"GID_0":"USA","GID_1":"USA.11_1","GID_2":"USA.11.54_1","NAME_1":"Georgia","NAME_2":"Evans"}},
{"type":"Feature","geometry":{"type":"Polygon","coordinates":[[[-84.1882,34.603],[-84.1039,34.7283],[-84.0932,34.802],[-84.1239,34.7962],[-84.142,34.8079],[-84.1432,34.8537],[-84.1327,34.8606],[-84.1146,34.8908],[-84.134,34.9174],[-84.1606,34.9276],[-84.164,34.9371],[-84.18,34.9524],[-84.1306,34.9883],[-84.477,34.9885],[-84.6217,34.9902],[-84.6239,34.858],[-84.6181,34.8549],[-84.4218,34.8545],[-84.3164,34.8072],[-84.2561,34.7252],[-84.2528,34.682],[-84.1973,34.622],[-84.1887,34.6092],[-84.1882,34.603]]]},"properties":{"GID_0":"USA","GID_1":"USA.11_1","GID_2":"USA.11.55_1","NAME_1":"Georgia","NAME_2":"Fannin"}},
{"type":"Feature","geometry":{"type":"Polygon","coordinates":[[[-84.4591,33.5508],[-84.594,33.519],[-84.6069,33.5038],[-84.6181,33.4836],[-84.6276,33.4398],[-84.5864,33.358],[-84.5191,33.3175],[-84.5021,33.2622],[-84.4976,33.2573],[-84.4328,33.2568],[-84.4181,33.2924],[-84.3931,33.3087],[-84.3861,33.3174],[-84.3847,33.327],[-84.3828,33.3434],[-84.3952,33.3623],[-84.3936,33.3642],[-84.3849,33.4016],[-84.402,33.4364],[-84.3873,33.4762],[-84.4591,33.5508]]]},"properties":{"GID_0":"USA","GID_1":"USA.11_1","GID_2":"USA.11.56_1","NAME_1":"Georgia","NAME_2":"Fayette"}},
{"type":"Feature","geometry":{"type":"Polygon","coordinates":[[[-85.4215,34.0803],[-85.2589,34.0777],[-85.2584,34.0991],[-85.0474,34.0948],[-85.045,34.2122],[-85.0238,34.2121],[-85.0229,34.3452],[-85.0051,34.3456],[-85.0051,34.391],[-85.0235,34.3911],[-85.0883,34.4],[-85.1051,34.4033],[-85.0896,34.4272],[-85.0915,34.5363],[-85.0653,34.5363],[-85.0655,34.5653],[-85.0738,34.5657],[-85.0733,34.5866],[-85.109,34.5868],[-85.116,34.5744],[-85.1259,34.5506],[-85.1479,34.5175],[-85.1807,34.4351],[-85.3353,34.3689],[-85.3628,34.3384],[-85.3878,34.2856],[-85.463,34.2859],[-85.4215,34.0803]]]},"properties":{"GID_0":"USA","GID_1":"USA.11_1","GID_2":"USA.11.57_1","NAME_1":"Georgia","NAME_2":"Floyd"}},
{"type":"Feature","geometry":{"type":"Polygon","coordinates":[[[-84.2589,34.1856],[-84.2593,34.1097],[-84.2131,34.0988],[-84.1788,34.0696],[-84.1009,34.049],[-84.1183,34.0652],[-84.1104,34.0971],[-84.0631,34.168],[-84.0496,34.1913],[-84.0319,34.1956],[-84.0146,34.1912],[-84.0024,34.1963],[-83.9496,34.2404],[-83.9539,34.2685],[-83.9268,34.2805],[-83.9575,34.3339],[-84.2585,34.3351],[-84.2589,34.1856]]]},"properties":{"GID_0":"USA","GID_1":"USA.11_1","GID_2":"USA.11.58_1","NAME_1":"Georgia","NAME_2":"Forsyth"}},
{"type":"Feature","geometry":{"type":"Polygon","coordinates":[[[-83.3555,34.2237],[-83.351,34.2255],[-83.3295,34.2483],[-83.2995,34.2643],[-83.2733,34.2489],[-83.1727,34.2387],[-83.1061,34.2792],[-83.1073,34.3446],[-83.094,34.416],[-83.0506,34.4964],[-83.1031,34.5368],[-83.1783,34.4776],[-83.3733,34.4704],[-83.3983,34.4603],[-83.3826,34.429],[-83.3938,34.3249],[-83.3378,34.261],[-83.3439,34.246],[-83.3505,34.2351],[-83.3555,34.2237]]]},"properties":{"GID_0":"USA","GID_1":"USA.11_1","GID_2":"USA.11.59_1","NAME_1":"Georgia","NAME_2":"Franklin"}},
{"type":"Feature","geometry":{"type":"Polygon","coordinates":[[[-84.851,33.511],[-84.6208,33.5104],[-84.6091,33.5024],[-84.6069,33.5038],[-84.594,33.519],[-84.4591,33.5508],[-84.4571,33.6486],[-84.3501,33.6481],[-84.3479,33.9682],[-84.2762,33.9545],[-84.2668,33.956],[-84.2617,33.9847],[-84.2518,33.9879],[-84.2299,34.0046],[-84.1909,33.99],[-84.1577,34.0312],[-84.1217,34.0334],[-84.1009,34.049],[-84.1788,34.0696],[-84.2131,34.0988],[-84.2593,34.1097],[-84.2589,34.1856],[-84.3278,34.1862],[-84.3515,34.1768],[-84.3611,34.1249],[-84.418,34.1088],[-84.4181,34.0529],[-84.3979,34.0076],[-84.3765,33.9888],[-84.3832,33.9624],[-84.446,33.9116],[-84.4406,33.8912],[-84.4601,33.8382],[-84.5732,33.7453],[-84.5862,33.7292],[-84.6487,33.6861],[-84.6526,33.6837],[-84.6575,33.6582],[-84.7102,33.6465],[-84.8085,33.579],[-84.8095,33.5722],[-84.8247,33.5633],[-84.8223,33.5315],[-84.8274,33.5132],[-84.851,33.511]]]},"properties":{"GID_0":"USA","GID_1":"USA.11_1","GID_2":"USA.11.60_1","NAME_1":"Georgia","NAME_2":"Fulton"}},
{"type":"Feature","geometry":{"type":"Polygon","coordinates":[[[-84.1971,34.6176],[-84.1973,34.622],[-84.2528,34.682],[-84.2561,34.7252],[-84.3164,34.8072],[-84.4218,34.8545],[-84.6181,34.8549],[-84.612,34.85],[-84.5961,34.8394],[-84.5858,34.8277],[-84.5862,34.8209],[-84.5945,34.8139],[-84.5965,34.8066],[-84.6419,34.7788],[-84.6576,34.729],[-84.655,34.6582],[-84.6548,34.5492],[-84.3718,34.5483],[-84.372,34.563],[-84.3457,34.5627],[-84.3465,34.5667],[-84.3313,34.5725],[-84.255,34.5683],[-84.2546,34.5973],[-84.2237,34.5971],[-84.1971,34.6176]]]},"properties":{"GID_0":"USA","GID_1":"USA.11_1","GID_2":"USA.11.61_1","NAME_1":"Georgia","NAME_2":"Gilmer"}},
{"type":"Feature","geometry":{"type":"Polygon","coordinates":[[[-82.7486,33.2382],[-82.7328,33.2044],[-82.7416,33.1917],[-82.74,33.1754],[-82.7296,33.1744],[-82.7072,33.1507],[-82.6623,33.1292],[-82.6618,33.126],[-82.6519,33.126],[-82.6416,33.1214],[-82.6399,33.1255],[-82.601,33.1249],[-82.5895,33.1239],[-82.5769,33.1253],[-82.5843,33.1717],[-82.4317,33.2752],[-82.5593,33.3272],[-82.6457,33.3016],[-82.6892,33.2717],[-82.7337,33.2559],[-82.7557,33.2536],[-82.7486,33.2382]]]},"properties":{"GID_0":"USA","GID_1":"USA.11_1","GID_2":"USA.11.62_1","NAME_1":"Georgia","NAME_2":"Glascock"}},
{"type":"Feature","geometry":{"type":"MultiPolygon","coordinates":[[[[-81.41,31.12],[-81.44,31.0914],[-81.4311,31.0806],[-81.4219,31.0517],[-81.4035,31.0633],[-81.41,31.12]]],[[[-81.3394,31.2928],[-81.3739,31.2993],[-81.3936,31.2603],[-81.3867,31.2544],[-81.3842,31.2456],[-81.3961,31.241],[-81.395,31.2092],[-81.3981,31.2028],[-81.4121,31.203],[-81.4181,31.1894],[-81.41,31.1367],[-81.3688,31.1452],[-81.3397,31.1877],[-81.3104,31.2141],[-81.3366,31.2454],[-81.3191,31.2841],[-81.3394,31.2928]]],[[[-81.3686,31.3131],[-81.3181,31.2872],[-81.3236,31.242],[-81.2954,31.2158],[-81.2704,31.2594],[-81.2827,31.2896],[-81.3181,31.3083],[-81.3686,31.3131]]],[[[-81.43,31.2133],[-81.4543,31.1961],[-81.4617,31.1789],[-81.4247,31.1758],[-81.4364,31.2014],[-81.43,31.2133]]],[[[-81.3892,31.2556],[-81.3994,31.2461],[-81.4203,31.2464],[-81.433,31.2265],[-81.4253,31.2139],[-81.4311,31.2008],[-81.3964,31.2075],[-81.4,31.2244],[-81.3972,31.2417],[-81.3892,31.2556]]],[[[-81.7821,31.1724],[-81.7747,31.1653],[-81.7683,31.169],[-81.7641,31.1682],[-81.6861,31.1217],[-81.5817,31.1148],[-81.5587,31.1278],[-81.5648,31.1048],[-81.5552,31.0809],[-81.4847,31.0292],[-81.4586,31.0464],[-81.4256,31.0486],[-81.4347,31.0842],[-81.4617,31.0878],[-81.4353,31.1339],[-81.4631,31.1772],[-81.4561,31.1958],[-81.4417,31.2117],[-81.4241,31.2439],[-81.3871,31.2794],[-81.4132,31.2934],[-81.4675,31.3385],[-81.5159,31.356],[-81.5784,31.4002],[-81.6157,31.4459],[-81.6253,31.4515],[-81.6648,31.3995],[-81.6921,31.4002],[-81.698,31.3674],[-81.7249,31.3271],[-81.7318,31.3299],[-81.7671,31.2013],[-81.7821,31.1724]]]]},"properties":{"GID_0":"USA","GID_1":"USA.11_1","GID_2":"USA.11.63_1","NAME_1":"Georgia","NAME_2":"Glynn"}},
{"type":"Feature","geometry":{"type":"Polygon","coordinates":[[[-84.6536,34.4124],[-84.653,34.4629],[-84.6556,34.5837],[-84.7066,34.5916],[-84.7168,34.6232],[-84.7807,34.6091],[-84.865,34.6092],[-84.9158,34.6306],[-84.9286,34.6263],[-84.9278,34.6168],[-85.0523,34.6156],[-85.0525,34.6219],[-85.0571,34.5864],[-85.0733,34.5866],[-85.0738,34.5657],[-85.0655,34.5653],[-85.0653,34.5363],[-85.0915,34.5363],[-85.0896,34.4272],[-85.1051,34.4033],[-85.0883,34.4],[-85.0235,34.3911],[-85.0174,34.3908],[-85.0051,34.391],[-85.0054,34.4033],[-84.9883,34.3845],[-84.9546,34.3987],[-84.734,34.3963],[-84.7338,34.4126],[-84.6536,34.4124]]]},"properties":{"GID_0":"USA","GID_1":"USA.11_1","GID_2":"USA.11.64_1","NAME_1":"Georgia","NAME_2":"Gordon"}},
{"type":"Feature","geometry":{"type":"Polygon","coordinates":[[[-84.3808,30.6906],[-84.0835,30.677],[-84.0808,30.8404],[-84.0759,30.9122],[-84.1183,30.9689],[-84.1166,31.0781],[-84.3762,31.0788],[-84.3758,30.9285],[-84.3808,30.6906]]]},"properties":{"GID_0":"USA","GID_1":"USA.11_1","GID_2":"USA.11.65_1","NAME_1":"Georgia","NAME_2":"Grady"}},
{"type":"Feature","geometry":{"type":"Polygon","coordinates":[[[-83.0131,33.4691],[-82.9856,33.49],[-82.9861,33.52],[-83.0142,33.5805],[-82.99,33.6033],[-83.0015,33.6206],[-82.9971,33.6255],[-82.9508,33.6583],[-82.9822,33.6842],[-82.9977,33.6942],[-83.0076,33.6901],[-83.0258,33.701],[-83.049,33.7156],[-83.1185,33.6987],[-83.2805,33.7621],[-83.281,33.7598],[-83.2914,33.7343],[-83.4061,33.6985],[-83.365,33.6441],[-83.3471,33.6018],[-83.2692,33.532],[-83.2767,33.4929],[-83.2778,33.4688],[-83.2617,33.4483],[-83.2523,33.4338],[-83.2198,33.3902],[-83.2148,33.3806],[-83.1967,33.3961],[-83.1868,33.3898],[-83.1669,33.3621],[-83.1642,33.3548],[-83.0131,33.4691]]]},"properties":{"GID_0":"USA","GID_1":"USA.11_1","GID_2":"USA.11.66_1","NAME_1":"Georgia","NAME_2":"Greene"}},
{"type":"Feature","geometry":{"type":"Polygon","coordinates":[[[-83.8178,34.1273],[-83.868,34.0983],[-84.0631,34.168],[-84.1104,34.0971],[-84.1183,34.0652],[-84.1009,34.049],[-84.1217,34.0334],[-84.1577,34.0312],[-84.1909,33.99],[-84.2299,34.0046],[-84.2518,33.9879],[-84.2617,33.9847],[-84.2668,33.956],[-84.2707,33.955],[-84.2562,33.9143],[-84.2029,33.8721],[-84.1573,33.853],[-84.1141,33.8075],[-84.0318,33.7471],[-83.9089,33.8425],[-83.7992,33.9301],[-83.8391,33.9844],[-83.8692,34.0047],[-83.8178,34.1273]]]},"properties":{"GID_0":"USA","GID_1":"USA.11_1","GID_2":"USA.11.67_1","NAME_1":"Georgia","NAME_2":"Gwinnett"}},
{"type":"Feature","geometry":{"type":"Polygon","coordinates":[[[-83.4598,34.4814],[-83.3654,34.6753],[-83.3393,34.6879],[-83.3527,34.7157],[-83.3862,34.734],[-83.425,34.7391],[-83.4261,34.7468],[-83.4474,34.7427],[-83.4786,34.7239],[-83.5369,34.7486],[-83.5571,34.7576],[-83.5872,34.8206],[-83.6494,34.8253],[-83.6572,34.8143],[-83.6661,34.807],[-83.6749,34.7883],[-83.6282,34.7632],[-83.624,34.73],[-83.6453,34.6691],[-83.6636,34.6549],[-83.6387,34.6164],[-83.6442,34.6014],[-83.626,34.5606],[-83.6175,34.5438],[-83.6662,34.5036],[-83.6149,34.4307],[-83.6083,34.4358],[-83.5928,34.4499],[-83.5373,34.4915],[-83.4693,34.4841],[-83.4598,34.4814]]]},"properties":{"GID_0":"USA","GID_1":"USA.11_1","GID_2":"USA.11.68_1","NAME_1":"Georgia","NAME_2":"Habersham"}},
{"type":"Feature","geometry":{"type":"Polygon","coordinates":[[[-83.6149,34.4307],[-83.6662,34.5036],[-83.843,34.5056],[-83.8435,34.4965],[-83.9306,34.4511],[-83.9763,34.4187],[-83.983,34.4178],[-83.9728,34.406],[-83.9728,34.3992],[-83.9843,34.3846],[-83.967,34.3397],[-83.9575,34.3339],[-83.9268,34.2805],[-83.9539,34.2685],[-83.9496,34.2404],[-84.0024,34.1963],[-84.0146,34.1912],[-84.0319,34.1956],[-84.0496,34.1913],[-84.0631,34.168],[-83.868,34.0983],[-83.8178,34.1273],[-83.6205,34.2953],[-83.625,34.3007],[-83.6435,34.3161],[-83.647,34.3347],[-83.6628,34.3573],[-83.6656,34.3691],[-83.6597,34.39],[-83.6459,34.4065],[-83.6232,34.4189],[-83.6171,34.4294],[-83.6149,34.4307]]]},"properties":{"GID_0":"USA","GID_1":"USA.11_1","GID_2":"USA.11.69_1","NAME_1":"Georgia","NAME_2":"Hall"}},
{"type":"Feature","geometry":{"type":"Polygon","coordinates":[[[-83.0524,33.0805],[-83.0086,33.0805],[-82.9708,33.1087],[-82.9484,33.1083],[-82.8886,33.1387],[-82.8551,33.1965],[-82.7782,33.2382],[-82.7486,33.2382],[-82.7557,33.2536],[-82.7831,33.2683],[-82.7982,33.3552],[-82.8031,33.3657],[-82.8207,33.3748],[-82.8233,33.4262],[-82.8409,33.4312],[-82.8491,33.4412],[-82.8519,33.4435],[-82.8563,33.4435],[-82.8932,33.4381],[-82.9839,33.4477],[-83.0131,33.4691],[-83.1642,33.3548],[-83.1587,33.3503],[-83.1498,33.3216],[-83.1706,33.3011],[-83.2299,33.2755],[-83.2392,33.2627],[-83.255,33.2441],[-83.2609,33.209],[-83.2735,33.2008],[-83.274,33.1876],[-83.2647,33.189],[-83.2581,33.1881],[-83.098,33.1515],[-83.0952,33.1474],[-83.0952,33.141],[-83.0985,33.1333],[-83.1023,33.1305],[-83.1192,33.0832],[-83.1006,33.05],[-83.0732,33.0641],[-83.0524,33.0805]]]},"properties":{"GID_0":"USA","GID_1":"USA.11_1","GID_2":"USA.11.70_1","NAME_1":"Georgia","NAME_2":"Hancock"}},
{"type":"Feature","geometry":{"type":"Polygon","coordinates":[[[-85.3384,33.6532],[-85.2896,33.6519],[-85.1387,33.6998],[-85.1152,33.6912],[-85.0507,33.7146],[-85.0494,33.8124],[-85.0378,33.8117],[-85.037,33.9077],[-85.213,33.9063],[-85.2128,33.899],[-85.3855,33.8974],[-85.3384,33.6532]]]},"properties":{"GID_0":"USA","GID_1":"USA.11_1","GID_2":"USA.11.71_1","NAME_1":"Georgia","NAME_2":"Haralson"}},
{"type":"Feature","geometry":{"type":"Polygon","coordinates":[[[-85.1878,32.871],[-85.1693,32.8117],[-85.1253,32.7789],[-85.1453,32.7604],[-85.1151,32.7368],[-85.1149,32.6962],[-85.0914,32.6582],[-85.1059,32.6439],[-85.0806,32.6079],[-84.9078,32.6078],[-84.9083,32.5832],[-84.6944,32.5839],[-84.6944,32.6841],[-84.6926,32.8294],[-84.7005,32.8443],[-84.7682,32.8674],[-84.8617,32.8723],[-84.8622,32.8686],[-85.1878,32.871]]]},"properties":{"GID_0":"USA","GID_1":"USA.11_1","GID_2":"USA.11.72_1","NAME_1":"Georgia","NAME_2":"Harris"}},
{"type":"Feature","geometry":{"type":"Polygon","coordinates":[[[-82.7729,34.2904],[-82.8001,34.3431],[-82.8329,34.3661],[-82.8612,34.4538],[-82.9055,34.4867],[-82.9871,34.4828],[-83.0022,34.4733],[-83.0506,34.4964],[-83.094,34.416],[-83.1073,34.3446],[-83.1061,34.2792],[-83.1133,34.2737],[-83.1155,34.2624],[-83.0771,34.2224],[-83.0188,34.2342],[-82.9826,34.2102],[-82.9159,34.2474],[-82.7824,34.284],[-82.7729,34.2904]]]},"properties":{"GID_0":"USA","GID_1":"USA.11_1","GID_2":"USA.11.73_1","NAME_1":"Georgia","NAME_2":"Hart"}},
{"type":"Feature","geometry":{"type":"Polygon","coordinates":[[[-85.2373,33.1296],[-85.0882,33.172],[-84.9392,33.2247],[-85.0151,33.4255],[-85.2946,33.428],[-85.2373,33.1296]]]},"properties":{"GID_0":"USA","GID_1":"USA.11_1","GID_2":"USA.11.74_1","NAME_1":"Georgia","NAME_2":"Heard"}},
{"type":"Feature","geometry":{"type":"Polygon","coordinates":[[[-83.9252,33.4481],[-83.9381,33.4666],[-83.9481,33.4765],[-84.0238,33.495],[-84.0543,33.5184],[-84.044,33.5262],[-84.1068,33.5665],[-84.1238,33.5614],[-84.1322,33.5686],[-84.1816,33.629],[-84.1873,33.6463],[-84.2254,33.6468],[-84.2817,33.6475],[-84.2535,33.6073],[-84.2641,33.549],[-84.2831,33.5329],[-84.284,33.4842],[-84.2947,33.4359],[-84.3536,33.4361],[-84.3543,33.3524],[-84.2472,33.3527],[-84.2469,33.3358],[-84.1502,33.3355],[-84.1505,33.3132],[-84.1025,33.2977],[-84.0734,33.3021],[-83.9252,33.4481]]]},"properties":{"GID_0":"USA","GID_1":"USA.11_1","GID_2":"USA.11.75_1","NAME_1":"Georgia","NAME_2":"Henry"}},
{"type":"Feature","geometry":{"type":"Polygon","coordinates":[[[-83.7006,32.6923],[-83.7186,32.6352],[-83.7199,32.5323],[-83.7487,32.5339],[-83.749,32.5052],[-83.7978,32.4962],[-83.7979,32.4466],[-83.8426,32.4604],[-83.847,32.4685],[-83.8461,32.4389],[-83.8369,32.439],[-83.8374,32.382],[-83.8469,32.3574],[-83.8484,32.2908],[-83.7188,32.2899],[-83.7003,32.29],[-83.6158,32.2887],[-83.5243,32.4017],[-83.5085,32.3917],[-83.501,32.3991],[-83.4956,32.4036],[-83.4847,32.4046],[-83.4915,32.4447],[-83.498,32.4483],[-83.4981,32.4538],[-83.4921,32.4597],[-83.5387,32.5255],[-83.5364,32.5766],[-83.5443,32.6285],[-83.5575,32.6484],[-83.5614,32.6584],[-83.5696,32.6598],[-83.5892,32.6642],[-83.6056,32.6614],[-83.6449,32.6744],[-83.6837,32.6851],[-83.7006,32.6923]]]},"properties":{"GID_0":"USA","GID_1":"USA.11_1","GID_2":"USA.11.76_1","NAME_1":"Georgia","NAME_2":"Houston"}},
{"type":"Feature","geometry":{"type":"Polygon","coordinates":[[[-83.4539,31.7578],[-83.4634,31.7359],[-83.4558,31.7222],[-83.4595,31.704],[-83.4907,31.6961],[-83.4993,31.6194],[-83.5012,31.5701],[-83.471,31.5561],[-83.4205,31.5536],[-83.4054,31.5422],[-83.3848,31.493],[-83.382,31.4857],[-83.3627,31.4849],[-83.3455,31.4763],[-83.1453,31.4721],[-83.1287,31.4744],[-83.1153,31.4781],[-83.0847,31.5146],[-83.0611,31.5635],[-83.0585,31.6114],[-82.9988,31.6607],[-82.9983,31.673],[-82.9999,31.6735],[-83.1763,31.6783],[-83.1768,31.6514],[-83.2666,31.6544],[-83.2657,31.68],[-83.3254,31.6807],[-83.3246,31.7565],[-83.4539,31.7578]]]},"properties":{"GID_0":"USA","GID_1":"USA.11_1","GID_2":"USA.11.77_1","NAME_1":"Georgia","NAME_2":"Irwin"}},
{"type":"Feature","geometry":{"type":"Polygon","coordinates":[[[-83.6205,34.2953],[-83.8178,34.1273],[-83.7902,34.0857],[-83.7434,34.0646],[-83.7301,34.0583],[-83.6574,34.0529],[-83.5636,34.032],[-83.537,33.9662],[-83.499,33.9873],[-83.3596,34.0401],[-83.3864,34.0501],[-83.3572,34.1165],[-83.3635,34.1642],[-83.3992,34.1949],[-83.4148,34.2081],[-83.4802,34.2623],[-83.5618,34.2529],[-83.5875,34.27],[-83.6205,34.2953]]]},"properties":{"GID_0":"USA","GID_1":"USA.11_1","GID_2":"USA.11.78_1","NAME_1":"Georgia","NAME_2":"Jackson"}},
{"type":"Feature","geometry":{"type":"Polygon","coordinates":[[[-83.8228,33.1804],[-83.8244,33.1758],[-83.8175,33.1431],[-83.8163,33.1318],[-83.7813,33.137],[-83.7779,33.1334],[-83.6428,33.1593],[-83.5459,33.1716],[-83.5422,33.2767],[-83.5397,33.31],[-83.5376,33.3964],[-83.5334,33.4342],[-83.6822,33.5266],[-83.683,33.4943],[-83.7368,33.4808],[-83.7712,33.4524],[-83.8206,33.4361],[-83.8456,33.4146],[-83.8388,33.3896],[-83.8633,33.368],[-83.8626,33.3603],[-83.8558,33.3353],[-83.8279,33.2937],[-83.8137,33.2487],[-83.8238,33.2213],[-83.8259,33.2086],[-83.8228,33.1804]]]},"properties":{"GID_0":"USA","GID_1":"USA.11_1","GID_2":"USA.11.79_1","NAME_1":"Georgia","NAME_2":"Jasper"}},
{"type":"Feature","geometry":{"type":"Polygon","coordinates":[[[-82.4313,31.9657],[-82.4394,31.9676],[-82.4588,31.9636],[-82.4853,31.9683],[-82.5032,31.9501],[-82.5177,31.9584],[-82.5339,31.9617],[-82.5372,31.9571],[-82.5436,31.959],[-82.5447,31.9558],[-82.5555,31.9558],[-82.5761,31.9495],[-82.587,31.9359],[-82.6432,31.9192],[-82.6577,31.9211],[-82.7901,31.853],[-82.8198,31.817],[-82.836,31.8157],[-82.8363,31.6715],[-82.5216,31.6729],[-82.5207,31.7363],[-82.5201,31.8385],[-82.4311,31.8381],[-82.4313,31.9657]]]},"properties":{"GID_0":"USA","GID_1":"USA.11_1","GID_2":"USA.11.80_1","NAME_1":"Georgia","NAME_2":"JeffDavis"}},
{"type":"Feature","geometry":{"type":"Polygon","coordinates":[[[-82.2677,33.2675],[-82.2868,33.2744],[-82.2961,33.2768],[-82.3398,33.3116],[-82.3842,33.3123],[-82.4317,33.2752],[-82.5843,33.1717],[-82.5769,33.1253],[-82.5895,33.1239],[-82.601,33.1249],[-82.6399,33.1255],[-82.6416,33.1214],[-82.6519,33.126],[-82.6618,33.126],[-82.6585,33.1228],[-82.658,33.1192],[-82.6281,33.0649],[-82.6172,33.0535],[-82.5982,33.0334],[-82.5501,33.0196],[-82.539,32.9476],[-82.5108,32.9174],[-82.5261,32.8333],[-82.5212,32.8223],[-82.4528,32.766],[-82.4299,32.7613],[-82.3988,32.7771],[-82.4047,32.7826],[-82.4133,32.7981],[-82.4192,32.8114],[-82.4007,32.8131],[-82.3674,32.8147],[-82.3618,32.8206],[-82.318,32.8363],[-82.3164,32.8358],[-82.2724,32.938],[-82.2909,33.0633],[-82.2665,33.1528],[-82.2511,33.1682],[-82.2324,33.2313],[-82.2677,33.2675]]]},"properties":{"GID_0":"USA","GID_1":"USA.11_1","GID_2":"USA.11.81_1","NAME_1":"Georgia","NAME_2":"Jefferson"}},
{"type":"Feature","geometry":{"type":"Polygon","coordinates":[[[-81.8435,32.649],[-81.8529,32.6531],[-81.8683,32.6802],[-81.7677,32.9095],[-81.7731,32.9183],[-81.7882,32.9303],[-81.854,32.9501],[-81.9561,32.9237],[-82.0818,32.9171],[-82.1237,32.8837],[-82.1479,32.8197],[-82.0826,32.6634],[-82.0021,32.6072],[-81.918,32.6278],[-81.8435,32.649]]]},"properties":{"GID_0":"USA","GID_1":"USA.11_1","GID_2":"USA.11.82_1","NAME_1":"Georgia","NAME_2":"Jenkins"}},
{"type":"Feature","geometry":{"type":"Polygon","coordinates":[[[-82.4343,32.7623],[-82.4528,32.766],[-82.5212,32.8223],[-82.5747,32.8157],[-82.6103,32.7976],[-82.6578,32.7873],[-82.6812,32.7965],[-82.7697,32.7721],[-82.8023,32.8095],[-82.947,32.7596],[-82.9475,32.7555],[-82.9492,32.7281],[-82.9568,32.7081],[-82.8625,32.7158],[-82.7863,32.687],[-82.7945,32.6601],[-82.6689,32.6124],[-82.6747,32.5236],[-82.6481,32.5126],[-82.5643,32.5328],[-82.5913,32.558],[-82.5945,32.5794],[-82.4645,32.6472],[-82.4997,32.6861],[-82.452,32.7296],[-82.4343,32.7623]]]},"properties":{"GID_0":"USA","GID_1":"USA.11_1","GID_2":"USA.11.83_1","NAME_1":"Georgia","NAME_2":"Johnson"}},
{"type":"Feature","geometry":{"type":"Polygon","coordinates":[[[-83.4325,33.1834],[-83.4358,33.1834],[-83.4467,33.1848],[-83.6428,33.1593],[-83.7779,33.1334],[-83.7813,33.137],[-83.8163,33.1318],[-83.8123,33.1218],[-83.7752,33.0802],[-83.746,33.0621],[-83.7211,33.0241],[-83.7234,32.9767],[-83.7111,32.9527],[-83.6955,32.9159],[-83.6587,32.8879],[-83.5986,32.8877],[-83.5646,32.877],[-83.5164,32.8476],[-83.5136,32.8449],[-83.4407,32.8812],[-83.3573,32.9261],[-83.4173,33.1193],[-83.4325,33.1834]]]},"properties":{"GID_0":"USA","GID_1":"USA.11_1","GID_2":"USA.11.84_1","NAME_1":"Georgia","NAME_2":"Jones"}},
{"type":"Feature","geometry":{"type":"Polygon","coordinates":[[[-84.1236,33.2029],[-84.1238,33.1787],[-84.2242,33.1795],[-84.2271,33.1891],[-84.2479,33.1888],[-84.2488,33.04],[-84.2689,33.0316],[-84.2705,32.9911],[-84.1222,32.9894],[-84.123,32.932],[-84.0542,32.9313],[-84.044,32.9478],[-84.0414,33.2027],[-84.1236,33.2029]]]},"properties":{"GID_0":"USA","GID_1":"USA.11_1","GID_2":"USA.11.85_1","NAME_1":"Georgia","NAME_2":"Lamar"}},
{"type":"Feature","geometry":{"type":"Polygon","coordinates":[[[-83.0469,31.1842],[-83.0491,31.1782],[-83.0384,31.1463],[-83.165,31.1475],[-83.1675,31.0626],[-83.1974,31.0625],[-83.1979,31.0255],[-83.1872,31.0255],[-83.1796,30.9502],[-83.0431,30.9471],[-83.0244,30.8877],[-83.0244,30.8836],[-83.0249,30.8516],[-83.0105,30.8516],[-82.9834,30.8726],[-82.9711,30.869],[-82.9705,31.1842],[-83.0469,31.1842]]]},"properties":{"GID_0":"USA","GID_1":"USA.11_1","GID_2":"USA.11.86_1","NAME_1":"Georgia","NAME_2":"Lanier"}},
{"type":"Feature","geometry":{"type":"Polygon","coordinates":[[[-83.1389,32.4224],[-82.9912,32.1477],[-82.8872,32.1964],[-82.8856,32.1951],[-82.858,32.1946],[-82.7222,32.3092],[-82.7351,32.3402],[-82.6974,32.4071],[-82.6891,32.4581],[-82.6483,32.4675],[-82.6476,32.4994],[-82.6574,32.5076],[-82.6481,32.5126],[-82.6747,32.5236],[-82.6689,32.6124],[-82.7945,32.6601],[-82.7863,32.687],[-82.8625,32.7158],[-82.9568,32.7081],[-83.0582,32.6662],[-83.2268,32.5844],[-83.1389,32.4224]]]},"properties":{"GID_0":"USA","GID_1":"USA.11_1","GID_2":"USA.11.87_1","NAME_1":"Georgia","NAME_2":"Laurens"}},
{"type":"Feature","geometry":{"type":"Polygon","coordinates":[[[-83.9226,31.9119],[-84.3376,31.9163],[-84.338,31.8735],[-84.3321,31.874],[-84.3164,31.8687],[-84.2936,31.8598],[-84.2601,31.8274],[-84.2585,31.7909],[-84.2865,31.791],[-84.2934,31.7499],[-84.2978,31.6217],[-84.043,31.6234],[-84.0351,31.6385],[-84.0303,31.6427],[-84.0288,31.6486],[-84.0159,31.652],[-84.0123,31.662],[-84.0184,31.6789],[-84.0258,31.7103],[-84,31.7575],[-84.0096,31.7962],[-83.9728,31.828],[-83.9584,31.8349],[-83.9391,31.8474],[-83.9285,31.8616],[-83.9288,31.8863],[-83.9247,31.9064],[-83.9226,31.9119]]]},"properties":{"GID_0":"USA","GID_1":"USA.11_1","GID_2":"USA.11.88_1","NAME_1":"Georgia","NAME_2":"Lee"}},
{"type":"Feature","geometry":{"type":"Polygon","coordinates":[[[-81.2764,31.7583],[-81.2816,31.7908],[-81.3069,31.7912],[-81.3161,31.8182],[-81.3547,31.8288],[-81.378,31.8497],[-81.4041,31.9199],[-81.4237,31.9384],[-81.4639,31.9503],[-81.4716,31.9723],[-81.5205,31.9593],[-81.5878,31.9697],[-81.6038,32.0101],[-81.6522,32.059],[-81.6981,32.0905],[-81.719,32.0891],[-81.7615,32.0479],[-81.8193,32.0162],[-81.8242,32.014],[-81.8228,32.0069],[-81.8047,31.993],[-81.7941,31.9779],[-81.751,31.9738],[-81.7456,31.9354],[-81.7654,31.8745],[-81.6894,31.8089],[-81.6434,31.7855],[-81.6422,31.7654],[-81.5003,31.6998],[-81.4771,31.6987],[-81.4363,31.6421],[-81.375,31.6529],[-81.339,31.6469],[-81.3166,31.6602],[-81.2675,31.6535],[-81.2002,31.6239],[-81.1815,31.5926],[-81.1873,31.5749],[-81.1659,31.5634],[-81.1298,31.6308],[-81.1452,31.699],[-81.189,31.7019],[-81.2569,31.7495],[-81.2764,31.7583]]]},"properties":{"GID_0":"USA","GID_1":"USA.11_1","GID_2":"USA.11.89_1","NAME_1":"Georgia","NAME_2":"Liberty"}},
{"type":"Feature","geometry":{"type":"Polygon","coordinates":[[[-82.2174,33.687],[-82.2349,33.703],[-82.2507,33.7524],[-82.3052,33.804],[-82.3941,33.8604],[-82.4281,33.8693],[-82.4908,33.9118],[-82.5139,33.9391],[-82.5635,33.9566],[-82.574,33.9594],[-82.59,33.9713],[-82.5939,33.9718],[-82.6166,33.9805],[-82.6315,33.9796],[-82.6398,33.9814],[-82.6465,33.9846],[-82.6067,33.8609],[-82.5772,33.7917],[-82.5104,33.6823],[-82.4781,33.6435],[-82.4688,33.638],[-82.4362,33.6519],[-82.4279,33.6505],[-82.4246,33.6505],[-82.4029,33.6718],[-82.3659,33.6766],[-82.3593,33.6774],[-82.3056,33.7008],[-82.2732,33.6828],[-82.2455,33.6895],[-82.2284,33.6857],[-82.2174,33.687]]]},"properties":{"GID_0":"USA","GID_1":"USA.11_1","GID_2":"USA.11.90_1","NAME_1":"Georgia","NAME_2":"Lincoln"}},
{"type":"Feature","geometry":{"type":"Polygon","coordinates":[[[-81.8242,32.014],[-81.8411,32.0023],[-81.8768,31.963],[-81.883,31.9411],[-81.8923,31.8956],[-81.9124,31.8867],[-81.9231,31.8503],[-81.9405,31.8405],[-81.956,31.8091],[-81.9751,31.7888],[-81.9708,31.7901],[-81.953,31.789],[-81.9448,31.7607],[-81.9416,31.7593],[-81.9222,31.7605],[-81.9059,31.7247],[-81.8754,31.7126],[-81.8671,31.691],[-81.8241,31.6518],[-81.7972,31.6533],[-81.7787,31.6317],[-81.7068,31.5844],[-81.701,31.5802],[-81.6971,31.5541],[-81.673,31.5484],[-81.6635,31.5414],[-81.6641,31.5387],[-81.6231,31.5507],[-81.566,31.5763],[-81.4913,31.6993],[-81.5003,31.6998],[-81.6422,31.7654],[-81.6434,31.7855],[-81.6894,31.8089],[-81.7654,31.8745],[-81.7456,31.9354],[-81.751,31.9738],[-81.7941,31.9779],[-81.8047,31.993],[-81.8228,32.0069],[-81.8242,32.014]]]},"properties":{"GID_0":"USA","GID_1":"USA.11_1","GID_2":"USA.11.91_1","NAME_1":"Georgia","NAME_2":"Long"}},
{"type":"Feature","geometry":{"type":"Polygon","coordinates":[[[-83.1369,30.6229],[-83.1329,30.7588],[-83.1249,30.8036],[-83.0883,30.8511],[-83.0249,30.8516],[-83.0244,30.8836],[-83.0244,30.8877],[-83.0431,30.9471],[-83.1796,30.9502],[-83.1872,31.0255],[-83.4754,31.032],[-83.4307,30.9527],[-83.4384,30.9037],[-83.3578,30.867],[-83.3513,30.8419],[-83.4146,30.8285],[-83.4464,30.805],[-83.4542,30.7707],[-83.4845,30.7537],[-83.4533,30.7012],[-83.4426,30.6944],[-83.4314,30.6885],[-83.4214,30.689],[-83.4171,30.6845],[-83.3969,30.6772],[-83.3563,30.6356],[-83.1369,30.6229]]]},"properties":{"GID_0":"USA","GID_1":"USA.11_1","GID_2":"USA.11.92_1","NAME_1":"Georgia","NAME_2":"Lowndes"}},
{"type":"Feature","geometry":{"type":"Polygon","coordinates":[[[-83.9801,34.4188],[-83.9763,34.4187],[-83.9306,34.4511],[-83.8435,34.4965],[-83.8427,34.5233],[-83.8642,34.5504],[-83.8642,34.6018],[-83.8752,34.6371],[-83.8719,34.6426],[-83.8721,34.6576],[-83.871,34.6653],[-83.8586,34.7045],[-83.8566,34.7222],[-83.8639,34.7262],[-83.8863,34.7265],[-83.9401,34.7411],[-83.989,34.708],[-83.9942,34.6784],[-84.0248,34.6713],[-84.0373,34.6426],[-84.0721,34.6573],[-84.127,34.6645],[-84.1381,34.6612],[-84.1375,34.6553],[-84.1536,34.652],[-84.1591,34.6469],[-84.1882,34.603],[-84.1869,34.6002],[-84.191,34.5397],[-84.1053,34.4655],[-83.9801,34.4188]]]},"properties":{"GID_0":"USA","GID_1":"USA.11_1","GID_2":"USA.11.93_1","NAME_1":"Georgia","NAME_2":"Lumpkin"}},
{"type":"Feature","geometry":{"type":"Polygon","coordinates":[[[-83.8484,32.2908],[-83.8469,32.3574],[-83.8374,32.382],[-83.8369,32.439],[-83.8461,32.4389],[-83.847,32.4685],[-83.8716,32.4784],[-83.8771,32.4888],[-83.8847,32.4915],[-83.9235,32.5053],[-83.9871,32.5061],[-84.0208,32.504],[-84.0345,32.5135],[-84.1112,32.5141],[-84.1225,32.5058],[-84.1976,32.4011],[-84.2372,32.4012],[-84.2426,32.4011],[-84.2539,32.396],[-84.2556,32.2961],[-84.2187,32.2952],[-84.2199,32.23],[-84.1326,32.2277],[-84.1337,32.1862],[-84.0888,32.1921],[-84.0492,32.1852],[-84.0274,32.1713],[-84.0307,32.179],[-84.0216,32.1859],[-84.0126,32.201],[-83.9938,32.2153],[-83.9836,32.2218],[-83.9761,32.2296],[-83.965,32.248],[-83.8981,32.2804],[-83.895,32.2918],[-83.8484,32.2908]]]},"properties":{"GID_0":"USA","GID_1":"USA.11_1","GID_2":"USA.11.94_1","NAME_1":"Georgia","NAME_2":"Macon"}},
{"type":"Feature","geometry":{"type":"Polygon","coordinates":[[[-83.4024,34.1975],[-83.3992,34.1949],[-83.3635,34.1642],[-83.3572,34.1165],[-83.3864,34.0501],[-83.3219,34.027],[-83.2741,34.0067],[-83.2642,34.0067],[-83.2586,33.999],[-83.237,34.0136],[-83.222,34.0054],[-83.1927,34.0109],[-83.1639,34.0351],[-83.1257,34.0479],[-83.0459,34.0161],[-82.9766,34.0438],[-82.9777,34.0488],[-83.032,34.0965],[-83.0309,34.1129],[-83.0954,34.162],[-83.0921,34.1897],[-83.0771,34.2224],[-83.1155,34.2624],[-83.1133,34.2737],[-83.1727,34.2387],[-83.2733,34.2489],[-83.2995,34.2643],[-83.3295,34.2483],[-83.351,34.2255],[-83.3588,34.2228],[-83.3726,34.2059],[-83.4003,34.2004],[-83.4024,34.1975]]]},"properties":{"GID_0":"USA","GID_1":"USA.11_1","GID_2":"USA.11.95_1","NAME_1":"Georgia","NAME_2":"Madison"}},
{"type":"Feature","geometry":{"type":"Polygon","coordinates":[[[-84.6594,32.233],[-84.6209,32.2332],[-84.6,32.1911],[-84.5648,32.1902],[-84.5272,32.1515],[-84.5275,32.1351],[-84.4311,32.1341],[-84.4302,32.1742],[-84.4291,32.2321],[-84.4101,32.2319],[-84.41,32.2888],[-84.3896,32.2973],[-84.3922,32.4144],[-84.3818,32.4145],[-84.382,32.4209],[-84.4117,32.4442],[-84.4108,32.4852],[-84.4435,32.5185],[-84.4442,32.5618],[-84.4921,32.5621],[-84.5048,32.5419],[-84.562,32.5448],[-84.5964,32.5238],[-84.6379,32.5346],[-84.6572,32.4951],[-84.6594,32.233]]]},"properties":{"GID_0":"USA","GID_1":"USA.11_1","GID_2":"USA.11.96_1","NAME_1":"Georgia","NAME_2":"Marion"}},
{"type":"Feature","geometry":{"type":"Polygon","coordinates":[[[-82.4246,33.6505],[-82.4279,33.6505],[-82.4362,33.6519],[-82.4688,33.638],[-82.4781,33.6435],[-82.4776,33.6407],[-82.4804,33.6389],[-82.4864,33.6472],[-82.4996,33.6545],[-82.5045,33.6572],[-82.5095,33.66],[-82.5272,33.6451],[-82.5554,33.6429],[-82.5614,33.6438],[-82.5697,33.6452],[-82.6432,33.6182],[-82.6421,33.6114],[-82.6493,33.6087],[-82.5845,33.4497],[-82.5533,33.4155],[-82.5361,33.3576],[-82.4983,33.3379],[-82.451,33.3409],[-82.4111,33.3234],[-82.3979,33.3142],[-82.3546,33.3121],[-82.2943,33.355],[-82.3102,33.366],[-82.3406,33.4067],[-82.3355,33.4189],[-82.3847,33.4674],[-82.4003,33.5167],[-82.3847,33.5302],[-82.438,33.5505],[-82.4135,33.5881],[-82.4407,33.6397],[-82.4246,33.6505]]]},"properties":{"GID_0":"USA","GID_1":"USA.11_1","GID_2":"USA.11.97_1","NAME_1":"Georgia","NAME_2":"McDuffie"}},
{"type":"Feature","geometry":{"type":"MultiPolygon","coordinates":[[[[-81.3178,31.3681],[-81.325,31.3322],[-81.2858,31.3239],[-81.2923,31.3658],[-81.3178,31.3681]]],[[[-81.1953,31.5364],[-81.2392,31.5272],[-81.2597,31.4978],[-81.2944,31.4878],[-81.3078,31.4233],[-81.2794,31.3783],[-81.2514,31.4211],[-81.1778,31.5147],[-81.1953,31.5364]]],[[[-81.3342,31.4292],[-81.3462,31.442],[-81.3741,31.4249],[-81.3646,31.3998],[-81.3476,31.4043],[-81.3378,31.3922],[-81.3294,31.4031],[-81.3178,31.4103],[-81.3342,31.4292]]],[[[-81.6157,31.4459],[-81.5784,31.4002],[-81.5159,31.356],[-81.4675,31.3385],[-81.4132,31.2934],[-81.3717,31.3381],[-81.3347,31.3319],[-81.3333,31.3903],[-81.3408,31.3919],[-81.3488,31.4025],[-81.3642,31.3985],[-81.3776,31.4066],[-81.3716,31.4179],[-81.3758,31.4242],[-81.3711,31.4293],[-81.3261,31.4562],[-81.3075,31.485],[-81.2644,31.5153],[-81.2314,31.5497],[-81.1873,31.5749],[-81.1815,31.5926],[-81.2002,31.6239],[-81.2675,31.6535],[-81.3166,31.6602],[-81.339,31.6469],[-81.375,31.6529],[-81.4363,31.6421],[-81.4771,31.6987],[-81.4913,31.6993],[-81.566,31.5763],[-81.6231,31.5507],[-81.6678,31.5378],[-81.6679,31.5342],[-81.6599,31.5281],[-81.6529,31.5299],[-81.6557,31.5226],[-81.6542,31.5189],[-81.6581,31.5098],[-81.6471,31.4947],[-81.6306,31.483],[-81.6165,31.4587],[-81.6253,31.4515],[-81.6157,31.4459]]]]},"properties":{"GID_0":"USA","GID_1":"USA.11_1","GID_2":"USA.11.98_1","NAME_1":"Georgia","NAME_2":"McIntosh"}},
{"type":"Feature","geometry":{"type":"Polygon","coordinates":[[[-84.8627,33.1909],[-84.8644,32.961],[-84.8611,32.9611],[-84.8617,32.8723],[-84.7682,32.8674],[-84.7005,32.8443],[-84.5712,32.8448],[-84.5074,32.8816],[-84.5168,32.9152],[-84.524,32.9183],[-84.5186,32.9507],[-84.5342,32.9646],[-84.5212,32.9748],[-84.5339,33.0051],[-84.5342,33.0201],[-84.5332,33.0279],[-84.5357,33.042],[-84.5239,33.054],[-84.5076,33.1748],[-84.4958,33.1931],[-84.4965,33.2013],[-84.4967,33.2081],[-84.5006,33.2145],[-84.5024,33.2213],[-84.6517,33.2224],[-84.6518,33.2306],[-84.7166,33.2315],[-84.7164,33.2228],[-84.8525,33.2239],[-84.8627,33.1909]]]},"properties":{"GID_0":"USA","GID_1":"USA.11_1","GID_2":"USA.11.99_1","NAME_1":"Georgia","NAME_2":"Meriwether"}},
{"type":"Feature","geometry":{"type":"Polygon","coordinates":[[[-84.6415,31.2588],[-84.6415,31.2565],[-84.7051,31.2519],[-84.9177,31.2562],[-84.9224,31.0725],[-84.6457,31.0678],[-84.6454,31.0793],[-84.5428,31.0789],[-84.5371,31.2562],[-84.6415,31.2588]]]},"properties":{"GID_0":"USA","GID_1":"USA.11_1","GID_2":"USA.11.100_1","NAME_1":"Georgia","NAME_2":"Miller"}},
{"type":"Feature","geometry":{"type":"Polygon","coordinates":[[[-84.5086,31.0785],[-84.2149,31.0789],[-84.0039,31.0773],[-84.0031,31.1024],[-84.0033,31.112],[-83.9977,31.444],[-84.1377,31.4427],[-84.142,31.4385],[-84.1461,31.428],[-84.1955,31.3919],[-84.1977,31.3658],[-84.2333,31.3412],[-84.2718,31.3367],[-84.2803,31.3302],[-84.3239,31.3137],[-84.3409,31.3048],[-84.3405,31.2779],[-84.3773,31.2387],[-84.5068,31.1233],[-84.503,31.089],[-84.5061,31.0853],[-84.5086,31.0785]]]},"properties":{"GID_0":"USA","GID_1":"USA.11_1","GID_2":"USA.11.101_1","NAME_1":"Georgia","NAME_2":"Mitchell"}},
{"type":"Feature","geometry":{"type":"Polygon","coordinates":[[[-83.7111,32.9527],[-83.7234,32.9767],[-83.7211,33.0241],[-83.746,33.0621],[-83.7752,33.0802],[-83.8123,33.1218],[-83.8157,33.1236],[-83.8175,33.1431],[-83.8244,33.1758],[-83.8355,33.1871],[-83.8355,33.1899],[-83.8422,33.1966],[-83.8675,33.2019],[-84.0414,33.2027],[-84.044,32.9478],[-84.0542,32.9313],[-84.123,32.932],[-84.1241,32.8496],[-83.9783,32.8492],[-83.8925,32.8485],[-83.8133,32.8973],[-83.7111,32.9527]]]},"properties":{"GID_0":"USA","GID_1":"USA.11_1","GID_2":"USA.11.102_1","NAME_1":"Georgia","NAME_2":"Monroe"}},
{"type":"Feature","geometry":{"type":"Polygon","coordinates":[[[-82.4809,31.9701],[-82.4803,31.9929],[-82.4409,32.2179],[-82.4392,32.2958],[-82.409,32.354],[-82.6495,32.3112],[-82.6556,32.2976],[-82.6518,32.2867],[-82.6497,32.2821],[-82.6426,32.2757],[-82.6482,32.2502],[-82.6256,32.2073],[-82.6327,32.1964],[-82.614,32.1498],[-82.6298,32.133],[-82.6126,32.0956],[-82.6139,32.0595],[-82.6016,32.0207],[-82.5404,31.9626],[-82.5436,31.959],[-82.5372,31.9571],[-82.5339,31.9617],[-82.5177,31.9584],[-82.5032,31.9501],[-82.4853,31.9683],[-82.4809,31.9701]]]},"properties":{"GID_0":"USA","GID_1":"USA.11_1","GID_2":"USA.11.103_1","NAME_1":"Georgia","NAME_2":"Montgomery"}},
{"type":"Feature","geometry":{"type":"Polygon","coordinates":[[[-83.4061,33.6985],[-83.4454,33.7229],[-83.4584,33.7688],[-83.4857,33.8069],[-83.489,33.8046],[-83.4984,33.8145],[-83.5058,33.8179],[-83.5171,33.8026],[-83.5259,33.7967],[-83.5484,33.7639],[-83.6877,33.5885],[-83.6776,33.5717],[-83.6822,33.5266],[-83.5334,33.4342],[-83.28,33.4833],[-83.2767,33.4929],[-83.2692,33.532],[-83.3471,33.6018],[-83.365,33.6441],[-83.4061,33.6985]]]},"properties":{"GID_0":"USA","GID_1":"USA.11_1","GID_2":"USA.11.104_1","NAME_1":"Georgia","NAME_2":"Morgan"}},
{"type":"Feature","geometry":{"type":"Polygon","coordinates":[[[-84.6217,34.9902],[-84.8108,34.9893],[-84.8143,34.972],[-84.8434,34.9188],[-84.8202,34.8661],[-84.8398,34.8635],[-84.8781,34.7802],[-84.8572,34.751],[-84.8849,34.7147],[-84.9305,34.703],[-84.9158,34.6306],[-84.865,34.6092],[-84.7807,34.6091],[-84.7168,34.6232],[-84.7066,34.5916],[-84.6556,34.5837],[-84.655,34.6582],[-84.6576,34.729],[-84.6419,34.7788],[-84.5965,34.8066],[-84.5945,34.8139],[-84.5862,34.8209],[-84.5858,34.8277],[-84.5961,34.8394],[-84.612,34.85],[-84.6239,34.858],[-84.6217,34.9902]]]},"properties":{"GID_0":"USA","GID_1":"USA.11_1","GID_2":"USA.11.105_1","NAME_1":"Georgia","NAME_2":"Murray"}},
{"type":"Feature","geometry":{"type":"Polygon","coordinates":[[[-85.0806,32.6079],[-85.0694,32.5818],[-85.0079,32.5218],[-84.9935,32.4519],[-84.9662,32.4301],[-84.9824,32.4057],[-84.974,32.3788],[-84.9571,32.3741],[-84.9468,32.3752],[-84.9333,32.38],[-84.8819,32.4105],[-84.786,32.4184],[-84.779,32.424],[-84.7699,32.4264],[-84.7189,32.5074],[-84.7012,32.5186],[-84.6947,32.5187],[-84.6706,32.5619],[-84.6945,32.5634],[-84.6944,32.5839],[-84.9083,32.5832],[-84.9078,32.6078],[-85.0806,32.6079]]]},"properties":{"GID_0":"USA","GID_1":"USA.11_1","GID_2":"USA.11.106_1","NAME_1":"Georgia","NAME_2":"Muscogee"}},
{"type":"Feature","geometry":{"type":"Polygon","coordinates":[[[-83.8633,33.368],[-83.8388,33.3896],[-83.8456,33.4146],[-83.8206,33.4361],[-83.7712,33.4524],[-83.7368,33.4808],[-83.683,33.4943],[-83.6822,33.5266],[-83.6776,33.5717],[-83.6877,33.5885],[-83.6806,33.5971],[-83.6994,33.6093],[-83.6918,33.6171],[-83.7345,33.6459],[-83.7588,33.6462],[-83.9143,33.7439],[-83.917,33.7374],[-83.9159,33.7315],[-83.9185,33.7228],[-83.925,33.7105],[-83.9204,33.6919],[-83.9304,33.6523],[-84.0445,33.5253],[-84.0543,33.5184],[-84.0238,33.495],[-83.9481,33.4765],[-83.9381,33.4666],[-83.9252,33.4481],[-83.9246,33.4435],[-83.9162,33.4327],[-83.8672,33.3725],[-83.8633,33.368]]]},"properties":{"GID_0":"USA","GID_1":"USA.11_1","GID_2":"USA.11.107_1","NAME_1":"Georgia","NAME_2":"Newton"}},
{"type":"Feature","geometry":{"type":"Polygon","coordinates":[[[-83.537,33.9662],[-83.6468,33.9066],[-83.6379,33.9048],[-83.6334,33.9016],[-83.6306,33.8935],[-83.5311,33.8249],[-83.5089,33.8181],[-83.5023,33.8172],[-83.4962,33.8127],[-83.4906,33.8055],[-83.4884,33.8046],[-83.4857,33.8069],[-83.4584,33.7688],[-83.4454,33.7229],[-83.4061,33.6985],[-83.2914,33.7343],[-83.281,33.7598],[-83.2833,33.7866],[-83.2972,33.8134],[-83.2758,33.848],[-83.3057,33.8511],[-83.3267,33.8556],[-83.3279,33.8693],[-83.3517,33.8774],[-83.4261,33.9271],[-83.5075,33.9309],[-83.537,33.9662]]]},"properties":{"GID_0":"USA","GID_1":"USA.11_1","GID_2":"USA.11.108_1","NAME_1":"Georgia","NAME_2":"Oconee"}},
{"type":"Feature","geometry":{"type":"Polygon","coordinates":[[[-83.2758,33.848],[-83.2972,33.8134],[-83.2833,33.7866],[-83.2805,33.7621],[-83.1185,33.6987],[-83.049,33.7156],[-83.0258,33.701],[-83.0076,33.6901],[-82.9977,33.6942],[-82.9921,33.6979],[-82.9491,33.7333],[-82.9596,33.752],[-82.9872,33.7811],[-82.9462,33.8465],[-82.9258,33.8524],[-82.8737,33.9229],[-82.8471,33.9405],[-82.7945,33.9491],[-82.78,33.9709],[-82.8448,33.9828],[-82.9073,34.0115],[-82.9295,34.0079],[-82.9533,34.0384],[-82.9677,34.0415],[-82.9766,34.0438],[-83.0459,34.0161],[-83.1257,34.0479],[-83.1639,34.0351],[-83.1927,34.0109],[-83.222,34.0054],[-83.237,34.0136],[-83.2564,33.9999],[-83.2619,33.9985],[-83.2664,33.9999],[-83.2795,33.9548],[-83.2411,33.9045],[-83.2758,33.848]]]},"properties":{"GID_0":"USA","GID_1":"USA.11_1","GID_2":"USA.11.109_1","NAME_1":"Georgia","NAME_2":"Oglethorpe"}},
{"type":"Feature","geometry":{"type":"Polygon","coordinates":[[[-84.9228,34.0824],[-84.9778,33.9515],[-85.0498,33.9525],[-85.0503,33.9075],[-85.037,33.9077],[-85.0378,33.8117],[-84.9706,33.7988],[-84.8793,33.7744],[-84.7242,33.78],[-84.7237,33.8059],[-84.7229,33.9473],[-84.7395,33.9476],[-84.7381,34.0821],[-84.8968,34.0824],[-84.9145,34.0826],[-84.9228,34.0824]]]},"properties":{"GID_0":"USA","GID_1":"USA.11_1","GID_2":"USA.11.110_1","NAME_1":"Georgia","NAME_2":"Paulding"}},
{"type":"Feature","geometry":{"type":"Polygon","coordinates":[[[-83.7104,32.6918],[-83.7666,32.6928],[-83.9449,32.5698],[-84.0021,32.5333],[-84.0149,32.5095],[-83.9871,32.5061],[-83.9235,32.5053],[-83.8847,32.4915],[-83.8771,32.4888],[-83.8716,32.4784],[-83.8509,32.4735],[-83.8454,32.4672],[-83.8426,32.4604],[-83.7979,32.4466],[-83.7978,32.4962],[-83.749,32.5052],[-83.7487,32.5339],[-83.7199,32.5323],[-83.7186,32.6352],[-83.7006,32.6923],[-83.7104,32.6918]]]},"properties":{"GID_0":"USA","GID_1":"USA.11_1","GID_2":"USA.11.111_1","NAME_1":"Georgia","NAME_2":"Peach"}},
{"type":"Feature","geometry":{"type":"Polygon","coordinates":[[[-84.2576,34.381],[-84.2568,34.4674],[-84.3198,34.468],[-84.3462,34.5468],[-84.3457,34.5627],[-84.372,34.563],[-84.3718,34.5483],[-84.6548,34.5492],[-84.653,34.4629],[-84.6536,34.4124],[-84.5829,34.4121],[-84.5822,34.3812],[-84.4241,34.38],[-84.4007,34.3803],[-84.4006,34.373],[-84.3922,34.3731],[-84.3918,34.3804],[-84.2576,34.381]]]},"properties":{"GID_0":"USA","GID_1":"USA.11_1","GID_2":"USA.11.112_1","NAME_1":"Georgia","NAME_2":"Pickens"}},
{"type":"Feature","geometry":{"type":"Polygon","coordinates":[[[-82.2265,31.5307],[-82.2562,31.5177],[-82.2698,31.4927],[-82.3004,31.4929],[-82.3006,31.4673],[-82.3449,31.4302],[-82.4019,31.4172],[-82.4207,31.4169],[-82.421,31.3785],[-82.3884,31.3601],[-82.3873,31.2966],[-82.3506,31.2558],[-82.2936,31.2267],[-82.2819,31.2257],[-82.2723,31.2188],[-82.2252,31.2208],[-82.1948,31.2073],[-82.1841,31.2063],[-82.1465,31.2275],[-82.1441,31.254],[-82.1128,31.2715],[-82.0518,31.2724],[-81.9975,31.2888],[-82.0405,31.3622],[-82.042,31.3778],[-82.0566,31.4089],[-82.0539,31.455],[-82.0731,31.4721],[-82.1191,31.4793],[-82.1364,31.4703],[-82.1461,31.469],[-82.1653,31.4764],[-82.1999,31.5068],[-82.2212,31.5207],[-82.2265,31.5307]]]},"properties":{"GID_0":"USA","GID_1":"USA.11_1","GID_2":"USA.11.113_1","NAME_1":"Georgia","NAME_2":"Pierce"}},
{"type":"Feature","geometry":{"type":"Polygon","coordinates":[[[-84.2479,33.1888],[-84.3543,33.1894],[-84.3936,33.2085],[-84.4523,33.2087],[-84.4675,33.1999],[-84.4799,33.1902],[-84.5076,33.1748],[-84.5239,33.054],[-84.5357,33.042],[-84.5332,33.0279],[-84.5342,33.0201],[-84.5339,33.0051],[-84.5212,32.9748],[-84.5217,32.9684],[-84.4904,32.9939],[-84.2896,32.9913],[-84.2705,32.9911],[-84.2689,33.0316],[-84.2488,33.04],[-84.2479,33.1888]]]},"properties":{"GID_0":"USA","GID_1":"USA.11_1","GID_2":"USA.11.114_1","NAME_1":"Georgia","NAME_2":"Pike"}},
{"type":"Feature","geometry":{"type":"Polygon","coordinates":[[[-85.4215,34.0803],[-85.3855,33.8974],[-85.2128,33.899],[-85.213,33.9063],[-85.0503,33.9075],[-85.0498,33.9525],[-84.9778,33.9515],[-84.9228,34.0824],[-84.9301,34.0828],[-85.0476,34.0812],[-85.0474,34.0948],[-85.2584,34.0991],[-85.2589,34.0777],[-85.4215,34.0803]]]},"properties":{"GID_0":"USA","GID_1":"USA.11_1","GID_2":"USA.11.115_1","NAME_1":"Georgia","NAME_2":"Polk"}},
{"type":"Feature","geometry":{"type":"Polygon","coordinates":[[[-83.4977,32.4018],[-83.501,32.3991],[-83.5085,32.3917],[-83.5243,32.4017],[-83.6158,32.2887],[-83.6065,32.2883],[-83.6072,32.2386],[-83.6085,32.1187],[-83.5506,32.1181],[-83.5507,32.1263],[-83.5415,32.1264],[-83.5414,32.1181],[-83.4354,32.1172],[-83.4165,32.1333],[-83.3689,32.1325],[-83.3558,32.118],[-83.3374,32.1057],[-83.3007,32.13],[-83.3251,32.1509],[-83.2911,32.1788],[-83.3743,32.2496],[-83.3462,32.2721],[-83.4023,32.3184],[-83.4977,32.4018]]]},"properties":{"GID_0":"USA","GID_1":"USA.11_1","GID_2":"USA.11.116_1","NAME_1":"Georgia","NAME_2":"Pulaski"}},
{"type":"Feature","geometry":{"type":"Polygon","coordinates":[[[-83.274,33.1876],[-83.2735,33.2008],[-83.2609,33.209],[-83.255,33.2441],[-83.2392,33.2627],[-83.2299,33.2755],[-83.1706,33.3011],[-83.1498,33.3216],[-83.1587,33.3503],[-83.1653,33.3557],[-83.1669,33.3621],[-83.1868,33.3898],[-83.1967,33.3961],[-83.2148,33.3806],[-83.2198,33.3902],[-83.2523,33.4338],[-83.2617,33.4483],[-83.2778,33.4688],[-83.28,33.4833],[-83.5334,33.4342],[-83.5376,33.3964],[-83.5397,33.31],[-83.5422,33.2767],[-83.5459,33.1716],[-83.4358,33.1834],[-83.4325,33.1834],[-83.3919,33.1836],[-83.3299,33.1674],[-83.3146,33.1811],[-83.3031,33.1807],[-83.2932,33.1903],[-83.274,33.1876]]]},"properties":{"GID_0":"USA","GID_1":"USA.11_1","GID_2":"USA.11.117_1","NAME_1":"Georgia","NAME_2":"Putnam"}},
{"type":"Feature","geometry":{"type":"Polygon","coordinates":[[[-85.144,31.7807],[-85.0261,31.7788],[-84.9102,31.7767],[-84.9067,31.9246],[-84.9175,31.9248],[-84.9551,31.942],[-84.9639,31.9669],[-85.0419,31.976],[-85.0736,31.9923],[-85.0862,31.9407],[-85.1175,31.9124],[-85.1435,31.8384],[-85.144,31.7807]]]},"properties":{"GID_0":"USA","GID_1":"USA.11_1","GID_2":"USA.11.118_1","NAME_1":"Georgia","NAME_2":"Quitman"}},
{"type":"Feature","geometry":{"type":"Polygon","coordinates":[[[-83.3527,34.7157],[-83.3191,34.7586],[-83.3211,34.7913],[-83.2705,34.8391],[-83.2501,34.8678],[-83.1406,34.9279],[-83.1052,35.002],[-83.5498,34.9929],[-83.5467,34.9466],[-83.5926,34.9418],[-83.5986,34.9136],[-83.6299,34.9062],[-83.6548,34.8657],[-83.6613,34.8438],[-83.6579,34.8316],[-83.6522,34.823],[-83.6494,34.8253],[-83.5872,34.8206],[-83.5571,34.7576],[-83.5369,34.7486],[-83.4786,34.7239],[-83.4474,34.7427],[-83.4261,34.7468],[-83.425,34.7391],[-83.3862,34.734],[-83.3527,34.7157]]]},"properties":{"GID_0":"USA","GID_1":"USA.11_1","GID_2":"USA.11.119_1","NAME_1":"Georgia","NAME_2":"Rabun"}},
{"type":"Feature","geometry":{"type":"Polygon","coordinates":[[[-84.5468,31.6212],[-84.535,31.6793],[-84.5699,31.761],[-84.603,31.7719],[-84.6,31.9216],[-84.6756,31.9218],[-84.8106,31.923],[-84.9067,31.9246],[-84.9102,31.7767],[-84.9576,31.7772],[-84.9593,31.7133],[-84.9423,31.6557],[-84.9419,31.6187],[-84.7295,31.6195],[-84.6564,31.6215],[-84.6218,31.638],[-84.5865,31.6211],[-84.557,31.6211],[-84.5468,31.6212]]]},"properties":{"GID_0":"USA","GID_1":"USA.11_1","GID_2":"USA.11.120_1","NAME_1":"Georgia","NAME_2":"Randolph"}},
{"type":"Feature","geometry":{"type":"Polygon","coordinates":[[[-81.8511,33.2485],[-81.836,33.2735],[-81.9338,33.3438],[-81.926,33.3749],[-81.9443,33.4024],[-81.9156,33.4462],[-81.9314,33.4671],[-81.9862,33.4875],[-82.0296,33.5444],[-82.3537,33.3129],[-82.3398,33.3116],[-82.2961,33.2768],[-82.2868,33.2744],[-82.2677,33.2675],[-82.1735,33.2969],[-82.1636,33.2954],[-82.1337,33.2757],[-82.1115,33.2432],[-82.0892,33.2303],[-82.0594,33.2428],[-81.991,33.2276],[-81.9491,33.2404],[-81.9253,33.2557],[-81.877,33.2584],[-81.8511,33.2485]]]},"properties":{"GID_0":"USA","GID_1":"USA.11_1","GID_2":"USA.11.121_1","NAME_1":"Georgia","NAME_2":"Richmond"}},
{"type":"Feature","geometry":{"type":"Polygon","coordinates":[[[-84.1873,33.6463],[-84.1816,33.629],[-84.1322,33.5686],[-84.1238,33.5614],[-84.1068,33.5665],[-84.044,33.5262],[-83.9304,33.6523],[-83.9204,33.6919],[-83.925,33.7105],[-83.9185,33.7228],[-83.9159,33.7315],[-83.917,33.7374],[-83.9143,33.7439],[-83.9822,33.7864],[-84.0572,33.7266],[-84.1157,33.6147],[-84.1702,33.646],[-84.1873,33.6463]]]},"properties":{"GID_0":"USA","GID_1":"USA.11_1","GID_2":"USA.11.122_1","NAME_1":"Georgia","NAME_2":"Rockdale"}},
{"type":"Feature","geometry":{"type":"Polygon","coordinates":[[[-84.2546,32.3718],[-84.3236,32.3728],[-84.3229,32.3979],[-84.3631,32.3979],[-84.3821,32.4282],[-84.3818,32.4145],[-84.3922,32.4144],[-84.3896,32.2973],[-84.41,32.2888],[-84.4101,32.2319],[-84.4291,32.2321],[-84.4302,32.1742],[-84.4301,32.1664],[-84.2795,32.1637],[-84.182,32.1579],[-84.1809,32.229],[-84.2199,32.23],[-84.2187,32.2952],[-84.2556,32.2961],[-84.2546,32.3718]]]},"properties":{"GID_0":"USA","GID_1":"USA.11_1","GID_2":"USA.11.123_1","NAME_1":"Georgia","NAME_2":"Schley"}},
{"type":"Feature","geometry":{"type":"Polygon","coordinates":[[[-81.5497,32.4921],[-81.5385,32.5092],[-81.3872,32.5969],[-81.4175,32.6317],[-81.3942,32.6526],[-81.4142,32.7148],[-81.4085,32.7566],[-81.4287,32.7833],[-81.4213,32.8344],[-81.4578,32.851],[-81.4792,32.8828],[-81.4854,32.9243],[-81.5016,32.9369],[-81.4905,33.0084],[-81.5417,33.0457],[-81.7677,32.9095],[-81.8683,32.6802],[-81.8529,32.6531],[-81.8435,32.649],[-81.8338,32.6534],[-81.8267,32.6529],[-81.7762,32.6086],[-81.7551,32.6025],[-81.6896,32.5466],[-81.6403,32.5324],[-81.5967,32.5068],[-81.5664,32.5019],[-81.5626,32.4977],[-81.5497,32.4921]]]},"properties":{"GID_0":"USA","GID_1":"USA.11_1","GID_2":"USA.11.124_1","NAME_1":"Georgia","NAME_2":"Screven"}},
{"type":"Feature","geometry":{"type":"Polygon","coordinates":[[[-85.0293,31.0761],[-85.0131,31.0511],[-85.0001,30.9729],[-84.9367,30.8872],[-84.9313,30.7961],[-84.9022,30.7525],[-84.8634,30.7114],[-84.8613,30.7583],[-84.8113,30.7829],[-84.7699,30.8356],[-84.7697,30.8763],[-84.7555,30.8852],[-84.753,31.0411],[-84.7318,31.0501],[-84.7306,31.0693],[-84.8685,31.0712],[-85.0293,31.0761]]]},"properties":{"GID_0":"USA","GID_1":"USA.11_1","GID_2":"USA.11.125_1","NAME_1":"Georgia","NAME_2":"Seminole"}},
{"type":"Feature","geometry":{"type":"Polygon","coordinates":[[[-84.1025,33.2977],[-84.1505,33.3132],[-84.1502,33.3355],[-84.2469,33.3358],[-84.2472,33.3527],[-84.3879,33.3524],[-84.3828,33.3434],[-84.3847,33.327],[-84.3861,33.3174],[-84.3931,33.3087],[-84.4181,33.2924],[-84.4328,33.2568],[-84.4976,33.2573],[-84.5083,33.2412],[-84.5058,33.2267],[-84.4973,33.21],[-84.4965,33.2013],[-84.4958,33.1931],[-84.4799,33.1902],[-84.4675,33.1999],[-84.4523,33.2087],[-84.3936,33.2085],[-84.3543,33.1894],[-84.2271,33.1891],[-84.2242,33.1795],[-84.1238,33.1787],[-84.1236,33.2425],[-84.0886,33.2856],[-84.1025,33.2977]]]},"properties":{"GID_0":"USA","GID_1":"USA.11_1","GID_2":"USA.11.126_1","NAME_1":"Georgia","NAME_2":"Spalding"}},
{"type":"Feature","geometry":{"type":"Polygon","coordinates":[[[-83.3983,34.4603],[-83.3733,34.4704],[-83.1783,34.4776],[-83.1031,34.5368],[-83.1244,34.5608],[-83.1938,34.6067],[-83.2366,34.6167],[-83.3033,34.67],[-83.3403,34.6863],[-83.3654,34.6753],[-83.4598,34.4814],[-83.4146,34.4684],[-83.3983,34.4603]]]},"properties":{"GID_0":"USA","GID_1":"USA.11_1","GID_2":"USA.11.127_1","NAME_1":"Georgia","NAME_2":"Stephens"}},
{"type":"Feature","geometry":{"type":"Polygon","coordinates":[[[-85.0736,31.9923],[-85.0419,31.976],[-84.9639,31.9669],[-84.9551,31.942],[-84.9175,31.9248],[-84.8106,31.923],[-84.6756,31.9218],[-84.6556,31.9217],[-84.6548,31.9614],[-84.6451,31.9615],[-84.645,31.9843],[-84.6553,31.9846],[-84.6541,32.0284],[-84.6443,32.029],[-84.6402,32.2251],[-84.6496,32.2327],[-84.6594,32.233],[-84.9267,32.2307],[-84.9643,32.2196],[-84.9775,32.1928],[-85.0159,32.1806],[-85.0645,32.1315],[-85.0597,32.019],[-85.0736,31.9923]]]},"properties":{"GID_0":"USA","GID_1":"USA.11_1","GID_2":"USA.11.128_1","NAME_1":"Georgia","NAME_2":"Stewart"}},
{"type":"Feature","geometry":{"type":"Polygon","coordinates":[[[-83.9607,32.0301],[-83.9907,32.0959],[-83.9962,32.1009],[-84.011,32.1186],[-84.0116,32.1245],[-84.0331,32.1525],[-84.0274,32.1713],[-84.0492,32.1852],[-84.0888,32.1921],[-84.1337,32.1862],[-84.1326,32.2277],[-84.1809,32.229],[-84.182,32.1579],[-84.2795,32.1637],[-84.4301,32.1664],[-84.4332,32.0415],[-84.4414,32.0418],[-84.4438,31.9675],[-84.3423,31.8739],[-84.338,31.8735],[-84.3376,31.9163],[-83.9226,31.9119],[-83.9195,31.9224],[-83.9457,31.9956],[-83.9508,32.0156],[-83.9607,32.0301]]]},"properties":{"GID_0":"USA","GID_1":"USA.11_1","GID_2":"USA.11.129_1","NAME_1":"Georgia","NAME_2":"Sumter"}},
{"type":"Feature","geometry":{"type":"Polygon","coordinates":[[[-84.6379,32.5346],[-84.5964,32.5238],[-84.562,32.5448],[-84.5048,32.5419],[-84.4921,32.5621],[-84.4089,32.5618],[-84.4081,32.6105],[-84.3743,32.6378],[-84.3641,32.6794],[-84.339,32.6788],[-84.3381,32.7207],[-84.2862,32.7473],[-84.2989,32.7553],[-84.3399,32.7621],[-84.3916,32.7875],[-84.4143,32.8336],[-84.434,32.8384],[-84.448,32.825],[-84.4681,32.8535],[-84.5074,32.8816],[-84.5712,32.8448],[-84.7005,32.8443],[-84.6926,32.8294],[-84.6944,32.6841],[-84.6945,32.5634],[-84.6706,32.5619],[-84.6947,32.5187],[-84.6789,32.5189],[-84.6379,32.5346]]]},"properties":{"GID_0":"USA","GID_1":"USA.11_1","GID_2":"USA.11.130_1","NAME_1":"Georgia","NAME_2":"Talbot"}},
{"type":"Feature","geometry":{"type":"Polygon","coordinates":[[[-83.0131,33.4691],[-82.9839,33.4477],[-82.8932,33.4381],[-82.8563,33.4435],[-82.8519,33.4435],[-82.8546,33.4463],[-82.8612,33.4558],[-82.8358,33.4981],[-82.8231,33.5158],[-82.767,33.5148],[-82.7461,33.5125],[-82.7244,33.5543],[-82.6802,33.6001],[-82.7468,33.6134],[-82.8052,33.6477],[-82.8361,33.6509],[-82.8742,33.6227],[-82.8797,33.6209],[-82.8852,33.6296],[-82.9491,33.7333],[-82.9921,33.6979],[-82.9822,33.6842],[-82.9508,33.6583],[-82.9971,33.6255],[-83.0015,33.6206],[-82.99,33.6033],[-83.0142,33.5805],[-82.9861,33.52],[-82.9856,33.49],[-83.0131,33.4691]]]},"properties":{"GID_0":"USA","GID_1":"USA.11_1","GID_2":"USA.11.131_1","NAME_1":"Georgia","NAME_2":"Taliaferro"}},
{"type":"Feature","geometry":{"type":"Polygon","coordinates":[[[-82.057,31.8314],[-82.0141,31.8206],[-82.0073,31.8005],[-81.9816,31.7843],[-81.973,31.7842],[-81.9692,31.7896],[-81.9751,31.7888],[-81.956,31.8091],[-81.9405,31.8405],[-81.9231,31.8503],[-81.9124,31.8867],[-81.8923,31.8956],[-81.883,31.9411],[-81.8768,31.963],[-81.8411,32.0023],[-81.828,32.0122],[-81.8193,32.0162],[-81.7615,32.0479],[-81.8891,32.0506],[-81.9806,32.0816],[-82.0257,32.2789],[-82.233,32.3188],[-82.2138,32.2289],[-82.1845,32.1799],[-82.2056,32.077],[-82.2099,32.0232],[-82.2309,31.9135],[-82.2299,31.9121],[-82.2212,31.9134],[-82.1906,31.9004],[-82.1609,31.9043],[-82.1157,31.8894],[-82.1079,31.8647],[-82.057,31.8314]]]},"properties":{"GID_0":"USA","GID_1":"USA.11_1","GID_2":"USA.11.132_1","NAME_1":"Georgia","NAME_2":"Tattnall"}},
{"type":"Feature","geometry":{"type":"Polygon","coordinates":[[[-84.1975,32.6845],[-84.2198,32.7207],[-84.2637,32.7398],[-84.2862,32.7473],[-84.3381,32.7207],[-84.339,32.6788],[-84.3641,32.6794],[-84.3743,32.6378],[-84.4081,32.6105],[-84.4089,32.5618],[-84.4442,32.5618],[-84.4435,32.5185],[-84.4108,32.4852],[-84.4117,32.4442],[-84.382,32.4209],[-84.3821,32.4282],[-84.3631,32.3979],[-84.3229,32.3979],[-84.3236,32.3728],[-84.2546,32.3718],[-84.2539,32.396],[-84.2426,32.4011],[-84.2372,32.4012],[-84.197,32.4016],[-84.1225,32.5058],[-84.1112,32.5141],[-84.0345,32.5135],[-84.0208,32.504],[-84.0149,32.5095],[-84.0021,32.5333],[-84.0131,32.5387],[-84.0235,32.5468],[-84.0648,32.581],[-84.0712,32.6161],[-84.0589,32.6321],[-84.1058,32.6749],[-84.1141,32.684],[-84.1788,32.6783],[-84.1975,32.6845]]]},"properties":{"GID_0":"USA","GID_1":"USA.11_1","GID_2":"USA.11.133_1","NAME_1":"Georgia","NAME_2":"Taylor"}},
{"type":"Feature","geometry":{"type":"Polygon","coordinates":[[[-82.9956,31.7807],[-82.9918,31.782],[-82.9837,31.787],[-82.9686,31.7907],[-82.8625,31.7838],[-82.8549,31.7979],[-82.849,31.7988],[-82.8452,31.8038],[-82.8414,31.8056],[-82.8393,31.8097],[-82.836,31.8106],[-82.8198,31.817],[-82.7901,31.853],[-82.6577,31.9211],[-82.6523,31.9229],[-82.6948,31.9572],[-82.7303,32.0074],[-82.7843,32.0212],[-82.8091,32.05],[-82.8879,32.0802],[-82.9279,32.1354],[-82.9349,32.1536],[-82.9555,32.1354],[-82.942,32.124],[-83.2054,31.9004],[-83.2038,31.8927],[-83.1778,31.853],[-83.1697,31.8403],[-83.1357,31.8139],[-83.1141,31.8116],[-83.0279,31.7784],[-82.9956,31.7807]]]},"properties":{"GID_0":"USA","GID_1":"USA.11_1","GID_2":"USA.11.134_1","NAME_1":"Georgia","NAME_2":"Telfair"}},
{"type":"Feature","geometry":{"type":"Polygon","coordinates":[[[-84.4505,31.6212],[-84.2978,31.6217],[-84.2934,31.7499],[-84.2865,31.791],[-84.2585,31.7909],[-84.2601,31.8274],[-84.2936,31.8598],[-84.3164,31.8687],[-84.3321,31.874],[-84.3423,31.8739],[-84.4438,31.9675],[-84.4452,31.9264],[-84.4532,31.9195],[-84.6,31.9216],[-84.6025,31.8007],[-84.603,31.7719],[-84.5699,31.761],[-84.535,31.6793],[-84.5468,31.6212],[-84.4505,31.6212]]]},"properties":{"GID_0":"USA","GID_1":"USA.11_1","GID_2":"USA.11.135_1","NAME_1":"Georgia","NAME_2":"Terrell"}},
{"type":"Feature","geometry":{"type":"Polygon","coordinates":[[[-83.7437,30.6583],[-83.7391,30.7417],[-83.7401,30.85],[-83.7365,31.0378],[-83.7808,31.0385],[-84.004,31.0417],[-84.0039,31.0773],[-84.1166,31.0781],[-84.1183,30.9689],[-84.0759,30.9122],[-84.0808,30.8404],[-84.0835,30.677],[-83.7437,30.6583]]]},"properties":{"GID_0":"USA","GID_1":"USA.11_1","GID_2":"USA.11.136_1","NAME_1":"Georgia","NAME_2":"Thomas"}},
{"type":"Feature","geometry":{"type":"Polygon","coordinates":[[[-83.3385,31.4763],[-83.3627,31.4849],[-83.382,31.4857],[-83.3848,31.493],[-83.4054,31.5422],[-83.4205,31.5536],[-83.471,31.5561],[-83.5012,31.5701],[-83.5008,31.5939],[-83.6491,31.5963],[-83.6504,31.4845],[-83.6654,31.4848],[-83.6666,31.4342],[-83.6516,31.4338],[-83.654,31.3306],[-83.4606,31.3266],[-83.4446,31.3495],[-83.4302,31.3509],[-83.4297,31.3641],[-83.3709,31.4018],[-83.3696,31.4652],[-83.339,31.4653],[-83.3385,31.4763]]]},"properties":{"GID_0":"USA","GID_1":"USA.11_1","GID_2":"USA.11.137_1","NAME_1":"Georgia","NAME_2":"Tift"}},
{"type":"Feature","geometry":{"type":"Polygon","coordinates":[[[-82.2309,31.9135],[-82.2099,32.0232],[-82.2056,32.077],[-82.1845,32.1799],[-82.2138,32.2289],[-82.233,32.3188],[-82.2798,32.2945],[-82.3547,32.2926],[-82.3588,32.3186],[-82.409,32.354],[-82.4392,32.2958],[-82.4409,32.2179],[-82.4803,31.9929],[-82.4809,31.9701],[-82.4588,31.9636],[-82.4394,31.9676],[-82.4243,31.9643],[-82.3854,31.961],[-82.3554,31.9394],[-82.3155,31.9314],[-82.2852,31.9426],[-82.232,31.9172],[-82.2309,31.9135]]]},"properties":{"GID_0":"USA","GID_1":"USA.11_1","GID_2":"USA.11.138_1","NAME_1":"Georgia","NAME_2":"Toombs"}},
{"type":"Feature","geometry":{"type":"Polygon","coordinates":[[[-83.6522,34.823],[-83.6579,34.8316],[-83.6613,34.8438],[-83.6548,34.8657],[-83.6299,34.9062],[-83.5986,34.9136],[-83.5926,34.9418],[-83.5467,34.9466],[-83.5498,34.9929],[-83.6216,34.9871],[-83.9364,34.9877],[-83.9463,34.9708],[-83.9361,34.9655],[-83.9162,34.9379],[-83.8565,34.9125],[-83.8053,34.897],[-83.8094,34.8601],[-83.7804,34.8186],[-83.7807,34.7927],[-83.7225,34.7976],[-83.6817,34.8006],[-83.6661,34.807],[-83.6572,34.8143],[-83.6522,34.823]]]},"properties":{"GID_0":"USA","GID_1":"USA.11_1","GID_2":"USA.11.139_1","NAME_1":"Georgia","NAME_2":"Towns"}},
{"type":"Feature","geometry":{"type":"Polygon","coordinates":[[[-82.6481,32.5126],[-82.6574,32.5076],[-82.6476,32.4994],[-82.6483,32.4675],[-82.6891,32.4581],[-82.6974,32.4071],[-82.7351,32.3402],[-82.7222,32.3092],[-82.7065,32.2982],[-82.6773,32.2958],[-82.6648,32.2958],[-82.6696,32.3017],[-82.6631,32.3026],[-82.6556,32.2976],[-82.6495,32.3112],[-82.409,32.354],[-82.3957,32.3886],[-82.3898,32.4446],[-82.3952,32.4487],[-82.4982,32.4979],[-82.6481,32.5126]]]},"properties":{"GID_0":"USA","GID_1":"USA.11_1","GID_2":"USA.11.140_1","NAME_1":"Georgia","NAME_2":"Treutlen"}},
{"type":"Feature","geometry":{"type":"Polygon","coordinates":[[[-85.1878,32.871],[-84.8622,32.8686],[-84.8611,32.9611],[-84.8644,32.961],[-84.8629,33.1987],[-84.8624,33.2237],[-84.9392,33.2247],[-85.0882,33.172],[-85.2373,33.1296],[-85.1878,32.871]]]},"properties":{"GID_0":"USA","GID_1":"USA.11_1","GID_2":"USA.11.141_1","NAME_1":"Georgia","NAME_2":"Troup"}},
{"type":"Feature","geometry":{"type":"Polygon","coordinates":[[[-83.4803,31.8471],[-83.5466,31.8477],[-83.5412,31.8532],[-83.6124,31.8542],[-83.6131,31.8041],[-83.7984,31.8002],[-83.7967,31.6232],[-83.7182,31.6219],[-83.6701,31.5953],[-83.6726,31.5756],[-83.6645,31.5656],[-83.6495,31.568],[-83.6491,31.5963],[-83.5008,31.5939],[-83.4993,31.6194],[-83.4907,31.6961],[-83.4595,31.704],[-83.4558,31.7222],[-83.4634,31.7359],[-83.4605,31.7806],[-83.4845,31.8343],[-83.4808,31.8412],[-83.4803,31.8471]]]},"properties":{"GID_0":"USA","GID_1":"USA.11_1","GID_2":"USA.11.142_1","NAME_1":"Georgia","NAME_2":"Turner"}},
{"type":"Feature","geometry":{"type":"Polygon","coordinates":[[[-83.5974,32.6646],[-83.5892,32.6642],[-83.5696,32.6598],[-83.5614,32.6584],[-83.5575,32.6484],[-83.5443,32.6285],[-83.5364,32.5766],[-83.5387,32.5255],[-83.4921,32.4597],[-83.498,32.4524],[-83.4086,32.4956],[-83.2268,32.5844],[-83.2426,32.6081],[-83.4074,32.8982],[-83.5136,32.8449],[-83.4895,32.8241],[-83.5035,32.8008],[-83.5789,32.738],[-83.6107,32.6951],[-83.5974,32.6646]]]},"properties":{"GID_0":"USA","GID_1":"USA.11_1","GID_2":"USA.11.143_1","NAME_1":"Georgia","NAME_2":"Twiggs"}},
{"type":"Feature","geometry":{"type":"Polygon","coordinates":[[[-84.1591,34.6469],[-84.1536,34.652],[-84.1375,34.6553],[-84.1381,34.6612],[-84.127,34.6645],[-84.0721,34.6573],[-84.0373,34.6426],[-84.0248,34.6713],[-83.9942,34.6784],[-83.989,34.708],[-83.9401,34.7411],[-83.8863,34.7265],[-83.8639,34.7262],[-83.8566,34.7222],[-83.8382,34.7296],[-83.8299,34.7401],[-83.8114,34.7861],[-83.7807,34.7927],[-83.7804,34.8186],[-83.8094,34.8601],[-83.8053,34.897],[-83.8565,34.9125],[-83.9162,34.9379],[-83.9361,34.9655],[-83.9463,34.9708],[-83.9364,34.9877],[-84.1306,34.9883],[-84.18,34.9524],[-84.164,34.9371],[-84.1606,34.9276],[-84.134,34.9174],[-84.1146,34.8908],[-84.1327,34.8606],[-84.1432,34.8537],[-84.142,34.8079],[-84.1239,34.7962],[-84.0932,34.802],[-84.1039,34.7283],[-84.1591,34.6469]]]},"properties":{"GID_0":"USA","GID_1":"USA.11_1","GID_2":"USA.11.144_1","NAME_1":"Georgia","NAME_2":"Union"}},
{"type":"Feature","geometry":{"type":"Polygon","coordinates":[[[-84.1241,32.8496],[-84.1222,32.9894],[-84.2896,32.9913],[-84.4904,32.9939],[-84.5217,32.9684],[-84.5342,32.9646],[-84.5186,32.9507],[-84.524,32.9183],[-84.5168,32.9152],[-84.5074,32.8816],[-84.4681,32.8535],[-84.448,32.825],[-84.434,32.8384],[-84.4143,32.8336],[-84.3916,32.7875],[-84.3399,32.7621],[-84.2989,32.7553],[-84.2637,32.7398],[-84.2198,32.7207],[-84.1975,32.6845],[-84.1956,32.7036],[-84.1496,32.8011],[-84.1321,32.8013],[-84.1317,32.85],[-84.1241,32.8496]]]},"properties":{"GID_0":"USA","GID_1":"USA.11_1","GID_2":"USA.11.145_1","NAME_1":"Georgia","NAME_2":"Upson"}},
{"type":"Feature","geometry":{"type":"Polygon","coordinates":[[[-85.5268,34.5885],[-85.323,34.5891],[-85.2051,34.5864],[-85.0571,34.5864],[-85.0525,34.6219],[-85.0523,34.7201],[-85.1697,34.7202],[-85.1453,34.7679],[-85.2026,34.775],[-85.2027,34.8545],[-85.2654,34.8542],[-85.2659,34.985],[-85.3648,34.984],[-85.4336,34.8763],[-85.4507,34.8319],[-85.4512,34.7592],[-85.4912,34.6988],[-85.4914,34.6693],[-85.5346,34.6247],[-85.5268,34.5885]]]},"properties":{"GID_0":"USA","GID_1":"USA.11_1","GID_2":"USA.11.146_1","NAME_1":"Georgia","NAME_2":"Walker"}},
{"type":"Feature","geometry":{"type":"Polygon","coordinates":[[[-83.7992,33.9301],[-83.9089,33.8425],[-83.9822,33.7864],[-83.7588,33.6462],[-83.7345,33.6459],[-83.6918,33.6171],[-83.6994,33.6093],[-83.6806,33.5971],[-83.5484,33.7639],[-83.5259,33.7967],[-83.5171,33.8026],[-83.5058,33.8179],[-83.5089,33.8181],[-83.5311,33.8249],[-83.6306,33.8935],[-83.634,33.9021],[-83.6407,33.9057],[-83.6462,33.9057],[-83.6484,33.9079],[-83.6606,33.9124],[-83.6662,33.916],[-83.7612,33.8949],[-83.7992,33.9301]]]},"properties":{"GID_0":"USA","GID_1":"USA.11_1","GID_2":"USA.11.147_1","NAME_1":"Georgia","NAME_2":"Walton"}},
{"type":"Feature","geometry":{"type":"Polygon","coordinates":[[[-82.2213,30.5687],[-82.2149,30.5682],[-82.15,30.784],[-82.1787,30.7906],[-82.4214,30.7953],[-82.415,30.947],[-82.4155,31.0141],[-82.1317,31.0109],[-82.1633,31.0486],[-82.2078,31.085],[-82.2086,31.1713],[-82.2294,31.1687],[-82.2843,31.1928],[-82.2845,31.2244],[-82.2936,31.2267],[-82.3506,31.2558],[-82.3873,31.2966],[-82.3884,31.3601],[-82.421,31.3785],[-82.4207,31.4169],[-82.4813,31.4172],[-82.4949,31.4684],[-82.6285,31.4689],[-82.63,31.2744],[-82.6545,31.2855],[-82.699,31.2778],[-82.6906,31.2235],[-82.5927,31.019],[-82.5506,31.001],[-82.5204,30.9639],[-82.4906,30.9633],[-82.4957,30.8194],[-82.4356,30.82],[-82.4352,30.7163],[-82.429,30.6902],[-82.4311,30.6125],[-82.4186,30.5813],[-82.2213,30.5687]]]},"properties":{"GID_0":"USA","GID_1":"USA.11_1","GID_2":"USA.11.148_1","NAME_1":"Georgia","NAME_2":"Ware"}},
{"type":"Feature","geometry":{"type":"Polygon","coordinates":[[[-82.4317,33.2752],[-82.3842,33.3123],[-82.3979,33.3142],[-82.4111,33.3234],[-82.451,33.3409],[-82.4983,33.3379],[-82.5361,33.3576],[-82.5533,33.4155],[-82.5845,33.4497],[-82.6526,33.6114],[-82.657,33.6014],[-82.6802,33.6001],[-82.7244,33.5543],[-82.7461,33.5125],[-82.767,33.5148],[-82.8231,33.5158],[-82.8358,33.4981],[-82.8612,33.4558],[-82.8546,33.4463],[-82.8491,33.4412],[-82.8409,33.4312],[-82.8233,33.4262],[-82.8207,33.3748],[-82.8031,33.3657],[-82.7982,33.3552],[-82.7831,33.2683],[-82.7557,33.2536],[-82.7337,33.2559],[-82.6892,33.2717],[-82.6457,33.3016],[-82.5593,33.3272],[-82.4317,33.2752]]]},"properties":{"GID_0":"USA","GID_1":"USA.11_1","GID_2":"USA.11.149_1","NAME_1":"Georgia","NAME_2":"Warren"}},
{"type":"Feature","geometry":{"type":"Polygon","coordinates":[[[-83.0735,32.9464],[-83.0671,32.9348],[-83.0294,32.8593],[-82.978,32.8397],[-82.9709,32.8333],[-82.9606,32.7737],[-82.947,32.7596],[-82.8023,32.8095],[-82.7697,32.7721],[-82.6812,32.7965],[-82.6578,32.7873],[-82.6103,32.7976],[-82.5747,32.8157],[-82.5212,32.8223],[-82.5261,32.8333],[-82.5108,32.9174],[-82.539,32.9476],[-82.5501,33.0196],[-82.5982,33.0334],[-82.6172,33.0535],[-82.6281,33.0649],[-82.658,33.1192],[-82.6591,33.1237],[-82.6618,33.1251],[-82.6623,33.1292],[-82.7072,33.1507],[-82.7296,33.1744],[-82.74,33.1754],[-82.7416,33.1917],[-82.7328,33.2044],[-82.7486,33.2382],[-82.7782,33.2382],[-82.8551,33.1965],[-82.8886,33.1387],[-82.9484,33.1083],[-82.9708,33.1087],[-83.0086,33.0805],[-83.0524,33.0805],[-83.0437,33.0646],[-83.0612,33.0341],[-83.0666,33.0209],[-83.0518,33.004],[-83.0578,32.9749],[-83.072,32.9667],[-83.0698,32.9571],[-83.0704,32.9476],[-83.0735,32.9464]]]},"properties":{"GID_0":"USA","GID_1":"USA.11_1","GID_2":"USA.11.150_1","NAME_1":"Georgia","NAME_2":"Washington"}},
{"type":"Feature","geometry":{"type":"Polygon","coordinates":[[[-82.1326,31.4716],[-82.1191,31.4793],[-82.0731,31.4721],[-82.0539,31.455],[-82.0566,31.4089],[-82.042,31.3778],[-82.0321,31.3662],[-81.923,31.3452],[-81.8012,31.3632],[-81.7606,31.3423],[-81.7249,31.3271],[-81.698,31.3674],[-81.6921,31.4002],[-81.6648,31.3995],[-81.6263,31.4524],[-81.6165,31.4587],[-81.6306,31.483],[-81.6471,31.4947],[-81.6581,31.5098],[-81.6542,31.5189],[-81.6557,31.5226],[-81.6529,31.5299],[-81.6599,31.5281],[-81.6679,31.5342],[-81.6678,31.5378],[-81.6641,31.5387],[-81.6635,31.5414],[-81.673,31.5484],[-81.6971,31.5541],[-81.701,31.5802],[-81.7068,31.5844],[-81.7787,31.6317],[-81.7972,31.6533],[-81.8241,31.6518],[-81.8671,31.691],[-81.8754,31.7126],[-81.9059,31.7247],[-81.9222,31.7605],[-81.9416,31.7593],[-81.9448,31.7607],[-81.953,31.789],[-81.9692,31.7896],[-81.973,31.7842],[-81.9816,31.7843],[-82.0073,31.8005],[-82.0141,31.8206],[-82.057,31.8314],[-82.0851,31.8271],[-82.0871,31.7998],[-82.1331,31.7737],[-82.1332,31.5693],[-82.1477,31.5694],[-82.1478,31.5575],[-82.1328,31.5574],[-82.1326,31.4716]]]},"properties":{"GID_0":"USA","GID_1":"USA.11_1","GID_2":"USA.11.151_1","NAME_1":"Georgia","NAME_2":"Wayne"}},
{"type":"Feature","geometry":{"type":"Polygon","coordinates":[[[-84.6496,32.2327],[-84.6402,32.2251],[-84.6443,32.029],[-84.6541,32.0284],[-84.6553,31.9846],[-84.645,31.9843],[-84.6451,31.9615],[-84.6548,31.9614],[-84.6556,31.9217],[-84.4532,31.9195],[-84.4452,31.9264],[-84.4414,32.0418],[-84.4332,32.0415],[-84.4311,32.1341],[-84.5275,32.1351],[-84.5272,32.1515],[-84.5648,32.1902],[-84.6,32.1911],[-84.6209,32.2332],[-84.6496,32.2327]]]},"properties":{"GID_0":"USA","GID_1":"USA.11_1","GID_2":"USA.11.152_1","NAME_1":"Georgia","NAME_2":"Webster"}},
{"type":"Feature","geometry":{"type":"Polygon","coordinates":[[[-82.9279,32.1354],[-82.8879,32.0802],[-82.8091,32.05],[-82.7843,32.0212],[-82.7303,32.0074],[-82.6948,31.9572],[-82.6523,31.9229],[-82.6432,31.9192],[-82.587,31.9359],[-82.5761,31.9495],[-82.5555,31.9558],[-82.5447,31.9558],[-82.5404,31.9626],[-82.6016,32.0207],[-82.6139,32.0595],[-82.6126,32.0956],[-82.6298,32.133],[-82.614,32.1498],[-82.6327,32.1964],[-82.6256,32.2073],[-82.6482,32.2502],[-82.6426,32.2757],[-82.6497,32.2821],[-82.6518,32.2867],[-82.6631,32.3026],[-82.6696,32.3017],[-82.6648,32.2958],[-82.6773,32.2958],[-82.7065,32.2982],[-82.7222,32.3092],[-82.858,32.1946],[-82.8856,32.1951],[-82.8721,32.1827],[-82.9279,32.1354]]]},"properties":{"GID_0":"USA","GID_1":"USA.11_1","GID_2":"USA.11.153_1","NAME_1":"Georgia","NAME_2":"Wheeler"}},
{"type":"Feature","geometry":{"type":"Polygon","coordinates":[[[-83.6817,34.8006],[-83.7225,34.7976],[-83.7433,34.8011],[-83.8114,34.7861],[-83.8299,34.7401],[-83.8382,34.7296],[-83.8566,34.7222],[-83.8586,34.7045],[-83.871,34.6653],[-83.8721,34.6576],[-83.8719,34.6426],[-83.8752,34.6371],[-83.8642,34.6018],[-83.8642,34.5504],[-83.8427,34.5233],[-83.843,34.5056],[-83.6662,34.5036],[-83.6175,34.5438],[-83.626,34.5606],[-83.6442,34.6014],[-83.6387,34.6164],[-83.6636,34.6549],[-83.6453,34.6691],[-83.624,34.73],[-83.6282,34.7632],[-83.6749,34.7883],[-83.6817,34.8006]]]},"properties":{"GID_0":"USA","GID_1":"USA.11_1","GID_2":"USA.11.154_1","NAME_1":"Georgia","NAME_2":"White"}},
{"type":"Feature","geometry":{"type":"Polygon","coordinates":[[[-85.1453,34.7679],[-85.1697,34.7202],[-85.0523,34.7201],[-85.0523,34.6156],[-84.9278,34.6168],[-84.9286,34.6263],[-84.9158,34.6306],[-84.9305,34.703],[-84.8849,34.7147],[-84.8572,34.751],[-84.8781,34.7802],[-84.8398,34.8635],[-84.8202,34.8661],[-84.8434,34.9188],[-84.8143,34.972],[-84.8108,34.9893],[-84.9803,34.9884],[-84.9973,34.9731],[-84.9981,34.9413],[-85.0244,34.8713],[-85.0622,34.8634],[-85.0628,34.8193],[-85.1322,34.8195],[-85.1453,34.7679]]]},"properties":{"GID_0":"USA","GID_1":"USA.11_1","GID_2":"USA.11.155_1","NAME_1":"Georgia","NAME_2":"Whitfield"}},
{"type":"Feature","geometry":{"type":"Polygon","coordinates":[[[-83.1827,31.8521],[-83.1778,31.853],[-83.2038,31.8927],[-83.2065,31.8949],[-83.206,31.9045],[-83.2195,31.9259],[-83.2374,31.9409],[-83.2623,31.9523],[-83.2845,31.9841],[-83.2915,31.986],[-83.2797,31.991],[-83.3076,32.0903],[-83.313,32.0867],[-83.3249,32.0948],[-83.3314,32.1003],[-83.3558,32.118],[-83.3689,32.1325],[-83.4165,32.1333],[-83.4354,32.1172],[-83.5414,32.1181],[-83.5415,32.1264],[-83.5507,32.1263],[-83.5506,32.1181],[-83.6085,32.1187],[-83.6124,31.8542],[-83.5412,31.8532],[-83.5466,31.8477],[-83.2101,31.8452],[-83.1827,31.8521]]]},"properties":{"GID_0":"USA","GID_1":"USA.11_1","GID_2":"USA.11.156_1","NAME_1":"Georgia","NAME_2":"Wilcox"}},
{"type":"Feature","geometry":{"type":"Polygon","coordinates":[[[-82.78,33.9709],[-82.7945,33.9491],[-82.8471,33.9405],[-82.8737,33.9229],[-82.9258,33.8524],[-82.9462,33.8465],[-82.9872,33.7811],[-82.9596,33.752],[-82.8852,33.6296],[-82.8797,33.6209],[-82.8742,33.6227],[-82.8361,33.6509],[-82.8052,33.6477],[-82.7468,33.6134],[-82.6802,33.6001],[-82.657,33.6014],[-82.6526,33.6114],[-82.6493,33.6087],[-82.6421,33.6114],[-82.6432,33.6182],[-82.5697,33.6452],[-82.5614,33.6438],[-82.5554,33.6429],[-82.5272,33.6451],[-82.5095,33.66],[-82.5045,33.6572],[-82.4996,33.6545],[-82.4864,33.6472],[-82.4804,33.6389],[-82.4776,33.6407],[-82.5104,33.6823],[-82.5772,33.7917],[-82.6067,33.8609],[-82.6465,33.9846],[-82.6559,33.9911],[-82.6996,33.9816],[-82.7467,33.9781],[-82.78,33.9709]]]},"properties":{"GID_0":"USA","GID_1":"USA.11_1","GID_2":"USA.11.157_1","NAME_1":"Georgia","NAME_2":"Wilkes"}},
{"type":"Feature","geometry":{"type":"Polygon","coordinates":[[[-83.3573,32.9261],[-83.4074,32.8982],[-83.2426,32.6081],[-83.2268,32.5844],[-83.0582,32.6662],[-82.9568,32.7081],[-82.9492,32.7281],[-82.9475,32.7555],[-82.947,32.7596],[-82.9606,32.7737],[-82.9709,32.8333],[-82.978,32.8397],[-83.0294,32.8593],[-83.0671,32.9348],[-83.0819,32.9539],[-83.1131,32.973],[-83.1323,33.0072],[-83.1503,33.0062],[-83.3573,32.9261]]]},"properties":{"GID_0":"USA","GID_1":"USA.11_1","GID_2":"USA.11.158_1","NAME_1":"Georgia","NAME_2":"Wilkinson"}},
{"type":"Feature","geometry":{"type":"Polygon","coordinates":[[[-83.654,31.3306],[-83.6516,31.4338],[-83.6666,31.4342],[-83.6654,31.4848],[-83.6504,31.4845],[-83.6495,31.568],[-83.6645,31.5656],[-83.6726,31.5756],[-83.6701,31.5953],[-83.7182,31.6219],[-83.7967,31.6232],[-83.799,31.8011],[-83.8044,31.8047],[-83.8109,31.8055],[-83.8142,31.8105],[-83.8554,31.8367],[-83.9391,31.8474],[-83.9584,31.8349],[-83.9728,31.828],[-84.0096,31.7962],[-84,31.7575],[-84.0258,31.7103],[-84.0184,31.6789],[-84.0123,31.662],[-84.0159,31.652],[-83.9933,31.6499],[-83.9974,31.4632],[-83.999,31.3349],[-83.7135,31.3316],[-83.654,31.3306]]]},"properties":{"GID_0":"USA","GID_1":"USA.11_1","GID_2":"USA.11.159_1","NAME_1":"Georgia","NAME_2":"Worth"}}
]}