{"type":"FeatureCollection", "features": [
{"type":"Feature","geometry":{"type":"MultiPolygon","coordinates":[[[[167.5234,-78.0016],[167.3943,-78.0151],[167.3807,-78.0474],[167.2172,-78.0943],[167.2,-78.1312],[167.1146,-78.1417],[166.9979,-78.1729],[166.7672,-78.2141],[166.762,-78.1922],[166.6714,-78.1786],[166.6042,-78.1562],[166.4729,-78.1417],[166.3479,-78.1396],[166.2479,-78.1104],[166.1068,-78.0953],[165.9901,-78.1005],[166.0005,-78.1412],[166.0932,-78.238],[166.1099,-78.2693],[166.2088,-78.3016],[166.3458,-78.3083],[166.425,-78.2875],[166.5125,-78.2812],[166.6187,-78.2875],[166.7167,-78.2688],[166.8245,-78.2599],[166.8338,-78.2338],[166.9563,-78.2354],[167.1292,-78.2521],[167.325,-78.2521],[167.4792,-78.2438],[167.5599,-78.2161],[167.6568,-78.1338],[167.6495,-78.0984],[167.6089,-78.0703],[167.6141,-78.0443],[167.5766,-78.0088],[167.5234,-78.0016]]],[[[166.7312,-77.1625],[166.5667,-77.1792],[166.4588,-77.2089],[166.4521,-77.2646],[166.4896,-77.2896],[166.5745,-77.3172],[166.5755,-77.3307],[166.6682,-77.3588],[166.5901,-77.388],[166.537,-77.4203],[166.4359,-77.4401],[166.4495,-77.4724],[166.3604,-77.5],[166.2354,-77.5104],[166.1755,-77.5557],[166.2521,-77.5708],[166.3349,-77.5713],[166.3068,-77.5995],[166.4812,-77.6396],[166.5875,-77.6417],[166.7771,-77.6604],[166.8396,-77.6604],[166.9245,-77.6818],[166.8479,-77.6917],[166.6458,-77.7],[166.4708,-77.7021],[166.4646,-77.7125],[166.6479,-77.7125],[166.9042,-77.7021],[166.8276,-77.7484],[166.7464,-77.7797],[166.7453,-77.7932],[166.6568,-77.8068],[166.6255,-77.8359],[166.6797,-77.8578],[166.788,-77.8422],[166.8734,-77.7943],[166.9266,-77.787],[166.9375,-77.7625],[167.0021,-77.7625],[167.1687,-77.7354],[167.225,-77.7083],[167.2896,-77.7042],[167.3417,-77.6708],[167.4292,-77.6708],[167.4797,-77.6422],[167.6708,-77.6271],[167.7917,-77.6438],[168.1708,-77.6521],[168.2458,-77.6813],[168.3771,-77.6833],[168.525,-77.6979],[168.65,-77.6562],[168.7708,-77.6604],[168.8932,-77.637],[168.9766,-77.6099],[168.9901,-77.5859],[169.1,-77.5771],[169.1875,-77.5604],[169.25,-77.5375],[169.362,-77.5245],[169.3599,-77.4901],[169.3078,-77.4609],[169.2125,-77.4396],[169.0229,-77.4271],[168.9854,-77.4167],[168.7813,-77.4146],[168.6625,-77.4062],[168.6271,-77.3917],[168.45,-77.3688],[168.3562,-77.3646],[168.0938,-77.375],[168.0021,-77.4021],[167.7271,-77.4187],[167.6792,-77.4104],[167.4854,-77.4083],[167.3125,-77.3812],[167.125,-77.3417],[167.0755,-77.3224],[167.1245,-77.2807],[167.037,-77.2005],[166.9271,-77.1687],[166.7312,-77.1625]]],[[[162.9745,-75.5661],[162.9167,-75.5583],[162.8521,-75.5792],[162.7875,-75.5708],[162.7172,-75.5901],[162.7141,-75.6099],[162.5755,-75.6641],[162.6396,-75.6875],[162.7188,-75.7],[162.8229,-75.6937],[162.8443,-75.6651],[162.8932,-75.6495],[162.8734,-75.6349],[162.9745,-75.5661]]],[[[162.6037,-75.4286],[162.5193,-75.4297],[162.4839,-75.4578],[162.5437,-75.4875],[162.6162,-75.4578],[162.6037,-75.4286]]],[[[163.6463,-74.8474],[163.5964,-74.8932],[163.675,-74.9104],[163.687,-74.863],[163.6463,-74.8474]]],[[[164.3005,-74.5536],[164.2625,-74.5521],[164.025,-74.5979],[163.9109,-74.638],[163.8005,-74.688],[163.8099,-74.7037],[163.6943,-74.7193],[163.7297,-74.7849],[163.8208,-74.8333],[163.8896,-74.8125],[163.9818,-74.8391],[164.037,-74.8026],[163.9318,-74.7786],[164.0766,-74.7578],[164.1141,-74.7255],[164.0911,-74.7068],[164.0318,-74.6953],[164.0682,-74.6641],[164.0422,-74.6318],[164.1208,-74.6271],[164.1708,-74.6354],[164.2359,-74.6266],[164.2547,-74.5776],[164.3005,-74.5536]]],[[[-57.2729,-63.2208],[-57.2917,-63.2146],[-57.35,-63.225],[-57.3875,-63.2229],[-57.4557,-63.238],[-57.4797,-63.2536],[-57.5333,-63.2687],[-57.6083,-63.2687],[-57.6479,-63.2792],[-57.7307,-63.288],[-57.7708,-63.3083],[-57.8458,-63.3063],[-57.8953,-63.3193],[-57.9068,-63.3536],[-57.9474,-63.3609],[-57.9484,-63.3807],[-58.0141,-63.3922],[-58.0396,-63.4167],[-58.0979,-63.4125],[-58.1193,-63.3818],[-58.1604,-63.3792],[-58.1911,-63.3943],[-58.1667,-63.4167],[-58.1151,-63.4307],[-58.1474,-63.4505],[-58.1443,-63.4661],[-58.2438,-63.45],[-58.2875,-63.4562],[-58.4146,-63.4562],[-58.4625,-63.4708],[-58.5125,-63.475],[-58.5521,-63.4917],[-58.6854,-63.4979],[-58.7062,-63.5125],[-58.7958,-63.5125],[-58.8479,-63.5333],[-58.9437,-63.5458],[-58.9432,-63.6141],[-58.9172,-63.6599],[-58.9422,-63.6745],[-59.0062,-63.6667],[-59.0703,-63.6943],[-59.0958,-63.7187],[-59.1474,-63.7099],[-59.2021,-63.675],[-59.3625,-63.7083],[-59.3995,-63.7234],[-59.3505,-63.7339],[-59.3234,-63.7891],[-59.3589,-63.8089],[-59.3979,-63.8104],[-59.4297,-63.8359],[-59.4266,-63.8536],[-59.3818,-63.8672],[-59.412,-63.8839],[-59.4089,-63.9016],[-59.4599,-63.912],[-59.463,-63.888],[-59.512,-63.8797],[-59.5604,-63.8937],[-59.6188,-63.8667],[-59.7089,-63.8609],[-59.7729,-63.8646],[-59.7953,-63.8516],[-59.7672,-63.8224],[-59.7568,-63.7943],[-59.7854,-63.7729],[-59.8458,-63.7729],[-59.838,-63.7911],[-59.8661,-63.8109],[-59.8255,-63.8339],[-59.8437,-63.8646],[-59.8875,-63.85],[-59.95,-63.8479],[-59.9297,-63.8766],[-59.9417,-63.9042],[-59.9786,-63.9172],[-59.9401,-63.9339],[-59.9479,-63.9542],[-60.0208,-63.95],[-60.0937,-63.925],[-60.2104,-63.9188],[-60.2547,-63.9245],[-60.3146,-63.9125],[-60.3339,-63.9286],[-60.4479,-63.9542],[-60.4755,-63.9724],[-60.5479,-63.9854],[-60.6208,-64.0104],[-60.7266,-64.0088],[-60.7182,-64.0422],[-60.7609,-64.0672],[-60.8292,-64.075],[-60.8792,-64.0458],[-60.9953,-64.0463],[-60.9917,-64.0604],[-61.0245,-64.0787],[-60.913,-64.1068],[-60.8911,-64.1391],[-60.838,-64.1484],[-60.8604,-64.1667],[-60.9641,-64.1609],[-60.9089,-64.2057],[-61.0016,-64.2151],[-60.9792,-64.2396],[-60.9234,-64.2547],[-60.938,-64.2911],[-60.9917,-64.3042],[-61.0563,-64.2958],[-61.0995,-64.3005],[-61.1089,-64.3287],[-61.1349,-64.3484],[-61.1042,-64.3958],[-61.2062,-64.3917],[-61.2932,-64.4047],[-61.2922,-64.4286],[-61.3333,-64.4333],[-61.3464,-64.4089],[-61.425,-64.3958],[-61.4,-64.3729],[-61.4396,-64.3604],[-61.4766,-64.3953],[-61.5578,-64.4193],[-61.5745,-64.4661],[-61.5271,-64.4896],[-61.4437,-64.4667],[-61.4604,-64.5354],[-61.5755,-64.5245],[-61.612,-64.5359],[-61.6099,-64.5682],[-61.5526,-64.5818],[-61.5333,-64.6042],[-61.4922,-64.6141],[-61.5432,-64.6318],[-61.5422,-64.6474],[-61.5917,-64.6667],[-61.6271,-64.6667],[-61.6641,-64.6474],[-61.6568,-64.6172],[-61.7099,-64.6141],[-61.7026,-64.5891],[-61.7234,-64.5568],[-61.7682,-64.5328],[-61.7755,-64.4922],[-61.8411,-64.5203],[-61.8109,-64.5359],[-61.8245,-64.5682],[-61.8047,-64.5849],[-61.8688,-64.5937],[-61.9188,-64.5708],[-61.9724,-64.6099],[-61.9146,-64.6375],[-61.9318,-64.6651],[-61.9776,-64.6953],[-62.0401,-64.7026],[-62.1167,-64.6979],[-62.1266,-64.7495],[-62.1625,-64.7333],[-62.2245,-64.7401],[-62.2396,-64.7708],[-62.3703,-64.7536],[-62.3766,-64.7109],[-62.3109,-64.6786],[-62.3109,-64.6526],[-62.4089,-64.6401],[-62.4516,-64.6182],[-62.4193,-64.6057],[-62.4479,-64.5875],[-62.5104,-64.6021],[-62.475,-64.6312],[-62.5229,-64.6458],[-62.5641,-64.6318],[-62.5729,-64.6708],[-62.538,-64.7047],[-62.5318,-64.7411],[-62.5521,-64.7583],[-62.6021,-64.7646],[-62.6562,-64.7583],[-62.6958,-64.7667],[-62.5984,-64.8089],[-62.5932,-64.8203],[-62.5297,-64.8359],[-62.5125,-64.85],[-62.3901,-64.8745],[-62.5,-64.8896],[-62.5312,-64.8812],[-62.5568,-64.912],[-62.5937,-64.9104],[-62.6755,-64.8505],[-62.7708,-64.8104],[-62.8125,-64.8063],[-62.8516,-64.8255],[-62.8328,-64.8536],[-62.8422,-64.9109],[-62.8833,-64.9187],[-63.0193,-64.913],[-63.0646,-64.9042],[-63.0911,-64.9151],[-63.0937,-64.9396],[-63.1625,-64.9417],[-63.2521,-64.9625],[-63.1453,-65.0266],[-63.0792,-65.0375],[-63.0062,-65.0208],[-62.9922,-65.0349],[-63.0354,-65.0521],[-62.9839,-65.063],[-63.0266,-65.0807],[-63.0021,-65.0917],[-62.9818,-65.1224],[-63.0661,-65.1297],[-63.0714,-65.162],[-63.1245,-65.162],[-63.1151,-65.1422],[-63.1813,-65.15],[-63.2349,-65.1453],[-63.2104,-65.125],[-63.2495,-65.1161],[-63.2313,-65.0854],[-63.3271,-65.0833],[-63.3604,-65.1146],[-63.4,-65.1146],[-63.4276,-65.0964],[-63.5146,-65.0958],[-63.5495,-65.0797],[-63.5979,-65.075],[-63.6229,-65.0854],[-63.6891,-65.0641],[-63.6932,-65.0401],[-63.7682,-65.0526],[-63.7589,-65.0245],[-63.7854,-65.0208],[-63.85,-65.0396],[-63.9266,-65.0693],[-63.887,-65.0755],[-63.9042,-65.0958],[-63.9646,-65.0917],[-63.9854,-65.1167],[-63.938,-65.1234],[-63.9708,-65.1479],[-64.0354,-65.1396],[-64.0828,-65.1672],[-64.0646,-65.2125],[-64.0807,-65.2495],[-64.0276,-65.2745],[-64.0854,-65.2792],[-64.0536,-65.3203],[-63.9797,-65.3568],[-63.9859,-65.3807],[-64.0411,-65.3859],[-64.0724,-65.4245],[-64.0088,-65.4339],[-63.9536,-65.4599],[-63.8917,-65.4708],[-63.8708,-65.4604],[-63.8187,-65.4646],[-63.8063,-65.4854],[-63.7583,-65.4979],[-63.6958,-65.5021],[-63.6797,-65.5224],[-63.8042,-65.5292],[-63.8307,-65.5401],[-63.788,-65.5755],[-63.788,-65.6016],[-63.8312,-65.6125],[-63.8917,-65.6083],[-63.9729,-65.5604],[-63.987,-65.5255],[-64.0083,-65.5167],[-64.0604,-65.5271],[-64.1083,-65.5125],[-64.1828,-65.5214],[-64.2286,-65.5422],[-64.1443,-65.5713],[-64.1005,-65.6068],[-64.1292,-65.6229],[-64.0682,-65.6682],[-64.0521,-65.6958],[-64.1188,-65.6979],[-64.1583,-65.6792],[-64.2203,-65.6745],[-64.2193,-65.6505],[-64.275,-65.6333],[-64.4333,-65.6375],[-64.4766,-65.6453],[-64.3443,-65.7089],[-64.3401,-65.7266],[-64.3807,-65.7401],[-64.3484,-65.7734],[-64.3547,-65.8016],[-64.3938,-65.8104],[-64.4313,-65.7917],[-64.4875,-65.7771],[-64.5583,-65.7688],[-64.6354,-65.7333],[-64.6641,-65.7359],[-64.6724,-65.7766],[-64.6526,-65.7839],[-64.6651,-65.8182],[-64.6974,-65.8391],[-64.6391,-65.8807],[-64.6125,-65.8896],[-64.538,-65.8818],[-64.5443,-65.8995],[-64.4714,-65.9484],[-64.5078,-65.9786],[-64.5062,-66.0062],[-64.5583,-65.9979],[-64.5917,-66.0354],[-64.7016,-66.0391],[-64.7068,-66.0151],[-64.7599,-66.0057],[-64.7667,-65.9896],[-64.8203,-65.9703],[-64.813,-65.9443],[-64.8604,-65.9313],[-64.9479,-65.925],[-65.012,-65.9422],[-65.0312,-65.9646],[-65.1396,-65.9583],[-65.2937,-65.9646],[-65.3354,-66.0083],[-65.3287,-66.0474],[-65.2443,-66.0609],[-65.2307,-66.0911],[-65.1479,-66.1104],[-65.0943,-66.1557],[-65.1438,-66.1833],[-65.275,-66.1521],[-65.3521,-66.1458],[-65.4729,-66.1562],[-65.4932,-66.1422],[-65.4714,-66.1255],[-65.5417,-66.1229],[-65.5833,-66.1],[-65.6245,-66.1109],[-65.6151,-66.1266],[-65.6484,-66.1432],[-65.7203,-66.1443],[-65.6464,-66.1734],[-65.6167,-66.1979],[-65.6521,-66.2125],[-65.6776,-66.2516],[-65.7266,-66.2734],[-65.7917,-66.2729],[-65.8604,-66.3063],[-65.862,-66.3224],[-65.7979,-66.3271],[-65.6729,-66.3208],[-65.6458,-66.3375],[-65.6453,-66.3766],[-65.5958,-66.3729],[-65.5443,-66.4026],[-65.6062,-66.4208],[-65.6646,-66.4208],[-65.6338,-66.4463],[-65.6526,-66.4724],[-65.7057,-66.4859],[-65.7182,-66.5078],[-65.6604,-66.5146],[-65.7245,-66.5422],[-65.7224,-66.5787],[-65.6776,-66.5818],[-65.7042,-66.6083],[-65.75,-66.5958],[-65.7745,-66.612],[-65.7453,-66.6245],[-65.675,-66.6312],[-65.6484,-66.6464],[-65.6526,-66.6703],[-65.713,-66.6974],[-65.7875,-66.7208],[-65.8193,-66.6943],[-65.9682,-66.6807],[-65.9505,-66.6547],[-65.9896,-66.6312],[-66.0625,-66.6229],[-66.063,-66.6005],[-66.1146,-66.5896],[-66.2104,-66.5896],[-66.25,-66.5792],[-66.3417,-66.5875],[-66.3688,-66.6062],[-66.4953,-66.6214],[-66.5411,-66.6422],[-66.5563,-66.6687],[-66.538,-66.6859],[-66.5255,-66.7276],[-66.5312,-66.7708],[-66.5703,-66.7859],[-66.5255,-66.7995],[-66.5203,-66.8287],[-66.4234,-66.8547],[-66.4417,-66.9062],[-66.4896,-66.9146],[-66.5286,-66.938],[-66.538,-66.9578],[-66.5953,-66.9859],[-66.6042,-67.0479],[-66.5396,-67.0437],[-66.5036,-67.0682],[-66.4542,-67.0771],[-66.4484,-67.0932],[-66.5203,-67.1109],[-66.5099,-67.1349],[-66.4714,-67.1526],[-66.4437,-67.1854],[-66.4625,-67.2562],[-66.4463,-67.313],[-66.4734,-67.3432],[-66.538,-67.3401],[-66.5557,-67.2974],[-66.5484,-67.2818],[-66.6047,-67.2359],[-66.6682,-67.2161],[-66.7286,-67.2193],[-66.7464,-67.2536],[-66.7974,-67.263],[-66.763,-67.2818],[-66.7734,-67.3099],[-66.8318,-67.3005],[-66.9026,-67.2734],[-66.9458,-67.2896],[-66.987,-67.2672],[-66.9547,-67.2411],[-66.9474,-67.2068],[-66.888,-67.1766],[-66.937,-67.1557],[-66.9432,-67.0797],[-66.9,-67.0708],[-66.9068,-67.0234],[-66.9307,-66.9901],[-66.9026,-66.9786],[-66.913,-66.9463],[-67.0437,-66.9187],[-67.1161,-66.9318],[-67.1229,-66.9583],[-67.0891,-67.0005],[-67.1208,-67.0188],[-67.1599,-67.0141],[-67.2266,-66.9693],[-67.2255,-67.0432],[-67.2495,-67.0547],[-67.2505,-67.087],[-67.2932,-67.088],[-67.3208,-67.1062],[-67.3588,-67.0859],[-67.4021,-67.0813],[-67.4693,-67.0589],[-67.4818,-67.087],[-67.5078,-67.0922],[-67.5359,-67.1391],[-67.5807,-67.1526],[-67.5813,-67.175],[-67.5375,-67.1875],[-67.4542,-67.1813],[-67.4505,-67.1932],[-67.4974,-67.213],[-67.5005,-67.2266],[-67.5474,-67.2422],[-67.5828,-67.2797],[-67.5557,-67.3057],[-67.4755,-67.3318],[-67.5682,-67.3818],[-67.5755,-67.4141],[-67.6391,-67.4526],[-67.6568,-67.4786],[-67.5813,-67.4771],[-67.5193,-67.4984],[-67.5953,-67.5255],[-67.6161,-67.5432],[-67.5625,-67.5563],[-67.3708,-67.5354],[-67.2583,-67.5083],[-67.1542,-67.4938],[-67.1208,-67.4771],[-67.0396,-67.4833],[-66.9708,-67.4667],[-66.9026,-67.487],[-66.7979,-67.4979],[-66.7307,-67.5328],[-66.6042,-67.5417],[-66.5495,-67.5026],[-66.5208,-67.5021],[-66.4984,-67.5453],[-66.5536,-67.5734],[-66.5318,-67.5943],[-66.5479,-67.6167],[-66.6625,-67.5896],[-66.7396,-67.5833],[-66.8391,-67.6068],[-66.8672,-67.637],[-66.9141,-67.6526],[-66.9641,-67.6818],[-66.95,-67.7063],[-66.8667,-67.6958],[-66.7667,-67.7021],[-66.8182,-67.7214],[-66.9458,-67.7438],[-67.025,-67.7417],[-67.0547,-67.7682],[-67.0104,-67.7729],[-66.9021,-67.7667],[-66.8562,-67.775],[-66.7708,-67.775],[-66.7833,-67.8083],[-66.8953,-67.8234],[-66.8187,-67.8812],[-66.8625,-67.9187],[-66.9979,-67.9208],[-67.1625,-67.9375],[-67.25,-67.9563],[-67.2662,-67.9703],[-67.1875,-67.9833],[-67.1479,-68.0229],[-67.0651,-68.0359],[-67.0964,-68.0745],[-67.1338,-68.088],[-67.0911,-68.1286],[-67.0109,-68.1609],[-66.9938,-68.1792],[-66.9276,-68.1963],[-66.9437,-68.2229],[-66.875,-68.2292],[-66.8224,-68.2005],[-66.7438,-68.1854],[-66.6589,-68.1984],[-66.6599,-68.2307],[-66.6255,-68.2474],[-66.7099,-68.2734],[-66.7542,-68.3167],[-66.8437,-68.3063],[-66.9229,-68.3063],[-67.0146,-68.2875],[-67.1208,-68.2833],[-67.1599,-68.3266],[-67.1229,-68.3458],[-66.925,-68.3417],[-66.8859,-68.3547],[-66.962,-68.3672],[-66.9599,-68.387],[-66.8875,-68.4062],[-66.9474,-68.4255],[-66.9505,-68.462],[-66.9854,-68.4792],[-67.0917,-68.4708],[-67.1745,-68.4964],[-67.1854,-68.5167],[-67.1453,-68.562],[-67.1026,-68.5755],[-67.0745,-68.5995],[-67.0088,-68.613],[-66.9964,-68.6328],[-67.0083,-68.6792],[-66.9901,-68.6963],[-67.0016,-68.7203],[-66.9609,-68.738],[-67.0005,-68.7849],[-67.0771,-68.7812],[-67.1625,-68.8021],[-67.1875,-68.7917],[-67.2646,-68.7896],[-67.3146,-68.7958],[-67.3854,-68.7896],[-67.4828,-68.8234],[-67.4578,-68.862],[-67.4213,-68.8755],[-67.3786,-68.912],[-67.2583,-68.9458],[-67.0458,-68.9583],[-67.0146,-68.9667],[-66.925,-68.9646],[-66.838,-68.9714],[-66.8437,-68.9979],[-66.9474,-69.0339],[-66.8625,-69.0312],[-66.7979,-69.0375],[-66.7557,-69.0641],[-66.8354,-69.0937],[-66.8792,-69.0937],[-66.962,-69.1182],[-66.838,-69.1797],[-66.8786,-69.2026],[-66.8693,-69.2307],[-66.9208,-69.2312],[-67.0021,-69.2604],[-67.2167,-69.2604],[-67.2786,-69.288],[-67.2833,-69.3667],[-67.3536,-69.3891],[-67.3224,-69.4245],[-67.2672,-69.4401],[-67.3755,-69.5078],[-67.4208,-69.5062],[-67.4833,-69.4875],[-67.4776,-69.463],[-67.6333,-69.4042],[-67.6646,-69.4042],[-67.7271,-69.3812],[-67.8688,-69.3604],[-67.9333,-69.3792],[-68.0146,-69.3625],[-68.0047,-69.3318],[-68.0792,-69.3333],[-68.1083,-69.3146],[-68.175,-69.3187],[-68.1943,-69.2984],[-68.25,-69.2812],[-68.2937,-69.2812],[-68.3411,-69.2984],[-68.3474,-69.3182],[-68.2714,-69.3484],[-68.2922,-69.3995],[-68.3521,-69.4062],[-68.4234,-69.3838],[-68.5563,-69.3792],[-68.5792,-69.3854],[-68.7187,-69.3854],[-68.7625,-69.4],[-68.837,-69.4005],[-68.8349,-69.4266],[-68.7547,-69.4505],[-68.7396,-69.4812],[-68.6818,-69.4984],[-68.6521,-69.5208],[-68.613,-69.5214],[-68.5875,-69.5521],[-68.5807,-69.5849],[-68.5104,-69.5979],[-68.5016,-69.6349],[-68.4375,-69.6458],[-68.3588,-69.6693],[-68.3417,-69.6875],[-68.3443,-69.7328],[-68.4141,-69.763],[-68.388,-69.7693],[-68.3896,-69.8271],[-68.3693,-69.8568],[-68.3838,-69.8786],[-68.4437,-69.8833],[-68.4891,-69.9026],[-68.4911,-69.9286],[-68.4609,-69.9422],[-68.4786,-69.9755],[-68.4911,-70.0474],[-68.4266,-70.0891],[-68.3521,-70.0958],[-68.2963,-70.1151],[-68.287,-70.1578],[-68.213,-70.1911],[-68.237,-70.2068],[-68.2182,-70.2245],[-68.1438,-70.2479],[-68.0463,-70.2609],[-68.0208,-70.2833],[-67.9667,-70.2979],[-67.9078,-70.3786],[-67.8776,-70.3984],[-67.8938,-70.4271],[-67.8547,-70.4755],[-67.8682,-70.4995],[-67.7859,-70.5297],[-67.7193,-70.588],[-67.6734,-70.638],[-67.6807,-70.7172],[-67.6974,-70.7641],[-67.6172,-70.8005],[-67.6568,-70.8089],[-67.6432,-70.8641],[-67.6047,-70.8734],[-67.5682,-70.9036],[-67.5276,-70.913],[-67.5224,-70.9537],[-67.413,-70.988],[-67.4328,-71.0474],[-67.4005,-71.0609],[-67.5078,-71.0922],[-67.5391,-71.1266],[-67.4859,-71.1401],[-67.4422,-71.1776],[-67.4667,-71.1917],[-67.5453,-71.2016],[-67.4979,-71.2187],[-67.4443,-71.2234],[-67.4964,-71.2786],[-67.5328,-71.288],[-67.5526,-71.3266],[-67.625,-71.3646],[-67.6312,-71.4146],[-67.5964,-71.463],[-67.5245,-71.5162],[-67.488,-71.5234],[-67.5057,-71.5745],[-67.4537,-71.6099],[-67.3755,-71.6297],[-67.2479,-71.6875],[-67.1214,-71.7338],[-67.1042,-71.7542],[-67.1625,-71.7604],[-67.1286,-71.812],[-67.0463,-71.8401],[-66.9792,-71.8854],[-66.8693,-71.9026],[-66.8849,-71.9318],[-66.8542,-71.9479],[-66.8,-71.95],[-66.7734,-71.9786],[-66.7891,-72.0453],[-66.7297,-72.0849],[-66.7547,-72.137],[-66.7839,-72.162],[-66.8974,-72.2109],[-66.9453,-72.2495],[-66.8755,-72.2786],[-66.9786,-72.3026],[-66.9672,-72.3453],[-67.0807,-72.3922],[-67.0818,-72.4078],[-67.1495,-72.4276],[-67.1786,-72.4463],[-67.2328,-72.513],[-67.2375,-72.5604],[-67.2151,-72.5932],[-67.2943,-72.6328],[-67.3292,-72.6354],[-67.4036,-72.6776],[-67.438,-72.7099],[-67.5057,-72.738],[-67.5453,-72.7849],[-67.5088,-72.8276],[-67.5312,-72.8458],[-67.5917,-72.8437],[-67.6088,-72.8641],[-67.675,-72.8771],[-67.7396,-72.85],[-67.8083,-72.8562],[-67.8807,-72.8859],[-67.9125,-72.9229],[-68.0958,-72.9417],[-68.1896,-72.9687],[-68.2708,-72.9833],[-68.3729,-73.0104],[-68.4375,-73.0146],[-68.5792,-73.0646],[-68.65,-73.0687],[-68.6479,-73.0875],[-68.7875,-73.1104],[-68.8562,-73.1125],[-68.9208,-73.1],[-69.0167,-73.1146],[-69.3208,-73.1813],[-69.5396,-73.1792],[-69.6792,-73.1958],[-69.7812,-73.2167],[-69.8917,-73.2146],[-69.9958,-73.2375],[-70.0563,-73.2354],[-70.1438,-73.25],[-70.1958,-73.2708],[-70.2979,-73.2958],[-70.4161,-73.2901],[-70.4068,-73.2734],[-70.5417,-73.275],[-70.6542,-73.2625],[-70.8208,-73.2521],[-70.9187,-73.2521],[-71.1875,-73.2854],[-71.2771,-73.3187],[-71.3375,-73.3271],[-71.4583,-73.3625],[-71.5437,-73.3583],[-71.6521,-73.3625],[-71.7,-73.3521],[-71.7854,-73.3542],[-71.85,-73.3812],[-71.9479,-73.3729],[-72.2542,-73.3896],[-72.3521,-73.4208],[-72.4078,-73.4276],[-72.3547,-73.4547],[-72.375,-73.4708],[-72.5333,-73.4604],[-72.5813,-73.4729],[-72.65,-73.4729],[-72.8229,-73.4417],[-72.9375,-73.4437],[-72.9896,-73.4521],[-73.0771,-73.4437],[-73.1521,-73.4646],[-73.2037,-73.5297],[-73.2021,-73.5542],[-73.3313,-73.5729],[-73.4187,-73.5542],[-73.438,-73.5745],[-73.4917,-73.5771],[-73.5349,-73.6109],[-73.5234,-73.6245],[-73.6057,-73.6349],[-73.5922,-73.6088],[-73.6891,-73.5839],[-73.7276,-73.6286],[-73.8557,-73.6682],[-74.0188,-73.7354],[-74.0911,-73.7286],[-74.0875,-73.7104],[-74.1896,-73.6896],[-74.2187,-73.6729],[-74.4229,-73.6729],[-74.5354,-73.7312],[-74.6766,-73.7411],[-74.713,-73.7068],[-74.7958,-73.6646],[-74.9,-73.6396],[-75.0062,-73.6417],[-75.1479,-73.6333],[-75.2,-73.6208],[-75.3187,-73.625],[-75.3828,-73.638],[-75.5026,-73.7099],[-75.625,-73.7167],[-75.7354,-73.7125],[-75.8167,-73.7333],[-75.8708,-73.7271],[-75.9479,-73.7333],[-75.9516,-73.7516],[-76.1167,-73.7688],[-76.2312,-73.7875],[-76.2547,-73.8161],[-76.3167,-73.8208],[-76.3875,-73.8125],[-76.5125,-73.8167],[-76.5792,-73.7875],[-76.7562,-73.7812],[-76.8646,-73.8125],[-76.8917,-73.8125],[-77.0109,-73.8682],[-77.0708,-73.8875],[-77.1182,-73.8849],[-77.1438,-73.8479],[-77.2391,-73.8161],[-77.1849,-73.7839],[-77.0505,-73.7411],[-76.9859,-73.7078],[-76.9286,-73.6589],[-76.7255,-73.5974],[-76.6943,-73.5661],[-76.7026,-73.5297],[-76.7672,-73.4922],[-76.8458,-73.4646],[-76.9479,-73.4542],[-76.9938,-73.4625],[-77.0875,-73.4625],[-77.1401,-73.4911],[-77.2583,-73.5167],[-77.3333,-73.5104],[-77.4187,-73.475],[-77.5583,-73.4708],[-77.6208,-73.4875],[-77.7354,-73.5],[-77.8167,-73.5208],[-77.9208,-73.5167],[-78.0458,-73.5292],[-78.2271,-73.5604],[-78.3542,-73.55],[-78.4062,-73.5687],[-78.5021,-73.5563],[-78.6146,-73.5896],[-78.6729,-73.5917],[-78.7479,-73.6104],[-78.8604,-73.6083],[-78.8745,-73.5672],[-78.838,-73.5463],[-78.8703,-73.5307],[-78.8667,-73.5083],[-78.8255,-73.4974],[-78.7234,-73.3995],[-78.7422,-73.3568],[-78.925,-73.2896],[-79.0229,-73.2854],[-79.1974,-73.2328],[-79.2068,-73.2078],[-79.3104,-73.1625],[-79.3891,-73.1474],[-79.4984,-73.0964],[-79.5333,-73.0917],[-79.612,-73.0578],[-79.6088,-73.0484],[-79.7375,-73.0208],[-79.8875,-73.0083],[-79.9333,-72.9979],[-80.0292,-73],[-80.1146,-72.9875],[-80.2146,-72.9646],[-80.3792,-72.9479],[-80.5396,-72.9542],[-80.6307,-72.9818],[-80.6724,-73.0297],[-80.6557,-73.0766],[-80.6292,-73.0979],[-80.538,-73.1151],[-80.5141,-73.1557],[-80.4755,-73.1651],[-80.3943,-73.212],[-80.412,-73.2276],[-80.3609,-73.2443],[-80.3703,-73.2662],[-80.3318,-73.3047],[-80.3703,-73.3266],[-80.3151,-73.3505],[-80.3187,-73.3708],[-80.2021,-73.3958],[-80.2104,-73.4167],[-80.2688,-73.4229],[-80.3917,-73.4187],[-80.5583,-73.3583],[-80.6125,-73.3313],[-80.6833,-73.3292],[-80.737,-73.312],[-80.7464,-73.288],[-80.8313,-73.2604],[-81.0146,-73.2396],[-81.1979,-73.2438],[-81.3078,-73.2734],[-81.3536,-73.2984],[-81.3557,-73.3245],[-81.2974,-73.3474],[-81.3016,-73.3901],[-81.3474,-73.4276],[-81.3234,-73.4432],[-81.3432,-73.4766],[-81.2651,-73.5234],[-81.0776,-73.5839],[-81.1432,-73.6203],[-81.1297,-73.6557],[-81.1745,-73.6745],[-81.1818,-73.7078],[-81.2391,-73.7234],[-81.238,-73.7391],[-81.3167,-73.7542],[-81.4333,-73.7583],[-81.675,-73.8229],[-81.7854,-73.8271],[-81.9245,-73.8193],[-81.938,-73.8411],[-82.0068,-73.8745],[-82.0833,-73.8917],[-82.1375,-73.8917],[-82.1833,-73.875],[-82.2974,-73.8578],[-82.3292,-73.8292],[-82.4208,-73.8187],[-82.525,-73.7896],[-82.6562,-73.7729],[-82.7182,-73.7516],[-82.8083,-73.7375],[-82.9354,-73.7063],[-83.1375,-73.7146],[-83.3083,-73.7063],[-83.3729,-73.6896],[-83.4979,-73.6917],[-83.5432,-73.7037],[-83.5057,-73.7286],[-83.5807,-73.7338],[-83.6292,-73.7521],[-83.7187,-73.7417],[-83.7917,-73.7417],[-83.8349,-73.7089],[-83.7688,-73.6937],[-83.8974,-73.6797],[-83.8375,-73.6396],[-83.775,-73.6417],[-83.7505,-73.6234],[-83.7521,-73.5604],[-83.8896,-73.5646],[-83.9396,-73.5479],[-84.0292,-73.5667],[-84.225,-73.5563],[-84.2812,-73.5479],[-84.3792,-73.5687],[-84.525,-73.5687],[-84.6604,-73.5521],[-84.8354,-73.5417],[-84.8896,-73.5188],[-85.0979,-73.4917],[-85.1422,-73.463],[-85.2542,-73.4437],[-85.2542,-73.4292],[-85.3313,-73.4167],[-85.3792,-73.3958],[-85.4213,-73.412],[-85.5453,-73.3776],[-85.5047,-73.3557],[-85.5667,-73.3521],[-85.5995,-73.3224],[-85.5797,-73.2891],[-85.6641,-73.263],[-85.6401,-73.2464],[-85.662,-73.2234],[-85.5859,-73.2005],[-85.6708,-73.1687],[-85.9146,-73.1813],[-86.012,-73.2109],[-86.0646,-73.2458],[-86.2208,-73.2771],[-86.275,-73.2771],[-86.3396,-73.2562],[-86.3995,-73.2797],[-86.3964,-73.2974],[-86.4557,-73.3172],[-86.4401,-73.3391],[-86.6021,-73.35],[-86.6875,-73.3771],[-86.7396,-73.3708],[-86.8875,-73.375],[-86.9958,-73.3854],[-87.0667,-73.3562],[-87.1307,-73.3526],[-87.1005,-73.3203],[-87.1312,-73.2833],[-87.2417,-73.2708],[-87.3104,-73.2729],[-87.3912,-73.2495],[-87.3896,-73.225],[-87.3318,-73.212],[-87.3495,-73.1859],[-87.4208,-73.1771],[-87.4792,-73.2],[-87.5687,-73.2021],[-87.6813,-73.1958],[-87.7479,-73.2146],[-87.8125,-73.2146],[-87.8588,-73.2432],[-87.9208,-73.2542],[-88.0771,-73.2417],[-88.1125,-73.2146],[-88.175,-73.2063],[-88.2854,-73.2167],[-88.2776,-73.2432],[-88.3396,-73.2667],[-88.4479,-73.2688],[-88.5182,-73.2182],[-88.5214,-73.1839],[-88.6245,-73.1703],[-88.6292,-73.1396],[-88.7349,-73.1318],[-88.6828,-73.1047],[-88.475,-73.0437],[-88.4213,-73.037],[-88.3833,-72.9979],[-88.4333,-72.9792],[-88.3484,-72.9661],[-88.35,-72.9375],[-88.4479,-72.9417],[-88.4771,-72.9271],[-88.2708,-72.9],[-88.1979,-72.8854],[-88.0984,-72.8411],[-88.1068,-72.7922],[-88.1359,-72.7484],[-88.187,-72.7245],[-88.1891,-72.7078],[-88.2583,-72.7083],[-88.325,-72.6937],[-88.425,-72.6854],[-88.5458,-72.6917],[-88.6146,-72.6771],[-88.7271,-72.6646],[-88.8771,-72.6542],[-88.9,-72.6458],[-89.0979,-72.6438],[-89.1875,-72.6333],[-89.2917,-72.6312],[-89.4203,-72.6422],[-89.3333,-72.6896],[-89.25,-72.7063],[-89.1167,-72.7187],[-89.162,-72.7443],[-89.1005,-72.7797],[-89.1161,-72.8193],[-89.1005,-72.8536],[-89.1412,-72.8912],[-89.0547,-72.9411],[-89.0964,-72.9661],[-89.2453,-73.0172],[-89.2911,-73.0526],[-89.2828,-73.0745],[-89.2089,-73.1005],[-89.4625,-73.1188],[-89.5417,-73.1042],[-89.6937,-73.1375],[-89.8083,-73.15],[-89.8833,-73.15],[-89.8875,-73.1271],[-89.9771,-73.1271],[-90.0563,-73.1438],[-90.1771,-73.1396],[-90.2167,-73.1458],[-90.2963,-73.1995],[-90.4625,-73.2604],[-90.525,-73.2875],[-90.6438,-73.2729],[-90.725,-73.3063],[-90.9375,-73.3313],[-91.0937,-73.3354],[-91.1104,-73.3],[-91.2167,-73.2958],[-91.2854,-73.2812],[-91.4083,-73.2688],[-91.4896,-73.2667],[-91.4958,-73.25],[-91.6937,-73.2458],[-91.85,-73.2542],[-91.9224,-73.2328],[-91.938,-73.1901],[-92.1542,-73.1729],[-92.2896,-73.1729],[-92.4354,-73.1604],[-92.5146,-73.1604],[-92.5604,-73.1729],[-92.7417,-73.1792],[-92.763,-73.1464],[-92.8146,-73.1438],[-93.025,-73.1937],[-93.1792,-73.1937],[-93.2688,-73.1833],[-93.3979,-73.1813],[-93.4229,-73.1875],[-93.5396,-73.175],[-93.6021,-73.1792],[-93.5901,-73.2099],[-93.6542,-73.2229],[-93.7604,-73.2125],[-93.8391,-73.2338],[-93.9292,-73.2833],[-94.0083,-73.2937],[-94.0625,-73.3104],[-94.3354,-73.325],[-94.3995,-73.3057],[-94.4505,-73.2755],[-94.5328,-73.2495],[-94.5312,-73.2354],[-94.7312,-73.2292],[-94.8104,-73.2396],[-94.9042,-73.2396],[-94.9979,-73.2521],[-95.125,-73.2146],[-95.2312,-73.2083],[-95.3104,-73.2208],[-95.3938,-73.2208],[-95.4766,-73.2297],[-95.5062,-73.2438],[-95.7125,-73.2458],[-95.762,-73.2588],[-95.875,-73.3375],[-95.9208,-73.3375],[-96.0396,-73.3208],[-96.0687,-73.3104],[-96.2625,-73.3063],[-96.2896,-73.2979],[-96.4604,-73.3042],[-96.5682,-73.2891],[-96.5937,-73.2708],[-96.6833,-73.2729],[-96.7708,-73.2562],[-96.8042,-73.2375],[-96.9208,-73.2312],[-96.9583,-73.1979],[-97.1479,-73.1896],[-97.2057,-73.1786],[-97.2333,-73.1521],[-97.337,-73.1495],[-97.3583,-73.1333],[-97.4292,-73.1229],[-97.4854,-73.1312],[-97.5896,-73.1292],[-97.6766,-73.1526],[-97.6943,-73.1745],[-97.7792,-73.2],[-97.9042,-73.2],[-97.9646,-73.1875],[-97.9745,-73.1672],[-97.8943,-73.1412],[-97.7745,-73.0818],[-97.7359,-73.0745],[-97.7495,-73.0505],[-97.7193,-73.0234],[-97.8625,-73.0146],[-97.9833,-73.0292],[-98.1521,-73.0188],[-98.2104,-73.0083],[-98.2854,-73.0083],[-98.425,-73.0188],[-98.4896,-73.0021],[-98.5875,-73.0021],[-98.6417,-72.9938],[-98.8562,-72.9896],[-99.0479,-72.9958],[-99.2083,-73.0125],[-99.3667,-73.0042],[-99.55,-73.0229],[-99.6042,-73.0167],[-99.7333,-73.0208],[-99.7917,-72.9979],[-99.8437,-72.9979],[-99.9917,-73.0229],[-100.1333,-73.0188],[-100.2854,-73.0667],[-100.4021,-73.0625],[-100.5271,-73.0271],[-100.6521,-73.0167],[-100.6813,-72.9979],[-100.8104,-72.9708],[-100.9062,-72.9771],[-101.0667,-72.9729],[-101.2688,-72.9938],[-101.3266,-72.9922],[-101.4187,-73.0167],[-101.6083,-73.0208],[-101.7292,-73.0333],[-101.8021,-73.0333],[-101.9479,-73.0583],[-102.0099,-73.0349],[-101.9901,-73.0141],[-102,-72.9833],[-102.1708,-72.9833],[-102.3625,-72.9896],[-102.4917,-72.9854],[-102.5646,-72.9979],[-102.6583,-73.0021],[-102.6354,-72.9771],[-102.5375,-72.9604],[-102.4583,-72.9604],[-102.4229,-72.9396],[-102.288,-72.9297],[-102.3224,-72.9151],[-102.2292,-72.8938],[-102.1708,-72.8938],[-102.1995,-72.8609],[-102.1422,-72.8224],[-102.1828,-72.7943],[-102.1042,-72.7854],[-102.1062,-72.7667],[-102.1813,-72.7667],[-102.2974,-72.7495],[-102.3042,-72.7375],[-102.4146,-72.725],[-102.6521,-72.7312],[-102.7604,-72.7271],[-102.8146,-72.7104],[-102.9021,-72.7],[-103.0479,-72.7042],[-103.1875,-72.7396],[-103.2771,-72.75],[-103.3578,-72.7859],[-103.3714,-72.812],[-103.4328,-72.8432],[-103.4026,-72.8609],[-103.362,-72.9349],[-103.3203,-72.9786],[-103.2588,-73.0068],[-103.2932,-73.0453],[-103.2609,-73.0568],[-103.2484,-73.087],[-103.3182,-73.1328],[-103.2521,-73.1708],[-103.1292,-73.1813],[-103.0995,-73.212],[-102.9859,-73.238],[-102.9109,-73.2797],[-102.8849,-73.3057],[-102.7562,-73.325],[-102.6646,-73.325],[-102.5521,-73.3333],[-102.4479,-73.3333],[-102.3729,-73.3208],[-102.1854,-73.3125],[-102.0167,-73.3146],[-101.9437,-73.3021],[-101.8375,-73.3021],[-101.7875,-73.3208],[-101.7063,-73.3354],[-101.6292,-73.3313],[-101.4938,-73.3354],[-101.2875,-73.3083],[-101.1958,-73.325],[-101.1083,-73.3313],[-100.8854,-73.3187],[-100.7792,-73.3271],[-100.6896,-73.3271],[-100.5333,-73.3167],[-100.3708,-73.3167],[-100.2172,-73.3297],[-100.2021,-73.3437],[-100.0958,-73.3542],[-100.0083,-73.3542],[-99.9417,-73.3646],[-99.75,-73.3646],[-99.7005,-73.3828],[-99.7349,-73.4078],[-99.6984,-73.4213],[-99.7453,-73.4547],[-99.6188,-73.4458],[-99.5354,-73.4542],[-99.425,-73.4875],[-99.5583,-73.5],[-99.5849,-73.5245],[-99.5271,-73.5417],[-99.4042,-73.5583],[-99.2708,-73.5687],[-99.1979,-73.5563],[-99.0813,-73.5646],[-99,-73.5813],[-98.8688,-73.5875],[-98.8047,-73.6286],[-98.9146,-73.6375],[-99.0271,-73.6333],[-99.1292,-73.6375],[-99.3063,-73.6521],[-99.3729,-73.6354],[-99.5083,-73.6208],[-99.5724,-73.6412],[-99.4651,-73.6693],[-99.5646,-73.7063],[-99.6979,-73.7021],[-99.7583,-73.7312],[-100.0521,-73.7438],[-100.1958,-73.725],[-100.3771,-73.725],[-100.4833,-73.7292],[-100.5208,-73.7542],[-100.5974,-73.7484],[-100.6088,-73.7745],[-100.8,-73.7812],[-100.9437,-73.7792],[-100.9625,-73.7708],[-101.175,-73.7729],[-101.2411,-73.7536],[-101.2745,-73.7276],[-101.2568,-73.7057],[-101.3625,-73.6687],[-101.4396,-73.675],[-101.7458,-73.6771],[-101.8396,-73.6583],[-101.8729,-73.6417],[-101.9875,-73.625],[-102.2812,-73.6062],[-102.425,-73.6062],[-102.6042,-73.5917],[-102.9042,-73.5896],[-102.9995,-73.6068],[-102.9714,-73.6224],[-103.0036,-73.6724],[-102.9062,-73.6958],[-102.8047,-73.7089],[-102.8161,-73.7266],[-102.788,-73.7557],[-102.8318,-73.787],[-102.9141,-73.8234],[-102.8922,-73.8474],[-102.9245,-73.8828],[-102.8932,-73.9057],[-102.7667,-73.9333],[-102.6062,-73.9437],[-102.5208,-73.9437],[-102.425,-73.9271],[-102.3339,-73.938],[-102.2479,-73.9625],[-102.0333,-73.9604],[-101.975,-73.9854],[-101.8875,-74.0042],[-101.6312,-73.9979],[-101.5339,-74.0109],[-101.5557,-74.038],[-101.5432,-74.0724],[-101.4318,-74.1193],[-101.4276,-74.1516],[-101.3568,-74.1943],[-101.3505,-74.2495],[-101.4307,-74.2734],[-101.3016,-74.2859],[-101.3089,-74.3099],[-101.4203,-74.3526],[-101.4432,-74.3891],[-101.3755,-74.4307],[-101.4563,-74.4729],[-101.3583,-74.5083],[-101.2438,-74.5083],[-101.1229,-74.5312],[-101.0062,-74.5437],[-100.8417,-74.5417],[-100.7312,-74.5208],[-100.5833,-74.4812],[-100.4417,-74.4771],[-100.3917,-74.4854],[-100.2708,-74.4667],[-100.2792,-74.4917],[-100.1,-74.4687],[-100.0375,-74.5104],[-99.9167,-74.5083],[-99.8849,-74.5214],[-99.7922,-74.5339],[-99.8411,-74.5505],[-99.8396,-74.5687],[-99.9396,-74.5771],[-99.9958,-74.5958],[-100.1,-74.6083],[-100.1396,-74.6292],[-99.9984,-74.6484],[-100.0088,-74.6807],[-100.0995,-74.6963],[-100.1057,-74.7182],[-99.9875,-74.7312],[-99.9151,-74.7662],[-99.9505,-74.7891],[-100.0724,-74.8109],[-100.0463,-74.8411],[-100.1396,-74.8583],[-100.2417,-74.8625],[-100.2875,-74.8396],[-100.4333,-74.8396],[-100.5604,-74.8604],[-100.5724,-74.8807],[-100.2854,-74.9333],[-100.0625,-74.9417],[-99.9354,-74.9167],[-99.7438,-74.925],[-99.5771,-74.9458],[-99.4271,-74.9167],[-99.35,-74.9271],[-99.337,-74.9672],[-99.3255,-75.0734],[-99.3625,-75.1146],[-99.1896,-75.1167],[-99.1146,-75.1375],[-99.0312,-75.1458],[-98.9417,-75.1708],[-98.8667,-75.175],[-98.6854,-75.1521],[-98.6458,-75.1396],[-98.4667,-75.1208],[-98.4396,-75.1354],[-98.5146,-75.1458],[-98.6599,-75.1922],[-98.7292,-75.2271],[-98.6375,-75.2312],[-98.475,-75.2187],[-98.388,-75.2328],[-98.4687,-75.2604],[-98.6078,-75.2755],[-98.6354,-75.3083],[-98.7792,-75.3229],[-98.9458,-75.3167],[-99.0167,-75.3396],[-99.1146,-75.3229],[-99.2562,-75.3271],[-99.3604,-75.3042],[-99.4458,-75.3042],[-99.4896,-75.3146],[-99.7125,-75.3333],[-99.8,-75.3271],[-99.9583,-75.3479],[-100.1208,-75.3854],[-100.2125,-75.3604],[-100.3521,-75.3458],[-100.4896,-75.3521],[-100.6016,-75.3776],[-100.6271,-75.3938],[-100.7208,-75.3938],[-100.7708,-75.4062],[-100.9604,-75.4208],[-101.0458,-75.4187],[-101.1312,-75.4333],[-101.1828,-75.3891],[-101.1708,-75.3646],[-101.2583,-75.3667],[-101.4729,-75.3583],[-101.5578,-75.3495],[-101.6599,-75.3089],[-101.6307,-75.263],[-101.5755,-75.2328],[-101.5422,-75.1963],[-101.5526,-75.1589],[-101.5818,-75.1318],[-101.7417,-75.0833],[-101.8562,-75.1062],[-101.9812,-75.1125],[-102.0875,-75.1292],[-102.1375,-75.1229],[-102.3083,-75.125],[-102.3854,-75.1104],[-102.5792,-75.1292],[-102.6271,-75.1271],[-102.8396,-75.0958],[-103.0167,-75.1021],[-103.0708,-75.0896],[-103.2104,-75.0937],[-103.2542,-75.0854],[-103.4062,-75.0896],[-103.5521,-75.1146],[-103.6958,-75.1479],[-103.9375,-75.1542],[-104.0979,-75.1312],[-104.1458,-75.1167],[-104.3458,-75.125],[-104.4333,-75.15],[-104.6396,-75.1604],[-104.8391,-75.1307],[-104.8333,-75.1104],[-105.0937,-75.1146],[-105.1245,-75.1391],[-105.0521,-75.1479],[-105.1917,-75.1854],[-105.2562,-75.1875],[-105.4354,-75.2146],[-105.6375,-75.2187],[-105.7354,-75.2562],[-105.8083,-75.2667],[-105.9146,-75.2688],[-106,-75.2812],[-106.1021,-75.2792],[-106.1396,-75.2917],[-106.2958,-75.3125],[-106.4583,-75.3167],[-106.4625,-75.3562],[-106.5333,-75.375],[-106.6021,-75.375],[-106.6828,-75.3599],[-106.6917,-75.3396],[-106.8458,-75.3271],[-106.9146,-75.3063],[-107.1229,-75.3083],[-107.1625,-75.3375],[-107.3042,-75.3417],[-107.4042,-75.3104],[-107.5417,-75.3083],[-107.7708,-75.3271],[-107.8417,-75.3271],[-107.9417,-75.3125],[-107.9875,-75.2875],[-108.0604,-75.2854],[-108.1125,-75.2604],[-108.3167,-75.2583],[-108.4667,-75.2438],[-108.6167,-75.2375],[-108.8208,-75.2354],[-108.9187,-75.2167],[-109.0479,-75.2063],[-109.1417,-75.2063],[-109.3958,-75.1729],[-109.5375,-75.1604],[-109.6104,-75.1604],[-109.6771,-75.1396],[-109.7411,-75.1609],[-109.7734,-75.2026],[-109.8875,-75.2354],[-109.9687,-75.2208],[-110.0917,-75.2271],[-110.1542,-75.2438],[-110.2396,-75.2438],[-110.3,-75.2271],[-110.3766,-75.2203],[-110.4167,-75.1917],[-110.6854,-75.1854],[-110.8854,-75.1937],[-110.9021,-75.2021],[-111.1417,-75.2021],[-111.2167,-75.2146],[-111.2625,-75.2354],[-111.3729,-75.2312],[-111.4766,-75.2078],[-111.5729,-75.2],[-111.4964,-75.1682],[-111.5396,-75.1292],[-111.4854,-75.0937],[-111.4146,-75.0854],[-111.3172,-75.0463],[-111.3229,-75.0333],[-111.2542,-75.0188],[-111.1292,-75.0083],[-111.0021,-74.9875],[-110.9641,-74.9609],[-110.8729,-74.9417],[-110.788,-74.8974],[-110.7401,-74.8828],[-110.6771,-74.8292],[-110.5542,-74.8313],[-110.4187,-74.8167],[-110.2588,-74.7703],[-110.2375,-74.7208],[-110.2464,-74.6901],[-110.3245,-74.6745],[-110.3349,-74.6547],[-110.2755,-74.637],[-110.2396,-74.6062],[-110.1354,-74.6083],[-110.088,-74.5651],[-110.1328,-74.4943],[-110.1359,-74.463],[-110.1859,-74.4297],[-110.3063,-74.4313],[-110.4021,-74.4437],[-110.3771,-74.4083],[-110.3104,-74.3792],[-110.2547,-74.3734],[-110.3641,-74.3141],[-110.3818,-74.2818],[-110.4833,-74.2521],[-110.5917,-74.2375],[-110.7141,-74.2484],[-110.7005,-74.2911],[-110.7193,-74.3141],[-110.7792,-74.3292],[-110.8495,-74.3141],[-110.8542,-74.2937],[-110.9437,-74.2688],[-111.0328,-74.2557],[-111.0729,-74.2229],[-111.1479,-74.2208],[-111.2021,-74.1958],[-111.3125,-74.1979],[-111.3833,-74.1833],[-111.4708,-74.1875],[-111.5958,-74.1708],[-111.6828,-74.1776],[-111.7068,-74.1953],[-111.8875,-74.2271],[-111.9036,-74.2839],[-111.8807,-74.3349],[-111.8255,-74.3568],[-111.8161,-74.3766],[-111.675,-74.4292],[-111.5479,-74.4417],[-111.4437,-74.4583],[-111.3688,-74.4583],[-111.3213,-74.4745],[-111.5208,-74.4979],[-111.6417,-74.4917],[-111.7146,-74.4958],[-111.825,-74.4896],[-111.862,-74.4984],[-111.9224,-74.5359],[-111.9313,-74.5729],[-111.9099,-74.6203],[-111.8229,-74.6417],[-111.7932,-74.6703],[-111.7193,-74.6963],[-111.7229,-74.7208],[-111.6208,-74.7333],[-111.5375,-74.7229],[-111.5109,-74.7391],[-111.5661,-74.7526],[-111.5729,-74.775],[-111.5458,-74.8021],[-111.6875,-74.7937],[-111.7896,-74.8],[-111.8938,-74.7937],[-111.9875,-74.8125],[-112.0958,-74.8083],[-112.1479,-74.8271],[-112.2224,-74.8318],[-112.2214,-74.8578],[-112.2875,-74.8625],[-112.3958,-74.85],[-112.4437,-74.8604],[-112.5458,-74.8458],[-112.6349,-74.8547],[-112.6547,-74.8912],[-112.7417,-74.9062],[-112.8771,-74.8729],[-113.0208,-74.8833],[-113.1583,-74.9146],[-113.2646,-74.9167],[-113.4271,-74.95],[-113.5,-74.9458],[-113.6396,-74.9646],[-113.7292,-74.9542],[-113.775,-74.9646],[-113.8047,-74.9953],[-113.8896,-75.0396],[-113.9729,-75.0396],[-114.0937,-75.0708],[-114.2703,-75.0474],[-114.2932,-75.0266],[-114.1578,-74.9359],[-113.9797,-74.8932],[-113.9609,-74.8807],[-113.937,-74.7943],[-113.8208,-74.7375],[-113.8193,-74.6943],[-113.8562,-74.6813],[-114.0604,-74.6979],[-114.1458,-74.7208],[-114.1854,-74.7146],[-114.3375,-74.7229],[-114.3474,-74.6953],[-114.2583,-74.6667],[-114.2167,-74.6687],[-114.0859,-74.6474],[-114.0958,-74.6333],[-114.0021,-74.6229],[-113.9479,-74.6021],[-113.8104,-74.6062],[-113.6422,-74.5891],[-113.6286,-74.5755],[-113.5083,-74.5354],[-113.3396,-74.4917],[-113.2693,-74.4682],[-113.225,-74.4021],[-113.4187,-74.4229],[-113.4771,-74.4229],[-113.5995,-74.4526],[-113.6354,-74.4687],[-113.7104,-74.4625],[-113.7875,-74.4687],[-113.7562,-74.4083],[-113.8036,-74.3995],[-113.7859,-74.363],[-113.8349,-74.3484],[-113.6901,-74.2984],[-113.7396,-74.2729],[-113.8271,-74.275],[-113.9495,-74.2568],[-113.9,-74.2396],[-113.8042,-74.225],[-113.7333,-74.225],[-113.5479,-74.2021],[-113.413,-74.1703],[-113.4557,-74.1297],[-113.4297,-74.1026],[-113.5937,-74.025],[-113.8021,-74.025],[-113.8437,-74.0208],[-113.9521,-74.0396],[-114.0583,-74.05],[-114.1771,-74.075],[-114.2896,-74.0687],[-114.2516,-74.0422],[-114.1713,-74.0141],[-113.9714,-73.9557],[-113.9547,-73.9109],[-114.1266,-73.8891],[-114.1792,-73.8667],[-114.2521,-73.8625],[-114.3875,-73.8854],[-114.4521,-73.9104],[-114.5432,-73.9213],[-114.7812,-73.9313],[-114.8224,-73.9463],[-114.8562,-73.9792],[-114.9313,-73.9875],[-114.9167,-74.0167],[-115.0807,-74.063],[-115.1266,-74.088],[-115.0901,-74.1203],[-115.1453,-74.1401],[-115.1286,-74.1766],[-115.0891,-74.2141],[-115.0516,-74.2745],[-115.0255,-74.2859],[-114.9896,-74.3333],[-114.9172,-74.3484],[-114.85,-74.375],[-114.912,-74.4005],[-114.8661,-74.4557],[-114.8771,-74.4833],[-115.0125,-74.4812],[-115.2187,-74.5021],[-115.275,-74.5188],[-115.3604,-74.5125],[-115.4583,-74.5146],[-115.4979,-74.5271],[-115.65,-74.5271],[-115.7724,-74.512],[-115.7693,-74.4964],[-115.8495,-74.4786],[-115.937,-74.4286],[-115.9068,-74.388],[-116.0021,-74.3938],[-116.1078,-74.4255],[-116.0995,-74.4682],[-116.05,-74.5042],[-116.1625,-74.5083],[-116.2104,-74.4938],[-116.2583,-74.5146],[-116.3625,-74.5208],[-116.4,-74.5104],[-116.4896,-74.5104],[-116.612,-74.538],[-116.6354,-74.5521],[-116.7562,-74.5583],[-116.9917,-74.55],[-117.1292,-74.5333],[-117.2187,-74.5354],[-117.325,-74.5479],[-117.4687,-74.5396],[-117.6167,-74.5021],[-117.7375,-74.5062],[-117.8375,-74.5188],[-117.8729,-74.5042],[-117.8807,-74.4714],[-117.7776,-74.4266],[-117.8063,-74.4104],[-117.9062,-74.4208],[-117.9792,-74.4042],[-117.9411,-74.3818],[-117.8359,-74.3495],[-117.8297,-74.3255],[-117.9182,-74.287],[-117.9422,-74.263],[-118.0193,-74.2786],[-118.1333,-74.3146],[-118.1792,-74.3208],[-118.4062,-74.3313],[-118.4333,-74.3375],[-118.6687,-74.3437],[-118.9187,-74.4],[-118.9771,-74.4062],[-119.1036,-74.4505],[-119.1432,-74.4838],[-119.1021,-74.5104],[-118.9938,-74.5042],[-118.8917,-74.5104],[-118.7562,-74.5062],[-118.6229,-74.5125],[-118.6292,-74.5458],[-118.6755,-74.5641],[-118.7583,-74.5792],[-118.8646,-74.6083],[-118.9812,-74.5917],[-119.0437,-74.6042],[-119.1229,-74.5979],[-119.2208,-74.6],[-119.3328,-74.6193],[-119.4083,-74.6562],[-119.5396,-74.6354],[-119.6229,-74.6375],[-119.6917,-74.6583],[-119.7771,-74.6625],[-119.9375,-74.6813],[-120.0583,-74.6792],[-120.1167,-74.6583],[-120.2542,-74.6583],[-120.4208,-74.675],[-120.5771,-74.7],[-120.6854,-74.7063],[-120.8521,-74.7438],[-120.9911,-74.7453],[-121.0062,-74.7187],[-121.0729,-74.7187],[-121.1292,-74.7417],[-121.2021,-74.7562],[-121.3729,-74.7354],[-121.438,-74.7526],[-121.7521,-74.7542],[-121.7625,-74.7854],[-121.8375,-74.7854],[-121.8938,-74.7667],[-121.9833,-74.775],[-122.1042,-74.7688],[-122.1771,-74.7521],[-122.2438,-74.7583],[-122.275,-74.775],[-122.3354,-74.7771],[-122.4062,-74.7542],[-122.4646,-74.7542],[-122.6333,-74.7729],[-122.7479,-74.775],[-122.7812,-74.7667],[-122.9661,-74.7839],[-123.0521,-74.8021],[-123.1208,-74.8042],[-123.2104,-74.7812],[-123.2312,-74.7542],[-123.3292,-74.7521],[-123.525,-74.7875],[-123.6646,-74.7854],[-123.8542,-74.8],[-123.9708,-74.8],[-124.0932,-74.8078],[-124.1297,-74.7714],[-124.187,-74.7599],[-124.2068,-74.7401],[-124.2937,-74.7125],[-124.3812,-74.7063],[-124.3964,-74.7203],[-124.5417,-74.7125],[-124.8646,-74.7333],[-124.9646,-74.7125],[-125.3187,-74.7167],[-125.3979,-74.7229],[-125.4708,-74.7125],[-125.65,-74.7167],[-125.7807,-74.7068],[-125.8271,-74.7333],[-125.9667,-74.7542],[-126.0583,-74.7458],[-126.0917,-74.7583],[-126.2,-74.7604],[-126.3958,-74.7562],[-126.5125,-74.7417],[-126.6229,-74.7354],[-126.6583,-74.7187],[-126.8208,-74.7042],[-126.9,-74.6792],[-126.9812,-74.6792],[-127.1604,-74.6896],[-127.275,-74.6813],[-127.2875,-74.6979],[-127.3646,-74.7083],[-127.525,-74.7042],[-127.5833,-74.7187],[-127.6896,-74.7187],[-127.7417,-74.7042],[-127.837,-74.7109],[-127.838,-74.7266],[-127.9583,-74.7167],[-128.025,-74.7438],[-128.1354,-74.7479],[-128.2187,-74.7625],[-128.3146,-74.7667],[-128.5203,-74.7672],[-128.6021,-74.8063],[-128.6833,-74.8229],[-129.2516,-74.8276],[-129.2875,-74.8437],[-129.3792,-74.8417],[-129.4588,-74.862],[-129.5708,-74.8729],[-129.7604,-74.875],[-129.8854,-74.9],[-130.025,-74.9167],[-130.0792,-74.9],[-130.1771,-74.8917],[-130.2708,-74.8958],[-130.6396,-74.8375],[-130.7208,-74.8375],[-130.8271,-74.8271],[-130.9625,-74.8313],[-131.0375,-74.8146],[-131.1938,-74.8354],[-131.3708,-74.8417],[-131.5104,-74.8375],[-131.5771,-74.8437],[-131.6391,-74.8287],[-131.7792,-74.7812],[-132.0458,-74.7604],[-132.1417,-74.7646],[-132.2167,-74.7854],[-132.3036,-74.7963],[-132.3208,-74.8146],[-132.4417,-74.8083],[-132.5797,-74.8287],[-132.6266,-74.8287],[-132.7688,-74.7708],[-132.8813,-74.7771],[-133.0167,-74.8187],[-133.1208,-74.825],[-133.1812,-74.8417],[-133.325,-74.8354],[-133.5396,-74.875],[-133.6042,-74.8771],[-133.7521,-74.9125],[-133.8875,-74.9313],[-133.9641,-74.9099],[-133.9432,-74.888],[-134.0958,-74.8833],[-134.1313,-74.8562],[-134.2271,-74.8542],[-134.3604,-74.8771],[-134.412,-74.8609],[-134.3609,-74.8182],[-134.3875,-74.8021],[-134.5,-74.7875],[-134.5786,-74.7599],[-134.5932,-74.7349],[-134.5005,-74.6828],[-134.5063,-74.6458],[-134.6792,-74.6146],[-134.9396,-74.5771],[-135.1417,-74.5729],[-135.2625,-74.5625],[-135.3917,-74.5625],[-135.5057,-74.5818],[-135.5422,-74.6016],[-135.6349,-74.6297],[-135.6953,-74.6786],[-135.6568,-74.6922],[-135.6505,-74.7182],[-135.6938,-74.75],[-135.8646,-74.75],[-135.9292,-74.7229],[-136.175,-74.6958],[-136.2396,-74.6937],[-136.35,-74.7146],[-136.4146,-74.7417],[-136.4958,-74.7458],[-136.5437,-74.7583],[-136.7542,-74.75],[-136.8516,-74.7714],[-136.8849,-74.8213],[-136.8755,-74.8401],[-136.8891,-74.9203],[-136.8229,-74.9583],[-136.8562,-74.9792],[-136.9438,-74.9875],[-136.9974,-75.0047],[-136.8938,-75.0417],[-136.7229,-75.0479],[-136.6833,-75.0625],[-136.5937,-75.0687],[-136.45,-75.0979],[-136.3604,-75.0979],[-136.3167,-75.125],[-136.4286,-75.1328],[-136.3505,-75.1547],[-136.3604,-75.175],[-136.5146,-75.1604],[-136.7208,-75.1521],[-136.9083,-75.1562],[-137.0432,-75.1484],[-137.0526,-75.1766],[-137.1708,-75.1708],[-137.3021,-75.1188],[-137.4396,-75.1042],[-137.4792,-75.0854],[-137.7437,-75.0604],[-137.8458,-75.0958],[-137.9167,-75.0958],[-138.1104,-75.1188],[-138.1854,-75.1125],[-138.3271,-75.1167],[-138.4687,-75.1146],[-138.6083,-75.1229],[-138.8229,-75.1417],[-139.0021,-75.1458],[-139.0542,-75.1312],[-139.2437,-75.125],[-139.3313,-75.1458],[-139.5146,-75.1438],[-139.6542,-75.1562],[-139.6891,-75.1828],[-139.6583,-75.2146],[-139.887,-75.2464],[-139.9271,-75.275],[-140.0229,-75.2854],[-140.0359,-75.3057],[-140.1667,-75.3396],[-140.2417,-75.3708],[-140.1776,-75.3807],[-140.2542,-75.4271],[-140.375,-75.4479],[-140.388,-75.462],[-140.5854,-75.4833],[-140.7917,-75.5208],[-140.8729,-75.5271],[-140.9271,-75.5083],[-141.1125,-75.4979],[-141.3229,-75.4979],[-141.3078,-75.5536],[-141.2724,-75.5787],[-141.1292,-75.6333],[-140.9396,-75.6687],[-140.8214,-75.6818],[-140.7458,-75.7125],[-140.7745,-75.7453],[-140.6505,-75.7901],[-140.6417,-75.8063],[-140.8271,-75.8021],[-140.8854,-75.7854],[-140.9125,-75.7604],[-141.1208,-75.7521],[-141.3167,-75.7521],[-141.4042,-75.7625],[-141.5562,-75.7646],[-141.6224,-75.7099],[-141.6724,-75.6932],[-141.6609,-75.663],[-141.762,-75.6182],[-141.7839,-75.5776],[-141.8141,-75.5661],[-141.8578,-75.5203],[-141.9104,-75.5042],[-142.0375,-75.4938],[-142.0917,-75.4667],[-142.1812,-75.45],[-142.3333,-75.4354],[-142.4521,-75.4354],[-142.5729,-75.4479],[-142.5828,-75.4599],[-142.5172,-75.4838],[-142.5297,-75.5391],[-142.6104,-75.5375],[-142.6375,-75.5583],[-142.8604,-75.5563],[-143,-75.5333],[-143.2688,-75.5437],[-143.3833,-75.5354],[-143.5937,-75.5563],[-143.6833,-75.5792],[-143.8167,-75.5792],[-144.025,-75.6021],[-144.1021,-75.6167],[-144.3354,-75.6167],[-144.3557,-75.6286],[-144.2646,-75.65],[-144.1687,-75.6625],[-143.9771,-75.6729],[-143.9708,-75.6958],[-144.2078,-75.7151],[-144.1953,-75.7516],[-144.163,-75.7651],[-144.1542,-75.8042],[-144.1938,-75.8208],[-144.2958,-75.8229],[-144.3229,-75.8104],[-144.4937,-75.8229],[-144.5667,-75.8437],[-144.7333,-75.8437],[-144.8021,-75.8354],[-144.9375,-75.8417],[-144.9812,-75.8604],[-145.1167,-75.8833],[-145.2287,-75.888],[-145.1729,-75.9083],[-145.3146,-75.9125],[-145.375,-75.9],[-145.5417,-75.9042],[-145.7688,-75.9042],[-145.8604,-75.8854],[-146.0021,-75.8854],[-146.05,-75.9062],[-146.2083,-75.9083],[-146.2474,-75.9193],[-146.3078,-75.9672],[-146.2839,-75.9911],[-146.3625,-76.0083],[-146.3609,-76.0391],[-146.4708,-76.0542],[-146.5099,-76.0693],[-146.4583,-76.1021],[-146.3708,-76.1146],[-146.1938,-76.1833],[-146.0646,-76.2229],[-145.8167,-76.2792],[-145.625,-76.2979],[-145.4776,-76.3318],[-145.4776,-76.363],[-145.4245,-76.3953],[-145.3505,-76.4234],[-145.3625,-76.4396],[-145.5479,-76.4479],[-145.6208,-76.4667],[-145.7146,-76.4667],[-145.9229,-76.4458],[-145.9958,-76.4125],[-146.1037,-76.4203],[-146.1708,-76.4083],[-146.2583,-76.4229],[-146.325,-76.4],[-146.4036,-76.3932],[-146.4854,-76.3313],[-146.5568,-76.3557],[-146.6224,-76.3536],[-146.7417,-76.3104],[-146.8833,-76.3104],[-146.9583,-76.3042],[-147.0937,-76.2688],[-147.2042,-76.2542],[-147.1547,-76.237],[-147.1875,-76.225],[-147.2833,-76.2208],[-147.4062,-76.1958],[-147.5729,-76.1917],[-147.7812,-76.175],[-147.8458,-76.1479],[-148.0979,-76.1104],[-148.1187,-76.1],[-148.2437,-76.0813],[-148.3437,-76.0813],[-148.475,-76.0937],[-148.5625,-76.1104],[-148.6974,-76.1651],[-148.6917,-76.2042],[-148.5833,-76.2104],[-148.5583,-76.2333],[-148.65,-76.2396],[-148.7521,-76.2583],[-148.925,-76.2688],[-148.9734,-76.2911],[-149.0417,-76.2979],[-149.2042,-76.2937],[-149.2958,-76.2833],[-149.4896,-76.2937],[-149.6125,-76.3167],[-149.7057,-76.3609],[-149.7161,-76.4016],[-149.6578,-76.4266],[-149.5312,-76.4458],[-149.0417,-76.4812],[-148.8375,-76.4896],[-148.6083,-76.5104],[-148.4708,-76.5146],[-148.2437,-76.4771],[-148.2125,-76.4667],[-148.0833,-76.4604],[-148.0646,-76.4479],[-147.9125,-76.4479],[-147.7437,-76.4313],[-147.5667,-76.4458],[-147.4292,-76.4458],[-147.3313,-76.4375],[-147.2104,-76.4396],[-147.1583,-76.4313],[-147.0458,-76.4354],[-146.9396,-76.4687],[-146.8458,-76.475],[-146.7375,-76.4917],[-146.6062,-76.5354],[-146.4854,-76.55],[-146.4042,-76.55],[-146.4766,-76.5818],[-146.4312,-76.6271],[-146.2875,-76.6271],[-146.2271,-76.6542],[-146.1505,-76.6724],[-146.1703,-76.6911],[-146.1146,-76.7083],[-145.9312,-76.7125],[-145.7271,-76.7229],[-145.4375,-76.75],[-145.3922,-76.7693],[-145.475,-76.7792],[-145.5271,-76.8],[-145.6,-76.8042],[-145.7146,-76.8292],[-145.9286,-76.8213],[-145.9609,-76.837],[-145.9609,-76.8724],[-145.9021,-76.9062],[-145.8396,-76.9208],[-145.7375,-76.9229],[-145.5542,-76.9167],[-145.5297,-76.9557],[-145.5641,-76.9807],[-145.4734,-76.9984],[-145.4833,-77.0146],[-145.3042,-77.0396],[-145.4438,-77.0771],[-145.6062,-77.0375],[-145.8021,-77.0271],[-146.0688,-76.9938],[-146.3479,-76.9958],[-146.3766,-77.0047],[-146.2536,-77.0516],[-146.2,-77.0625],[-145.9016,-77.0776],[-145.7458,-77.1333],[-145.6146,-77.1542],[-145.475,-77.1687],[-145.2708,-77.2375],[-145.5063,-77.2396],[-145.5646,-77.25],[-145.7417,-77.2417],[-145.8062,-77.2521],[-145.8979,-77.2292],[-145.9599,-77.2338],[-145.9286,-77.2891],[-145.8755,-77.3109],[-145.9078,-77.3266],[-145.8188,-77.3354],[-145.9474,-77.362],[-145.8583,-77.375],[-145.7292,-77.3688],[-145.6521,-77.3812],[-145.5713,-77.4234],[-145.5375,-77.4583],[-145.4187,-77.4708],[-145.4724,-77.488],[-145.4234,-77.5005],[-145.5021,-77.525],[-145.6187,-77.5],[-145.7063,-77.4958],[-145.8042,-77.4708],[-145.9333,-77.4708],[-146.0203,-77.4838],[-145.963,-77.5088],[-145.9937,-77.5188],[-146.1479,-77.5167],[-146.2729,-77.5],[-146.3542,-77.5083],[-146.4359,-77.4547],[-146.5672,-77.3984],[-146.6432,-77.3745],[-146.862,-77.2786],[-146.9089,-77.2443],[-146.9812,-77.2333],[-147.2187,-77.2521],[-147.287,-77.2651],[-147.2536,-77.2974],[-147.3755,-77.3411],[-147.5036,-77.3547],[-147.5578,-77.3776],[-147.6328,-77.3703],[-147.6495,-77.3974],[-147.7224,-77.4078],[-147.7672,-77.3734],[-147.787,-77.3307],[-147.7734,-77.3109],[-147.8089,-77.2734],[-147.8917,-77.2396],[-147.9771,-77.2271],[-148.0276,-77.2026],[-148.1458,-77.1875],[-148.275,-77.1583],[-148.4104,-77.1167],[-148.5583,-77.1],[-148.7833,-77.1062],[-148.862,-77.1276],[-148.8755,-77.1766],[-148.9766,-77.2037],[-148.9937,-77.2271],[-148.8292,-77.2292],[-148.825,-77.2417],[-149.0188,-77.2583],[-149.0703,-77.3036],[-149.0516,-77.3297],[-148.9229,-77.3458],[-148.8229,-77.3479],[-148.5604,-77.3771],[-148.5063,-77.3896],[-148.1375,-77.4313],[-147.9563,-77.4313],[-147.7588,-77.4505],[-147.7937,-77.4938],[-147.9625,-77.4917],[-148.15,-77.4979],[-148.1604,-77.5146],[-148.3125,-77.5333],[-148.4104,-77.5333],[-148.525,-77.5604],[-148.7646,-77.55],[-148.8161,-77.5578],[-148.7453,-77.6307],[-148.6568,-77.6682],[-148.7771,-77.6813],[-148.8604,-77.7104],[-148.9729,-77.7063],[-149.1625,-77.6583],[-149.2875,-77.6417],[-149.4208,-77.6104],[-149.7766,-77.6109],[-149.7583,-77.6583],[-149.5667,-77.6521],[-149.4,-77.7167],[-149.2797,-77.7328],[-149.2505,-77.7557],[-149.3318,-77.7714],[-149.5167,-77.7708],[-149.5646,-77.7937],[-149.7021,-77.8042],[-149.8,-77.8229],[-150.0146,-77.8125],[-150.0375,-77.7875],[-150.1313,-77.775],[-150.2688,-77.7708],[-150.2953,-77.738],[-150.3958,-77.7083],[-150.425,-77.6854],[-150.5818,-77.6505],[-150.7542,-77.6333],[-150.8578,-77.6057],[-150.9797,-77.563],[-151.0792,-77.5521],[-151.2187,-77.5208],[-151.325,-77.5062],[-151.4271,-77.5083],[-151.4766,-77.4974],[-151.3838,-77.4661],[-151.3943,-77.4401],[-151.5521,-77.4083],[-151.7312,-77.3896],[-152.1203,-77.3912],[-152.1766,-77.3557],[-152.1609,-77.338],[-152.3,-77.3042],[-152.4479,-77.3042],[-152.4849,-77.3224],[-152.4693,-77.3578],[-152.5245,-77.3786],[-152.4792,-77.4104],[-152.55,-77.4146],[-152.6141,-77.438],[-152.5688,-77.5021],[-152.762,-77.4891],[-152.8458,-77.4646],[-152.9187,-77.4792],[-153.075,-77.475],[-153.2104,-77.4479],[-153.4229,-77.4396],[-153.4708,-77.4437],[-153.8229,-77.4437],[-153.9458,-77.4271],[-153.8938,-77.4062],[-153.6875,-77.4083],[-153.3917,-77.3917],[-153.3089,-77.3516],[-153.4151,-77.2901],[-153.5083,-77.2583],[-153.6,-77.2438],[-153.8833,-77.2271],[-153.9083,-77.2187],[-154.0833,-77.2146],[-154.1771,-77.1771],[-154.3417,-77.1521],[-154.7912,-77.1516],[-154.8396,-77.1104],[-154.8875,-77.1042],[-155.0792,-77.1146],[-155.2042,-77.1146],[-155.3245,-77.1338],[-155.3646,-77.1625],[-155.4854,-77.1687],[-155.6208,-77.0958],[-155.7146,-77.0771],[-155.8375,-77.0646],[-155.9479,-77.0667],[-156.0979,-77.0604],[-156.4062,-77.0729],[-156.5188,-77.1083],[-156.6224,-77.1234],[-156.6313,-77.1521],[-156.7583,-77.1729],[-156.8458,-77.1792],[-156.7729,-77.2167],[-156.6729,-77.2396],[-156.4792,-77.25],[-156.6979,-77.2896],[-156.8042,-77.3187],[-156.9,-77.3187],[-156.9667,-77.3417],[-157.0583,-77.35],[-157.1417,-77.3375],[-157.3141,-77.2839],[-157.3062,-77.2708],[-157.4536,-77.2349],[-157.5213,-77.1943],[-157.5875,-77.1875],[-157.6354,-77.1542],[-157.7474,-77.1286],[-157.8151,-77.0797],[-157.9312,-77.0583],[-158.0688,-77.0563],[-158.2,-77.0687],[-158.3078,-77.1068],[-158.3182,-77.1349],[-158.1734,-77.1995],[-158.2437,-77.2479],[-158.3057,-77.2651],[-158.3349,-77.3349],[-158.2891,-77.3745],[-158.1646,-77.4021],[-158.1526,-77.4391],[-158.2724,-77.4818],[-158.2912,-77.5036],[-158.2146,-77.5375],[-158.1313,-77.5542],[-158.1422,-77.5891],[-158.3182,-77.6276],[-158.3849,-77.6776],[-158.3776,-77.712],[-158.4318,-77.7432],[-158.5083,-77.7562],[-158.6432,-77.838],[-158.6271,-77.8708],[-158.4563,-77.8938],[-158.3292,-77.9833],[-158.2646,-77.9771],[-158.1932,-78.0016],[-158.0625,-78.0021],[-158.0068,-78.0255],[-157.9979,-78.0521],[-157.8917,-78.0708],[-157.7828,-78.1036],[-157.65,-78.1312],[-157.6104,-78.15],[-157.4958,-78.1729],[-157.3333,-78.1937],[-157.2854,-78.2312],[-157.2146,-78.25],[-157.1,-78.2583],[-156.9292,-78.2521],[-156.8125,-78.2292],[-156.638,-78.1828],[-156.6411,-78.1401],[-156.4495,-78.1651],[-156.3208,-78.2021],[-156.0437,-78.2],[-155.9042,-78.1896],[-155.7583,-78.2063],[-155.6583,-78.1937],[-155.575,-78.2],[-155.4833,-78.1937],[-155.4682,-78.1755],[-155.3292,-78.1979],[-155.2172,-78.1807],[-155.2063,-78.1667],[-155.0312,-78.1521],[-155.0307,-78.1766],[-154.9818,-78.2057],[-155.2333,-78.2042],[-155.2729,-78.225],[-155.125,-78.2583],[-154.9687,-78.2458],[-154.8354,-78.2438],[-154.7547,-78.2307],[-154.7661,-78.2109],[-154.6443,-78.1828],[-154.6438,-78.15],[-154.5562,-78.1312],[-154.3646,-78.1396],[-154.3328,-78.1682],[-154.1604,-78.225],[-153.9604,-78.2167],[-153.8229,-78.2312],[-153.8333,-78.2438],[-153.9687,-78.2438],[-154.1958,-78.2604],[-154.237,-78.2849],[-154.1672,-78.3307],[-154.3495,-78.3651],[-154.2964,-78.3838],[-154.3875,-78.4042],[-154.5167,-78.4021],[-154.6037,-78.4089],[-154.5213,-78.4318],[-154.6625,-78.4479],[-154.8042,-78.4479],[-154.8708,-78.4229],[-155.0417,-78.4229],[-154.9755,-78.4568],[-155.0021,-78.4687],[-155.1708,-78.4812],[-155.2917,-78.4771],[-155.5292,-78.4896],[-155.6812,-78.4875],[-155.7521,-78.5],[-155.9146,-78.5062],[-156.0917,-78.4979],[-156.0359,-78.5536],[-156.1042,-78.5625],[-156.2375,-78.5625],[-156.3938,-78.575],[-156.5453,-78.6068],[-156.5453,-78.6536],[-156.4417,-78.6896],[-156.1292,-78.75],[-155.8625,-78.8063],[-155.4937,-78.8896],[-155.2458,-78.95],[-155.0625,-78.9854],[-155.0557,-79.0141],[-154.9417,-79.0396],[-154.6104,-79.0771],[-154.5104,-79.0958],[-154.1917,-79.1188],[-153.9771,-79.1208],[-153.4875,-79.1396],[-153.3562,-79.15],[-153.0188,-79.1417],[-152.9958,-79.1646],[-152.8896,-79.1646],[-152.7187,-79.1188],[-152.6562,-79.1188],[-152.5875,-79.175],[-152.4396,-79.1479],[-152.3417,-79.1458],[-152.1396,-79.1021],[-151.8979,-79.0937],[-151.8208,-79.0792],[-151.7167,-79.0833],[-151.9229,-79.1396],[-152.0141,-79.1578],[-151.9776,-79.1703],[-152.0979,-79.1896],[-152.0167,-79.2104],[-152.1229,-79.225],[-152.2229,-79.225],[-152.4141,-79.263],[-152.3896,-79.2812],[-152.2583,-79.3125],[-152.1229,-79.3042],[-152.0188,-79.275],[-151.9583,-79.275],[-151.85,-79.2542],[-151.7333,-79.2479],[-151.6505,-79.2662],[-151.7818,-79.2891],[-151.9292,-79.3313],[-151.9708,-79.3521],[-151.7312,-79.3854],[-151.2292,-79.4437],[-151.1438,-79.4458],[-151.0542,-79.4708],[-150.5896,-79.5354],[-150.3354,-79.5604],[-150.1104,-79.5729],[-149.7875,-79.6125],[-149.5896,-79.6125],[-149.4396,-79.6271],[-149.1854,-79.6271],[-149.05,-79.6396],[-149.0745,-79.6682],[-149.0188,-79.6854],[-148.675,-79.7167],[-148.25,-79.7458],[-148.1083,-79.75],[-147.8396,-79.7688],[-147.9724,-79.7984],[-148.0443,-79.8307],[-148.0167,-79.8458],[-147.8396,-79.85],[-147.8146,-79.8646],[-147.6708,-79.8646],[-147.5917,-79.8833],[-147.85,-79.8896],[-147.8396,-79.9042],[-147.5479,-79.9021],[-147.4521,-79.9208],[-147.3375,-79.925],[-147.2891,-79.9047],[-147.1021,-79.9],[-147.1745,-79.9213],[-147.1234,-79.9401],[-147.5979,-79.9417],[-147.65,-79.9354],[-147.9958,-79.9354],[-148.0604,-79.8875],[-148.5958,-79.8875],[-148.675,-79.8604],[-148.9729,-79.8583],[-148.8521,-79.875],[-148.8313,-79.9021],[-148.6042,-79.9146],[-148.4438,-79.9563],[-148.5854,-79.9708],[-148.9083,-79.9646],[-148.8938,-79.9771],[-148.5292,-79.9833],[-148.3125,-79.9833],[-148.1667,-79.9896],[-147.9083,-79.9917],[-147.8917,-80.0021],[-148.325,-80],[-148.3521,-80.0188],[-148.1417,-80.0354],[-147.8583,-80.0375],[-147.8375,-80.0458],[-147.5896,-80.0437],[-147.5854,-80.0563],[-147.8854,-80.0687],[-148.5021,-80.0667],[-148.6521,-80.0833],[-148.6375,-80.1],[-148.8057,-80.1047],[-148.7812,-80.1229],[-148.925,-80.1417],[-149.1792,-80.125],[-149.4042,-80.1229],[-149.6583,-80.0937],[-150.0167,-80.0708],[-150.3042,-80.0708],[-150.3661,-80.087],[-150.2354,-80.1208],[-150.1359,-80.1568],[-150.1151,-80.1807],[-150.2854,-80.1937],[-150.3625,-80.2208],[-150.5188,-80.2208],[-150.7167,-80.2125],[-150.8078,-80.2432],[-150.6375,-80.2625],[-150.5651,-80.3036],[-150.4708,-80.3208],[-150.35,-80.325],[-150.2083,-80.3417],[-150.2333,-80.3625],[-150.0562,-80.3729],[-150.0042,-80.3958],[-150.3333,-80.3979],[-150.4354,-80.3812],[-150.7208,-80.3854],[-151.0188,-80.4292],[-150.9292,-80.4354],[-150.6812,-80.4354],[-150.4167,-80.4292],[-150.4557,-80.4495],[-150.2063,-80.4729],[-150.1667,-80.4896],[-150.3307,-80.5088],[-150.1792,-80.525],[-149.9042,-80.5229],[-149.6354,-80.5292],[-149.7625,-80.5542],[-149.5604,-80.5583],[-149.7042,-80.5792],[-149.6833,-80.5896],[-149.4792,-80.5896],[-149.3813,-80.5979],[-149.0208,-80.5958],[-148.8963,-80.6068],[-148.7896,-80.6333],[-148.5771,-80.6292],[-148.275,-80.6292],[-148.2708,-80.6375],[-148.6438,-80.6458],[-148.8062,-80.6458],[-148.9292,-80.6333],[-149.2146,-80.625],[-149.1396,-80.6458],[-149.1646,-80.6625],[-149.4141,-80.6672],[-149.4167,-80.6917],[-148.9583,-80.6896],[-148.9042,-80.7021],[-149.4495,-80.7172],[-149.4396,-80.7271],[-149.1812,-80.7417],[-148.7208,-80.7438],[-148.4104,-80.7479],[-148.2125,-80.8083],[-148.0146,-80.8396],[-147.8146,-80.8354],[-147.6146,-80.8458],[-147.5443,-80.8797],[-147.5693,-80.9036],[-147.8562,-80.9563],[-148.4083,-81.0146],[-148.5729,-81.0188],[-148.6583,-81.0396],[-149.0792,-81.0813],[-149.425,-81.0937],[-149.5479,-81.1062],[-149.8938,-81.1229],[-150.2688,-81.1229],[-150.5562,-81.1188],[-150.9604,-81.1354],[-150.9937,-81.1417],[-151.45,-81.1396],[-151.6479,-81.1521],[-151.6854,-81.1625],[-151.9229,-81.1708],[-152.4062,-81.1708],[-152.7542,-81.15],[-153.2,-81.1396],[-153.4271,-81.1229],[-153.6646,-81.0896],[-153.8542,-81.0708],[-154.1812,-81.0563],[-154.7229,-81.0521],[-155.1167,-81.0625],[-155.6146,-81.0813],[-155.8938,-81.0958],[-156.3833,-81.1417],[-156.4333,-81.1542],[-156.6187,-81.1729],[-156.7833,-81.2187],[-157.0104,-81.2458],[-157.1375,-81.2729],[-157.113,-81.2953],[-157.1578,-81.3213],[-156.7604,-81.3771],[-156.6687,-81.3812],[-155.9,-81.3833],[-155.7208,-81.4021],[-155.4021,-81.4271],[-155.1687,-81.4583],[-154.9042,-81.5021],[-154.8542,-81.5312],[-154.6083,-81.5396],[-154.3318,-81.5797],[-154.2958,-81.6083],[-154.0193,-81.6474],[-154.0125,-81.6687],[-153.8292,-81.6792],[-153.6859,-81.7453],[-153.7813,-81.7854],[-153.9229,-81.8],[-154.3458,-81.8208],[-154.4266,-81.8318],[-154.5417,-81.8854],[-154.8224,-81.9339],[-154.8229,-81.9604],[-154.5312,-81.9958],[-154.4729,-82.0083],[-154.2021,-82.0396],[-154.1208,-82.0667],[-154.2521,-82.0979],[-154.2271,-82.1229],[-153.9354,-82.1604],[-153.7083,-82.2146],[-153.3479,-82.2708],[-153.0979,-82.3187],[-152.8464,-82.3901],[-152.8537,-82.4057],[-152.7563,-82.4354],[-152.6313,-82.4521],[-152.6849,-82.4849],[-152.5276,-82.537],[-152.5979,-82.5646],[-153.0479,-82.6208],[-153.0938,-82.6312],[-153.5146,-82.6583],[-153.7708,-82.6792],[-154.1354,-82.7146],[-154.3042,-82.7354],[-154.6438,-82.7542],[-154.9146,-82.7771],[-155.0703,-82.8026],[-155.0838,-82.8568],[-155.1979,-82.8938],[-155.4438,-82.9333],[-155.5078,-82.9641],[-155.4401,-83.012],[-155.5562,-83.0417],[-155.8042,-83.0667],[-155.9563,-83.075],[-156.2812,-83.075],[-156.4167,-83.0687],[-156.7667,-83.0667],[-157.4083,-83.0479],[-157.7667,-83.0729],[-158.0271,-83.1083],[-158.4771,-83.1208],[-158.5703,-83.1359],[-158.4854,-83.1604],[-158.2917,-83.1687],[-157.7625,-83.1708],[-157.4896,-83.175],[-157.325,-83.1937],[-157.0646,-83.2063],[-156.9089,-83.2276],[-157.0813,-83.25],[-157.2771,-83.2958],[-157.5307,-83.3651],[-157.525,-83.3854],[-157.7208,-83.4104],[-157.9458,-83.4229],[-158.5875,-83.4458],[-158.9125,-83.4521],[-159.0391,-83.4714],[-159.0958,-83.5333],[-159.2312,-83.5479],[-159.4229,-83.5521],[-160.0937,-83.4854],[-160.3813,-83.4958],[-160.5042,-83.5125],[-160.775,-83.5229],[-161.0813,-83.4979],[-161.3708,-83.4979],[-161.4417,-83.5146],[-161.7396,-83.5083],[-162.025,-83.5292],[-162.15,-83.5292],[-162.4708,-83.4771],[-162.263,-83.462],[-162.3396,-83.425],[-162.5771,-83.4125],[-162.8104,-83.3917],[-162.8167,-83.3292],[-163.1354,-83.3167],[-163.2708,-83.3396],[-163.4812,-83.3375],[-163.5937,-83.3646],[-163.8375,-83.3667],[-164.1417,-83.3958],[-164.212,-83.4266],[-164.113,-83.5141],[-164.2146,-83.5229],[-164.6125,-83.5125],[-164.7141,-83.4901],[-164.6568,-83.463],[-164.7255,-83.4089],[-164.7922,-83.3838],[-164.9333,-83.3583],[-164.9828,-83.2859],[-164.8213,-83.2588],[-165.0542,-83.1979],[-165.2458,-83.1979],[-165.4,-83.1875],[-165.625,-83.1896],[-165.8042,-83.1708],[-166.4146,-83.1875],[-166.5979,-83.2042],[-167.2292,-83.2042],[-167.5583,-83.2312],[-167.6458,-83.2146],[-167.8271,-83.2063],[-168.0328,-83.2109],[-168.0005,-83.2328],[-168.1771,-83.2625],[-168.7542,-83.2458],[-168.9958,-83.25],[-169.1854,-83.2604],[-169.6729,-83.2417],[-169.5146,-83.3083],[-169.7875,-83.3],[-169.9771,-83.2812],[-170.15,-83.2542],[-170.2917,-83.2458],[-170.7146,-83.2021],[-170.8182,-83.1578],[-170.8297,-83.1234],[-170.9193,-83.063],[-171.0859,-83.0234],[-171.4875,-82.9375],[-171.9125,-82.9021],[-172.1917,-82.8688],[-172.5229,-82.8729],[-172.6068,-82.9016],[-172.725,-82.9187],[-172.9917,-82.925],[-173.3292,-82.9],[-173.5292,-82.8667],[-173.6,-82.8458],[-173.8792,-82.7958],[-174.125,-82.7688],[-174.3354,-82.7562],[-174.3724,-82.7766],[-174.2807,-82.8349],[-174.1214,-82.8859],[-173.8062,-82.9563],[-173.5396,-82.9875],[-173.0042,-83.0687],[-172.6562,-83.1125],[-172.2208,-83.1521],[-172.1083,-83.1729],[-171.8229,-83.1979],[-171.3854,-83.2104],[-171.0937,-83.2396],[-171.1458,-83.2458],[-171.6458,-83.2208],[-171.7833,-83.2229],[-171.4792,-83.2562],[-170.8646,-83.2896],[-170.7292,-83.3104],[-170.2542,-83.3437],[-169.9667,-83.3771],[-169.3859,-83.4172],[-169.3917,-83.4375],[-169.2375,-83.4521],[-168.9062,-83.4604],[-169.0562,-83.4771],[-169.0599,-83.5057],[-168.8437,-83.525],[-168.5646,-83.5312],[-168.5047,-83.563],[-168.6266,-83.6026],[-168.6141,-83.6224],[-168.3979,-83.6646],[-168.3542,-83.6958],[-168.0688,-83.7208],[-167.7688,-83.7167],[-167.6562,-83.7417],[-167.8938,-83.75],[-168.0641,-83.7776],[-167.9917,-83.7937],[-167.6833,-83.8187],[-167.3625,-83.8313],[-167.2229,-83.8167],[-167.6292,-83.7896],[-167.4729,-83.7729],[-167.0646,-83.8],[-166.9667,-83.8187],[-166.7292,-83.8063],[-166.3354,-83.8313],[-165.9146,-83.8104],[-165.85,-83.7833],[-165.5604,-83.7458],[-165.3813,-83.7708],[-164.8375,-83.8063],[-164.8083,-83.8292],[-164.6604,-83.8521],[-164.6042,-83.8792],[-164.3771,-83.9021],[-164.0375,-83.9208],[-163.9438,-83.9437],[-163.8958,-83.9792],[-164.0437,-83.9812],[-163.6812,-84.0396],[-163.6896,-84.05],[-163.9729,-84.0625],[-164.8958,-84.0604],[-165.0891,-84.0672],[-165.062,-84.1036],[-165.1375,-84.1396],[-164.7271,-84.1562],[-164.6542,-84.1792],[-164.3854,-84.1958],[-164.2063,-84.2187],[-164.2432,-84.2495],[-164.1042,-84.2604],[-164.1354,-84.2937],[-163.8437,-84.3063],[-163.6292,-84.3229],[-163.1125,-84.3417],[-163.013,-84.3641],[-163.2792,-84.3708],[-163.4917,-84.3667],[-163.6083,-84.3771],[-164.2063,-84.3708],[-164.4479,-84.3854],[-165.0021,-84.3667],[-165.3437,-84.3625],[-165.512,-84.3818],[-165.4958,-84.3979],[-166.0312,-84.375],[-166.1792,-84.3583],[-166.4266,-84.363],[-166.3396,-84.3833],[-166.0229,-84.4],[-165.7604,-84.4062],[-165.4,-84.4354],[-165.1896,-84.4354],[-165.0979,-84.4187],[-164.3854,-84.4104],[-164.0729,-84.4208],[-163.9521,-84.4146],[-163.6,-84.4333],[-163.5625,-84.4563],[-163.2646,-84.4792],[-163.2875,-84.4938],[-163.5875,-84.4938],[-164.0042,-84.475],[-164.0583,-84.4979],[-163.8667,-84.5083],[-163.85,-84.5458],[-163.6479,-84.55],[-163.5125,-84.5646],[-163.1792,-84.5792],[-162.675,-84.5896],[-162.4937,-84.6042],[-161.6938,-84.6271],[-161.2125,-84.6438],[-160.6854,-84.65],[-160.5188,-84.6646],[-160.1271,-84.6792],[-159.6187,-84.7125],[-159.3875,-84.7146],[-159.1083,-84.7354],[-158.8229,-84.7396],[-158.3938,-84.7562],[-158.2208,-84.7688],[-158.3271,-84.7979],[-157.6292,-84.8021],[-157.3208,-84.7937],[-156.8667,-84.7937],[-156.5625,-84.8187],[-155.8938,-84.825],[-155.6479,-84.8458],[-155.8828,-84.8568],[-155.6792,-84.8792],[-156.1182,-84.8776],[-155.8771,-84.9042],[-156.3417,-84.9042],[-156.4833,-84.8958],[-156.9354,-84.8917],[-157.1167,-84.8958],[-157.5562,-84.8875],[-157.5958,-84.9],[-157.2083,-84.9271],[-156.9583,-84.9875],[-156.9438,-85.0062],[-156.7271,-85.0375],[-156.2521,-85.0646],[-155.9,-85.0896],[-155.6812,-85.1188],[-155.6771,-85.1354],[-155.9292,-85.1458],[-155.9167,-85.1729],[-156.3208,-85.175],[-156.7396,-85.1833],[-156.8396,-85.2],[-156.0937,-85.2063],[-155.9651,-85.2151],[-156.2271,-85.2354],[-156.675,-85.2271],[-156.9646,-85.2312],[-157.6562,-85.2021],[-158.2146,-85.1562],[-158.3583,-85.1062],[-158.5828,-85.1057],[-158.675,-85.1333],[-158.8604,-85.075],[-159.0792,-85.0396],[-159.6792,-84.975],[-160.2667,-84.9396],[-160.7583,-84.9313],[-161.1104,-84.9104],[-161.3833,-84.9146],[-162.1104,-84.8812],[-162.7458,-84.8771],[-162.8745,-84.8838],[-162.8729,-84.9125],[-163.1271,-84.9125],[-163.7354,-84.8875],[-163.9646,-84.8896],[-164.2604,-84.8667],[-164.8,-84.8479],[-165.3313,-84.8167],[-166.2146,-84.7917],[-166.4646,-84.7917],[-166.6812,-84.8021],[-166.7604,-84.8187],[-166.9396,-84.8187],[-167.3417,-84.8604],[-167.5578,-84.8505],[-167.4505,-84.8193],[-167.7646,-84.8021],[-168.0896,-84.7708],[-168.1557,-84.7224],[-168.1193,-84.712],[-168.1854,-84.6625],[-168.2646,-84.6458],[-168.7354,-84.6396],[-168.9271,-84.625],[-169.125,-84.625],[-169.6708,-84.6021],[-170.925,-84.5563],[-171.2667,-84.525],[-171.5688,-84.5229],[-171.6979,-84.5333],[-172.1854,-84.5083],[-172.3396,-84.4958],[-173.0063,-84.475],[-173.3125,-84.4542],[-173.6917,-84.4375],[-174.1021,-84.4417],[-174.4667,-84.4229],[-175.2104,-84.4187],[-175.1375,-84.4396],[-175.2042,-84.4917],[-175.4438,-84.5021],[-175.9042,-84.5458],[-176.0437,-84.4875],[-176.3333,-84.4667],[-176.4911,-84.4432],[-176.4563,-84.425],[-176.1729,-84.4104],[-176.1208,-84.3938],[-176.4937,-84.3875],[-176.8313,-84.3729],[-176.9958,-84.3729],[-177.2604,-84.4062],[-177.5271,-84.3979],[-177.7125,-84.4146],[-177.9891,-84.3891],[-177.9714,-84.3682],[-178.1729,-84.3396],[-178.2333,-84.3083],[-178.3521,-84.3],[-178.6979,-84.3125],[-178.8854,-84.3125],[-179.0917,-84.3271],[-179.3042,-84.3292],[-179.4292,-84.3437],[-179.9125,-84.3625],[-180,-85.7625],[-180,-90],[180,-90],[180,-85.7625],[179.95,-84.3396],[179.7396,-84.3396],[179.6026,-84.313],[179.7849,-84.2901],[179.675,-84.2521],[179.4734,-84.2224],[179.4792,-84.2104],[179.125,-84.1875],[178.8979,-84.1854],[178.7958,-84.1687],[178.5979,-84.1771],[178.4312,-84.1708],[178.3495,-84.1307],[177.8875,-84.1125],[177.7437,-84.0875],[177.5833,-84.0875],[177.5417,-84.0625],[177.3062,-84.0687],[176.9417,-84.0104],[176.525,-83.9771],[176.4125,-83.9604],[176.0104,-83.9521],[175.6646,-83.9604],[175.3896,-83.9792],[175.1479,-83.9583],[175.3875,-83.9292],[175.4203,-83.9047],[175.2083,-83.8708],[175.0917,-83.8625],[174.9833,-83.8375],[174.8292,-83.8292],[174.5417,-83.8417],[174.1771,-83.8812],[173.9458,-83.8812],[173.8646,-83.8583],[173.5333,-83.8917],[173.3,-83.8625],[173.4505,-83.8276],[173.7146,-83.7833],[173.7104,-83.7625],[173.5958,-83.7521],[173.3125,-83.7583],[173.3266,-83.7338],[172.7021,-83.6646],[172.3417,-83.6792],[172.2604,-83.6979],[172.05,-83.7187],[171.9396,-83.7104],[171.9063,-83.6854],[172.0354,-83.675],[172.0021,-83.6542],[171.875,-83.6479],[171.9688,-83.6229],[171.7875,-83.6146],[171.7495,-83.5943],[171.5313,-83.5813],[171.3125,-83.5521],[171.1667,-83.5563],[170.9276,-83.5432],[171.0271,-83.5271],[171.2104,-83.5333],[171.4854,-83.5271],[171.5646,-83.4979],[171.4042,-83.4729],[171.2292,-83.4646],[171.2307,-83.4495],[171.05,-83.4333],[170.7667,-83.4229],[170.7354,-83.45],[170.5375,-83.45],[170.4214,-83.4651],[170.4104,-83.4896],[170.1943,-83.4807],[170.0818,-83.4495],[170.0979,-83.4042],[169.8604,-83.3708],[169.6089,-83.3714],[169.5516,-83.4474],[169.3609,-83.4276],[169.4266,-83.3734],[169.4245,-83.3464],[169.0083,-83.3542],[168.7083,-83.3958],[168.55,-83.3583],[168.1167,-83.3667],[167.9688,-83.35],[167.8979,-83.3021],[167.3771,-83.2625],[167.1151,-83.2349],[166.9964,-83.2089],[167.0813,-83.1937],[167.3354,-83.2],[167.6187,-83.2479],[167.8792,-83.25],[167.9812,-83.2312],[168.0938,-83.2542],[168.3979,-83.2688],[168.5286,-83.2359],[168.2708,-83.2292],[168.0609,-83.1984],[168.2104,-83.1896],[168.7688,-83.1896],[168.8667,-83.1479],[168.7625,-83.0875],[168.6521,-83.0792],[168.5693,-83.0453],[168.6438,-83.0021],[168.3979,-82.9958],[168.3021,-82.9792],[168.0625,-82.9625],[168.0016,-82.9974],[167.7792,-83.0437],[167.5776,-83.0578],[167.525,-83.0333],[167.4109,-83.0307],[167.4646,-82.9812],[167.0396,-82.9667],[167.1875,-82.9521],[167.3687,-82.9542],[167.3917,-82.925],[167.2208,-82.9125],[167.1812,-82.8979],[167.3188,-82.8708],[167.3411,-82.8234],[167.1708,-82.7875],[166.9604,-82.7604],[166.7854,-82.7583],[166.5026,-82.7776],[166.4375,-82.7604],[166.5203,-82.7026],[166.2,-82.6417],[166.0646,-82.6542],[165.9354,-82.6312],[165.6708,-82.625],[165.3729,-82.6],[165.4891,-82.5328],[165.5604,-82.5104],[165.5208,-82.4917],[165.3708,-82.4667],[165.3828,-82.4505],[165.2417,-82.3896],[164.9625,-82.3917],[164.7063,-82.3542],[164.6583,-82.3354],[164.4771,-82.3729],[164.2688,-82.3896],[163.9312,-82.4083],[163.2813,-82.4229],[163.1339,-82.438],[163.2458,-82.475],[163.4599,-82.5276],[163.3458,-82.5437],[163.1667,-82.5167],[163.0875,-82.5417],[162.9417,-82.5354],[162.8125,-82.4958],[162.7083,-82.4792],[162.4604,-82.4771],[162.3438,-82.4896],[162.0292,-82.4896],[161.8833,-82.5],[161.4167,-82.5062],[161.1917,-82.5042],[161.0917,-82.5167],[160.8354,-82.5],[160.6276,-82.4328],[160.7063,-82.4042],[160.9667,-82.3792],[160.9875,-82.3667],[161.2125,-82.3437],[161.3979,-82.3437],[161.4354,-82.3313],[161.6771,-82.3354],[161.7854,-82.3063],[161.9333,-82.3104],[162.1,-82.2917],[162.1979,-82.2688],[162.5333,-82.2708],[162.6333,-82.2667],[162.9854,-82.2688],[163.1646,-82.2625],[163.2479,-82.2479],[163.3938,-82.2562],[163.6083,-82.2542],[163.8,-82.2375],[163.8911,-82.2141],[163.8792,-82.1833],[163.6422,-82.1557],[163.7771,-82.1292],[163.6021,-82.1271],[163.4609,-82.1047],[163.4042,-82.0813],[163.2088,-82.0432],[163.2328,-82.0245],[163.0401,-81.9995],[162.9083,-81.9521],[162.9245,-81.9276],[162.8625,-81.9167],[162.6563,-81.9208],[162.7125,-81.8875],[162.9979,-81.8938],[163.0958,-81.8729],[163.0745,-81.8464],[162.85,-81.8063],[162.7589,-81.8193],[162.7667,-81.8458],[162.6062,-81.8354],[162.2917,-81.8521],[162.3188,-81.8208],[162.4417,-81.8146],[162.4167,-81.7917],[162.6099,-81.7557],[162.5042,-81.75],[162.4912,-81.6932],[162.3667,-81.6646],[162.2521,-81.6542],[161.9208,-81.6396],[161.9604,-81.6167],[161.5646,-81.6083],[161.4958,-81.5854],[161.5953,-81.5734],[161.4146,-81.55],[161.1604,-81.5604],[161.0318,-81.5422],[161.2937,-81.5],[161.4854,-81.4938],[161.5266,-81.4443],[161.4479,-81.4292],[161.1458,-81.4375],[160.9875,-81.45],[160.8505,-81.4297],[161.012,-81.4141],[161.0609,-81.3901],[160.8979,-81.3583],[160.7583,-81.3521],[160.5896,-81.3625],[160.3917,-81.3917],[160.3068,-81.3838],[160.425,-81.325],[160.5688,-81.3104],[160.3537,-81.2984],[160.2713,-81.2745],[160.2849,-81.2547],[160.1687,-81.2271],[160.225,-81.2167],[160.5646,-81.2312],[160.7542,-81.2562],[160.9937,-81.2667],[161.1146,-81.25],[161.1042,-81.2167],[160.9042,-81.225],[160.7542,-81.2187],[160.8141,-81.1755],[160.7333,-81.1687],[160.6521,-81.1229],[160.7875,-81.1208],[160.8224,-81.1047],[160.7375,-81.0792],[160.5755,-81.0557],[160.6182,-81.0255],[160.5568,-81.013],[160.7333,-80.9958],[160.9542,-80.9875],[160.8625,-80.9479],[160.7792,-80.9354],[160.8724,-80.9161],[160.5958,-80.8917],[160.5958,-80.8688],[160.4979,-80.8688],[160.3208,-80.85],[159.9146,-80.8458],[159.7667,-80.8271],[159.5354,-80.8542],[159.5766,-80.8182],[159.5583,-80.7708],[159.7479,-80.7937],[160.0932,-80.7953],[160.1208,-80.7771],[160.2708,-80.7792],[160.6146,-80.8063],[160.7521,-80.8],[161.0375,-80.8083],[161.275,-80.7979],[161.3417,-80.7854],[161.1979,-80.7667],[161.0151,-80.762],[161.1354,-80.7292],[161.1255,-80.6901],[161.2036,-80.6807],[161.1833,-80.6375],[161.0651,-80.6432],[160.9375,-80.6125],[160.7771,-80.6104],[160.5854,-80.6458],[160.4521,-80.6583],[160.3146,-80.6813],[160.1938,-80.6792],[160.0771,-80.6583],[159.8354,-80.6438],[159.8313,-80.6167],[159.7568,-80.5766],[159.9083,-80.5521],[160.0646,-80.5854],[160.1583,-80.5875],[160.3562,-80.5583],[160.6542,-80.5437],[160.5745,-80.4838],[160.7146,-80.4729],[160.9292,-80.5229],[161.0432,-80.5016],[160.8995,-80.4318],[160.7708,-80.3792],[160.5375,-80.3958],[160.4229,-80.3896],[160,-80.4],[159.8896,-80.3958],[159.7083,-80.425],[159.5479,-80.4313],[159.4292,-80.425],[159.2437,-80.4417],[159.0458,-80.4479],[158.7979,-80.4687],[158.6083,-80.4771],[158.5042,-80.4542],[158.2229,-80.4542],[158.1484,-80.437],[158.1896,-80.4125],[158.4563,-80.3792],[158.4812,-80.3562],[158.7292,-80.3333],[158.7974,-80.2828],[158.763,-80.2662],[159.1771,-80.2208],[159.2813,-80.2167],[159.6938,-80.1625],[159.8979,-80.1396],[160.15,-80.125],[160.4458,-80.0875],[160.7104,-80.0625],[160.7521,-80.05],[160.9417,-80.025],[161.3208,-79.9646],[161.3938,-79.9458],[161.4641,-79.9005],[161.3458,-79.8792],[161.2568,-79.8859],[161.2333,-79.9042],[160.8521,-79.9583],[160.8083,-79.9583],[160.6875,-79.9208],[160.5979,-79.9167],[160.4479,-79.8938],[160.3562,-79.8604],[160.1917,-79.8771],[160.1083,-79.9021],[159.9,-79.9229],[159.7042,-79.9208],[159.5208,-79.8729],[159.6458,-79.8521],[159.6333,-79.8125],[159.7792,-79.7771],[159.9625,-79.7792],[160.0896,-79.7729],[160.3813,-79.7063],[160.5333,-79.6813],[160.7708,-79.65],[160.8245,-79.6286],[160.7583,-79.6167],[160.4937,-79.65],[160.1604,-79.6479],[160.0896,-79.6562],[159.8338,-79.6578],[159.837,-79.6464],[159.7109,-79.6141],[159.737,-79.5776],[159.7099,-79.5568],[159.6172,-79.5339],[159.6833,-79.525],[159.8458,-79.5458],[159.9063,-79.5458],[160,-79.575],[160.1917,-79.575],[160.1958,-79.5479],[160.4229,-79.5229],[160.4953,-79.4953],[160.4588,-79.4797],[160.5479,-79.4563],[160.6833,-79.4458],[160.7312,-79.4667],[160.9521,-79.4812],[161.0557,-79.4589],[160.9563,-79.4208],[160.7104,-79.4229],[160.6208,-79.3771],[160.7474,-79.3495],[160.6229,-79.3125],[160.4255,-79.3026],[160.4521,-79.275],[160.512,-79.2641],[160.5245,-79.2359],[160.4932,-79.2005],[160.3922,-79.1703],[160.4792,-79.1458],[160.6583,-79.1104],[160.7536,-79.0787],[160.7016,-79.0422],[160.9563,-79.0604],[161.1313,-79.0583],[161.1214,-79.0234],[161.2042,-78.9625],[161.225,-78.9146],[161.3583,-78.9167],[161.4109,-78.9578],[161.4995,-78.9818],[161.4964,-79.0224],[161.6,-79.0458],[161.8854,-79.0729],[162.0292,-79.0792],[162.0203,-79.0297],[161.9026,-79.0016],[161.8891,-78.9651],[161.813,-78.9495],[161.8078,-78.9151],[161.6438,-78.8708],[161.7349,-78.8599],[161.7182,-78.8172],[161.5224,-78.7953],[161.5703,-78.763],[161.4859,-78.7286],[161.4745,-78.7016],[161.4109,-78.6578],[161.3687,-78.5854],[161.5016,-78.5391],[161.5104,-78.5146],[161.7245,-78.5182],[161.7979,-78.4833],[161.8766,-78.513],[161.7547,-78.6099],[161.8146,-78.6417],[161.9745,-78.6734],[161.9917,-78.6979],[162.0786,-78.7214],[162.113,-78.7578],[162.2104,-78.7771],[162.3104,-78.7771],[162.3542,-78.7979],[162.4792,-78.7792],[162.5307,-78.7932],[162.4484,-78.8297],[162.4891,-78.8484],[162.4547,-78.8807],[162.4896,-78.9],[162.5661,-78.9047],[162.5297,-78.9297],[162.6792,-78.95],[162.8104,-78.9292],[162.8401,-78.9026],[162.9162,-78.8734],[162.8818,-78.8557],[162.8958,-78.8146],[163.0099,-78.7859],[163.0422,-78.7359],[163.175,-78.7333],[163.4557,-78.7484],[163.4667,-78.7833],[163.5641,-78.7682],[163.5443,-78.7464],[163.6776,-78.7224],[163.7813,-78.7375],[163.9146,-78.7375],[163.9896,-78.7083],[163.9755,-78.6891],[164.0896,-78.6771],[164.1542,-78.6583],[164.2667,-78.6604],[164.3146,-78.625],[164.4833,-78.5896],[164.6062,-78.5958],[164.9604,-78.5937],[165.2292,-78.6146],[165.3083,-78.5979],[165.4583,-78.5937],[165.4438,-78.5646],[165.6583,-78.5687],[165.7604,-78.55],[166.0208,-78.5604],[166.1724,-78.5818],[166.3724,-78.6505],[166.4047,-78.6807],[166.5229,-78.7083],[166.7521,-78.7229],[166.8938,-78.7083],[167.0271,-78.7104],[167.1812,-78.6896],[167.2453,-78.6443],[167.2245,-78.5984],[167.1672,-78.5787],[167.1682,-78.5589],[167.0292,-78.5021],[166.8333,-78.5042],[166.7,-78.5],[166.55,-78.5062],[166.3521,-78.4729],[166.1583,-78.4729],[166.0042,-78.4583],[165.7922,-78.4224],[165.6839,-78.3776],[165.7458,-78.35],[165.7641,-78.3057],[165.6667,-78.2583],[165.5417,-78.2542],[165.4146,-78.2167],[165.3359,-78.2057],[165.5125,-78.1542],[165.5849,-78.1391],[165.6224,-78.0828],[165.5703,-78.0339],[165.4812,-78.0188],[165.3984,-78.0255],[165.3724,-78.0557],[165.2042,-78.1229],[165.1401,-78.162],[165.2271,-78.1896],[165.137,-78.2214],[165.1245,-78.2495],[164.9667,-78.2667],[164.7833,-78.2958],[164.7229,-78.2979],[164.6938,-78.3271],[164.5396,-78.3208],[164.4438,-78.2854],[164.3276,-78.2703],[164.1479,-78.2083],[163.9208,-78.2333],[163.9526,-78.1922],[164.0917,-78.1542],[164.2161,-78.1391],[164.2271,-78.1188],[164.3917,-78.0917],[164.4328,-78.0693],[164.3464,-78.0339],[164.5141,-78.0141],[164.5412,-77.9537],[164.5333,-77.9187],[164.5724,-77.9068],[164.5516,-77.8755],[164.4812,-77.8521],[164.3083,-77.8521],[164.0813,-77.8583],[163.8562,-77.8583],[163.7937,-77.8792],[163.713,-77.8724],[163.7396,-77.8354],[163.8958,-77.8063],[164.1896,-77.8063],[164.2458,-77.8],[164.2287,-77.7755],[164.0646,-77.7458],[163.9255,-77.7141],[163.9182,-77.7005],[163.6271,-77.7167],[163.4734,-77.7161],[163.4932,-77.6943],[163.4542,-77.6667],[163.6979,-77.6458],[163.7042,-77.6062],[163.5109,-77.5609],[163.5938,-77.5458],[163.7563,-77.5354],[163.8537,-77.5057],[163.8453,-77.4838],[163.7484,-77.4557],[163.7625,-77.4333],[163.7104,-77.3938],[163.6187,-77.3958],[163.5255,-77.3724],[163.5557,-77.338],[163.5391,-77.3068],[163.5005,-77.2911],[163.4703,-77.2422],[163.413,-77.2266],[163.3807,-77.1797],[163.2297,-77.1453],[163.2036,-77.113],[163.1151,-77.0828],[163.162,-77.0443],[163.0479,-77.0167],[162.925,-77.0229],[162.8167,-77.0104],[162.6896,-77.0292],[162.6807,-77.0068],[162.5167,-77.0062],[162.4109,-77.0172],[162.3771,-76.9896],[162.5271,-76.9687],[162.4771,-76.9542],[162.3271,-76.9479],[162.5703,-76.9266],[162.5172,-76.8724],[162.5828,-76.862],[162.5943,-76.8255],[162.638,-76.8172],[162.9057,-76.8411],[162.9787,-76.7703],[162.9318,-76.7443],[162.9766,-76.7255],[162.8354,-76.6667],[162.7083,-76.6521],[162.4818,-76.6536],[162.4214,-76.6432],[162.4422,-76.6047],[162.4875,-76.5958],[162.488,-76.5693],[162.575,-76.5354],[162.6875,-76.55],[162.8641,-76.4828],[162.8932,-76.4453],[162.8453,-76.4026],[162.7088,-76.3641],[162.7328,-76.3213],[162.7891,-76.2849],[162.7766,-76.2359],[162.7063,-76.225],[162.6146,-76.2354],[162.5688,-76.2146],[162.4438,-76.2292],[162.3568,-76.2609],[162.1672,-76.2516],[162.1662,-76.2089],[162.0838,-76.1963],[162.1005,-76.1797],[162.1958,-76.1479],[162.4125,-76.1479],[162.4333,-76.125],[162.3146,-76.1125],[162.3068,-76.1005],[162.3938,-76.0875],[162.475,-76.1167],[162.5542,-76.0896],[162.7245,-76.0807],[162.7266,-76.0443],[162.6922,-76.012],[162.7266,-75.9766],[162.5708,-75.9479],[162.5318,-75.9328],[162.5833,-75.9083],[162.7771,-75.9083],[162.7943,-75.8755],[162.9036,-75.8255],[162.8495,-75.7943],[162.7604,-75.7854],[162.6875,-75.7667],[162.4922,-75.7474],[162.4917,-75.7104],[162.4271,-75.7125],[162.288,-75.6901],[162.312,-75.6734],[162.2047,-75.6412],[162.237,-75.6078],[162.2042,-75.5896],[162.0464,-75.5911],[162.0213,-75.5589],[162.1333,-75.5396],[162.2667,-75.5458],[162.3161,-75.5162],[162.2755,-75.4828],[162.262,-75.438],[162.2318,-75.4286],[162.2104,-75.3896],[162.1375,-75.3812],[161.8438,-75.375],[161.7292,-75.3604],[161.5667,-75.3625],[161.4396,-75.3708],[161.2771,-75.3708],[161.1104,-75.3792],[160.9125,-75.4375],[160.8271,-75.4292],[160.7542,-75.4062],[160.6396,-75.4042],[160.5818,-75.3797],[160.7224,-75.3641],[160.725,-75.3479],[160.8141,-75.3349],[160.8458,-75.3063],[160.9229,-75.3021],[161.0042,-75.2833],[161.4271,-75.2854],[161.5557,-75.2724],[161.587,-75.2516],[161.588,-75.2193],[161.7063,-75.1937],[161.8333,-75.1937],[161.9354,-75.2417],[162.0938,-75.2625],[162.3104,-75.2708],[162.4312,-75.2562],[162.4708,-75.2438],[162.5724,-75.2391],[162.6662,-75.1859],[162.6578,-75.1609],[162.6062,-75.1521],[162.5422,-75.1068],[162.65,-75.0958],[162.6911,-75.0547],[162.6187,-75.0312],[162.7563,-75.0208],[162.787,-74.9995],[162.7458,-74.9729],[162.6354,-74.9542],[162.5604,-74.9563],[162.4818,-74.9432],[162.4339,-74.912],[162.462,-74.8912],[162.3651,-74.8443],[162.4125,-74.8354],[162.5021,-74.8708],[162.6162,-74.8495],[162.5943,-74.8318],[162.6328,-74.7995],[162.5651,-74.7568],[162.6354,-74.7354],[162.7578,-74.7224],[162.8068,-74.6713],[162.8474,-74.6557],[162.8016,-74.613],[162.8333,-74.6021],[162.9432,-74.6047],[162.987,-74.6651],[162.9818,-74.687],[163.0599,-74.7037],[163.1026,-74.6359],[163.2182,-74.5891],[163.2703,-74.5411],[163.2109,-74.4995],[163.1854,-74.4479],[163.0979,-74.4479],[163.0693,-74.4349],[163.1083,-74.4104],[163.25,-74.4146],[163.3495,-74.3932],[163.4146,-74.35],[163.5359,-74.3432],[163.5578,-74.3588],[163.5557,-74.3953],[163.5089,-74.4557],[163.5771,-74.4417],[163.6609,-74.4755],[163.638,-74.5339],[163.6641,-74.5713],[163.6547,-74.6099],[163.7453,-74.612],[163.7833,-74.6292],[163.8521,-74.6083],[163.9083,-74.6042],[163.9599,-74.5828],[163.9208,-74.5583],[164.0604,-74.5563],[164.1891,-74.537],[164.3292,-74.4938],[164.4875,-74.5667],[164.5646,-74.575],[164.7833,-74.5708],[164.8667,-74.5854],[164.9021,-74.5646],[165.1,-74.5583],[165.1292,-74.5271],[165.2057,-74.5359],[165.2172,-74.5516],[165.2995,-74.5734],[165.3568,-74.6203],[165.4224,-74.6432],[165.4578,-74.5901],[165.4396,-74.575],[165.487,-74.4964],[165.4563,-74.4833],[165.2813,-74.4667],[165.2401,-74.4474],[165.2412,-74.4255],[165.113,-74.3766],[165.1005,-74.3443],[165.1391,-74.3255],[165.0776,-74.3099],[165.0849,-74.2901],[165.0604,-74.2521],[164.9896,-74.2354],[164.9104,-74.2354],[164.8526,-74.2203],[164.8526,-74.2005],[164.8953,-74.1776],[164.813,-74.1484],[164.8896,-74.1312],[164.8193,-74.1078],[164.813,-74.088],[164.8703,-74.0828],[164.8432,-74.0505],[164.7464,-74.0151],[164.7188,-74.0437],[164.6547,-74.0432],[164.6807,-74.012],[164.5917,-74.0208],[164.5911,-73.9818],[164.525,-73.9604],[164.4141,-73.9453],[164.4604,-73.9271],[164.5708,-73.925],[164.6521,-73.9354],[164.6917,-73.95],[164.7917,-73.9583],[164.862,-73.9755],[164.8776,-73.9932],[164.9958,-74.0167],[165.0703,-74.0234],[165.0464,-74.0453],[165.125,-74.0625],[165.2437,-74.0521],[165.3016,-74.0276],[165.2401,-74.012],[165.2042,-73.9875],[165.0958,-73.9792],[165.0042,-73.9812],[164.9354,-73.9563],[164.863,-73.9411],[164.9162,-73.9203],[164.9495,-73.8901],[164.8568,-73.8682],[164.8411,-73.8234],[164.7713,-73.8099],[164.7088,-73.7776],[164.7792,-73.7125],[164.8687,-73.7021],[164.8734,-73.6797],[164.9141,-73.6682],[164.9047,-73.6443],[164.9162,-73.5672],[164.8521,-73.5167],[164.8854,-73.5083],[164.8953,-73.4609],[164.8604,-73.4563],[164.7208,-73.4167],[164.5729,-73.425],[164.475,-73.4021],[164.4401,-73.3745],[164.4953,-73.3516],[164.5271,-73.325],[164.5729,-73.325],[164.8229,-73.3729],[164.9375,-73.3917],[165.0495,-73.3766],[165.175,-73.3229],[165.2146,-73.3292],[165.3333,-73.3271],[165.3438,-73.3437],[165.2021,-73.3417],[165.1214,-73.3672],[165.0974,-73.3891],[165.0339,-73.412],[165.1391,-73.4693],[165.1505,-73.5266],[165.1776,-73.5661],[165.2266,-73.5839],[165.2412,-73.612],[165.2042,-73.6479],[165.213,-73.6745],[165.2495,-73.6901],[165.2312,-73.7229],[165.2536,-73.7682],[165.1839,-73.8339],[165.2109,-73.8745],[165.2792,-73.8938],[165.4063,-73.9],[165.475,-73.8958],[165.5229,-73.9083],[165.6458,-73.9187],[165.6797,-73.8984],[165.7813,-73.8708],[165.7146,-73.8667],[165.5896,-73.8229],[165.5901,-73.8026],[165.6896,-73.7979],[165.7958,-73.8208],[165.975,-73.8354],[165.9839,-73.8151],[166.0646,-73.8042],[166.1,-73.8146],[166.1766,-73.8078],[166.1526,-73.7901],[166.1964,-73.7536],[166.2563,-73.7521],[166.2912,-73.7266],[166.2646,-73.7083],[166.2042,-73.7083],[166.212,-73.6849],[166.1479,-73.65],[165.9812,-73.6229],[165.9479,-73.6125],[165.8271,-73.6042],[165.7958,-73.5833],[165.825,-73.5667],[166.0229,-73.5667],[166.2042,-73.5771],[166.2203,-73.5672],[166.1526,-73.5432],[166.0943,-73.4943],[166.1146,-73.4792],[166.2125,-73.4979],[166.3766,-73.5547],[166.4312,-73.5958],[166.4792,-73.5813],[166.5396,-73.5979],[166.6162,-73.5891],[166.6068,-73.5745],[166.6599,-73.5401],[166.6662,-73.5026],[166.7083,-73.4875],[166.7708,-73.4875],[166.837,-73.5193],[166.7818,-73.537],[166.8391,-73.5578],[166.9792,-73.5646],[167.0391,-73.5766],[167.0526,-73.5463],[167.0891,-73.5172],[167.0151,-73.4891],[166.988,-73.4651],[167.0562,-73.4583],[167.2047,-73.5016],[167.2729,-73.5312],[167.3188,-73.5333],[167.425,-73.5167],[167.3104,-73.4792],[167.2417,-73.4833],[167.2104,-73.4187],[167.2917,-73.4],[167.3958,-73.3896],[167.4729,-73.3958],[167.525,-73.4208],[167.6292,-73.4333],[167.7021,-73.4521],[167.7599,-73.438],[167.7099,-73.4026],[167.6255,-73.3807],[167.6151,-73.3609],[167.7,-73.3604],[167.825,-73.3792],[167.8354,-73.3437],[167.6917,-73.3396],[167.6375,-73.325],[167.5313,-73.3104],[167.4042,-73.3021],[167.2979,-73.3104],[167.3245,-73.2776],[167.1958,-73.2521],[167.0771,-73.2521],[166.9688,-73.2708],[166.8839,-73.3068],[166.8474,-73.3453],[166.8042,-73.3646],[166.738,-73.3464],[166.7484,-73.313],[166.787,-73.3016],[166.8662,-73.2224],[166.7443,-73.1828],[166.7026,-73.1328],[166.7333,-73.1188],[166.7703,-73.0693],[166.7479,-73.0583],[166.6354,-73.0354],[166.5813,-73.0396],[166.5026,-73.0182],[166.4771,-73],[166.3734,-72.9724],[166.3745,-72.9505],[166.3318,-72.9349],[166.3214,-72.9089],[166.4396,-72.9021],[166.55,-72.8812],[166.5807,-72.8838],[166.5193,-72.9307],[166.6354,-72.9771],[166.7333,-72.9896],[166.8286,-72.988],[166.8562,-73.0062],[166.9333,-73.0188],[167.0161,-73.0651],[167.0193,-73.0828],[167.0875,-73.1312],[167.1917,-73.1562],[167.3167,-73.1562],[167.5562,-73.1417],[167.5818,-73.1276],[167.662,-73.1151],[167.7,-73.1479],[167.8,-73.1521],[167.8479,-73.1271],[167.9828,-73.1391],[168.0042,-73.1208],[168.0828,-73.1172],[168.1375,-73.1479],[168.2083,-73.1375],[168.2786,-73.1484],[168.2917,-73.1646],[168.3938,-73.1583],[168.4057,-73.1078],[168.3932,-73.0797],[168.2786,-72.9922],[168.3083,-72.9729],[168.3875,-72.9646],[168.4833,-73.0021],[168.5682,-73.0193],[168.5693,-73.0432],[168.6646,-73.075],[168.725,-73.0729],[168.7849,-73.0859],[168.713,-73.1088],[168.7146,-73.1208],[168.8104,-73.1229],[168.8443,-73.1047],[168.9125,-73.0896],[169.0036,-73.1026],[168.9484,-73.1214],[168.937,-73.1412],[168.8776,-73.1672],[168.8714,-73.1891],[168.9224,-73.1984],[168.8984,-73.2172],[168.9208,-73.2417],[168.9812,-73.2396],[168.9776,-73.2641],[169.0104,-73.2729],[169.1187,-73.2646],[169.1667,-73.2792],[169.2224,-73.2766],[169.2495,-73.2453],[169.2557,-73.1713],[169.2234,-73.1432],[169.2245,-73.1172],[169.1714,-73.1099],[169.2005,-73.0859],[169.2521,-73.0729],[169.3745,-73.0818],[169.4354,-73.1021],[169.5583,-73.0958],[169.6099,-73.0703],[169.6307,-73.0443],[169.5818,-73.0224],[169.6057,-72.9901],[169.575,-72.9708],[169.6911,-72.9182],[169.7026,-72.8734],[169.7266,-72.8682],[169.8495,-72.8016],[169.8859,-72.763],[169.9224,-72.7474],[169.9182,-72.7172],[169.8375,-72.6958],[169.6521,-72.6646],[169.5688,-72.6708],[169.537,-72.687],[169.3963,-72.6661],[169.3974,-72.6266],[169.3766,-72.6026],[169.2729,-72.575],[169.1104,-72.575],[169.0021,-72.5854],[168.8708,-72.5813],[168.7813,-72.5375],[168.6672,-72.5162],[168.6599,-72.4922],[168.6187,-72.4854],[168.5099,-72.4359],[168.313,-72.3776],[168.3833,-72.3667],[168.4688,-72.3688],[168.5417,-72.3812],[168.6521,-72.3854],[168.6797,-72.3651],[168.75,-72.3688],[168.8104,-72.3833],[168.9104,-72.4187],[169.0495,-72.4568],[169.1208,-72.4896],[169.2979,-72.4896],[169.3958,-72.4583],[169.4667,-72.4917],[169.5688,-72.5188],[169.6083,-72.5021],[169.6687,-72.5167],[169.6854,-72.5437],[169.8208,-72.5542],[169.8958,-72.5542],[169.9333,-72.5708],[170.012,-72.5734],[170.0172,-72.5932],[170.1563,-72.6208],[170.2495,-72.612],[170.2891,-72.5661],[170.2833,-72.5375],[170.3068,-72.4568],[170.3578,-72.4411],[170.3234,-72.4286],[170.3286,-72.3797],[170.2563,-72.3146],[170.1276,-72.3464],[170.0474,-72.4016],[169.8896,-72.4354],[169.8417,-72.425],[169.8693,-72.388],[169.9099,-72.3766],[169.938,-72.3297],[169.9932,-72.3161],[170.012,-72.2943],[169.8896,-72.2667],[169.8271,-72.2667],[169.7568,-72.2411],[169.7693,-72.2193],[169.875,-72.2083],[169.9276,-72.1818],[170.0146,-72.1792],[170.0318,-72.1422],[170.0766,-72.1109],[170.0807,-72.0797],[170.0516,-72.0578],[170.0646,-72.0188],[170.1693,-72.0432],[170.237,-71.9953],[170.2557,-71.9484],[170.2188,-71.9375],[170.1438,-71.9375],[170.1714,-71.8974],[170.2682,-71.8682],[170.2937,-71.8125],[170.3703,-71.8151],[170.388,-71.8474],[170.4495,-71.8651],[170.438,-71.8891],[170.5266,-71.8964],[170.5443,-71.9255],[170.5854,-71.9479],[170.5359,-71.9547],[170.5417,-71.9979],[170.6099,-72.0016],[170.6193,-71.9734],[170.7063,-71.9667],[170.7708,-71.9521],[170.8797,-71.8901],[170.9432,-71.8682],[170.9667,-71.8354],[170.8401,-71.7911],[170.8766,-71.7568],[170.8354,-71.7521],[170.7854,-71.7167],[170.775,-71.6958],[170.6651,-71.6932],[170.6891,-71.662],[170.6443,-71.6349],[170.5932,-71.5713],[170.5422,-71.5474],[170.5203,-71.513],[170.3995,-71.4026],[170.3276,-71.3578],[170.3141,-71.3234],[170.2708,-71.2937],[170.1964,-71.3026],[170.225,-71.3688],[170.2995,-71.4172],[170.3286,-71.4672],[170.3568,-71.537],[170.2818,-71.5755],[170.238,-71.6276],[170.2661,-71.6495],[170.2432,-71.6661],[170.1812,-71.6729],[170.1125,-71.6542],[170.0568,-71.6578],[170.0495,-71.6338],[169.9693,-71.5911],[169.9,-71.5813],[169.8703,-71.5568],[169.7901,-71.5286],[169.7688,-71.5042],[169.6589,-71.5047],[169.6495,-71.5182],[169.5813,-71.5229],[169.4792,-71.5125],[169.4651,-71.4901],[169.4974,-71.4651],[169.4047,-71.4589],[169.4162,-71.4411],[169.3318,-71.4391],[169.2901,-71.4141],[169.3057,-71.3964],[169.2833,-71.3771],[169.1479,-71.3625],[169.1229,-71.3375],[169.0625,-71.3521],[169.0412,-71.3297],[168.9583,-71.3208],[168.8229,-71.2833],[168.7609,-71.2745],[168.7807,-71.2505],[168.7271,-71.2375],[168.7349,-71.213],[168.6812,-71.1833],[168.5875,-71.1854],[168.5786,-71.1734],[168.4646,-71.1562],[168.462,-71.1766],[168.3833,-71.1896],[168.3792,-71.2],[168.2583,-71.1833],[168.2417,-71.1958],[168.1646,-71.2021],[168.0755,-71.1943],[167.9875,-71.2021],[167.9047,-71.2172],[167.7229,-71.2292],[167.7339,-71.1922],[167.8474,-71.1599],[167.875,-71.1312],[167.925,-71.1479],[168.0828,-71.1349],[168.0953,-71.1088],[167.9588,-71.0745],[167.9193,-71.0495],[167.9328,-71.0276],[167.8646,-71.0125],[167.7688,-71.0042],[167.5188,-71.0021],[167.4026,-71.0172],[167.3875,-71.0271],[167.2021,-71.0333],[167.1339,-71.0182],[167.1443,-70.9964],[167.2042,-70.9771],[167.2708,-70.9771],[167.3479,-70.9625],[167.4083,-70.9646],[167.475,-70.9479],[167.5464,-70.9422],[167.7292,-70.9437],[167.7771,-70.95],[167.8438,-70.9437],[167.8891,-70.9286],[167.8484,-70.9141],[167.8391,-70.8547],[167.7542,-70.8396],[167.7453,-70.8151],[167.7021,-70.7937],[167.6146,-70.7833],[167.5375,-70.7833],[167.4521,-70.7542],[167.3979,-70.7562],[167.3208,-70.7708],[167.0313,-70.7646],[166.9271,-70.7833],[166.8521,-70.7875],[166.7396,-70.7792],[166.5958,-70.7833],[166.5729,-70.7646],[166.4646,-70.7708],[166.4375,-70.7063],[166.5542,-70.7083],[166.6854,-70.6979],[166.7542,-70.7083],[166.8349,-70.6891],[166.8432,-70.6693],[166.7818,-70.6516],[166.7745,-70.6338],[166.7146,-70.6125],[166.6313,-70.6167],[166.5813,-70.6062],[166.4375,-70.6125],[166.4,-70.5917],[166.3208,-70.5917],[166.1583,-70.6062],[166.1141,-70.6224],[166.05,-70.6312],[166.0307,-70.6557],[165.9771,-70.6479],[165.9312,-70.6542],[165.9391,-70.6828],[165.8438,-70.6792],[165.7125,-70.6562],[165.5896,-70.6229],[165.5255,-70.6193],[165.5521,-70.5979],[165.5,-70.5917],[165.4667,-70.5729],[165.3708,-70.575],[165.3104,-70.5583],[165.1599,-70.5693],[165.0813,-70.5521],[165.0542,-70.5667],[164.9771,-70.5646],[164.9104,-70.575],[164.8068,-70.5661],[164.7646,-70.5354],[164.7021,-70.5479],[164.5875,-70.5458],[164.4875,-70.5188],[164.4271,-70.5167],[164.3938,-70.5042],[164.2979,-70.4938],[164.1542,-70.4917],[164.0672,-70.5109],[164.0318,-70.5297],[164.0464,-70.5557],[164.0974,-70.5734],[164.1589,-70.6182],[164.1953,-70.6318],[164.1203,-70.6682],[164.0484,-70.7338],[164.0557,-70.7453],[164.0167,-70.7917],[163.9604,-70.7792],[163.8818,-70.7849],[163.8464,-70.7411],[163.8641,-70.7203],[163.8547,-70.6901],[163.8849,-70.6495],[163.8438,-70.6208],[163.8062,-70.6312],[163.7354,-70.6292],[163.6542,-70.6667],[163.5729,-70.6646],[163.5458,-70.6521],[163.4646,-70.6583],[163.3854,-70.6417],[163.3667,-70.6208],[163.3104,-70.6208],[163.2453,-70.6005],[163.1833,-70.5958],[163.1484,-70.5787],[163.137,-70.5484],[163.1078,-70.5339],[162.9854,-70.5271],[162.8859,-70.4807],[162.8813,-70.4604],[162.8401,-70.4359],[162.9182,-70.4266],[162.8974,-70.4068],[162.8151,-70.4036],[162.8037,-70.388],[162.7443,-70.362],[162.7214,-70.3161],[162.7287,-70.2984],[162.6812,-70.2771],[162.5813,-70.2646],[162.4167,-70.2812],[162.3583,-70.275],[162.2526,-70.3005],[162.2083,-70.3375],[162.1375,-70.3146],[162.0854,-70.3146],[162.0807,-70.362],[162.0318,-70.3734],[162.0109,-70.3943],[161.9859,-70.4568],[162.0068,-70.4932],[162.0646,-70.5583],[162.0047,-70.5745],[162.0474,-70.613],[162.0276,-70.6349],[162.0849,-70.663],[162.0766,-70.6911],[162.0422,-70.7193],[162.037,-70.7745],[162.0172,-70.788],[162.0464,-70.8432],[162.0771,-70.8521],[162.1479,-70.8313],[162.2245,-70.8588],[162.2422,-70.9203],[162.3099,-70.9276],[162.3901,-71.0099],[162.4224,-71.0276],[162.3963,-71.0422],[162.4287,-71.0672],[162.3625,-71.1146],[162.2854,-71.0792],[162.2234,-71.0807],[162.1667,-71.0687],[162.0609,-71.0245],[162.0526,-71.013],[162.0974,-70.9797],[161.9521,-70.9062],[161.8729,-70.9083],[161.7646,-70.9292],[161.6953,-70.9172],[161.6734,-70.9036],[161.6583,-70.8646],[161.5875,-70.8854],[161.5229,-70.8812],[161.4688,-70.8958],[161.3938,-70.9042],[161.337,-70.8943],[161.3125,-70.8583],[161.3662,-70.8464],[161.3255,-70.8266],[161.2984,-70.7922],[161.4099,-70.7453],[161.4026,-70.7214],[161.4474,-70.688],[161.3854,-70.6625],[161.3401,-70.6599],[161.2901,-70.637],[161.2568,-70.6005],[161.2912,-70.5797],[161.2797,-70.5359],[161.2505,-70.5276],[161.2088,-70.5693],[161.1589,-70.5505],[161.2453,-70.4974],[161.2557,-70.463],[161.2109,-70.4411],[161.1583,-70.3979],[161.088,-70.387],[161.1224,-70.3599],[161.0974,-70.3172],[161.0172,-70.2828],[160.9984,-70.2474],[160.8963,-70.2161],[160.8974,-70.1963],[160.8313,-70.1521],[160.8016,-70.1193],[160.7521,-70.1],[160.6646,-70.1],[160.6422,-70.0745],[160.6641,-70.0589],[160.6182,-70.0443],[160.4854,-70.0354],[160.3917,-70.0083],[160.2854,-70],[160.1458,-69.9667],[160,-70],[159.9187,-69.9875],[159.8338,-69.9599],[159.8411,-69.9359],[159.7547,-69.9161],[159.7734,-69.8714],[159.9333,-69.8854],[159.9547,-69.8714],[160.0333,-69.8854],[160.1271,-69.8854],[160.1646,-69.875],[160.2458,-69.8771],[160.275,-69.8625],[160.3516,-69.8474],[160.3474,-69.8161],[160.3161,-69.7776],[160.2422,-69.7641],[160.1974,-69.7255],[160.1609,-69.7182],[160.1354,-69.6875],[160.1042,-69.6896],[160.0422,-69.6516],[160.0557,-69.6422],[159.9588,-69.6224],[159.9396,-69.6042],[159.8422,-69.5495],[159.8474,-69.5318],[159.7693,-69.5182],[159.7703,-69.5047],[159.675,-69.5042],[159.6479,-69.4958],[159.4729,-69.5042],[159.4167,-69.4687],[159.2708,-69.4292],[159.1938,-69.4333],[159.1401,-69.4693],[159.1516,-69.5224],[159.1208,-69.525],[158.9839,-69.4453],[158.9661,-69.4026],[158.85,-69.3271],[158.8104,-69.3146],[158.6333,-69.325],[158.6078,-69.3453],[158.4422,-69.3266],[158.413,-69.3099],[158.4307,-69.2943],[158.3432,-69.263],[158.2646,-69.2229],[158.2208,-69.2146],[158.1146,-69.2104],[158.0396,-69.2146],[158.012,-69.1755],[157.9396,-69.1708],[157.8505,-69.1734],[157.8474,-69.2057],[157.8062,-69.2292],[157.7422,-69.2203],[157.7349,-69.1963],[157.6625,-69.1958],[157.6292,-69.1854],[157.5458,-69.2125],[157.4922,-69.2609],[157.4912,-69.3411],[157.5047,-69.3641],[157.5938,-69.3708],[157.6396,-69.3833],[157.5276,-69.4026],[157.5224,-69.4224],[157.4391,-69.4328],[157.3839,-69.4245],[157.3932,-69.3974],[157.3568,-69.3734],[157.3786,-69.3557],[157.313,-69.3078],[157.2828,-69.2693],[157.2068,-69.2266],[157.1953,-69.1963],[157.1016,-69.1526],[157.0354,-69.1438],[156.8896,-69.1917],[156.8167,-69.1979],[156.7937,-69.1708],[156.7047,-69.1766],[156.65,-69.1646],[156.5516,-69.2057],[156.4167,-69.2083],[156.3833,-69.1958],[156.3292,-69.2021],[156.263,-69.1786],[156.2703,-69.1526],[156.2479,-69.1417],[156.1463,-69.1182],[156.0917,-69.0979],[156.0412,-69.1182],[155.988,-69.1141],[155.9661,-69.0849],[155.9661,-69.0339],[155.9026,-69.0036],[155.8662,-68.9755],[155.8229,-68.9729],[155.7875,-68.95],[155.7354,-68.9458],[155.5625,-68.9479],[155.5359,-68.9589],[155.538,-69.0203],[155.6042,-69.0333],[155.6641,-69.0609],[155.6958,-69.0896],[155.7453,-69.0797],[155.762,-69.0995],[155.6151,-69.137],[155.5708,-69.1167],[155.5036,-69.1026],[155.4047,-69.0547],[155.4104,-69.0396],[155.2755,-69.0463],[155.3083,-69.0229],[155.3766,-69.0141],[155.3828,-68.9422],[155.3203,-68.8922],[155.275,-68.8854],[155.1979,-68.8875],[155.1172,-68.8672],[155.0807,-68.8912],[155.0375,-68.9],[154.9505,-68.8578],[154.9724,-68.8411],[154.9661,-68.8151],[154.8922,-68.7641],[154.8932,-68.7526],[154.8208,-68.7104],[154.7667,-68.7104],[154.688,-68.7297],[154.6318,-68.7714],[154.5458,-68.8187],[154.4984,-68.8161],[154.5495,-68.7828],[154.5484,-68.7693],[154.5932,-68.737],[154.6016,-68.7172],[154.5651,-68.7078],[154.4505,-68.6505],[154.4625,-68.6208],[154.5708,-68.6208],[154.6438,-68.6271],[154.7021,-68.6458],[154.7661,-68.6245],[154.7188,-68.5896],[154.6984,-68.5463],[154.6536,-68.5026],[154.4167,-68.4542],[154.3724,-68.4276],[154.2125,-68.3729],[154.1708,-68.3542],[154.1271,-68.3583],[154.0932,-68.3297],[154.0625,-68.3208],[153.9854,-68.3208],[153.937,-68.2943],[153.8813,-68.2771],[153.8125,-68.2688],[153.7208,-68.2854],[153.6714,-68.3422],[153.6911,-68.3714],[153.688,-68.4245],[153.713,-68.4474],[153.8104,-68.4646],[153.863,-68.4901],[153.8578,-68.512],[153.7583,-68.5333],[153.7005,-68.5516],[153.8037,-68.638],[153.8266,-68.6922],[153.8354,-68.7604],[153.7958,-68.7542],[153.6984,-68.7568],[153.6453,-68.7828],[153.5896,-68.7937],[153.5,-68.7937],[153.3896,-68.7688],[153.3318,-68.7797],[153.3307,-68.8557],[153.2396,-68.8771],[153.2104,-68.8688],[153.0458,-68.8833],[152.9464,-68.8536],[152.8667,-68.7854],[152.7583,-68.7562],[152.6979,-68.7562],[152.6229,-68.7771],[152.5417,-68.7104],[152.4708,-68.725],[152.4417,-68.7042],[152.3687,-68.6979],[152.2937,-68.725],[152.1167,-68.7312],[152.0604,-68.6979],[152.0167,-68.7021],[151.9875,-68.6813],[151.9438,-68.6854],[151.9208,-68.6667],[151.7646,-68.6875],[151.6667,-68.6875],[151.6229,-68.7],[151.5526,-68.6984],[151.5422,-68.7182],[151.5813,-68.7729],[151.5526,-68.7891],[151.5797,-68.8047],[151.5589,-68.8599],[151.5766,-68.8734],[151.5849,-68.912],[151.5151,-68.9203],[151.4875,-68.9],[151.4214,-68.8974],[151.2813,-68.8208],[151.2547,-68.8255],[151.138,-68.8703],[151.137,-68.8464],[151.088,-68.8224],[151.0109,-68.7662],[151.0161,-68.7422],[150.9714,-68.7193],[151.0099,-68.6828],[151.0151,-68.6589],[151.0495,-68.637],[151.0401,-68.6193],[151.0745,-68.5787],[151.038,-68.5443],[151.0505,-68.5214],[151.1193,-68.4682],[151.0943,-68.4286],[151.0838,-68.3891],[151.0333,-68.3562],[150.9333,-68.3437],[150.8771,-68.3458],[150.7943,-68.3588],[150.7057,-68.3995],[150.563,-68.4151],[150.5,-68.4271],[150.4312,-68.4271],[150.3458,-68.4417],[150.2813,-68.4271],[150.1625,-68.425],[150.0875,-68.4396],[150.0208,-68.4271],[149.925,-68.4271],[149.8729,-68.4167],[149.8214,-68.3932],[149.7807,-68.3568],[149.7333,-68.3521],[149.6859,-68.3724],[149.7193,-68.3974],[149.7667,-68.4125],[149.8182,-68.413],[149.8849,-68.4661],[149.862,-68.4849],[149.8,-68.4896],[149.7063,-68.4729],[149.6521,-68.4563],[149.5505,-68.4411],[149.4609,-68.4141],[149.4266,-68.388],[149.3109,-68.4005],[149.2912,-68.4286],[149.2312,-68.4583],[149.1729,-68.4583],[149.1271,-68.4417],[149.1313,-68.4],[149.0234,-68.4213],[148.9958,-68.45],[148.9349,-68.4443],[148.8172,-68.4599],[148.7328,-68.4047],[148.6568,-68.4068],[148.6193,-68.4339],[148.6245,-68.4661],[148.5646,-68.4479],[148.4896,-68.4542],[148.4563,-68.4708],[148.363,-68.4849],[148.362,-68.4693],[148.3016,-68.4557],[148.2953,-68.4193],[148.2312,-68.4146],[148.1526,-68.4422],[148.0646,-68.4333],[147.9771,-68.4646],[147.987,-68.4224],[147.9089,-68.4182],[147.8651,-68.3995],[147.8542,-68.3688],[147.7208,-68.375],[147.675,-68.3542],[147.5792,-68.3604],[147.5083,-68.375],[147.4271,-68.4],[147.425,-68.375],[147.3854,-68.375],[147.3062,-68.4021],[147.2521,-68.4104],[147.2,-68.4062],[147.1849,-68.3922],[147.0979,-68.4208],[147.0271,-68.4292],[147.0234,-68.3984],[147.0609,-68.3651],[147.1141,-68.3474],[147.0901,-68.3276],[147.0896,-68.2937],[146.9583,-68.3187],[146.9234,-68.313],[146.9312,-68.2854],[146.8438,-68.3125],[146.7646,-68.3271],[146.7203,-68.3255],[146.7151,-68.2859],[146.8391,-68.2224],[146.9828,-68.1766],[147.0286,-68.1557],[147.0714,-68.1151],[147.0766,-68.0713],[147.0292,-68.0375],[146.9776,-68.0505],[146.8682,-68.1099],[146.7141,-68.1661],[146.625,-68.1917],[146.5911,-68.1651],[146.5484,-68.1557],[146.5984,-68.1005],[146.6651,-68.0651],[146.7578,-68.0266],[146.862,-67.9641],[146.8724,-67.9359],[146.8375,-67.9187],[146.7068,-67.9526],[146.638,-67.9443],[146.5417,-67.9917],[146.5213,-67.9682],[146.525,-67.9292],[146.4505,-67.9505],[146.3995,-67.9401],[146.3714,-67.9213],[146.4953,-67.862],[146.5495,-67.8099],[146.5328,-67.7651],[146.4536,-67.7276],[146.413,-67.7255],[146.4057,-67.7641],[146.3104,-67.8562],[146.2776,-67.8536],[146.1807,-67.7651],[146.1167,-67.7667],[146.1005,-67.7557],[146.2224,-67.688],[146.2245,-67.6609],[146.1891,-67.6172],[146.1375,-67.6146],[146.112,-67.5984],[146.0396,-67.5833],[146.0063,-67.5958],[145.8792,-67.5896],[145.8438,-67.5771],[145.7563,-67.5729],[145.7193,-67.588],[145.7182,-67.6349],[145.6984,-67.6484],[145.6745,-67.7245],[145.6375,-67.7354],[145.5213,-67.712],[145.5432,-67.6828],[145.5266,-67.6338],[145.4839,-67.637],[145.4953,-67.5818],[145.4724,-67.5401],[145.4391,-67.5088],[145.3625,-67.5125],[145.3,-67.5083],[145.2292,-67.5271],[145.0172,-67.6568],[144.9604,-67.7208],[144.9214,-67.7234],[144.8911,-67.7453],[144.8125,-67.7583],[144.6479,-67.7458],[144.5938,-67.7604],[144.5313,-67.7646],[144.4151,-67.8213],[144.3745,-67.8828],[144.3391,-67.9182],[144.2563,-67.9521],[144.1932,-67.9411],[144.1276,-67.9463],[144.1432,-67.9089],[144.1255,-67.8943],[144.0583,-67.9167],[144.0151,-67.9401],[143.9458,-67.9542],[143.8839,-67.937],[143.8839,-67.9151],[143.9224,-67.8912],[143.8922,-67.8828],[143.9083,-67.8396],[143.8526,-67.8224],[143.8609,-67.7922],[143.8932,-67.7807],[143.8984,-67.7547],[143.9453,-67.7391],[143.9588,-67.7214],[144.0896,-67.6854],[144.1411,-67.6536],[144.1807,-67.6182],[144.1953,-67.5693],[144.1682,-67.5443],[144.1771,-67.5188],[144.1667,-67.4729],[144.1208,-67.4479],[144.0797,-67.4537],[144.0651,-67.4276],[144.125,-67.4146],[144.1557,-67.3943],[144.1359,-67.3776],[144.1547,-67.3547],[144.1896,-67.3458],[144.2234,-67.4036],[144.2729,-67.4208],[144.3286,-67.4078],[144.3641,-67.387],[144.3375,-67.3729],[144.4078,-67.3557],[144.4495,-67.3328],[144.4672,-67.2818],[144.4995,-67.2641],[144.5141,-67.2359],[144.5,-67.2208],[144.4021,-67.2083],[144.3526,-67.2182],[144.3214,-67.1724],[144.3854,-67.1667],[144.4646,-67.1958],[144.5708,-67.1979],[144.6203,-67.1849],[144.6453,-67.1641],[144.6401,-67.1422],[144.6641,-67.1088],[144.6286,-67.0776],[144.5266,-67.0193],[144.4458,-67],[144.3729,-66.9979],[144.2813,-67.0042],[144.1651,-67.0547],[144.1484,-67.0734],[144.1474,-67.1182],[144.1172,-67.1401],[144.1307,-67.1703],[144.0943,-67.1724],[144.0714,-67.1245],[144.0646,-67.0833],[143.8062,-67.1292],[143.7901,-67.1068],[143.8641,-67.087],[143.9078,-67.0557],[143.8797,-67.0391],[143.8568,-66.9974],[143.8891,-66.9422],[143.8161,-66.8984],[143.7792,-66.8854],[143.6062,-66.8667],[143.5292,-66.8458],[143.4646,-66.8437],[143.2047,-66.9026],[143.1401,-66.9234],[143.0938,-66.95],[143.0063,-66.9542],[142.9787,-66.9724],[142.8167,-67.0208],[142.7375,-67.0229],[142.6125,-67.0188],[142.5813,-67.0271],[142.4792,-67.0271],[142.3734,-66.9932],[142.3474,-66.9672],[142.2505,-66.9432],[142.2349,-66.8984],[142.213,-66.8912],[142.1245,-66.8339],[142.0521,-66.8083],[141.9604,-66.8021],[141.8479,-66.7812],[141.7229,-66.7875],[141.6896,-66.7812],[141.5542,-66.7792],[141.4937,-66.8],[141.4568,-66.8005],[141.4266,-66.8203],[141.3479,-66.8437],[141.2901,-66.8391],[141.2854,-66.8667],[141.2047,-66.837],[141.1828,-66.8193],[141.0917,-66.7875],[141.05,-66.7854],[140.9875,-66.7604],[140.8979,-66.7438],[140.7875,-66.7542],[140.6563,-66.7458],[140.6146,-66.75],[140.5625,-66.7292],[140.4542,-66.7271],[140.4047,-66.7359],[140.4099,-66.7703],[140.3776,-66.787],[140.337,-66.738],[140.3104,-66.7312],[140.2312,-66.7333],[140.125,-66.7271],[140.0688,-66.7354],[140.0276,-66.7672],[139.9625,-66.75],[139.8734,-66.7714],[139.8109,-66.7755],[139.8932,-66.7203],[139.9036,-66.6943],[139.8396,-66.6771],[139.7937,-66.6771],[139.6771,-66.6271],[139.5651,-66.6297],[139.5208,-66.65],[139.4443,-66.6474],[139.4599,-66.5943],[139.3813,-66.5917],[139.3104,-66.5792],[139.2542,-66.5604],[139.1667,-66.5729],[139.0792,-66.5646],[139.0542,-66.5771],[138.9937,-66.5625],[138.9167,-66.5583],[138.8625,-66.5646],[138.7937,-66.5604],[138.7479,-66.5729],[138.6651,-66.5495],[138.5167,-66.5354],[138.5036,-66.5255],[138.4063,-66.5312],[138.375,-66.5417],[138.3042,-66.5458],[138.2453,-66.5911],[138.1604,-66.6312],[138.137,-66.6224],[138.1463,-66.5776],[138.1891,-66.5536],[138.163,-66.5328],[138.1599,-66.5068],[138.1333,-66.4979],[137.9901,-66.4807],[137.9729,-66.4625],[137.8687,-66.4354],[137.8641,-66.4193],[137.8083,-66.4042],[137.7771,-66.4083],[137.7234,-66.387],[137.6292,-66.3708],[137.4729,-66.3646],[137.4604,-66.3437],[137.4063,-66.3521],[137.3271,-66.3521],[137.2625,-66.3417],[137.1438,-66.3354],[137.0437,-66.3354],[136.9583,-66.3271],[136.8604,-66.3396],[136.7604,-66.3396],[136.6651,-66.3693],[136.6401,-66.4068],[136.6458,-66.4604],[136.6859,-66.4745],[136.7312,-66.4729],[136.7099,-66.5141],[136.6604,-66.5458],[136.6297,-66.5432],[136.6182,-66.5068],[136.5672,-66.4641],[136.562,-66.4193],[136.5188,-66.3958],[136.4167,-66.3833],[136.3813,-66.3688],[136.3276,-66.362],[136.2979,-66.3375],[136.2953,-66.3151],[136.213,-66.2807],[136.1932,-66.2568],[136.1438,-66.2292],[136.0729,-66.2354],[136.0229,-66.2625],[135.9521,-66.2562],[135.8818,-66.2651],[135.8438,-66.2792],[135.7854,-66.2688],[135.738,-66.2797],[135.6911,-66.3432],[135.6297,-66.3464],[135.6557,-66.3099],[135.6458,-66.2646],[135.5958,-66.2521],[135.6057,-66.2286],[135.5641,-66.1859],[135.4984,-66.1516],[135.5036,-66.1172],[135.4729,-66.1083],[135.3354,-66.1],[135.288,-66.1807],[135.2974,-66.2182],[135.2682,-66.2349],[135.1693,-66.2568],[135.1849,-66.2849],[135.1766,-66.3307],[135.1089,-66.3422],[135.0125,-66.3708],[134.9693,-66.3536],[134.9167,-66.3479],[134.7359,-66.3724],[134.7583,-66.3396],[134.6411,-66.3974],[134.6104,-66.4021],[134.538,-66.4359],[134.5016,-66.4661],[134.3271,-66.5229],[134.2917,-66.5062],[134.2875,-66.4854],[134.1708,-66.5104],[134.1021,-66.5104],[134.1792,-66.4625],[134.2557,-66.437],[134.2318,-66.4276],[134.3245,-66.3828],[134.3432,-66.3641],[134.3974,-66.3557],[134.4432,-66.3245],[134.4146,-66.3063],[134.3625,-66.3083],[134.3,-66.3229],[134.2734,-66.3161],[134.262,-66.2839],[134.1859,-66.287],[134.1828,-66.2484],[134.1458,-66.225],[134.0646,-66.2167],[134.0213,-66.2037],[133.9604,-66.2],[133.8839,-66.1786],[133.8953,-66.1557],[133.8021,-66.1062],[133.6771,-66.1083],[133.6125,-66.1146],[133.5542,-66.1083],[133.5271,-66.0875],[133.4542,-66.0792],[133.3417,-66.0875],[133.2583,-66.0813],[133.1958,-66.0937],[133.1,-66.1021],[133.0182,-66.1474],[132.9167,-66.1646],[132.8396,-66.1958],[132.6917,-66.1896],[132.5297,-66.1703],[132.5089,-66.1505],[132.4229,-66.15],[132.3875,-66.1625],[132.3188,-66.1646],[132.2833,-66.1792],[132.1375,-66.1813],[132.1141,-66.1953],[132.0396,-66.2125],[131.9208,-66.2312],[131.8792,-66.2312],[131.8146,-66.2458],[131.7271,-66.2479],[131.6354,-66.2312],[131.5354,-66.2187],[131.4005,-66.2068],[131.3333,-66.2417],[131.2312,-66.2333],[131.1833,-66.2],[131.1146,-66.2083],[131.0734,-66.2057],[131.0391,-66.1859],[130.9787,-66.1713],[130.8687,-66.1833],[130.7375,-66.1438],[130.688,-66.1568],[130.6495,-66.1807],[130.6005,-66.1901],[130.5859,-66.2141],[130.5911,-66.2474],[130.4937,-66.2396],[130.4667,-66.2562],[130.3833,-66.2729],[130.3396,-66.2688],[130.2713,-66.2745],[130.2604,-66.2562],[130.1708,-66.2708],[130.1125,-66.2729],[130.063,-66.2839],[130.0359,-66.3109],[130.0412,-66.3432],[129.8958,-66.3542],[129.7984,-66.4026],[129.7766,-66.4224],[129.7172,-66.4401],[129.7495,-66.4714],[129.6776,-66.5359],[129.6578,-66.5703],[129.563,-66.5943],[129.5172,-66.6255],[129.512,-66.6536],[129.4693,-66.6734],[129.4588,-66.7005],[129.5417,-66.7083],[129.587,-66.7234],[129.5917,-66.7396],[129.5188,-66.7833],[129.5057,-66.8141],[129.4708,-66.8313],[129.4125,-66.8396],[129.3693,-66.8724],[129.4318,-66.9245],[129.4495,-66.9557],[129.3583,-66.9896],[129.2297,-67.0255],[129.213,-67.0568],[129.2224,-67.0807],[129.1734,-67.1005],[129.1766,-67.1161],[129.1422,-67.1318],[129.1042,-67.1708],[129.038,-67.1703],[129.0193,-67.1349],[129.0203,-67.1088],[128.9172,-67.0745],[128.862,-67.0359],[128.7896,-67.0312],[128.7318,-67.0443],[128.7349,-67.0703],[128.7099,-67.112],[128.6729,-67.1229],[128.6125,-67.1208],[128.5807,-67.137],[128.4771,-67.1458],[128.4146,-67.1333],[128.3734,-67.1141],[128.3453,-67.0828],[128.2443,-67.0818],[128.1953,-67.1078],[128.0901,-67.0787],[128.0896,-67.0229],[127.9333,-67.0312],[127.8479,-67.0188],[127.7354,-67.0437],[127.7161,-67.0599],[127.6062,-67.0479],[127.5125,-67.0625],[127.4313,-67.0687],[127.3604,-67.0542],[127.3849,-67.0026],[127.3375,-67.0042],[127.3297,-66.9859],[127.3662,-66.9339],[127.3479,-66.9271],[127.2828,-66.9557],[127.1979,-66.9771],[127.1526,-67.0151],[127.1505,-67.0516],[127.1661,-67.0599],[127.0953,-67.1412],[127.0313,-67.0708],[127.0661,-67.0162],[127.0526,-66.9818],[127.0807,-66.9547],[127.0083,-66.9479],[126.9984,-66.9349],[127.0333,-66.9104],[127.0318,-66.8943],[127.0667,-66.8667],[126.9958,-66.8063],[126.8896,-66.8146],[126.8021,-66.8396],[126.7271,-66.8375],[126.6807,-66.8245],[126.663,-66.7901],[126.6755,-66.7609],[126.7167,-66.7271],[126.8141,-66.7099],[126.8182,-66.6901],[126.7693,-66.6703],[126.7662,-66.6505],[126.675,-66.6417],[126.6188,-66.6583],[126.5787,-66.6557],[126.5984,-66.6276],[126.6354,-66.6125],[126.7307,-66.5974],[126.7422,-66.5172],[126.7714,-66.4984],[126.8432,-66.4786],[126.8521,-66.4479],[126.7917,-66.4396],[126.6891,-66.4339],[126.6521,-66.4083],[126.5943,-66.4234],[126.4979,-66.4313],[126.4838,-66.413],[126.5245,-66.3849],[126.4417,-66.3521],[126.4047,-66.363],[126.4005,-66.3995],[126.4125,-66.4187],[126.4099,-66.4807],[126.3958,-66.5021],[126.3979,-66.5521],[126.363,-66.5599],[126.3328,-66.5255],[126.2922,-66.5224],[126.2859,-66.5005],[126.3375,-66.4896],[126.3411,-66.463],[126.2828,-66.4463],[126.1901,-66.4568],[126.1047,-66.4391],[126.1151,-66.4213],[126.0911,-66.3484],[126.0625,-66.3333],[125.9938,-66.3333],[125.9521,-66.3063],[125.8833,-66.3063],[125.8083,-66.3479],[125.7693,-66.3505],[125.7391,-66.3786],[125.5854,-66.4083],[125.5062,-66.4021],[125.4833,-66.4146],[125.4042,-66.4167],[125.313,-66.4589],[125.3047,-66.4953],[125.3182,-66.5182],[125.2464,-66.5484],[125.2266,-66.6141],[125.1755,-66.6318],[125.1312,-66.6646],[125.0917,-66.6625],[124.9313,-66.7063],[124.812,-66.7245],[124.7328,-66.7557],[124.6625,-66.7688],[124.5625,-66.7375],[124.5021,-66.7292],[124.425,-66.7083],[124.3333,-66.7229],[124.3807,-66.6703],[124.3792,-66.65],[124.2547,-66.6328],[124.2662,-66.5964],[124.0958,-66.5854],[124.0458,-66.5958],[124.0125,-66.5854],[123.9521,-66.6125],[123.8417,-66.6229],[123.8125,-66.6375],[123.7026,-66.6568],[123.6953,-66.6807],[123.6604,-66.7063],[123.6109,-66.7172],[123.6203,-66.7307],[123.5333,-66.7479],[123.4729,-66.7458],[123.3688,-66.7542],[123.2833,-66.7479],[123.2375,-66.7354],[123.1417,-66.7333],[123.0625,-66.7542],[122.9625,-66.7625],[122.875,-66.7646],[122.7901,-66.7734],[122.7333,-66.7937],[122.6833,-66.7917],[122.6083,-66.8146],[122.5229,-66.8063],[122.4464,-66.8151],[122.4604,-66.8292],[122.3505,-66.8339],[122.3313,-66.8458],[122.2229,-66.8458],[122.1505,-66.863],[122.0604,-66.9021],[121.9688,-66.9042],[121.9187,-66.9187],[121.8547,-66.9484],[121.8354,-66.9667],[121.8432,-67.0109],[121.8109,-67.0266],[121.7417,-67.0333],[121.6979,-67.0563],[121.5938,-67.0583],[121.5333,-67.0896],[121.4375,-67.0875],[121.3812,-67.0917],[121.225,-67.1167],[121.1208,-67.1229],[121.0396,-67.1417],[120.9458,-67.1417],[120.9479,-67.125],[120.7562,-67.1708],[120.7,-67.175],[120.6104,-67.2104],[120.5375,-67.2146],[120.4646,-67.2479],[120.4271,-67.2375],[120.3833,-67.2458],[120.3,-67.2479],[120.1125,-67.2812],[120.0479,-67.2729],[119.95,-67.2875],[119.8109,-67.3213],[119.7479,-67.3208],[119.5729,-67.3396],[119.3938,-67.3667],[119.3708,-67.3562],[119.2771,-67.3562],[119.1958,-67.3917],[118.9229,-67.4271],[118.8943,-67.4151],[118.962,-67.3776],[118.8922,-67.3807],[118.9016,-67.3505],[118.8151,-67.3557],[118.7625,-67.325],[118.8016,-67.2943],[118.7458,-67.2875],[118.7771,-67.2688],[118.8771,-67.2667],[119.0917,-67.2375],[119.1687,-67.2354],[119.2625,-67.2187],[119.4,-67.2104],[119.5333,-67.1896],[119.7021,-67.1479],[119.8646,-67.0979],[119.9604,-67.0771],[120.0667,-67.0625],[120.2854,-67.0167],[120.3875,-67],[120.4453,-66.9807],[120.4432,-66.9589],[120.4083,-66.9375],[120.3708,-66.9313],[120.2729,-66.9437],[120.2182,-66.9703],[120.1667,-66.9771],[120.1083,-66.9729],[120.0583,-66.9854],[119.9917,-66.9896],[119.9578,-67.0162],[119.8688,-67.0208],[119.7708,-67.0396],[119.6547,-67.0484],[119.6042,-67.0792],[119.5583,-67.0813],[119.475,-67.0979],[119.4396,-67.0896],[119.3354,-67.1312],[119.2229,-67.1292],[119.1911,-67.1088],[119.15,-67.1104],[119.0755,-67.1318],[119.062,-67.1432],[118.9812,-67.1604],[118.8875,-67.1583],[118.8807,-67.1828],[118.8438,-67.1875],[118.8099,-67.163],[118.7703,-67.1724],[118.6979,-67.1708],[118.6417,-67.1833],[118.6146,-67.1646],[118.5437,-67.1729],[118.5,-67.1687],[118.4672,-67.1859],[118.4104,-67.1583],[118.3146,-67.1833],[118.3016,-67.1589],[118.263,-67.1401],[118.3391,-67.1161],[118.4391,-67.037],[118.3359,-67.0422],[118.3349,-67.062],[118.2708,-67.0542],[118.1563,-67.0646],[118.0792,-67.0792],[117.9833,-67.0729],[117.8505,-67.0964],[117.8005,-67.1234],[117.7974,-67.1391],[117.7208,-67.175],[117.6922,-67.1724],[117.6661,-67.1234],[117.6,-67.1062],[117.5505,-67.1036],[117.5313,-67.0813],[117.4542,-67.1125],[117.375,-67.1062],[117.2589,-67.1068],[117.1792,-67.1375],[117.1125,-67.1271],[117.0375,-67.1458],[116.8443,-67.1328],[116.8714,-67.0797],[116.9016,-67.0682],[116.9026,-67.0318],[116.9557,-66.9797],[116.9354,-66.9479],[116.8505,-66.9609],[116.8516,-66.9745],[116.8005,-66.9859],[116.7932,-67.0016],[116.7089,-67.0339],[116.6641,-67.0599],[116.5766,-67.0787],[116.5787,-67.0911],[116.5328,-67.1161],[116.4271,-67.1396],[116.3667,-67.1396],[116.3417,-67.1562],[116.2776,-67.1453],[116.2708,-67.1],[116.2208,-67.0917],[116.1943,-67.1214],[116.1932,-67.1557],[116.1125,-67.1646],[116.0771,-67.1438],[115.9901,-67.1547],[115.9807,-67.1974],[115.9313,-67.2042],[115.8771,-67.2229],[115.8026,-67.2161],[115.8083,-67.175],[115.6771,-67.2125],[115.5958,-67.2104],[115.5375,-67.225],[115.3542,-67.2208],[115.2401,-67.2505],[115.2005,-67.287],[115.2807,-67.3005],[115.2271,-67.325],[115.1458,-67.3208],[115.05,-67.3271],[114.9104,-67.3604],[114.825,-67.3625],[114.7776,-67.3734],[114.775,-67.4021],[114.7021,-67.4208],[114.6021,-67.425],[114.5818,-67.4182],[114.5964,-67.3901],[114.575,-67.3708],[114.4792,-67.3771],[114.3729,-67.3958],[114.3313,-67.4146],[114.1745,-67.4411],[114.1167,-67.4604],[114.0021,-67.4854],[113.8625,-67.4896],[113.7646,-67.4875],[113.6896,-67.5021],[113.6813,-67.4812],[113.6318,-67.4786],[113.6609,-67.4505],[113.7037,-67.437],[113.7151,-67.4109],[113.7625,-67.3938],[113.8292,-67.3833],[113.8995,-67.3359],[113.8354,-67.3104],[113.8932,-67.2995],[113.9589,-67.2338],[114.0005,-67.2026],[114.0583,-67.1813],[114.1292,-67.1687],[114.3417,-67.1396],[114.3833,-67.125],[114.4833,-67.1292],[114.5813,-67.1188],[114.6667,-67.1021],[114.7338,-67.0734],[114.8167,-67.0604],[114.9167,-67.0667],[115.0271,-67.0604],[115.225,-67.0437],[115.3333,-67.0188],[115.462,-66.9828],[115.537,-66.9557],[115.6214,-66.9005],[115.7349,-66.837],[115.7792,-66.7875],[115.7505,-66.7682],[115.7516,-66.7318],[115.7109,-66.7307],[115.712,-66.7089],[115.6693,-66.6672],[115.6953,-66.6557],[115.6787,-66.6297],[115.5687,-66.5813],[115.5104,-66.5792],[115.4667,-66.5604],[115.35,-66.5604],[115.2625,-66.5333],[115.1589,-66.5245],[115.1292,-66.4833],[115.0104,-66.4812],[114.9563,-66.4729],[114.9271,-66.4812],[114.8583,-66.4812],[114.8292,-66.4938],[114.7479,-66.4958],[114.7271,-66.4833],[114.6729,-66.4792],[114.5542,-66.4812],[114.3646,-66.5],[114.3068,-66.4995],[114.3255,-66.4776],[114.4203,-66.4516],[114.4354,-66.4208],[114.4099,-66.363],[114.3562,-66.3646],[114.3063,-66.3562],[114.3276,-66.3151],[114.4474,-66.2662],[114.3943,-66.2432],[114.425,-66.2271],[114.3693,-66.2078],[114.3458,-66.1833],[114.3021,-66.1896],[114.2599,-66.1359],[114.2354,-66.1271],[114.1417,-66.1292],[114.0901,-66.1141],[114.1224,-66.0953],[114.0917,-66.0687],[114.025,-66.0667],[113.9693,-66.0536],[113.925,-66.0292],[113.8609,-66.0057],[113.8255,-65.9849],[113.8099,-65.9609],[113.7443,-65.9474],[113.7078,-65.9255],[113.6458,-65.9125],[113.5333,-65.9021],[113.4432,-65.8588],[113.2984,-65.8453],[113.2417,-65.8021],[113.2349,-65.7714],[113.1792,-65.7667],[113.1354,-65.7771],[113.0521,-65.7771],[112.9938,-65.7875],[112.8708,-65.7937],[112.8042,-65.8208],[112.7521,-65.8313],[112.6687,-65.8333],[112.6,-65.85],[112.5146,-65.8479],[112.4271,-65.8583],[112.3271,-65.8792],[112.2854,-65.8771],[112.2188,-65.8917],[112.1,-65.8896],[111.9958,-65.9042],[111.9667,-65.9146],[111.8771,-65.925],[111.8271,-65.9375],[111.7458,-65.9313],[111.6521,-65.9333],[111.5021,-65.9458],[111.4437,-65.9646],[111.3375,-65.9687],[111.2797,-65.9776],[111.2458,-65.9979],[111.1813,-66],[111.1125,-66.0146],[111.0188,-66.0458],[110.9396,-66.0458],[110.8984,-66.063],[110.8328,-66.1057],[110.7276,-66.138],[110.7047,-66.1755],[110.712,-66.1911],[110.6625,-66.2187],[110.5318,-66.2526],[110.5682,-66.2703],[110.5125,-66.2792],[110.5328,-66.2943],[110.4891,-66.313],[110.4943,-66.3516],[110.5995,-66.3568],[110.6229,-66.3771],[110.7224,-66.4047],[110.7083,-66.45],[110.7245,-66.4766],[110.6333,-66.5062],[110.6047,-66.5214],[110.6599,-66.5432],[110.6193,-66.5682],[110.6536,-66.5797],[110.6505,-66.6078],[110.7141,-66.6297],[110.6651,-66.6547],[110.6922,-66.6807],[110.7432,-66.6984],[110.7271,-66.7187],[110.6271,-66.725],[110.5474,-66.6839],[110.4313,-66.6542],[110.3771,-66.6625],[110.3375,-66.6813],[110.2646,-66.6854],[110.1943,-66.7109],[110.187,-66.7432],[110.15,-66.7583],[109.8938,-66.7937],[109.8771,-66.8167],[109.7943,-66.8255],[109.8479,-66.8542],[109.7667,-66.8542],[109.6896,-66.8729],[109.6396,-66.8646],[109.588,-66.8953],[109.6021,-66.9208],[109.5333,-66.9292],[109.45,-66.9292],[109.3833,-66.9354],[109.3234,-66.9182],[109.2854,-66.8958],[109.2109,-66.9036],[109.1396,-66.8854],[109.0797,-66.8901],[109.0297,-66.913],[108.9688,-66.9604],[108.9458,-66.9521],[108.8807,-66.9703],[108.8292,-66.9708],[108.725,-66.9333],[108.6922,-66.9016],[108.6474,-66.8297],[108.5854,-66.8],[108.4896,-66.8],[108.4042,-66.7604],[108.2958,-66.7646],[108.2672,-66.7349],[108.2828,-66.7151],[108.2255,-66.687],[108.1984,-66.6641],[108.2099,-66.6297],[108.1214,-66.6151],[108.0766,-66.6641],[107.9729,-66.7021],[107.8714,-66.7338],[107.8495,-66.7662],[107.8068,-66.7995],[107.7734,-66.8005],[107.7412,-66.837],[107.688,-66.8297],[107.7161,-66.8057],[107.7047,-66.7932],[107.7245,-66.7547],[107.7005,-66.738],[107.7349,-66.7245],[107.7609,-66.6943],[107.8453,-66.6641],[107.8786,-66.6391],[107.8391,-66.588],[107.7667,-66.5458],[107.7083,-66.5479],[107.6354,-66.5375],[107.5917,-66.5437],[107.4854,-66.5375],[107.4292,-66.5271],[107.3604,-66.4979],[107.1813,-66.4771],[107.1422,-66.4786],[107.1182,-66.4609],[106.9812,-66.4667],[106.8375,-66.4542],[106.7688,-66.4542],[106.7312,-66.4687],[106.6917,-66.4687],[106.687,-66.4443],[106.625,-66.4187],[106.5104,-66.4125],[106.4125,-66.3979],[106.3521,-66.4313],[106.3214,-66.4245],[106.3292,-66.3896],[106.1854,-66.3667],[106.15,-66.3667],[106.0375,-66.3437],[105.9042,-66.3271],[105.8391,-66.3047],[105.7542,-66.2937],[105.6792,-66.275],[105.5646,-66.2688],[105.4797,-66.2578],[105.4537,-66.2359],[105.3812,-66.2271],[105.3542,-66.2083],[105.2917,-66.2167],[105.1979,-66.2021],[105.1229,-66.2],[105.0891,-66.1797],[105.0292,-66.1687],[104.9167,-66.1604],[104.8625,-66.1438],[104.7063,-66.1396],[104.6833,-66.1458],[104.5938,-66.1417],[104.4828,-66.0901],[104.4349,-66.0609],[104.3625,-66.0458],[104.2562,-66.0458],[104.175,-66.0312],[104.0125,-66.0104],[103.9625,-65.9854],[103.8938,-65.975],[103.8417,-65.9792],[103.7479,-65.9771],[103.6417,-66.0083],[103.575,-65.9958],[103.5125,-65.9917],[103.4625,-65.9583],[103.3542,-65.9542],[103.3453,-65.938],[103.3,-65.9229],[103.1896,-65.9271],[103.1292,-65.9125],[103.0833,-65.925],[103.0609,-65.9005],[103,-65.8792],[102.925,-65.8854],[102.8458,-65.8646],[102.7417,-65.8604],[102.6146,-65.8646],[102.4734,-65.9026],[102.4167,-65.925],[102.3771,-65.9313],[102.3458,-65.9521],[102.2667,-65.9604],[102.1792,-65.9583],[102.1271,-65.9667],[101.9792,-65.9729],[101.8146,-65.9708],[101.7875,-65.975],[101.7125,-65.9604],[101.6375,-65.9646],[101.6042,-65.95],[101.5417,-65.9542],[101.4167,-65.9542],[101.3604,-65.9375],[101.2734,-65.9526],[101.2224,-65.9891],[101.2307,-66.012],[101.1667,-66.0229],[101.2875,-66.0479],[101.3833,-66.0479],[101.4766,-66.062],[101.425,-66.0771],[101.3562,-66.0771],[101.3026,-66.0943],[101.2786,-66.1474],[101.2042,-66.175],[101.1297,-66.1776],[101.1391,-66.212],[101.0859,-66.2464],[101.0557,-66.2766],[101.0005,-66.3026],[100.962,-66.3328],[100.9193,-66.3443],[100.8807,-66.3786],[100.7146,-66.3854],[100.6729,-66.3938],[100.5542,-66.3896],[100.4833,-66.3917],[100.5703,-66.4193],[100.5297,-66.4505],[100.6042,-66.475],[100.5297,-66.488],[100.4776,-66.5088],[100.4464,-66.4786],[100.4516,-66.4557],[100.3667,-66.4625],[100.3349,-66.4828],[100.3047,-66.4776],[100.3287,-66.4474],[100.2854,-66.425],[100.2328,-66.4557],[100.1651,-66.4609],[100.137,-66.4786],[100.0667,-66.5],[99.9917,-66.5021],[99.9167,-66.4896],[99.8536,-66.537],[99.7042,-66.5958],[99.6729,-66.5917],[99.6255,-66.6276],[99.6078,-66.6599],[99.5708,-66.675],[99.5193,-66.6443],[99.5505,-66.5818],[99.5807,-66.5526],[99.5208,-66.55],[99.488,-66.5672],[99.4213,-66.6214],[99.4411,-66.6526],[99.3807,-66.6807],[99.3542,-66.7021],[99.3104,-66.6896],[99.1734,-66.713],[99.1828,-66.7516],[99.1047,-66.7453],[99.0516,-66.6943],[99.0151,-66.688],[98.9912,-66.7224],[98.9297,-66.7609],[98.8651,-66.8276],[98.8953,-66.863],[98.8662,-66.9016],[98.8146,-66.9187],[98.7943,-66.8995],[98.7734,-66.8203],[98.7807,-66.7963],[98.7229,-66.7937],[98.7047,-66.7693],[98.7318,-66.7526],[98.7995,-66.7391],[98.7896,-66.7167],[98.8057,-66.6859],[98.7771,-66.6562],[98.7083,-66.6583],[98.8266,-66.6224],[98.8812,-66.5958],[99.012,-66.5516],[99.0495,-66.5307],[99.0724,-66.4922],[98.9854,-66.4979],[98.8792,-66.5146],[98.8276,-66.5276],[98.7609,-66.5547],[98.7021,-66.5917],[98.5813,-66.6083],[98.5375,-66.6229],[98.4859,-66.6068],[98.5307,-66.5745],[98.5339,-66.5484],[98.5953,-66.4995],[98.5083,-66.4458],[98.4292,-66.4417],[98.2188,-66.4563],[98.1766,-66.4849],[98.0896,-66.5],[98.0401,-66.5151],[97.9563,-66.5583],[97.8792,-66.5583],[97.8193,-66.5693],[97.787,-66.6182],[97.7349,-66.6661],[97.6729,-66.6833],[97.6255,-66.6661],[97.6146,-66.6438],[97.5375,-66.6479],[97.4672,-66.6328],[97.4422,-66.5984],[97.4557,-66.5797],[97.4042,-66.5708],[97.3438,-66.5813],[97.3182,-66.5526],[97.2714,-66.5453],[97.2828,-66.5193],[97.2375,-66.5167],[97.15,-66.4896],[97.0792,-66.4875],[96.9938,-66.5021],[96.8958,-66.525],[96.7547,-66.5693],[96.7037,-66.5974],[96.6547,-66.6026],[96.6312,-66.6188],[96.525,-66.6188],[96.4396,-66.5854],[96.3896,-66.5833],[96.2583,-66.5979],[96.2021,-66.6208],[96.1766,-66.5984],[96.0979,-66.5687],[96.0484,-66.588],[96.012,-66.6286],[95.9313,-66.6604],[95.8583,-66.6479],[95.7875,-66.6625],[95.7042,-66.6625],[95.6464,-66.6755],[95.6286,-66.6953],[95.5828,-66.6922],[95.5292,-66.7104],[95.4896,-66.6583],[95.45,-66.6479],[95.3604,-66.6438],[95.3318,-66.6349],[95.3474,-66.6068],[95.3182,-66.5443],[95.1937,-66.5062],[95.1104,-66.5167],[95.0651,-66.512],[95.0125,-66.4875],[94.9458,-66.4917],[94.9,-66.4833],[94.7875,-66.5104],[94.7083,-66.5083],[94.6167,-66.5312],[94.5396,-66.5437],[94.5224,-66.562],[94.4693,-66.5797],[94.4396,-66.6167],[94.3771,-66.6292],[94.3354,-66.6458],[94.2208,-66.6542],[94.1214,-66.6734],[94.0979,-66.7187],[93.9521,-66.7333],[93.9828,-66.7089],[93.962,-66.688],[93.8771,-66.6813],[93.862,-66.7099],[93.7943,-66.7089],[93.7412,-66.7349],[93.7089,-66.7224],[93.6901,-66.6828],[93.7245,-66.6547],[93.6974,-66.6474],[93.7266,-66.6068],[93.6771,-66.5896],[93.5062,-66.5792],[93.4708,-66.5896],[93.4021,-66.5937],[93.3208,-66.5813],[93.1813,-66.5896],[93.1062,-66.5792],[93.0771,-66.5667],[93.0104,-66.5583],[92.9589,-66.5755],[92.9146,-66.6021],[92.8271,-66.6292],[92.7188,-66.6396],[92.6229,-66.6188],[92.5917,-66.6188],[92.5167,-66.5958],[92.4792,-66.6021],[92.3812,-66.6021],[92.313,-66.5703],[92.2724,-66.5359],[92.1958,-66.5125],[92.05,-66.5167],[91.9979,-66.5],[91.8958,-66.5083],[91.8583,-66.525],[91.7896,-66.5375],[91.7125,-66.5333],[91.6438,-66.5604],[91.5604,-66.5646],[91.4938,-66.5896],[91.4208,-66.6042],[91.3833,-66.6042],[91.2875,-66.5896],[91.2646,-66.5792],[91.2021,-66.5792],[91.1792,-66.5687],[91.0896,-66.575],[91.0099,-66.6182],[90.9375,-66.625],[90.8875,-66.6458],[90.8208,-66.6604],[90.7229,-66.7083],[90.6505,-66.7109],[90.5563,-66.7438],[90.4797,-66.7464],[90.4078,-66.8141],[90.3609,-66.8182],[90.3396,-66.8],[90.2708,-66.8042],[90.2042,-66.7792],[90.1146,-66.7708],[90.0396,-66.775],[90,-66.7875],[89.9125,-66.7958],[89.8896,-66.7854],[89.8167,-66.7875],[89.7932,-66.7995],[89.6292,-66.8437],[89.4458,-66.8417],[89.3896,-66.8292],[89.3146,-66.8021],[89.2479,-66.8104],[89.1687,-66.8042],[89.1229,-66.8187],[89.0771,-66.7917],[89.0021,-66.7875],[88.9271,-66.8083],[88.8667,-66.8104],[88.8,-66.7854],[88.7458,-66.7792],[88.6813,-66.7958],[88.5896,-66.7917],[88.5401,-66.8026],[88.5016,-66.8287],[88.4187,-66.8458],[88.3292,-66.8458],[88.2375,-66.8562],[88.225,-66.7958],[88.1917,-66.7937],[88.1396,-66.7708],[87.9875,-66.7688],[87.9271,-66.775],[87.8516,-66.8182],[87.6875,-66.8208],[87.6438,-66.8396],[87.6104,-66.8375],[87.525,-66.8521],[87.4979,-66.8792],[87.3896,-66.8854],[87.3083,-66.9104],[87.2438,-66.9104],[87.1354,-66.9229],[87.0646,-66.9479],[87.0109,-66.9547],[86.9578,-66.9932],[86.913,-67.0047],[86.8495,-67.0328],[86.7729,-67.0437],[86.7188,-67.0646],[86.6375,-67.0604],[86.5583,-67.025],[86.4958,-67.0354],[86.375,-67.0354],[86.2625,-67.0521],[86.1813,-67.0479],[86.1208,-67.0375],[86.05,-67.0417],[86.0078,-67.0745],[85.9729,-67.0771],[85.9089,-67.1026],[85.8786,-67.1391],[85.7286,-67.1589],[85.625,-67.1896],[85.4714,-67.1693],[85.4313,-67.1896],[85.2896,-67.175],[85.2125,-67.1604],[85.1151,-67.1516],[85.0792,-67.1271],[85.0604,-67.0792],[84.9708,-67.0687],[84.9292,-67.0708],[84.75,-67.1083],[84.6979,-67.1021],[84.5646,-67.1188],[84.4792,-67.1104],[84.3901,-67.1214],[84.3766,-67.1432],[84.2995,-67.1828],[84.2896,-67.2146],[84.1312,-67.2521],[84.1042,-67.2646],[84.0542,-67.2625],[83.8729,-67.2958],[83.8187,-67.2937],[83.7562,-67.3083],[83.6505,-67.3443],[83.6349,-67.3891],[83.5938,-67.3875],[83.5396,-67.4042],[83.4417,-67.4229],[83.3771,-67.4417],[83.4036,-67.4859],[83.3891,-67.5005],[83.413,-67.5203],[83.4599,-67.5297],[83.4422,-67.5599],[83.5021,-67.5708],[83.6104,-67.5771],[83.6641,-67.5859],[83.6083,-67.6417],[83.4917,-67.6583],[83.4375,-67.6542],[83.3474,-67.6245],[83.2703,-67.5859],[83.1875,-67.5771],[83.1297,-67.5953],[83.0875,-67.6188],[83.0167,-67.6062],[82.9625,-67.6125],[82.9,-67.6354],[82.8547,-67.6349],[82.8042,-67.5979],[82.6729,-67.6125],[82.6312,-67.6],[82.5729,-67.6042],[82.5474,-67.6245],[82.4917,-67.6292],[82.4578,-67.6536],[82.4146,-67.6625],[82.3651,-67.6943],[82.2708,-67.7125],[82.2354,-67.6875],[82.1839,-67.6828],[82.1646,-67.6687],[82.0229,-67.6771],[81.9693,-67.688],[81.9396,-67.7083],[81.8708,-67.7],[81.8479,-67.7104],[81.7583,-67.7229],[81.6667,-67.7438],[81.6391,-67.7599],[81.5854,-67.7708],[81.5083,-67.7708],[81.3479,-67.7958],[81.2229,-67.8396],[81.1583,-67.8417],[81.1146,-67.8542],[80.9833,-67.8708],[80.9125,-67.8917],[80.8396,-67.8938],[80.8,-67.8812],[80.7458,-67.8833],[80.6453,-67.9141],[80.5521,-67.925],[80.4396,-67.9229],[80.375,-67.9396],[80.1563,-67.9708],[80.1292,-67.9875],[80.0125,-68.0021],[79.9354,-68.0167],[79.8875,-68.0333],[79.7271,-68.0354],[79.6542,-68.0542],[79.5583,-68.0896],[79.4667,-68.1021],[79.3958,-68.1042],[79.2688,-68.1271],[79.1854,-68.1354],[79.0391,-68.1682],[79.0062,-68.1875],[78.9167,-68.2021],[78.7755,-68.2484],[78.6568,-68.3089],[78.6328,-68.3391],[78.55,-68.3688],[78.5432,-68.3932],[78.4922,-68.4213],[78.5141,-68.462],[78.4609,-68.4776],[78.4651,-68.5016],[78.5089,-68.513],[78.4917,-68.5396],[78.5089,-68.5589],[78.5188,-68.6146],[78.4797,-68.6255],[78.4505,-68.6495],[78.5396,-68.6458],[78.5833,-68.6667],[78.6625,-68.6729],[78.6849,-68.6932],[78.6208,-68.6937],[78.4229,-68.7208],[78.3734,-68.7359],[78.3604,-68.7521],[78.2521,-68.7604],[78.2125,-68.7521],[78.1396,-68.7583],[78.0995,-68.7786],[77.9693,-68.8255],[77.9339,-68.8724],[77.9458,-68.8958],[77.9276,-68.9182],[78.0229,-68.9229],[77.9526,-68.9484],[77.9583,-68.9771],[78.025,-69.0042],[77.9167,-69.0083],[77.8818,-69.0172],[77.9016,-69.0453],[77.8745,-69.0641],[77.8193,-69.0755],[77.8083,-69.1208],[77.8292,-69.1375],[77.6729,-69.1562],[77.5896,-69.1792],[77.5162,-69.187],[77.45,-69.2187],[77.4328,-69.1859],[77.3271,-69.1792],[77.2417,-69.2063],[77.0125,-69.2083],[76.9568,-69.2318],[76.9828,-69.2599],[76.8604,-69.275],[76.8151,-69.3057],[76.8516,-69.3641],[76.7714,-69.3661],[76.7229,-69.3437],[76.6667,-69.3562],[76.5875,-69.3625],[76.5026,-69.4047],[76.4912,-69.4307],[76.3979,-69.4771],[76.3526,-69.4786],[76.3588,-69.4443],[76.3974,-69.4161],[76.3745,-69.4068],[76.2771,-69.4083],[76.1833,-69.4187],[76.1807,-69.437],[76.0292,-69.4854],[75.9688,-69.4854],[75.9578,-69.5182],[75.9187,-69.5333],[75.8708,-69.5229],[75.8005,-69.5297],[75.7963,-69.5495],[75.8245,-69.5661],[75.8016,-69.5953],[75.7505,-69.613],[75.787,-69.6338],[75.7963,-69.6724],[75.8516,-69.7016],[75.8193,-69.713],[75.8693,-69.7516],[75.9151,-69.7745],[75.8588,-69.7776],[75.8641,-69.8141],[75.813,-69.8339],[75.5984,-69.8734],[75.6062,-69.8979],[75.5479,-69.8917],[75.4693,-69.913],[75.4287,-69.9349],[75.3964,-69.9328],[75.3167,-69.8417],[75.3161,-69.8151],[75.2688,-69.8083],[75.2214,-69.8172],[75.2057,-69.8661],[75.1792,-69.875],[75.0979,-69.9354],[75.0547,-69.9286],[75.0109,-69.8995],[74.9912,-69.8714],[74.9521,-69.85],[74.8484,-69.8734],[74.7708,-69.9167],[74.7401,-69.9141],[74.7214,-69.8651],[74.7703,-69.8495],[74.7292,-69.8271],[74.6234,-69.863],[74.5724,-69.8974],[74.5042,-69.9104],[74.4875,-69.9292],[74.4208,-69.9333],[74.3812,-69.8979],[74.3,-69.9229],[74.2547,-69.9224],[74.2995,-69.8786],[74.3287,-69.8276],[74.2568,-69.7724],[74.2312,-69.7333],[74.175,-69.7333],[74.0687,-69.7146],[73.9979,-69.7167],[73.888,-69.738],[73.8505,-69.7672],[73.8495,-69.787],[73.738,-69.838],[73.6958,-69.8646],[73.6047,-69.8516],[73.5974,-69.8193],[73.5437,-69.8021],[73.4005,-69.7984],[73.3849,-69.8266],[73.2464,-69.8568],[73.2214,-69.8776],[73.2391,-69.9182],[73.1922,-69.9297],[73.2349,-69.9745],[73.1953,-69.9995],[73.0818,-69.9901],[73.0604,-70.0125],[72.925,-70.0229],[72.8979,-70.0396],[72.8104,-70.0458],[72.7464,-70.0776],[72.737,-70.1057],[72.688,-70.1234],[72.6151,-70.1693],[72.6412,-70.1839],[72.663,-70.2432],[72.7255,-70.287],[72.7849,-70.3047],[72.8292,-70.3604],[72.7943,-70.3745],[72.8932,-70.4068],[72.8651,-70.4213],[72.8828,-70.4411],[72.8229,-70.45],[72.7932,-70.4682],[72.7292,-70.4729],[72.6396,-70.4687],[72.6328,-70.5036],[72.5917,-70.5229],[72.475,-70.5375],[72.4995,-70.5536],[72.4401,-70.5672],[72.462,-70.5964],[72.437,-70.6307],[72.3995,-70.6516],[72.3016,-70.6672],[72.2438,-70.6542],[72.1583,-70.6542],[72.1146,-70.7],[72.0646,-70.6625],[72.0042,-70.6604],[71.9359,-70.6755],[71.9187,-70.6937],[71.8193,-70.7047],[71.762,-70.7495],[71.7047,-70.7693],[71.8682,-70.8161],[71.8662,-70.8474],[71.7854,-70.8792],[71.7521,-70.8708],[71.7047,-70.8943],[71.687,-70.9234],[71.6896,-70.9542],[71.6167,-70.9542],[71.5813,-70.9417],[71.5313,-70.9563],[71.4912,-71.0307],[71.4255,-71.0734],[71.3891,-71.1495],[71.3339,-71.1766],[71.3812,-71.2],[71.5333,-71.2021],[71.5234,-71.2234],[71.5516,-71.2411],[71.4688,-71.25],[71.4521,-71.2771],[71.2833,-71.2896],[71.2474,-71.3464],[71.2172,-71.3641],[71.2536,-71.3818],[71.2271,-71.4167],[71.1521,-71.4583],[71.163,-71.487],[71.2937,-71.5125],[71.3042,-71.5292],[71.3979,-71.5458],[71.4047,-71.5661],[71.4646,-71.5875],[71.5432,-71.6005],[71.4313,-71.6396],[71.3458,-71.6354],[71.2708,-71.6125],[71.1859,-71.6109],[71.1807,-71.6266],[71.0938,-71.6188],[71.0646,-71.675],[71.112,-71.6797],[71.1312,-71.7],[71.2271,-71.7104],[71.2745,-71.7328],[71.2021,-71.7604],[71.1495,-71.7338],[71.0979,-71.7333],[71.0458,-71.7542],[70.9938,-71.7479],[70.9266,-71.7766],[70.8037,-71.8182],[70.7208,-71.8292],[70.5854,-71.8271],[70.5625,-71.8333],[70.4563,-71.825],[70.4109,-71.8453],[70.4563,-71.8646],[70.6229,-71.8792],[70.5943,-71.8984],[70.7354,-71.9021],[70.7068,-71.9203],[70.7328,-71.9432],[70.6776,-71.963],[70.6724,-71.9911],[70.5875,-72.0146],[70.5167,-72.0542],[70.4521,-72.0458],[70.3583,-72.0542],[70.3187,-72.075],[70.1188,-72.0604],[70,-72.0771],[69.9125,-72.0833],[69.8917,-72.1104],[69.8297,-72.1193],[69.7984,-72.1359],[69.8167,-72.1729],[69.8026,-72.187],[69.8958,-72.1958],[69.9411,-72.2151],[69.9537,-72.2662],[69.9063,-72.275],[69.8625,-72.2521],[69.8,-72.275],[69.7021,-72.2896],[69.6276,-72.3193],[69.6083,-72.3375],[69.5984,-72.3995],[69.6307,-72.4349],[69.5604,-72.4625],[69.4797,-72.4609],[69.5162,-72.4391],[69.4292,-72.4208],[69.0521,-72.4167],[68.9172,-72.4401],[68.9099,-72.4578],[68.7917,-72.4792],[68.7229,-72.5021],[68.6292,-72.4771],[68.55,-72.4708],[68.4213,-72.4755],[68.1797,-72.5693],[68.2078,-72.587],[68.1375,-72.5937],[68.0255,-72.6297],[68.0016,-72.6557],[67.9646,-72.6604],[67.9167,-72.7],[67.9682,-72.7359],[67.9682,-72.7703],[67.9422,-72.788],[67.9792,-72.8521],[68.0807,-72.8776],[68.0693,-72.8974],[68.1328,-72.9401],[68.1016,-73.012],[68.0443,-73.0255],[68.0599,-73.0599],[68.0255,-73.0922],[68.0172,-73.137],[67.9297,-73.1484],[67.8875,-73.175],[67.8167,-73.1813],[67.6896,-73.2292],[67.4583,-73.2667],[67.4016,-73.2911],[67.2937,-73.3167],[67.2125,-73.3187],[67.1526,-73.2995],[67.1766,-73.2745],[67.1458,-73.2646],[67.0396,-73.2875],[67.0047,-73.2766],[67.062,-73.2578],[67.112,-73.2245],[67.1083,-73.2],[67.0104,-73.2167],[66.9786,-73.1963],[66.8958,-73.2],[66.7,-73.2521],[66.6479,-73.2208],[66.5729,-73.2333],[66.3859,-73.212],[66.3766,-73.1693],[66.3229,-73.1354],[66.3588,-73.1193],[66.4437,-73.1042],[66.5307,-73.0661],[66.5276,-73.0526],[66.6354,-73.0104],[66.8688,-72.9833],[66.9724,-72.937],[67.0141,-72.8995],[67.0417,-72.825],[67.0479,-72.7708],[67.0766,-72.737],[67.0958,-72.6604],[67.0797,-72.6338],[67.1068,-72.5984],[67.1891,-72.5286],[67.1839,-72.4943],[67.237,-72.4557],[67.2193,-72.4255],[67.2828,-72.3807],[67.3182,-72.3297],[67.2901,-72.3089],[67.3313,-72.2917],[67.3047,-72.2588],[67.313,-72.2109],[67.337,-72.1703],[67.3287,-72.1297],[67.275,-72.1271],[67.238,-72.1026],[67.3021,-72.0708],[67.3667,-72.0729],[67.4328,-72.0495],[67.4297,-72.0359],[67.4974,-72.0057],[67.5026,-71.9651],[67.5245,-71.9557],[67.4932,-71.9068],[67.4505,-71.8974],[67.4625,-71.8708],[67.5042,-71.8708],[67.6042,-71.8313],[67.5255,-71.8182],[67.5521,-71.7917],[67.6813,-71.7646],[67.7599,-71.7536],[67.7755,-71.7193],[67.8682,-71.6891],[67.8891,-71.6745],[67.8547,-71.6338],[67.9141,-71.6245],[67.9099,-71.6088],[67.8276,-71.5995],[67.8724,-71.5672],[67.8047,-71.5422],[67.8401,-71.5172],[67.9245,-71.4828],[67.9589,-71.4505],[68.0245,-71.4182],[68.0505,-71.3838],[68.0891,-71.3682],[68.0542,-71.3542],[68.15,-71.3354],[68.2958,-71.3187],[68.3287,-71.2984],[68.3005,-71.2766],[68.3208,-71.2583],[68.5208,-71.25],[68.6641,-71.2161],[68.6563,-71.1979],[68.6005,-71.1995],[68.5463,-71.1807],[68.5401,-71.1651],[68.6771,-71.1146],[68.7516,-71.1016],[68.8292,-71.0792],[68.8995,-71.0411],[68.8505,-71.0276],[68.9411,-70.9891],[68.9464,-70.9693],[68.9953,-70.9516],[69.0286,-70.9213],[69.0151,-70.9047],[69.0432,-70.8818],[69.0089,-70.8714],[69.0505,-70.838],[69.0932,-70.8203],[69.0995,-70.7901],[69.0714,-70.7797],[69.1412,-70.7536],[69.163,-70.7276],[69.2078,-70.7037],[69.2271,-70.6417],[69.2151,-70.6161],[69.2391,-70.5682],[69.2333,-70.5396],[69.2646,-70.4479],[69.2495,-70.4109],[69.1891,-70.3276],[69.15,-70.3083],[68.8917,-70.3063],[68.8396,-70.325],[68.7167,-70.3437],[68.6401,-70.3797],[68.6354,-70.4],[68.6578,-70.4432],[68.5813,-70.4729],[68.5354,-70.475],[68.4651,-70.4432],[68.4354,-70.4],[68.3354,-70.4042],[68.2792,-70.4167],[68.1687,-70.425],[68.0938,-70.4563],[68.0437,-70.4333],[67.9667,-70.4542],[67.863,-70.412],[67.887,-70.3922],[67.775,-70.4],[67.7464,-70.3766],[67.6964,-70.3599],[67.6609,-70.3213],[67.7453,-70.3016],[67.7375,-70.2708],[67.6854,-70.2771],[67.4755,-70.2839],[67.35,-70.2979],[67.1943,-70.2963],[67.2286,-70.2693],[67.2005,-70.2588],[67.275,-70.2354],[67.3854,-70.2271],[67.4912,-70.2037],[67.4693,-70.1526],[67.4958,-70.1354],[67.5042,-70.1042],[67.5787,-70.0932],[67.5422,-70.0359],[67.6172,-70.0047],[67.6708,-70.0125],[67.8667,-70.0083],[67.9307,-69.9599],[67.9141,-69.9276],[68.0042,-69.9],[68.0891,-69.887],[68.0901,-69.8672],[68.1292,-69.8437],[68.1088,-69.8203],[68.1354,-69.7917],[68.1109,-69.7359],[68.1563,-69.7208],[68.2063,-69.7187],[68.2255,-69.7703],[68.2516,-69.7943],[68.2568,-69.8266],[68.3214,-69.8766],[68.412,-69.9109],[68.4526,-69.9391],[68.4896,-69.9458],[68.5026,-69.9932],[68.5599,-70.0005],[68.5667,-70.0292],[68.7063,-70.025],[68.8313,-70.0125],[68.9474,-69.9786],[69.0537,-69.937],[69.0776,-69.9172],[69.1578,-69.8786],[69.2125,-69.8146],[69.2078,-69.788],[69.1188,-69.7854],[69.0604,-69.7708],[68.9667,-69.7646],[68.8776,-69.7411],[68.9229,-69.7125],[69.1813,-69.7104],[69.2375,-69.7],[69.3057,-69.6703],[69.3536,-69.6214],[69.3495,-69.6088],[69.2396,-69.6],[69.1438,-69.5771],[69.0479,-69.5646],[68.9729,-69.5479],[68.9,-69.5521],[68.7771,-69.5437],[68.7297,-69.5495],[68.7214,-69.5088],[68.7521,-69.4875],[68.8812,-69.4667],[68.8912,-69.4505],[68.7979,-69.4083],[68.7401,-69.3901],[68.8203,-69.3703],[68.8734,-69.3193],[68.9187,-69.3083],[69,-69.3125],[69.0813,-69.3354],[69.1495,-69.3464],[69.1526,-69.3578],[69.2625,-69.375],[69.3224,-69.3391],[69.3109,-69.3213],[69.4563,-69.3333],[69.5729,-69.3542],[69.6375,-69.3479],[69.7328,-69.3151],[69.7214,-69.2963],[69.7495,-69.2828],[69.7766,-69.2328],[69.7646,-69.1833],[69.7271,-69.1667],[69.6667,-69.1562],[69.6208,-69.1375],[69.5437,-69.1312],[69.4526,-69.1328],[69.4479,-69.1125],[69.3401,-69.0797],[69.3786,-69.0641],[69.3047,-69.0484],[69.4125,-69.0333],[69.4958,-69.0104],[69.5979,-68.9979],[69.6375,-68.9812],[69.7417,-68.9646],[69.7724,-68.9463],[69.7151,-68.9339],[69.7708,-68.9062],[69.8167,-68.9042],[69.8682,-68.8807],[69.8271,-68.8667],[69.6458,-68.8667],[69.4604,-68.8771],[69.3542,-68.8917],[69.3146,-68.8729],[69.3203,-68.8526],[69.2734,-68.8318],[69.3521,-68.8167],[69.413,-68.7859],[69.5833,-68.7542],[69.6307,-68.737],[69.6203,-68.712],[69.6359,-68.6734],[69.6641,-68.6578],[69.6708,-68.6333],[69.6,-68.6333],[69.5813,-68.6083],[69.638,-68.5797],[69.825,-68.5667],[69.8979,-68.5813],[69.9953,-68.5495],[70.0458,-68.5229],[70.1208,-68.5104],[70.0755,-68.487],[70.0411,-68.4109],[69.9964,-68.3995],[69.987,-68.3714],[69.8964,-68.337],[69.8203,-68.288],[69.7026,-68.2037],[69.6932,-68.1797],[69.6432,-68.1505],[69.6172,-68.1078],[69.5896,-68.0396],[69.6099,-68.0203],[69.6234,-67.9422],[69.6896,-67.875],[69.6443,-67.8391],[69.638,-67.8026],[69.6521,-67.7792],[69.6349,-67.7609],[69.5833,-67.7417],[69.4896,-67.7292],[69.2979,-67.7354],[69.2505,-67.7484],[69.1943,-67.7797],[69.1787,-67.8203],[69.0667,-67.8542],[68.9958,-67.8604],[68.9083,-67.8792],[68.8,-67.8854],[68.6958,-67.8708],[68.5563,-67.8729],[68.4812,-67.8792],[68.4042,-67.8958],[68.3479,-67.8958],[68.2042,-67.8792],[68.15,-67.8583],[68.0687,-67.8521],[68.0417,-67.8417],[67.9167,-67.8333],[67.8229,-67.8375],[67.7729,-67.8292],[67.6,-67.8229],[67.4958,-67.8292],[67.3417,-67.8104],[67.3,-67.7875],[67.1333,-67.7583],[67.0771,-67.7583],[66.9146,-67.7729],[66.8792,-67.7854],[66.8167,-67.7708],[66.7646,-67.7708],[66.7146,-67.7958],[66.6521,-67.7792],[66.525,-67.7792],[66.4354,-67.7625],[66.3625,-67.7646],[66.2688,-67.7542],[66.1208,-67.7667],[66.0521,-67.7458],[65.9667,-67.7438],[65.8104,-67.7208],[65.6646,-67.7083],[65.5687,-67.6875],[65.4812,-67.6896],[65.3271,-67.675],[65.2667,-67.6792],[65.0458,-67.6792],[64.925,-67.6646],[64.8417,-67.6687],[64.7312,-67.6604],[64.6,-67.6167],[64.4854,-67.6125],[64.4396,-67.5958],[64.3833,-67.5896],[64.3125,-67.5708],[64.2063,-67.5667],[64.0417,-67.5437],[64.0146,-67.5292],[63.8875,-67.525],[63.8396,-67.5312],[63.7667,-67.5125],[63.6958,-67.5125],[63.5438,-67.4958],[63.4708,-67.5],[63.4292,-67.5104],[63.3688,-67.5062],[63.2562,-67.5271],[63.1917,-67.5333],[63.1083,-67.5312],[63.0167,-67.5604],[62.9042,-67.6021],[62.8604,-67.6062],[62.8089,-67.6255],[62.8099,-67.637],[62.7208,-67.6521],[62.6104,-67.65],[62.4688,-67.6292],[62.4063,-67.6312],[62.3932,-67.6088],[62.2813,-67.5979],[62.1813,-67.5833],[62.1479,-67.5687],[62.0625,-67.5521],[62.0021,-67.5563],[61.9375,-67.5437],[61.7021,-67.5521],[61.6479,-67.5354],[61.5438,-67.5437],[61.4729,-67.5708],[61.4125,-67.5583],[61.3083,-67.5917],[61.2417,-67.5917],[61.2068,-67.5807],[61.1974,-67.5526],[61.1396,-67.5604],[61.1276,-67.5422],[61.1599,-67.5307],[61.1646,-67.5042],[61.0833,-67.4896],[60.9688,-67.4875],[60.9495,-67.4693],[60.8708,-67.4625],[60.8193,-67.4724],[60.8203,-67.4443],[60.7854,-67.4333],[60.7417,-67.4437],[60.6443,-67.4203],[60.6437,-67.4042],[60.5292,-67.3875],[60.488,-67.387],[60.4521,-67.3688],[60.3833,-67.3896],[60.3271,-67.3771],[60.1688,-67.3896],[60.1437,-67.4],[60.0667,-67.4062],[59.975,-67.4],[59.8542,-67.4],[59.8208,-67.4083],[59.7375,-67.3958],[59.65,-67.3917],[59.6297,-67.4099],[59.6557,-67.4547],[59.6401,-67.4609],[59.6578,-67.5078],[59.6,-67.525],[59.5354,-67.5104],[59.5089,-67.5307],[59.5484,-67.5703],[59.5995,-67.5911],[59.5313,-67.6125],[59.4547,-67.5828],[59.4495,-67.5609],[59.3312,-67.5188],[59.2542,-67.4812],[59.2042,-67.5],[59.0526,-67.5078],[58.9922,-67.4755],[59.0333,-67.4646],[59.1286,-67.4641],[59.1328,-67.4276],[59.0542,-67.4313],[58.9521,-67.3833],[58.9146,-67.3833],[58.875,-67.3542],[58.7646,-67.3354],[58.6917,-67.3458],[58.6745,-67.3297],[58.6167,-67.3104],[58.5771,-67.3104],[58.5641,-67.2734],[58.525,-67.2542],[58.5563,-67.2292],[58.6979,-67.2646],[58.7125,-67.275],[58.8458,-67.2875],[58.8771,-67.3],[58.9562,-67.3104],[59.0411,-67.3036],[59.0401,-67.2776],[59.112,-67.2557],[59.0068,-67.2328],[58.9786,-67.2005],[58.9328,-67.1818],[58.8208,-67.1562],[58.7438,-67.1625],[58.7083,-67.1521],[58.6271,-67.1708],[58.5479,-67.1771],[58.512,-67.1932],[58.4229,-67.2],[58.4063,-67.1875],[58.4266,-67.1505],[58.3521,-67.1438],[58.2521,-67.15],[58.0932,-67.2203],[58.0193,-67.2245],[58.025,-67.1958],[58.0536,-67.1953],[58.0922,-67.1693],[58.1432,-67.1516],[58.162,-67.1276],[58.1453,-67.1026],[58.075,-67.0937],[57.9979,-67.1062],[57.9828,-67.0776],[57.9208,-67.0625],[57.8396,-67.0563],[57.8333,-67.0354],[57.6979,-67.0167],[57.6646,-67],[57.5854,-66.9917],[57.5208,-67.0312],[57.3542,-67.0271],[57.3068,-67.0422],[57.3557,-67.0651],[57.3604,-67.0875],[57.2729,-67.0896],[57.2036,-67.0755],[57.1229,-67.0667],[57.0609,-67.0724],[57.0625,-67.05],[57,-67.0437],[56.9229,-67.0458],[56.9104,-67.0667],[56.8042,-67.0563],[56.7042,-67.0687],[56.6146,-67.0875],[56.5104,-67.1271],[56.4464,-67.1589],[56.4057,-67.1911],[56.3234,-67.2422],[56.3161,-67.2682],[56.2443,-67.3026],[56.2026,-67.3401],[56.1714,-67.3849],[56.1245,-67.388],[56.0755,-67.3547],[56.1307,-67.2807],[56.1568,-67.2026],[56.0729,-67.1979],[55.925,-67.2354],[55.8625,-67.2438],[55.8042,-67.2625],[55.7271,-67.2625],[55.7307,-67.2391],[55.7792,-67.1917],[55.8979,-67.1646],[56.0021,-67.1458],[56.0297,-67.1297],[56.1625,-67.1021],[56.287,-67.0599],[56.362,-67.0182],[56.3375,-67],[56.2521,-67],[56.3016,-66.9786],[56.2667,-66.9646],[56.1547,-66.9557],[56.1568,-66.9401],[56.2042,-66.9271],[56.3187,-66.9271],[56.3203,-66.9047],[56.2609,-66.887],[56.275,-66.875],[56.3521,-66.875],[56.4172,-66.9245],[56.5375,-66.9417],[56.65,-66.9437],[56.7245,-66.9245],[56.7047,-66.8755],[56.675,-66.8542],[56.6167,-66.8479],[56.5458,-66.8562],[56.4896,-66.875],[56.4453,-66.8484],[56.3958,-66.8417],[56.3833,-66.8104],[56.3401,-66.7995],[56.3568,-66.7755],[56.4313,-66.7583],[56.5099,-66.7557],[56.512,-66.7443],[56.4083,-66.7458],[56.3771,-66.7229],[56.2896,-66.7125],[56.225,-66.6979],[56.1589,-66.7057],[56.1417,-66.6792],[56.0068,-66.663],[56.1078,-66.6328],[56.1161,-66.6172],[56.0646,-66.6083],[55.9964,-66.5818],[56.0354,-66.5708],[56.1229,-66.5854],[56.1979,-66.575],[56.2359,-66.6099],[56.2667,-66.6188],[56.325,-66.6167],[56.3911,-66.6338],[56.4193,-66.6516],[56.5005,-66.6661],[56.5151,-66.6214],[56.5521,-66.6396],[56.6021,-66.6833],[56.6542,-66.6896],[56.7021,-66.7083],[56.8167,-66.7229],[56.8589,-66.7026],[56.95,-66.7063],[57.0083,-66.7292],[57.1646,-66.7208],[57.1917,-66.7104],[57.2604,-66.7167],[57.2953,-66.7057],[57.2891,-66.6839],[57.2505,-66.6766],[57.2911,-66.6495],[57.2672,-66.6151],[57.2974,-66.5943],[57.262,-66.5609],[57.1932,-66.5193],[57.1234,-66.5057],[57.0458,-66.4687],[56.9938,-66.4646],[56.9172,-66.4474],[56.8542,-66.4146],[56.7729,-66.4],[56.6292,-66.3958],[56.5833,-66.3875],[56.4896,-66.3875],[56.4005,-66.4068],[56.4042,-66.4542],[56.3484,-66.4453],[56.3328,-66.4005],[56.2755,-66.3828],[56.225,-66.3583],[56.2188,-66.3208],[56.1276,-66.3141],[56.0818,-66.2891],[56.0703,-66.2651],[56.0078,-66.2338],[55.95,-66.2271],[55.8734,-66.1932],[55.8359,-66.1422],[55.8641,-66.1307],[55.8417,-66.1146],[55.8,-66.1188],[55.7172,-66.0911],[55.6979,-66.075],[55.6276,-66.0432],[55.6104,-66.0208],[55.4938,-66.0146],[55.3896,-65.9812],[55.2854,-65.9563],[55.1958,-65.9292],[54.9792,-65.9208],[54.7708,-65.8958],[54.7396,-65.9042],[54.625,-65.8938],[54.5625,-65.8979],[54.4938,-65.8896],[54.3312,-65.8875],[54.3,-65.875],[54.1813,-65.8771],[54.1292,-65.8854],[54.0521,-65.8812],[54.0208,-65.8875],[53.9333,-65.8854],[53.9,-65.8688],[53.7813,-65.8417],[53.6333,-65.8562],[53.5833,-65.8729],[53.5021,-65.8792],[53.3875,-65.9042],[53.2542,-65.9],[53.1375,-65.9146],[53.0604,-65.9333],[52.9896,-65.9396],[52.9375,-65.9583],[52.8646,-65.9625],[52.6583,-65.9604],[52.5667,-65.9646],[52.5375,-65.9583],[52.4354,-65.9583],[52.3229,-65.975],[52.2146,-65.9729],[51.9854,-66.0083],[51.9063,-66.0292],[51.825,-66.0333],[51.725,-66.05],[51.6458,-66.0833],[51.5313,-66.1125],[51.4979,-66.1146],[51.3859,-66.1682],[51.3708,-66.2229],[51.2938,-66.2271],[51.1813,-66.2104],[51.1641,-66.2224],[51.0438,-66.2562],[50.9688,-66.2562],[50.925,-66.2646],[50.7875,-66.2688],[50.6813,-66.2875],[50.6021,-66.2875],[50.4979,-66.3104],[50.3755,-66.3588],[50.2286,-66.4859],[50.2271,-66.5229],[50.188,-66.5589],[50.2036,-66.6214],[50.2005,-66.6516],[50.2182,-66.6672],[50.2214,-66.7161],[50.2484,-66.7578],[50.3,-66.775],[50.4604,-66.7708],[50.4922,-66.7891],[50.5583,-66.7875],[50.6063,-66.7625],[50.6563,-66.7625],[50.6979,-66.7479],[50.7255,-66.7641],[50.7703,-66.7568],[50.8229,-66.7667],[50.8266,-66.7849],[50.7839,-66.7984],[50.7667,-66.8292],[50.7,-66.8333],[50.6688,-66.8458],[50.6104,-66.8437],[50.5651,-66.8547],[50.5682,-66.8828],[50.4984,-66.8943],[50.4505,-66.9172],[50.4188,-66.9708],[50.5182,-66.9964],[50.4818,-67.0068],[50.5099,-67.0266],[50.5042,-67.0646],[50.5667,-67.0563],[50.6396,-67.0604],[50.6958,-67.0896],[50.8083,-67.0896],[50.9099,-67.1151],[50.9786,-67.1661],[50.9479,-67.1729],[50.8917,-67.1625],[50.813,-67.1672],[50.8297,-67.1891],[50.6979,-67.175],[50.625,-67.1792],[50.6234,-67.2037],[50.7099,-67.2234],[50.7104,-67.2396],[50.6292,-67.2417],[50.5979,-67.2167],[50.5438,-67.2167],[50.4609,-67.1953],[50.3958,-67.1667],[50.3063,-67.1625],[50.1854,-67.1146],[50.1104,-67.1146],[50.0901,-67.1276],[50.0854,-67.1583],[49.9917,-67.1583],[49.9828,-67.1828],[49.9443,-67.1963],[49.9286,-67.237],[49.8354,-67.2417],[49.7984,-67.2505],[49.7646,-67.2812],[49.6693,-67.2807],[49.7099,-67.2536],[49.713,-67.2359],[49.787,-67.2182],[49.8047,-67.1839],[49.8875,-67.1167],[49.8932,-67.0839],[49.8599,-67.0526],[49.8167,-67.0312],[49.7708,-67.025],[49.7182,-67.0391],[49.6646,-67.025],[49.5104,-67.025],[49.4771,-67.0146],[49.3688,-67.0396],[49.2813,-67.0437],[49.2307,-67.0026],[49.1651,-66.9964],[49.25,-66.9687],[49.3021,-66.9604],[49.3536,-66.9213],[49.3151,-66.8943],[49.3057,-66.8505],[49.2562,-66.8208],[49.2021,-66.8208],[49.163,-66.8318],[49.1083,-66.8812],[49.0125,-66.8917],[48.8812,-66.8938],[48.775,-66.9021],[48.5917,-66.9417],[48.5458,-66.9437],[48.4505,-66.9693],[48.4036,-67.0016],[48.3464,-67.0214],[48.3234,-67.062],[48.3495,-67.0984],[48.3422,-67.1307],[48.3849,-67.1464],[48.4193,-67.1745],[48.4958,-67.1958],[48.5583,-67.1979],[48.5958,-67.2167],[48.775,-67.225],[48.8104,-67.2208],[48.8896,-67.1896],[49.05,-67.1562],[49.075,-67.1458],[49.1286,-67.1609],[49.0875,-67.1917],[49.1604,-67.1917],[49.2125,-67.1771],[49.3146,-67.1792],[49.4036,-67.2109],[49.3875,-67.2292],[49.2813,-67.2229],[49.3271,-67.2479],[49.3026,-67.2807],[49.3245,-67.288],[49.2125,-67.3146],[49.1776,-67.3318],[49.1979,-67.3479],[49.1542,-67.3729],[49.0917,-67.3708],[49.0474,-67.3912],[48.9667,-67.4062],[48.8563,-67.4083],[48.7729,-67.4208],[48.7146,-67.4396],[48.6172,-67.4526],[48.5776,-67.4734],[48.5646,-67.5167],[48.5953,-67.5495],[48.5714,-67.5828],[48.6339,-67.637],[48.7016,-67.6693],[48.7328,-67.6922],[48.7042,-67.7146],[48.7224,-67.7328],[48.7026,-67.7568],[48.6474,-67.8557],[48.6026,-67.8859],[48.5516,-67.937],[48.5047,-67.9505],[48.4786,-67.9766],[48.4339,-67.9755],[48.3979,-68.0271],[48.3042,-68.0208],[48.25,-68.0312],[48.2172,-67.9859],[48.2286,-67.9391],[48.2161,-67.9109],[48.1693,-67.8974],[48.1776,-67.8838],[48.2703,-67.8474],[48.313,-67.8047],[48.3734,-67.7651],[48.4495,-67.7474],[48.4536,-67.7297],[48.3187,-67.7229],[48.2891,-67.7005],[48.2245,-67.6713],[48.1708,-67.6562],[48.0708,-67.6583],[48.0479,-67.65],[47.975,-67.6542],[47.9333,-67.6458],[47.8667,-67.6562],[47.788,-67.6859],[47.7307,-67.7161],[47.6042,-67.7604],[47.5526,-67.7672],[47.5391,-67.7891],[47.475,-67.7979],[47.4458,-67.7833],[47.2938,-67.7625],[47.3271,-67.7396],[47.4021,-67.7396],[47.4708,-67.7229],[47.5687,-67.7104],[47.6146,-67.6937],[47.6354,-67.6604],[47.5208,-67.6521],[47.2521,-67.65],[47.1932,-67.6974],[47.1125,-67.7083],[47.1104,-67.6875],[47.1932,-67.6641],[47.1104,-67.6604],[47.1292,-67.6396],[47.1188,-67.6167],[47.2271,-67.6146],[47.2714,-67.5901],[47.3328,-67.5693],[47.25,-67.5417],[47.1375,-67.5479],[47.1,-67.5437],[47.025,-67.5583],[46.9646,-67.5813],[46.9521,-67.5563],[47.0042,-67.5292],[46.9625,-67.5229],[47.0396,-67.4854],[47.1396,-67.475],[47.1833,-67.4625],[47.2771,-67.4646],[47.2672,-67.4495],[47.35,-67.4354],[47.3854,-67.4187],[47.4411,-67.412],[47.3375,-67.375],[47.2354,-67.3562],[47.025,-67.3542],[46.9495,-67.3411],[46.987,-67.2901],[46.9417,-67.2729],[46.8667,-67.2625],[46.8208,-67.2792],[46.7479,-67.2708],[46.6708,-67.2896],[46.575,-67.2729],[46.5146,-67.2729],[46.3943,-67.2901],[46.3083,-67.3271],[46.2589,-67.3401],[46.2188,-67.375],[46.2255,-67.3974],[46.2641,-67.4193],[46.2464,-67.4557],[46.3141,-67.4755],[46.2755,-67.5026],[46.2911,-67.5193],[46.2734,-67.5391],[46.3042,-67.5604],[46.3646,-67.5708],[46.4354,-67.5708],[46.5438,-67.5792],[46.6391,-67.5964],[46.5979,-67.625],[46.4938,-67.6146],[46.3859,-67.6172],[46.3953,-67.6516],[46.3818,-67.6713],[46.4047,-67.7057],[46.4328,-67.7172],[46.4307,-67.7391],[46.3651,-67.7474],[46.2797,-67.6932],[46.2599,-67.6568],[46.2005,-67.6464],[46.0833,-67.6562],[46.0479,-67.65],[45.9417,-67.6646],[45.85,-67.6562],[45.8125,-67.6646],[45.7432,-67.7057],[45.7578,-67.7349],[45.6932,-67.8099],[45.6042,-67.825],[45.5229,-67.8229],[45.5151,-67.7984],[45.5495,-67.7891],[45.6016,-67.7526],[45.5583,-67.725],[45.5021,-67.7104],[45.4583,-67.7104],[45.4042,-67.6937],[45.3396,-67.7167],[45.2604,-67.7167],[45.1813,-67.7271],[45.1229,-67.75],[45.0583,-67.7312],[44.9354,-67.7333],[44.7562,-67.7667],[44.6484,-67.8151],[44.6172,-67.8568],[44.638,-67.8807],[44.7557,-67.9234],[44.8089,-67.9516],[44.8063,-67.975],[44.7146,-67.975],[44.6167,-68.0104],[44.5521,-67.9708],[44.4792,-67.9542],[44.4333,-67.9667],[44.3312,-67.9687],[44.2839,-67.963],[44.2417,-67.9792],[43.9646,-67.975],[44.0036,-67.9932],[43.9229,-68.0104],[43.8625,-68.0062],[43.813,-68.0318],[43.7229,-68.05],[43.6292,-68.05],[43.5125,-68.0625],[43.4021,-68.0333],[43.3125,-68.05],[43.1896,-68.0479],[43.1667,-68.0583],[43.0891,-68.0661],[43.0458,-68.0833],[42.9813,-68.0937],[42.9021,-68.0917],[42.8557,-68.1203],[42.862,-68.1318],[42.6958,-68.1583],[42.6109,-68.1797],[42.6411,-68.1953],[42.5812,-68.2083],[42.5401,-68.2297],[42.5297,-68.2547],[42.5807,-68.288],[42.5276,-68.3318],[42.513,-68.3568],[42.5313,-68.3792],[42.4437,-68.3792],[42.3589,-68.387],[42.3333,-68.3771],[42.2458,-68.3896],[42.1771,-68.3875],[42.1578,-68.4078],[42.0583,-68.4146],[42.0292,-68.4083],[41.9229,-68.4062],[41.8667,-68.4229],[41.8292,-68.4229],[41.6792,-68.45],[41.6292,-68.45],[41.5458,-68.4667],[41.5333,-68.4812],[41.4104,-68.5104],[41.325,-68.5188],[41.2917,-68.5396],[41.2438,-68.5437],[41.1958,-68.5625],[41.125,-68.5625],[41.0391,-68.6047],[41.0474,-68.6224],[40.9359,-68.6734],[40.8854,-68.7146],[40.7875,-68.7312],[40.7661,-68.7516],[40.7062,-68.7271],[40.5646,-68.7187],[40.4792,-68.7229],[40.4359,-68.738],[40.4161,-68.7641],[40.2958,-68.7979],[40.1104,-68.8167],[40.0083,-68.8125],[39.95,-68.8229],[39.8479,-68.8292],[39.8536,-68.8568],[39.7766,-68.9474],[39.7422,-68.9547],[39.6901,-69.0359],[39.7182,-69.0713],[39.7193,-69.0953],[39.7526,-69.1328],[39.8203,-69.1755],[39.75,-69.1896],[39.738,-69.2016],[39.8224,-69.2505],[39.8104,-69.2812],[39.7271,-69.2833],[39.7083,-69.3167],[39.8286,-69.3349],[39.8172,-69.3536],[39.8599,-69.3797],[39.8255,-69.3984],[39.8307,-69.4224],[39.7922,-69.4422],[39.7995,-69.4724],[39.7458,-69.5208],[39.6818,-69.5422],[39.7047,-69.5849],[39.7583,-69.5813],[39.7729,-69.6104],[39.6307,-69.6088],[39.5812,-69.5958],[39.5589,-69.6151],[39.5724,-69.6328],[39.5292,-69.6854],[39.3854,-69.6875],[39.2557,-69.7016],[39.1484,-69.7234],[39.1359,-69.7432],[39.1516,-69.7682],[39.1193,-69.8047],[39.1396,-69.8396],[39.2292,-69.8458],[39.1818,-69.8786],[39.2036,-69.8912],[39.1375,-69.9083],[39.1042,-69.9021],[38.9964,-69.9276],[38.9792,-69.9437],[38.9109,-69.9568],[38.8833,-69.9771],[38.7958,-69.9812],[38.7922,-70.0411],[38.8333,-70.0729],[38.9938,-70.1292],[39.1141,-70.163],[38.9938,-70.2063],[38.8875,-70.2],[38.7646,-70.1813],[38.7266,-70.163],[38.6396,-70.1458],[38.5354,-70.1167],[38.487,-70.0568],[38.4089,-70.0172],[38.3542,-70.0188],[38.3271,-70.0354],[38.2271,-70.0292],[38.2349,-70.0036],[38.2911,-69.9672],[38.1266,-69.8734],[38.0167,-69.8667],[38.013,-69.8505],[38.1583,-69.8063],[38.2542,-69.8],[38.2745,-69.7818],[38.2271,-69.7562],[38.0687,-69.7187],[38.0109,-69.7193],[37.9896,-69.7375],[37.9375,-69.7375],[37.8021,-69.7604],[37.738,-69.7391],[37.7854,-69.7271],[37.8,-69.6854],[37.7042,-69.6771],[37.6854,-69.6875],[37.5417,-69.6833],[37.5068,-69.6932],[37.5417,-69.7125],[37.5891,-69.7193],[37.5953,-69.737],[37.5167,-69.7479],[37.4833,-69.7604],[37.4146,-69.7542],[37.3646,-69.7312],[37.2938,-69.7229],[37.2313,-69.7354],[37.1922,-69.7849],[37.2495,-69.8193],[37.1896,-69.85],[37.0812,-69.8562],[37.0578,-69.887],[37.0047,-69.8807],[36.9547,-69.8234],[36.9891,-69.7984],[36.9651,-69.7891],[36.9391,-69.7464],[36.8854,-69.7396],[36.8333,-69.7167],[36.7359,-69.6953],[36.7661,-69.6464],[36.7104,-69.6292],[36.6292,-69.6229],[36.5083,-69.625],[36.4417,-69.6083],[36.3458,-69.6083],[36.3276,-69.6172],[36.3724,-69.6547],[36.3333,-69.6729],[36.2667,-69.675],[36.2313,-69.6896],[36.1339,-69.7016],[36.1266,-69.6609],[36.1021,-69.6438],[36.0359,-69.6422],[35.9313,-69.6729],[35.8708,-69.6729],[35.7875,-69.6604],[35.6937,-69.6625],[35.6292,-69.6771],[35.5604,-69.7021],[35.5286,-69.6943],[35.3599,-69.7307],[35.2521,-69.7417],[35.163,-69.7141],[35.0651,-69.6766],[35.0589,-69.6422],[35.0734,-69.6151],[35.162,-69.6016],[35.2516,-69.5474],[35.0984,-69.5036],[35.1328,-69.4776],[35.1026,-69.4589],[35.1391,-69.4453],[35.1911,-69.3974],[35.1276,-69.3578],[35.1609,-69.313],[35.1891,-69.3057],[35.1828,-69.2797],[35.0917,-69.2562],[34.9797,-69.2203],[34.9474,-69.1922],[34.8839,-69.1745],[34.8474,-69.1443],[34.7729,-69.1271],[34.7438,-69.1125],[34.6979,-69.1229],[34.6234,-69.1141],[34.6089,-69.0922],[34.6328,-69.0713],[34.5667,-69.0646],[34.4484,-69.0839],[34.4391,-69.1016],[34.4917,-69.125],[34.4125,-69.1292],[34.3396,-69.1417],[34.2974,-69.1297],[34.2146,-69.1458],[34.1188,-69.1458],[34.0974,-69.1318],[34.0104,-69.1292],[33.9625,-69.1208],[33.8896,-69.1229],[33.862,-69.1005],[33.7943,-69.0911],[33.7771,-69.0542],[33.6563,-69.0604],[33.6458,-69.0375],[33.7021,-69.0375],[33.7896,-69.0229],[33.8688,-69.0021],[33.9047,-68.9693],[33.9516,-68.9599],[34.0078,-68.9328],[34.0479,-68.8917],[34.0828,-68.887],[34.0521,-68.8562],[34.2333,-68.8333],[34.325,-68.8125],[34.3786,-68.8099],[34.3891,-68.7818],[34.363,-68.7568],[34.3599,-68.7151],[34.3063,-68.6917],[34.2104,-68.6813],[34.0396,-68.6854],[33.8583,-68.6708],[33.7917,-68.6583],[33.6354,-68.6604],[33.575,-68.6562],[33.5062,-68.6646],[33.2896,-68.6646],[33.1542,-68.6813],[33.0938,-68.7],[33.0313,-68.7063],[32.9,-68.7396],[32.7562,-68.7812],[32.7036,-68.8078],[32.5714,-68.8526],[32.4922,-68.9089],[32.5057,-68.9599],[32.4859,-68.9807],[32.5161,-69.0005],[32.5328,-69.0401],[32.5271,-69.0625],[32.488,-69.0807],[32.513,-69.1057],[32.6036,-69.1693],[32.6641,-69.1995],[32.6964,-69.2432],[32.7557,-69.263],[32.7943,-69.2932],[32.9641,-69.3651],[32.9786,-69.4537],[33.0078,-69.4943],[32.9901,-69.5214],[32.9995,-69.5745],[32.9734,-69.5984],[32.9974,-69.6338],[32.9828,-69.6766],[32.9109,-69.7214],[32.9141,-69.7516],[32.8807,-69.7755],[32.838,-69.7859],[32.8339,-69.8161],[32.8682,-69.8349],[32.8208,-69.8646],[32.8661,-69.8714],[32.8786,-69.9224],[32.8375,-69.9521],[32.7714,-69.9755],[32.7542,-70.0188],[32.6792,-70.0167],[32.5896,-70.05],[32.4562,-70.0458],[32.3583,-70.0542],[32.2354,-70.0937],[32.2,-70.0937],[32.15,-70.1167],[32.0833,-70.1125],[31.9542,-70.1417],[31.8958,-70.1417],[31.7729,-70.1667],[31.7375,-70.1667],[31.6875,-70.1875],[31.575,-70.2104],[31.4943,-70.1984],[31.4313,-70.2292],[31.3167,-70.225],[31.2542,-70.2354],[31.2188,-70.2292],[31.0604,-70.2333],[31,-70.2146],[30.9458,-70.2125],[30.8417,-70.2417],[30.8057,-70.262],[30.6917,-70.275],[30.625,-70.2604],[30.4813,-70.2708],[30.4354,-70.2625],[30.3729,-70.2792],[30.2188,-70.2896],[30.1578,-70.287],[30.0542,-70.2937],[30.0042,-70.3104],[29.8229,-70.3125],[29.7693,-70.3276],[29.7563,-70.3646],[29.5792,-70.3667],[29.55,-70.3854],[29.4542,-70.3917],[29.4453,-70.4099],[29.3714,-70.4213],[29.3375,-70.4625],[29.2917,-70.4604],[29.1526,-70.4901],[29.1516,-70.5266],[29.0901,-70.5297],[29.0375,-70.5708],[28.9729,-70.5708],[28.8479,-70.5958],[28.7729,-70.5937],[28.6646,-70.6167],[28.5786,-70.6557],[28.3922,-70.6932],[28.3083,-70.675],[28.2422,-70.6891],[28.2062,-70.7146],[28.1333,-70.7104],[28.0042,-70.7271],[27.9271,-70.7271],[27.7042,-70.7375],[27.6833,-70.7292],[27.6,-70.7458],[27.5849,-70.7932],[27.5,-70.8021],[27.4729,-70.825],[27.4167,-70.8104],[27.3891,-70.8307],[27.2938,-70.8479],[27.2229,-70.8354],[27.1589,-70.8651],[27.1896,-70.8979],[27.2229,-70.9083],[27.2875,-70.9042],[27.3182,-70.9224],[27.2943,-70.9359],[27.3016,-70.9609],[27.2833,-70.9875],[27.1292,-70.9687],[26.9583,-70.9333],[26.7375,-70.9667],[26.6917,-70.9563],[26.638,-70.9838],[26.6396,-71.0021],[26.5542,-71],[26.5599,-71.0172],[26.4833,-71.0188],[26.4438,-71.0333],[26.1979,-71.0125],[26.1604,-71.0375],[26.0583,-71.0479],[25.9333,-71.0417],[25.8292,-71.0021],[25.6995,-71.0057],[25.6526,-70.9995],[25.5995,-70.9734],[25.5479,-71],[25.4292,-70.975],[25.3,-70.9875],[25.2375,-70.9792],[25.1813,-70.9604],[25.0755,-70.9537],[25.0479,-70.9417],[24.9875,-70.9437],[24.9042,-70.9333],[24.7203,-70.8776],[24.6354,-70.8562],[24.55,-70.8479],[24.4839,-70.8203],[24.4995,-70.8026],[24.4,-70.7771],[24.3688,-70.7583],[24.313,-70.7474],[24.2547,-70.6849],[24.3292,-70.6813],[24.3828,-70.6557],[24.3943,-70.638],[24.4578,-70.6286],[24.4495,-70.6005],[24.4109,-70.5787],[24.4286,-70.5536],[24.4057,-70.5276],[24.3068,-70.4724],[24.1542,-70.4125],[24.0958,-70.4],[23.9625,-70.4042],[23.9313,-70.4104],[23.7354,-70.4021],[23.7109,-70.4151],[23.6943,-70.4693],[23.6516,-70.5474],[23.6104,-70.5667],[23.5354,-70.5667],[23.5589,-70.5953],[23.5557,-70.6266],[23.5036,-70.6828],[23.4438,-70.6854],[23.4578,-70.7037],[23.3995,-70.7557],[23.3609,-70.7755],[23.337,-70.8057],[23.2687,-70.8271],[23.1813,-70.8083],[23.1437,-70.8208],[23.0625,-70.8167],[23.0417,-70.8271],[22.9214,-70.8245],[22.7943,-70.7953],[22.7578,-70.7755],[22.6792,-70.7646],[22.5396,-70.7771],[22.4484,-70.7568],[22.35,-70.7688],[22.3359,-70.7359],[22.3932,-70.7099],[22.3688,-70.6937],[22.2729,-70.6958],[22.2104,-70.6813],[22.0125,-70.6833],[21.9146,-70.675],[21.8214,-70.6536],[21.8229,-70.6333],[21.9479,-70.6458],[22.0208,-70.6375],[22.0854,-70.6208],[22.1604,-70.6292],[22.2813,-70.6292],[22.4375,-70.6167],[22.5458,-70.5958],[22.5786,-70.5724],[22.5703,-70.5297],[22.5172,-70.5162],[22.4396,-70.475],[22.3729,-70.4646],[22.2667,-70.4354],[22.1953,-70.388],[22.0479,-70.3479],[22.0328,-70.3234],[21.9849,-70.2963],[21.8479,-70.2583],[21.7792,-70.2312],[21.7104,-70.2271],[21.6109,-70.263],[21.5193,-70.3568],[21.5078,-70.3891],[21.4568,-70.4286],[21.4745,-70.4641],[21.4188,-70.4792],[21.35,-70.4792],[21.2818,-70.5109],[21.2411,-70.5578],[21.1943,-70.5755],[21.2245,-70.612],[21.1505,-70.6422],[21.1609,-70.6703],[21.2161,-70.688],[21.1693,-70.7193],[21.1401,-70.7703],[21.2057,-70.7963],[21.1333,-70.8396],[21.0542,-70.8542],[21.0104,-70.8729],[20.9208,-70.8583],[20.8167,-70.8521],[20.7062,-70.8854],[20.6292,-70.8854],[20.5604,-70.9042],[20.4708,-70.9042],[20.4479,-70.925],[20.2958,-70.9167],[20.1938,-70.9021],[20.1188,-70.9271],[20.075,-70.9313],[20.0229,-70.9125],[19.9146,-70.9167],[19.7563,-70.8917],[19.7099,-70.8995],[19.6474,-70.9328],[19.5479,-70.95],[19.4667,-70.9313],[19.3958,-70.9229],[19.2896,-70.9229],[19.1974,-70.8755],[19.1297,-70.8641],[19.0922,-70.8234],[19.0974,-70.8047],[19.0245,-70.7547],[18.9458,-70.7562],[18.9203,-70.7328],[18.9349,-70.7141],[18.9349,-70.6682],[18.9068,-70.6432],[18.9172,-70.6255],[18.9766,-70.6182],[19.0849,-70.5599],[19.0901,-70.5297],[19.1661,-70.4807],[19.1443,-70.4422],[19.2307,-70.4182],[19.2422,-70.388],[19.2974,-70.3693],[19.1693,-70.2505],[19.2729,-70.2521],[19.2578,-70.2338],[19.0333,-70.1792],[18.9583,-70.1708],[18.8771,-70.1708],[18.8151,-70.188],[18.8141,-70.2224],[18.7687,-70.2479],[18.6437,-70.2729],[18.5375,-70.2667],[18.4396,-70.3],[18.3896,-70.3],[18.3766,-70.3182],[18.2547,-70.3328],[18.3016,-70.3505],[18.3068,-70.3703],[18.4146,-70.4542],[18.5099,-70.4922],[18.3589,-70.5109],[18.3109,-70.5255],[18.3063,-70.5417],[18.2229,-70.5375],[18.0667,-70.5458],[17.9104,-70.5125],[17.875,-70.5188],[17.7854,-70.5104],[17.7354,-70.4938],[17.6604,-70.4938],[17.5604,-70.4854],[17.3937,-70.4833],[17.362,-70.4693],[17.1563,-70.4583],[17.0938,-70.4812],[16.9604,-70.4771],[16.8646,-70.4417],[16.7979,-70.4354],[16.7521,-70.45],[16.6396,-70.4437],[16.6146,-70.45],[16.4839,-70.4463],[16.587,-70.3912],[16.6349,-70.3287],[16.6411,-70.3047],[16.6047,-70.2599],[16.6214,-70.2338],[16.662,-70.2245],[16.6557,-70.1859],[16.6286,-70.1526],[16.5917,-70.1375],[16.4896,-70.1271],[16.3167,-70.1479],[16.1505,-70.1505],[16.1391,-70.1703],[16.0812,-70.1854],[15.9583,-70.1875],[15.9109,-70.2068],[15.8401,-70.2755],[15.8609,-70.3099],[15.8484,-70.3599],[15.825,-70.3833],[15.7292,-70.3708],[15.6474,-70.3318],[15.5229,-70.3375],[15.4208,-70.3313],[15.3583,-70.3187],[15.2813,-70.3292],[15.2354,-70.3125],[15.1313,-70.3167],[15.0375,-70.2854],[14.9896,-70.2854],[14.8953,-70.3203],[14.8125,-70.3208],[14.6745,-70.3026],[14.5979,-70.3083],[14.5792,-70.2854],[14.4792,-70.2854],[14.462,-70.3016],[14.3604,-70.2833],[14.3464,-70.3016],[14.2688,-70.3042],[14.2208,-70.3354],[14.1229,-70.3229],[14.0896,-70.3458],[13.8375,-70.3521],[13.725,-70.3271],[13.6604,-70.3292],[13.6151,-70.3182],[13.6036,-70.3005],[13.5125,-70.2896],[13.4646,-70.2937],[13.3313,-70.2708],[13.2984,-70.2578],[13.2391,-70.1859],[13.1214,-70.1464],[13.1458,-70.1271],[13.1182,-70.0922],[13.0516,-70.0568],[12.9813,-70.0417],[12.913,-70.0484],[12.8875,-70.0604],[12.8083,-70.0729],[12.6438,-70.0667],[12.5729,-70.0542],[12.5042,-70.0542],[12.4318,-70.0693],[12.4297,-70.1078],[12.5,-70.1292],[12.6979,-70.1438],[12.8,-70.1458],[12.9786,-70.1734],[13.0432,-70.2266],[13.0104,-70.2458],[12.9563,-70.2417],[12.9167,-70.2542],[12.8292,-70.2542],[12.7938,-70.2958],[12.7354,-70.3208],[12.6312,-70.3146],[12.5229,-70.3562],[12.4188,-70.3521],[12.2734,-70.3922],[12.2896,-70.4083],[12.2599,-70.4432],[12.1318,-70.488],[12.1745,-70.5068],[12.1063,-70.5229],[12.0792,-70.5563],[12.0979,-70.5979],[12.0818,-70.6234],[12.0786,-70.6724],[12.0339,-70.6776],[12.0328,-70.7016],[11.9896,-70.7271],[11.8458,-70.7562],[11.887,-70.7714],[11.825,-70.7833],[11.7146,-70.7708],[11.6083,-70.7708],[11.5063,-70.7521],[11.3646,-70.7354],[11.275,-70.7479],[11.2354,-70.7646],[11.1807,-70.7318],[11.138,-70.7224],[11.1182,-70.6984],[11.025,-70.6979],[10.9318,-70.6807],[10.8375,-70.6562],[10.8141,-70.6359],[10.7292,-70.6396],[10.6604,-70.6125],[10.6146,-70.6146],[10.5703,-70.5818],[10.4708,-70.5792],[10.3979,-70.5396],[10.3438,-70.5354],[10.2021,-70.5],[10.1271,-70.4938],[10.063,-70.4786],[9.9917,-70.45],[9.9464,-70.4432],[9.8984,-70.412],[9.9057,-70.3984],[9.8234,-70.3828],[9.8245,-70.3734],[9.7313,-70.3354],[9.6464,-70.3339],[9.6724,-70.3161],[9.6807,-70.2807],[9.6516,-70.2443],[9.5901,-70.2286],[9.537,-70.1839],[9.438,-70.1516],[9.4182,-70.1088],[9.2979,-70.0771],[9.1521,-70.0708],[9.0563,-70.0896],[9.0286,-70.1161],[8.9151,-70.163],[8.8776,-70.1922],[8.9005,-70.2307],[8.9984,-70.2724],[9.0833,-70.2729],[9.1516,-70.2859],[9.1792,-70.3313],[9.1396,-70.3771],[9.0333,-70.3562],[8.9625,-70.3708],[8.8396,-70.3542],[8.8495,-70.3724],[8.8193,-70.4005],[8.775,-70.4208],[8.6854,-70.4229],[8.6917,-70.4354],[8.5375,-70.475],[8.4021,-70.4833],[8.3151,-70.4714],[8.2771,-70.4958],[8.1604,-70.4875],[8.1333,-70.475],[7.9188,-70.475],[7.8651,-70.4537],[7.8396,-70.4208],[7.8729,-70.3771],[7.8396,-70.3396],[7.8974,-70.3141],[7.9292,-70.2208],[7.9245,-70.1922],[7.8625,-70.1625],[7.5875,-70.1729],[7.4604,-70.1917],[7.4214,-70.2068],[7.4089,-70.2432],[7.4359,-70.3391],[7.4776,-70.3807],[7.5359,-70.4203],[7.6036,-70.4422],[7.6109,-70.4599],[7.6724,-70.4755],[7.587,-70.5109],[7.4583,-70.5312],[7.4151,-70.5162],[7.3792,-70.5292],[7.2745,-70.5297],[7.2354,-70.5458],[7.1568,-70.5484],[7.0229,-70.5333],[6.9688,-70.5208],[6.9172,-70.5589],[6.8292,-70.5271],[6.7943,-70.5297],[6.7818,-70.5641],[6.8099,-70.5755],[6.75,-70.5917],[6.6313,-70.6],[6.5229,-70.5729],[6.4932,-70.587],[6.4188,-70.5792],[6.2604,-70.6188],[6.2063,-70.5979],[6.1729,-70.6125],[6.0891,-70.6161],[6.0521,-70.6271],[5.9979,-70.6125],[5.925,-70.6083],[5.9,-70.6229],[5.8188,-70.6229],[5.6708,-70.6146],[5.6036,-70.6536],[5.5146,-70.6458],[5.4292,-70.6292],[5.4083,-70.6417],[5.3354,-70.6521],[5.2182,-70.6516],[5.0854,-70.6333],[4.9964,-70.6422],[5.0141,-70.6661],[4.9625,-70.6917],[4.9229,-70.6833],[4.8333,-70.6854],[4.7833,-70.7042],[4.6922,-70.7047],[4.6229,-70.7229],[4.4188,-70.7125],[4.4146,-70.7458],[4.3339,-70.7401],[4.3307,-70.7599],[4.2333,-70.7875],[4.1875,-70.7812],[4.0521,-70.7771],[3.9833,-70.7833],[3.8854,-70.8042],[3.725,-70.8208],[3.6729,-70.8417],[3.5542,-70.8437],[3.5125,-70.8625],[3.3771,-70.8479],[3.3104,-70.8521],[3.2896,-70.8667],[3.2042,-70.8583],[3.1833,-70.875],[3.0807,-70.8995],[3.0146,-70.8854],[2.8917,-70.8854],[2.8021,-70.8917],[2.75,-70.8812],[2.6875,-70.8979],[2.6438,-70.8896],[2.6036,-70.9057],[2.525,-70.9021],[2.3833,-70.9417],[2.2417,-70.9479],[2.1667,-70.9563],[2.1724,-70.9745],[2.0896,-70.9854],[1.9771,-70.9854],[1.9396,-70.9917],[1.85,-71.025],[1.7917,-71.0333],[1.7125,-71.0312],[1.6354,-71.0625],[1.5297,-71.0713],[1.475,-71.0896],[1.4521,-71.1188],[1.3667,-71.1167],[1.2417,-71.1417],[1.1688,-71.1417],[1.1083,-71.1667],[0.9896,-71.1729],[0.8938,-71.1854],[0.8313,-71.2063],[0.7688,-71.2167],[0.6813,-71.2167],[0.6854,-71.2354],[0.6396,-71.2562],[0.5792,-71.2542],[0.5255,-71.2672],[0.4271,-71.325],[0.2688,-71.3417],[0.2089,-71.3547],[0.1417,-71.4042],[0.0922,-71.4109],[0.0526,-71.4359],[0.0391,-71.4828],[-0.0182,-71.4984],[-0.1057,-71.5422],[-0.138,-71.5703],[-0.2974,-71.6484],[-0.3318,-71.6766],[-0.437,-71.7193],[-0.4797,-71.7662],[-0.5167,-71.7729],[-0.5766,-71.7266],[-0.5714,-71.6984],[-0.6062,-71.6854],[-0.7771,-71.6521],[-0.8599,-71.6661],[-0.8547,-71.638],[-0.9453,-71.6307],[-0.9516,-71.613],[-0.8755,-71.5599],[-0.8401,-71.4734],[-0.8641,-71.4505],[-0.813,-71.437],[-0.7964,-71.3901],[-0.8911,-71.3349],[-0.8922,-71.3234],[-0.9833,-71.2854],[-1.0979,-71.2604],[-1.1771,-71.2562],[-1.2453,-71.2734],[-1.2734,-71.3016],[-1.3536,-71.3411],[-1.3109,-71.3526],[-1.3068,-71.4016],[-1.3708,-71.4396],[-1.5104,-71.4583],[-1.5521,-71.425],[-1.5917,-71.4417],[-1.6417,-71.4417],[-1.6958,-71.4208],[-1.7625,-71.4146],[-1.8479,-71.4479],[-1.8896,-71.4479],[-1.9818,-71.4245],[-2.0396,-71.4687],[-2.0812,-71.4854],[-2.1557,-71.4745],[-2.2286,-71.4224],[-2.2193,-71.3901],[-2.2521,-71.375],[-2.3,-71.3896],[-2.3604,-71.3917],[-2.4958,-71.3729],[-2.563,-71.3213],[-2.662,-71.2891],[-2.8083,-71.2854],[-2.8375,-71.2688],[-2.9437,-71.2688],[-3.012,-71.2859],[-3.0182,-71.3224],[-2.9714,-71.3505],[-3.0479,-71.3604],[-3.1375,-71.3521],[-3.1953,-71.337],[-3.2422,-71.3005],[-3.3182,-71.2901],[-3.3375,-71.3187],[-3.3292,-71.3542],[-3.3359,-71.4307],[-3.3958,-71.4458],[-3.4667,-71.4333],[-3.5078,-71.4766],[-3.487,-71.5078],[-3.5708,-71.5083],[-3.6005,-71.4734],[-3.7203,-71.4557],[-3.7068,-71.3838],[-3.8266,-71.3328],[-3.8255,-71.3234],[-3.9,-71.2979],[-3.9729,-71.2896],[-4.0229,-71.3187],[-3.9547,-71.3464],[-3.9729,-71.3646],[-4.0396,-71.3667],[-4.1312,-71.3417],[-4.1745,-71.3464],[-4.1687,-71.3708],[-4.3417,-71.325],[-4.4292,-71.325],[-4.4875,-71.3375],[-4.5557,-71.3339],[-4.6104,-71.3479],[-4.7042,-71.3313],[-4.7771,-71.3479],[-4.9208,-71.3437],[-5.0417,-71.3271],[-5.0875,-71.3396],[-5.2083,-71.3271],[-5.2958,-71.3562],[-5.3875,-71.3396],[-5.5651,-71.3536],[-5.7083,-71.3437],[-5.8062,-71.3437],[-5.8625,-71.3542],[-6.0104,-71.3521],[-6.0542,-71.3437],[-6.1745,-71.3703],[-6.1797,-71.3568],[-6.2979,-71.3125],[-6.1547,-71.2807],[-6.112,-71.2484],[-6.038,-71.2203],[-6.0333,-71.2042],[-6.0953,-71.1599],[-6.0589,-71.1412],[-6.0578,-71.1172],[-5.95,-71.0896],[-5.8458,-71.0729],[-5.7172,-71.0328],[-5.7078,-70.9797],[-5.6568,-70.9307],[-5.6453,-70.8922],[-5.5521,-70.8604],[-5.5609,-70.813],[-5.6245,-70.7745],[-5.6589,-70.7401],[-5.8437,-70.6937],[-5.9417,-70.6833],[-6.1271,-70.6854],[-6.25,-70.6979],[-6.3292,-70.7167],[-6.3896,-70.7208],[-6.4766,-70.7505],[-6.5005,-70.7849],[-6.562,-70.8151],[-6.6047,-70.9245],[-6.8833,-70.875],[-6.9458,-70.8542],[-7.0896,-70.8271],[-7.1979,-70.7958],[-7.3437,-70.7812],[-7.4271,-70.7792],[-7.6479,-70.7937],[-7.6875,-70.8063],[-7.7687,-70.8125],[-7.937,-70.8484],[-7.9484,-70.8755],[-7.8995,-70.9766],[-7.7875,-71.0375],[-7.7146,-71.05],[-7.6401,-71.0797],[-7.5547,-71.1443],[-7.5687,-71.1792],[-7.5542,-71.2104],[-7.5745,-71.2807],[-7.5521,-71.3042],[-7.5818,-71.3453],[-7.6432,-71.3547],[-7.6839,-71.3891],[-7.7328,-71.4005],[-7.7849,-71.462],[-7.7896,-71.5062],[-7.7349,-71.5516],[-7.6708,-71.5792],[-7.5839,-71.6005],[-7.588,-71.6286],[-7.6292,-71.6583],[-7.7458,-71.6479],[-7.7583,-71.6687],[-7.9542,-71.6729],[-8.0891,-71.6557],[-8.0604,-71.6208],[-8.0797,-71.5984],[-8.1562,-71.5708],[-8.2172,-71.6016],[-8.2932,-71.6234],[-8.387,-71.688],[-8.3724,-71.7307],[-8.4146,-71.7375],[-8.4896,-71.7167],[-8.5911,-71.7141],[-8.6125,-71.6937],[-8.6917,-71.7104],[-8.7193,-71.6891],[-8.6859,-71.6443],[-8.7,-71.6021],[-8.7422,-71.563],[-8.8349,-71.537],[-8.7526,-71.4724],[-8.7911,-71.4557],[-8.8167,-71.4208],[-8.9042,-71.4187],[-9.0062,-71.4333],[-9.0729,-71.4187],[-9.1224,-71.4245],[-9.1495,-71.3974],[-9.1349,-71.3651],[-9.0734,-71.3464],[-9.0682,-71.3234],[-8.988,-71.2891],[-8.9776,-71.2526],[-9.038,-71.213],[-9.2521,-71.1417],[-9.3771,-71.1083],[-9.5312,-71.0937],[-9.7979,-71.0958],[-9.8833,-71.0875],[-9.9391,-71.0661],[-9.9911,-71.0203],[-9.9807,-70.9714],[-9.9401,-70.938],[-9.9937,-70.9167],[-10.1562,-70.9167],[-10.2292,-70.9229],[-10.3437,-70.9479],[-10.4495,-70.988],[-10.4349,-71.0203],[-10.3875,-71.0312],[-10.2833,-71.0312],[-10.1937,-71.0437],[-10.0958,-71.0667],[-9.9859,-71.1068],[-9.9964,-71.1286],[-10.0687,-71.1646],[-10.15,-71.1917],[-10.3125,-71.2292],[-10.3562,-71.2458],[-10.5411,-71.2776],[-10.6286,-71.3089],[-10.7141,-71.3672],[-10.7396,-71.4146],[-10.613,-71.4922],[-10.5922,-71.5162],[-10.6443,-71.5474],[-10.8,-71.5896],[-10.9604,-71.5771],[-11.0437,-71.5604],[-11.1245,-71.5266],[-11.1693,-71.488],[-11.3271,-71.4208],[-11.3896,-71.4146],[-11.575,-71.4167],[-11.6557,-71.4078],[-11.7354,-71.3437],[-11.7099,-71.3109],[-11.6672,-71.2849],[-11.6771,-71.2729],[-11.7521,-71.2604],[-11.8771,-71.2583],[-11.9333,-71.2667],[-12.0104,-71.2896],[-12.0875,-71.3],[-12.175,-71.3],[-12.2521,-71.3083],[-12.3578,-71.3588],[-12.387,-71.4057],[-12.3786,-71.4349],[-12.3286,-71.4974],[-12.2943,-71.5151],[-12.2661,-71.5557],[-12.2109,-71.5901],[-12.2057,-71.6057],[-12.1354,-71.6438],[-12.0458,-71.6583],[-11.9771,-71.6833],[-11.9104,-71.6958],[-11.7375,-71.7063],[-11.7,-71.7208],[-11.5292,-71.7562],[-11.4229,-71.7667],[-11.2042,-71.7625],[-11.0896,-71.7417],[-10.9937,-71.7417],[-10.8589,-71.7651],[-10.8568,-71.7974],[-10.9005,-71.8349],[-10.9562,-71.8646],[-10.9203,-71.8818],[-10.937,-71.937],[-10.9755,-71.9641],[-10.988,-71.9995],[-11.0229,-72.0104],[-11.1021,-72.0125],[-11.0667,-72.0604],[-11.1396,-72.0625],[-11.1318,-72.0787],[-11.2599,-72.1161],[-11.2193,-72.1359],[-11.2812,-72.1604],[-11.2495,-72.1755],[-11.2849,-72.1984],[-11.2526,-72.2245],[-11.2776,-72.2432],[-11.3432,-72.2588],[-11.3932,-72.3203],[-11.3354,-72.3667],[-11.3661,-72.3766],[-11.3292,-72.4],[-11.437,-72.4339],[-11.5042,-72.4479],[-11.5583,-72.4417],[-11.7542,-72.475],[-11.7687,-72.4854],[-11.8625,-72.4833],[-11.9479,-72.5021],[-12.0833,-72.5125],[-12.1542,-72.5333],[-12.2417,-72.5354],[-12.3062,-72.5604],[-12.4396,-72.5583],[-12.5292,-72.5833],[-12.5833,-72.5833],[-12.6318,-72.6016],[-12.775,-72.6271],[-12.8807,-72.6568],[-12.888,-72.6974],[-12.937,-72.7068],[-12.9646,-72.7312],[-13.087,-72.7568],[-13.1729,-72.8063],[-13.2917,-72.8063],[-13.288,-72.8203],[-13.4375,-72.8313],[-13.4833,-72.8521],[-13.562,-72.8391],[-13.6437,-72.7937],[-13.825,-72.7896],[-13.9167,-72.7708],[-13.9833,-72.7417],[-14.0937,-72.7208],[-14.1917,-72.7125],[-14.3083,-72.7146],[-14.3729,-72.7063],[-14.4187,-72.7208],[-14.3854,-72.7417],[-14.3208,-72.75],[-14.2214,-72.7963],[-14.2245,-72.8287],[-14.1234,-72.8672],[-14.0974,-72.8891],[-14.0417,-72.8958],[-14.0057,-72.9245],[-13.9214,-72.9526],[-13.8901,-72.9755],[-13.9542,-72.9854],[-13.9505,-73.0068],[-14.0161,-73.0724],[-13.9089,-73.088],[-13.9568,-73.1412],[-14.0187,-73.1417],[-14.2458,-73.1167],[-14.2839,-73.137],[-14.3505,-73.138],[-14.4109,-73.1589],[-14.4641,-73.1557],[-14.5401,-73.1068],[-14.6375,-73.075],[-14.6812,-73.075],[-14.8604,-73.0417],[-14.925,-73.0396],[-14.9542,-73.0542],[-15.075,-73.0437],[-15.1146,-73.05],[-15.2187,-73.0479],[-15.2422,-73.0745],[-15.3521,-73.0917],[-15.4417,-73.0917],[-15.5583,-73.0771],[-15.6625,-73.1042],[-15.7417,-73.1146],[-15.8812,-73.1417],[-15.9828,-73.1943],[-15.9953,-73.2245],[-15.9443,-73.2464],[-15.9724,-73.2786],[-15.963,-73.2995],[-16.0333,-73.3125],[-16.1167,-73.3458],[-16.2646,-73.3667],[-16.4641,-73.4213],[-16.5557,-73.4776],[-16.5703,-73.5078],[-16.538,-73.5203],[-16.5995,-73.5672],[-16.6036,-73.6766],[-16.5146,-73.7104],[-16.4,-73.725],[-16.3521,-73.7083],[-16.1125,-73.725],[-15.8812,-73.7562],[-15.8318,-73.7755],[-15.8359,-73.8057],[-15.9021,-73.8187],[-16.1,-73.825],[-16.2625,-73.8458],[-16.3146,-73.8667],[-16.3625,-73.8625],[-16.4188,-73.8771],[-16.5125,-73.8542],[-16.5536,-73.8661],[-16.5349,-73.8849],[-16.3729,-73.8979],[-16.2562,-73.8958],[-16.2286,-73.9266],[-16.1667,-73.9417],[-16.0312,-73.9563],[-15.7833,-73.9542],[-15.5958,-73.9396],[-15.3667,-73.8958],[-15.2312,-73.8729],[-15.1208,-73.8646],[-14.9125,-73.8417],[-14.7396,-73.7833],[-14.6797,-73.7984],[-14.6703,-73.8307],[-14.6333,-73.8417],[-14.4,-73.8437],[-14.3589,-73.8599],[-14.3901,-73.8953],[-14.5328,-73.9474],[-14.513,-73.9672],[-14.5625,-73.9875],[-14.6437,-73.9875],[-14.7349,-74.013],[-14.7547,-74.0516],[-14.9104,-74.1042],[-14.9687,-74.1042],[-15.0083,-74.1292],[-15.1062,-74.1292],[-15.1354,-74.1667],[-15.1911,-74.1797],[-15.2026,-74.2078],[-15.2995,-74.2214],[-15.2937,-74.2625],[-15.3286,-74.2672],[-15.3432,-74.2984],[-15.2729,-74.3417],[-15.5042,-74.3938],[-15.6266,-74.4089],[-15.6276,-74.4328],[-15.7542,-74.4313],[-15.9292,-74.375],[-16.1375,-74.3437],[-16.3521,-74.3271],[-16.4271,-74.3313],[-16.5312,-74.3187],[-16.5958,-74.3021],[-16.6771,-74.3021],[-16.7729,-74.325],[-17.0729,-74.3292],[-17.1562,-74.325],[-17.2812,-74.3333],[-17.3854,-74.3333],[-17.5724,-74.3588],[-17.6203,-74.4036],[-17.5714,-74.437],[-17.6078,-74.4766],[-17.5526,-74.5026],[-17.6245,-74.5266],[-17.5984,-74.5589],[-17.6151,-74.588],[-17.7354,-74.5854],[-17.8312,-74.6271],[-17.8937,-74.6208],[-17.9734,-74.6338],[-17.962,-74.6661],[-17.9068,-74.6859],[-17.8401,-74.7318],[-17.8453,-74.7578],[-17.8005,-74.7734],[-17.7984,-74.7932],[-17.9375,-74.8042],[-18.0068,-74.8287],[-18.0339,-74.8516],[-18.137,-74.8859],[-18.1599,-74.9057],[-18.1359,-74.9391],[-18.2432,-74.9703],[-18.3687,-74.9875],[-18.4005,-75.0141],[-18.4583,-75.0312],[-18.5214,-75.0266],[-18.5484,-75.1547],[-18.6646,-75.1542],[-18.712,-75.163],[-18.7505,-75.2266],[-18.8667,-75.2292],[-18.8786,-75.2578],[-18.775,-75.2771],[-18.7375,-75.3042],[-18.6583,-75.3083],[-18.5818,-75.3484],[-18.5359,-75.3849],[-18.5391,-75.4078],[-18.4062,-75.425],[-18.3167,-75.4437],[-18.3146,-75.4604],[-18.4021,-75.4833],[-18.5104,-75.4687],[-18.6214,-75.487],[-18.8104,-75.4563],[-18.8792,-75.4563],[-19.0167,-75.4396],[-19.0391,-75.4495],[-18.9208,-75.4708],[-18.9453,-75.487],[-18.9333,-75.5146],[-19.025,-75.5188],[-19.1083,-75.5062],[-19.2396,-75.5021],[-19.2297,-75.5255],[-19.3729,-75.5458],[-19.5354,-75.5333],[-19.6063,-75.5417],[-19.7146,-75.5396],[-19.7896,-75.5479],[-19.9312,-75.5188],[-20.0146,-75.5167],[-20.1083,-75.4958],[-20.1792,-75.4979],[-20.2479,-75.4812],[-20.4396,-75.4792],[-20.5958,-75.5125],[-20.6729,-75.5208],[-20.737,-75.5422],[-20.7328,-75.5703],[-20.6464,-75.6088],[-20.6667,-75.6229],[-20.7812,-75.6042],[-20.8521,-75.6396],[-20.9625,-75.6312],[-21.0708,-75.6833],[-21.2208,-75.7104],[-21.3521,-75.7104],[-21.5167,-75.6771],[-21.6375,-75.6813],[-21.7062,-75.675],[-21.7401,-75.6974],[-21.8646,-75.7063],[-21.9937,-75.6937],[-22.0693,-75.6797],[-22.2396,-75.6625],[-22.2812,-75.6458],[-22.3896,-75.6771],[-22.5312,-75.6396],[-22.5849,-75.6484],[-22.6333,-75.6854],[-22.7187,-75.6875],[-22.7833,-75.7063],[-23.2042,-75.7063],[-23.2562,-75.7375],[-23.3563,-75.7375],[-23.4354,-75.75],[-23.6521,-75.7479],[-23.8292,-75.7625],[-23.9083,-75.7542],[-23.9687,-75.7646],[-24.0937,-75.7667],[-24.1417,-75.75],[-24.2453,-75.7588],[-24.3437,-75.7812],[-24.5021,-75.7854],[-24.6542,-75.8146],[-24.6833,-75.8313],[-24.8042,-75.8229],[-24.875,-75.8396],[-25.0187,-75.8542],[-25.1375,-75.8771],[-25.3583,-75.8771],[-25.4312,-75.8896],[-25.5646,-75.8875],[-25.725,-75.9146],[-25.8104,-75.9146],[-25.9646,-75.9292],[-26.0833,-75.9708],[-26.2042,-75.9812],[-26.2958,-75.9979],[-26.3151,-76.0182],[-26.3896,-76.0396],[-26.4917,-76.0479],[-26.5917,-76.0917],[-26.6667,-76.1],[-26.7896,-76.0917],[-26.8536,-76.1109],[-26.838,-76.1297],[-26.9276,-76.1599],[-27.1208,-76.1667],[-27.225,-76.1604],[-27.3417,-76.1708],[-27.4562,-76.1896],[-27.5187,-76.2167],[-27.625,-76.2312],[-27.7792,-76.2208],[-27.8724,-76.2318],[-27.8687,-76.2438],[-27.9661,-76.2526],[-28.1396,-76.2917],[-28.2812,-76.3042],[-28.35,-76.3208],[-28.4625,-76.3292],[-28.6229,-76.3292],[-28.7583,-76.3396],[-28.8896,-76.3562],[-28.9188,-76.3708],[-29.0167,-76.3875],[-29.0375,-76.4021],[-29.2375,-76.4375],[-29.3932,-76.4526],[-29.3792,-76.475],[-29.4542,-76.4896],[-29.5312,-76.4917],[-29.5724,-76.5193],[-29.5464,-76.5359],[-29.6063,-76.5729],[-29.7292,-76.5875],[-29.9896,-76.6],[-30.1354,-76.625],[-30.188,-76.662],[-30.3187,-76.6833],[-30.4036,-76.7099],[-30.3776,-76.7266],[-30.45,-76.7417],[-30.5234,-76.7828],[-30.6333,-76.8104],[-30.6729,-76.85],[-30.8708,-76.8625],[-30.9146,-76.8812],[-31.0438,-76.8979],[-31.1833,-76.8979],[-31.4245,-76.9297],[-31.4604,-76.9417],[-31.6833,-76.9687],[-31.7807,-76.9984],[-31.7984,-77.0328],[-31.8661,-77.0526],[-31.8958,-77.15],[-32.0875,-77.1708],[-32.2333,-77.1667],[-32.3729,-77.1438],[-32.3937,-77.1333],[-32.5792,-77.1271],[-32.7292,-77.15],[-32.9042,-77.1667],[-33.0411,-77.213],[-33.0672,-77.2391],[-33.1854,-77.2667],[-33.2917,-77.2583],[-33.3792,-77.2604],[-33.4938,-77.2875],[-33.55,-77.2792],[-33.6125,-77.3],[-33.7062,-77.3063],[-33.7786,-77.3339],[-33.8437,-77.3812],[-33.9,-77.3875],[-33.9667,-77.4167],[-34.1021,-77.4313],[-34.1333,-77.4437],[-34.2646,-77.4563],[-34.3604,-77.4771],[-34.4245,-77.5047],[-34.4234,-77.5224],[-34.5036,-77.5589],[-34.5208,-77.5792],[-34.6146,-77.6104],[-34.7286,-77.6297],[-34.7786,-77.6797],[-34.7443,-77.6984],[-34.7542,-77.75],[-34.6339,-77.7609],[-34.6682,-77.7849],[-34.5854,-77.8063],[-34.463,-77.8245],[-34.5312,-77.85],[-34.6521,-77.8562],[-34.7938,-77.8521],[-34.9667,-77.8187],[-35.1021,-77.8229],[-35.3271,-77.8458],[-35.4286,-77.9089],[-35.4234,-77.9391],[-35.4766,-77.9672],[-35.4891,-78.0099],[-35.4734,-78.0557],[-35.5771,-78.0667],[-35.6432,-78.1036],[-35.5776,-78.1495],[-35.6188,-78.1604],[-35.8495,-78.1599],[-35.8458,-78.1854],[-35.9896,-78.1917],[-36.0495,-78.2422],[-36.0484,-78.2766],[-36.1474,-78.3151],[-36.2276,-78.3786],[-36.2807,-78.3984],[-36.2734,-78.4203],[-36.3328,-78.4526],[-36.3984,-78.5682],[-36.4328,-78.588],[-36.4432,-78.638],[-36.4328,-78.6995],[-36.4089,-78.7109],[-36.4078,-78.762],[-36.3589,-78.7922],[-36.3557,-78.8161],[-36.2625,-78.8479],[-36.2,-78.8521],[-36.0917,-78.8792],[-35.7833,-78.9042],[-35.3854,-78.95],[-35.0375,-78.9708],[-34.6167,-79.0208],[-34.5375,-79.0375],[-34.225,-79.0854],[-34.1464,-79.112],[-34.2286,-79.1276],[-34.1271,-79.1646],[-33.8708,-79.1854],[-33.6729,-79.2146],[-33.1229,-79.2354],[-32.9813,-79.2438],[-32.7729,-79.2438],[-32.2812,-79.2167],[-32.0687,-79.2167],[-32.0021,-79.2083],[-31.3458,-79.1542],[-31.175,-79.1417],[-31.0417,-79.125],[-30.9062,-79.1167],[-30.7375,-79.0958],[-30.6083,-79.0687],[-30.5917,-79.1042],[-30.5125,-79.0979],[-30.4724,-79.0713],[-30.3146,-79.0375],[-30.1875,-79.0417],[-30.1339,-79.0672],[-30.2016,-79.0964],[-30.1271,-79.1062],[-30.0167,-79.0937],[-29.938,-79.1099],[-30.0021,-79.1458],[-30.0875,-79.1562],[-30.2062,-79.1875],[-30.3812,-79.2146],[-30.5062,-79.2229],[-30.562,-79.2505],[-30.525,-79.2875],[-30.3333,-79.2854],[-30.1937,-79.2708],[-30.1125,-79.2708],[-29.9896,-79.2542],[-29.8937,-79.2583],[-29.8276,-79.2807],[-29.8786,-79.2984],[-29.7292,-79.3021],[-29.6333,-79.2667],[-29.5359,-79.2755],[-29.725,-79.3417],[-30.5062,-79.5292],[-30.6479,-79.5583],[-30.7083,-79.5854],[-30.4854,-79.6042],[-30.25,-79.6146],[-30.0729,-79.6292],[-29.7146,-79.65],[-29.2146,-79.6708],[-29.0229,-79.6813],[-28.8396,-79.6979],[-28.6688,-79.7],[-28.4646,-79.7104],[-28.1125,-79.7187],[-27.8062,-79.7354],[-27.7667,-79.7417],[-27.3646,-79.7583],[-26.7958,-79.7917],[-26.3646,-79.8063],[-26.0146,-79.8125],[-25.6229,-79.8146],[-25.0854,-79.8063],[-24.8187,-79.7937],[-24.3375,-79.7292],[-24.2776,-79.7422],[-24.2714,-79.7807],[-24.3203,-79.7963],[-24.2687,-79.8208],[-24.0521,-79.8208],[-23.9667,-79.8333],[-23.8042,-79.8167],[-23.7313,-79.8333],[-23.5542,-79.8396],[-23.3708,-79.8562],[-23.0646,-79.8583],[-22.975,-79.875],[-22.7875,-79.8833],[-22.5359,-79.9151],[-22.5958,-79.9271],[-22.8354,-79.9271],[-22.8375,-79.9708],[-22.9937,-79.9875],[-23.3708,-79.9896],[-23.5542,-79.9958],[-23.7833,-80.0125],[-23.9896,-80.0125],[-24.1792,-80.0271],[-24.2021,-80.0479],[-24.0708,-80.0604],[-24.1125,-80.075],[-24.3167,-80.0667],[-24.5271,-80.0708],[-24.5542,-80.0917],[-24.7417,-80.0896],[-24.8271,-80.1],[-25.0979,-80.0958],[-25.3333,-80.1083],[-25.5271,-80.1125],[-25.7104,-80.1021],[-25.9729,-80.0958],[-26.2604,-80.0958],[-26.2583,-80.1229],[-26.4958,-80.1104],[-26.7292,-80.1146],[-27.2583,-80.0958],[-27.4667,-80.0958],[-27.6833,-80.0833],[-28.0771,-80.0875],[-28.1792,-80.0937],[-28.7313,-80.1083],[-28.8937,-80.1146],[-29.2521,-80.1375],[-29.5646,-80.1604],[-29.8229,-80.1854],[-29.8807,-80.2099],[-29.7005,-80.2557],[-29.7583,-80.2667],[-29.8896,-80.2646],[-30.0146,-80.2979],[-30.2229,-80.2875],[-30.7417,-80.2688],[-30.9083,-80.275],[-31.2396,-80.2979],[-31.3167,-80.3167],[-30.9104,-80.3958],[-30.8667,-80.4167],[-30.6917,-80.4521],[-30.4458,-80.4625],[-30.3339,-80.488],[-30.5937,-80.475],[-30.7187,-80.4771],[-30.9375,-80.4667],[-31.0708,-80.4687],[-31.3292,-80.4542],[-31.5146,-80.4542],[-31.6771,-80.4354],[-31.9708,-80.4229],[-32.1229,-80.45],[-32.1896,-80.4708],[-32.3542,-80.4667],[-32.8625,-80.5354],[-33.1437,-80.5333],[-33.3542,-80.5104],[-33.45,-80.5271],[-33.2042,-80.5437],[-33.2979,-80.5646],[-33.4042,-80.6104],[-33.5083,-80.6104],[-33.5958,-80.625],[-33.8771,-80.6312],[-33.9375,-80.6417],[-34.1354,-80.6542],[-34.4625,-80.6604],[-34.7146,-80.6312],[-34.9458,-80.6146],[-35.2708,-80.6104],[-35.4208,-80.6229],[-35.4703,-80.6474],[-35.3979,-80.6667],[-35.2026,-80.6995],[-35.2854,-80.725],[-35.4667,-80.7375],[-35.5292,-80.7583],[-35.7146,-80.7854],[-35.7958,-80.8063],[-35.7776,-80.8266],[-35.8641,-80.8443],[-35.863,-80.8609],[-36.0245,-80.8922],[-36.0089,-80.9161],[-36.1208,-80.9313],[-36.4167,-80.9313],[-36.5146,-80.9396],[-36.6036,-80.9651],[-36.5755,-81.0005],[-36.8688,-80.9812],[-36.8818,-81.0245],[-36.9333,-81.0437],[-37.1396,-81.0542],[-37.2146,-81.0896],[-37.375,-81.0708],[-37.4401,-81.0359],[-37.5229,-81.0229],[-37.6583,-81.0229],[-37.6063,-80.9979],[-37.7229,-80.9812],[-37.975,-80.9583],[-38.425,-80.9083],[-38.5438,-80.9146],[-38.6854,-80.8792],[-38.8349,-80.8766],[-38.7896,-80.9],[-38.9583,-80.9042],[-39.0021,-80.925],[-39.3083,-80.9687],[-39.5917,-80.9958],[-39.6146,-81.0208],[-39.7042,-81.0188],[-39.8516,-81.0463],[-39.9271,-81.0854],[-40.125,-81.1104],[-40.3125,-81.1625],[-40.4687,-81.1708],[-40.5646,-81.1562],[-40.9542,-81.1937],[-41.0786,-81.1922],[-41.1229,-81.2292],[-41.5729,-81.3354],[-41.6786,-81.3693],[-41.7172,-81.4016],[-41.787,-81.4161],[-41.7734,-81.4391],[-41.8786,-81.4859],[-41.8859,-81.5141],[-41.9495,-81.5463],[-41.9005,-81.5891],[-41.9443,-81.6182],[-42.0771,-81.6208],[-42.2187,-81.6375],[-42.2786,-81.6755],[-42.2339,-81.6932],[-42.4521,-81.7562],[-42.8437,-81.8292],[-42.9432,-81.837],[-43.0062,-81.8688],[-43.1604,-81.8854],[-43.2349,-81.9453],[-43.1672,-81.9901],[-43.1792,-82.0188],[-43.2745,-82.0391],[-43.1484,-82.0818],[-43.1401,-82.1203],[-43.2854,-82.1458],[-43.3474,-82.1724],[-43.3151,-82.1984],[-43.7172,-82.2995],[-43.8063,-82.3375],[-44.0438,-82.3979],[-44.1375,-82.3958],[-44.0359,-82.338],[-44.0682,-82.3109],[-44.0026,-82.2693],[-44.0458,-82.2542],[-44.1917,-82.2479],[-44.2484,-82.2891],[-44.3542,-82.3375],[-44.4938,-82.3604],[-44.5458,-82.3896],[-44.7625,-82.3958],[-45.5229,-82.525],[-45.6109,-82.4984],[-45.6917,-82.4479],[-45.9,-82.4646],[-46.0432,-82.5391],[-46.1917,-82.5458],[-46.3312,-82.5188],[-46.5141,-82.5026],[-46.4443,-82.4859],[-46.6495,-82.4328],[-46.687,-82.4078],[-46.4214,-82.3536],[-46.2359,-82.2891],[-46.1703,-82.2484],[-46.0797,-82.2286],[-46.0401,-82.1932],[-46.0542,-82.1312],[-46.0068,-82.1026],[-46.1953,-82.0162],[-46.2432,-81.9828],[-46.2557,-81.9422],[-46.2234,-81.9234],[-46.4854,-81.9354],[-46.7687,-81.9833],[-46.9917,-81.9896],[-47.1078,-82.0047],[-47.0901,-82.0203],[-47.1505,-82.0536],[-47.5187,-82.0479],[-47.5792,-82.0354],[-47.4917,-82.0083],[-47.2938,-81.9812],[-47.3516,-81.9682],[-47.3797,-81.9234],[-47.9604,-81.9208],[-48.1729,-81.8938],[-48.2521,-81.9146],[-48.425,-81.8896],[-48.5208,-81.9],[-48.7958,-81.9042],[-48.9521,-81.8938],[-49.1729,-81.9271],[-49.3688,-81.9333],[-49.5417,-81.9583],[-49.775,-81.9583],[-50.05,-81.9729],[-50.1625,-81.9729],[-50.4813,-81.9896],[-50.5979,-81.9896],[-50.7313,-81.9583],[-51.0687,-81.9958],[-51.0937,-82.0083],[-51.2792,-82.0375],[-51.7021,-82.0479],[-52.1474,-82.0818],[-52.2646,-82.1125],[-52.3354,-82.1125],[-52.6458,-82.1583],[-52.7625,-82.1604],[-53.0604,-82.1458],[-53.1979,-82.125],[-53.2896,-82.1479],[-53.8125,-82.1979],[-53.8708,-82.1792],[-54.05,-82.2104],[-54.2125,-82.225],[-54.2828,-82.2443],[-54.1792,-82.2625],[-54.3,-82.2833],[-54.45,-82.2812],[-54.8307,-82.3068],[-54.8193,-82.3391],[-54.9854,-82.3458],[-55.1578,-82.3943],[-55.113,-82.437],[-55.1849,-82.4505],[-55.1526,-82.5057],[-55.3396,-82.5125],[-55.45,-82.475],[-55.5646,-82.4625],[-55.9245,-82.4776],[-55.9047,-82.4995],[-56.0484,-82.5661],[-56.2625,-82.6104],[-56.4813,-82.6792],[-56.6875,-82.7208],[-56.9271,-82.7479],[-56.9958,-82.7667],[-57.1396,-82.7792],[-57.3063,-82.8208],[-57.7036,-82.9068],[-57.8068,-82.9745],[-58.1026,-83.0891],[-58.3812,-83.1438],[-58.5318,-83.2037],[-58.6932,-83.238],[-58.9422,-83.337],[-59.2297,-83.4141],[-59.5187,-83.4667],[-59.8417,-83.4583],[-59.8714,-83.4276],[-60.2438,-83.4583],[-60.3271,-83.4729],[-60.5,-83.4625],[-60.6312,-83.425],[-60.9458,-83.475],[-61.1167,-83.4479],[-61.0193,-83.4328],[-60.9068,-83.388],[-61.1688,-83.4062],[-61.1589,-83.3838],[-61.2812,-83.3812],[-61.5271,-83.3979],[-61.5396,-83.3521],[-61.85,-83.3667],[-61.6688,-83.3292],[-61.3979,-83.2333],[-61.2292,-83.2104],[-61.0943,-83.1557],[-61.0214,-83.1099],[-60.9547,-83.0068],[-61.0464,-82.9109],[-61.1328,-82.9182],[-61.1172,-82.9537],[-61.3589,-82.9599],[-61.55,-83.0042],[-61.5755,-83.0474],[-61.8896,-83],[-62.0953,-82.887],[-62.0818,-82.863],[-62.2979,-82.7771],[-62.4203,-82.7432],[-62.4818,-82.7078],[-62.4693,-82.688],[-62.7141,-82.5911],[-62.7911,-82.537],[-62.7771,-82.5188],[-62.525,-82.4979],[-62.3979,-82.4958],[-62.0646,-82.4687],[-61.9458,-82.4542],[-61.7375,-82.3979],[-61.5333,-82.3646],[-61.2875,-82.3417],[-61.1646,-82.35],[-60.8021,-82.2896],[-60.7292,-82.2688],[-60.5167,-82.2292],[-60.4042,-82.175],[-60.6708,-82.1917],[-60.6464,-82.1672],[-60.7333,-82.1604],[-60.9146,-82.1854],[-61.2417,-82.2042],[-61.4771,-82.2417],[-61.8042,-82.2521],[-62.1063,-82.2917],[-62.3208,-82.2562],[-62.4854,-82.2542],[-62.7292,-82.2729],[-62.9938,-82.275],[-63.0438,-82.2521],[-63.1833,-82.2583],[-63.2443,-82.3203],[-63.3688,-82.3396],[-63.5047,-82.3141],[-63.7687,-82.3187],[-63.8896,-82.3104],[-64.05,-82.3521],[-64.2542,-82.375],[-64.2667,-82.3875],[-64.4687,-82.4062],[-64.5021,-82.3708],[-64.7542,-82.3708],[-65.0542,-82.4042],[-65.0818,-82.3682],[-65.1828,-82.3432],[-65.1229,-82.2937],[-65.2057,-82.287],[-65.2187,-82.2625],[-65.3875,-82.2667],[-65.4812,-82.2958],[-65.7542,-82.3042],[-65.8875,-82.3],[-66.0521,-82.3104],[-66.0833,-82.2937],[-65.9583,-82.2771],[-66.0083,-82.2375],[-65.8583,-82.225],[-65.8771,-82.2104],[-66.0724,-82.212],[-66.0411,-82.1797],[-65.9589,-82.1599],[-65.9537,-82.1109],[-65.9146,-82.0729],[-65.6396,-82.0062],[-65.6234,-81.988],[-65.8125,-81.9667],[-66.2396,-81.9521],[-66.0375,-81.9125],[-65.7104,-81.8792],[-65.5667,-81.8875],[-65.2792,-81.8875],[-65.2625,-81.9104],[-64.5917,-81.9167],[-64.3354,-81.9104],[-63.9979,-81.8958],[-63.8833,-81.8833],[-63.5812,-81.8688],[-63.4797,-81.8516],[-63.5495,-81.8266],[-63.4755,-81.7828],[-63.5458,-81.7729],[-64.0646,-81.7708],[-64.4604,-81.775],[-64.9208,-81.8229],[-64.9193,-81.7984],[-65,-81.7896],[-65.2771,-81.7958],[-65.3979,-81.7771],[-65.6708,-81.7792],[-65.7203,-81.7682],[-65.6958,-81.7104],[-65.4271,-81.6958],[-65.3208,-81.7146],[-65.0312,-81.7083],[-64.7812,-81.6354],[-64.5479,-81.625],[-64.5333,-81.6458],[-64.7078,-81.6859],[-64.6354,-81.7],[-64.3604,-81.6854],[-64.1438,-81.6813],[-63.9964,-81.6391],[-63.9313,-81.6083],[-63.8422,-81.6224],[-64.0724,-81.6839],[-64.0542,-81.7021],[-63.7,-81.6854],[-63.5583,-81.6479],[-63.4083,-81.6396],[-63.3167,-81.6521],[-63.4599,-81.6943],[-63.4146,-81.7167],[-62.7875,-81.7229],[-62.4208,-81.7167],[-62.2708,-81.7063],[-62.0901,-81.6661],[-62.1932,-81.6161],[-62.2021,-81.5958],[-62.2932,-81.5891],[-62.2979,-81.5625],[-62.7562,-81.5437],[-63.2187,-81.5437],[-63.9229,-81.5792],[-64.1708,-81.5417],[-64.4208,-81.5417],[-64.5854,-81.5354],[-64.7646,-81.5042],[-64.9958,-81.5],[-65.2583,-81.5104],[-65.7208,-81.4542],[-65.8229,-81.45],[-66.0125,-81.4208],[-66.3396,-81.3771],[-66.4938,-81.3437],[-66.6625,-81.325],[-66.7937,-81.2979],[-66.9938,-81.2979],[-67.0271,-81.2833],[-67.4938,-81.225],[-67.5667,-81.2104],[-67.7396,-81.2],[-67.7979,-81.1854],[-68.2688,-81.1292],[-68.4411,-81.1016],[-68.3812,-81.0833],[-68.2271,-81.0896],[-68.0609,-81.0359],[-68.1687,-81.0292],[-68.3917,-80.9854],[-68.5937,-80.9646],[-68.7312,-80.9604],[-69.0292,-80.9979],[-69.0547,-81.0182],[-69.225,-81.0292],[-69.5104,-81.0021],[-69.5979,-80.9812],[-69.7604,-80.9854],[-70.0057,-80.9724],[-70.087,-80.9328],[-70.0193,-80.9016],[-70.1292,-80.9042],[-70.3182,-80.8786],[-70.2922,-80.8484],[-70.3974,-80.8307],[-70.3755,-80.8036],[-70.3953,-80.7693],[-70.3568,-80.6901],[-70.4938,-80.6458],[-70.7187,-80.6271],[-70.7917,-80.6104],[-70.9833,-80.625],[-71.1042,-80.5958],[-71.1807,-80.6182],[-71.1854,-80.6375],[-71.3693,-80.687],[-71.4771,-80.7083],[-71.6036,-80.7161],[-71.6896,-80.7042],[-71.8042,-80.7208],[-71.8688,-80.7458],[-72.2125,-80.7521],[-72.3536,-80.7682],[-72.3562,-80.7417],[-72.4807,-80.7484],[-72.5703,-80.8078],[-72.6432,-80.8943],[-72.563,-80.9505],[-72.5755,-80.9599],[-72.8458,-80.9646],[-73.05,-80.9521],[-73.5104,-80.8875],[-73.6229,-80.8646],[-73.7125,-80.8667],[-73.8417,-80.8313],[-73.9687,-80.8333],[-74.013,-80.8109],[-74.1562,-80.7958],[-74.2521,-80.8208],[-74.3646,-80.8333],[-74.4833,-80.8333],[-74.5937,-80.8729],[-74.7021,-80.875],[-74.8734,-80.8974],[-75.1214,-80.8745],[-75.2604,-80.8854],[-75.35,-80.875],[-75.5437,-80.8917],[-75.6083,-80.8771],[-75.6542,-80.8417],[-75.7312,-80.8229],[-75.4875,-80.7979],[-75.3229,-80.8],[-75.2229,-80.7667],[-75.1042,-80.7896],[-74.9917,-80.7896],[-74.938,-80.7734],[-75.1057,-80.7672],[-75.3599,-80.7224],[-75.5141,-80.7005],[-75.7141,-80.6359],[-75.6599,-80.5859],[-75.4354,-80.5542],[-75.3943,-80.5245],[-75.4005,-80.4922],[-75.5724,-80.4276],[-75.5651,-80.4089],[-75.9667,-80.2729],[-76.137,-80.2807],[-76.1338,-80.2505],[-76.2786,-80.1911],[-76.287,-80.1338],[-76.2464,-80.112],[-76.2833,-80.0792],[-76.3958,-80.0937],[-76.8125,-80.1104],[-76.925,-80.1312],[-77.1062,-80.15],[-77.2646,-80.1562],[-77.5375,-80.1583],[-77.6562,-80.1813],[-77.7755,-80.1609],[-78.1396,-80.1604],[-78.2771,-80.1771],[-78.3583,-80.1521],[-78.9208,-80.1167],[-78.9604,-80.1021],[-79.1208,-80.1021],[-79.2896,-80.075],[-79.4682,-80.0536],[-79.475,-80.0312],[-79.6412,-80.0162],[-79.6911,-79.9995],[-79.6604,-79.9792],[-79.3958,-79.9646],[-79.2854,-79.9792],[-79.1417,-79.9812],[-78.8187,-80.0146],[-78.575,-80.0188],[-78.1833,-80.0396],[-77.9313,-80.0375],[-77.6458,-80.0271],[-77.5021,-80.0146],[-77.2146,-80.0021],[-76.7562,-79.9625],[-76.5687,-79.9313],[-76.413,-79.8849],[-76.2453,-79.8089],[-76.188,-79.8036],[-76.0568,-79.7078],[-76.0245,-79.6338],[-75.9437,-79.6062],[-75.9641,-79.5776],[-75.913,-79.5266],[-75.9974,-79.5151],[-76.0188,-79.4708],[-76.087,-79.4537],[-76.0463,-79.4349],[-76.1396,-79.425],[-76.2312,-79.3875],[-76.3021,-79.3875],[-76.4104,-79.35],[-76.5875,-79.3042],[-76.6646,-79.3083],[-76.7688,-79.2917],[-77.2208,-79.2583],[-77.3229,-79.2604],[-77.4833,-79.2521],[-77.9333,-79.2479],[-78.2375,-79.2479],[-78.8104,-79.2417],[-79.1417,-79.2417],[-79.2896,-79.2333],[-79.6875,-79.2354],[-79.8208,-79.2312],[-80.0958,-79.2312],[-80.4187,-79.2583],[-80.5286,-79.2901],[-80.5359,-79.3703],[-80.5599,-79.3922],[-80.5349,-79.4307],[-80.3859,-79.4943],[-80.388,-79.5349],[-80.4812,-79.5792],[-80.5625,-79.5604],[-80.7979,-79.5458],[-80.9583,-79.4938],[-81.1724,-79.4474],[-81.2422,-79.3672],[-81.2891,-79.3432],[-81.3036,-79.2693],[-81.2146,-79.2271],[-81.1026,-79.2047],[-81.2146,-79.1937],[-81.3859,-79.213],[-81.4537,-79.1891],[-81.4292,-79.1729],[-81.7042,-79.0937],[-81.7438,-79.0667],[-81.9563,-79.0417],[-82.0062,-79.025],[-82.1333,-79.0167],[-82.2438,-78.9833],[-82.3708,-78.9708],[-82.4521,-78.9729],[-82.5771,-78.95],[-82.6349,-78.9203],[-82.5526,-78.8912],[-82.5547,-78.8714],[-82.7063,-78.8771],[-82.9083,-78.8625],[-83.0813,-78.8333],[-83.437,-78.7057],[-83.5151,-78.638],[-83.737,-78.5578],[-83.8307,-78.4807],[-83.7901,-78.4651],[-83.8849,-78.4245],[-83.7276,-78.4182],[-83.7109,-78.3943],[-83.7578,-78.3588],[-83.6896,-78.3271],[-83.3708,-78.3625],[-83.4547,-78.3828],[-83.4417,-78.4021],[-83.35,-78.4062],[-83.2604,-78.3958],[-83.1589,-78.4276],[-83.1088,-78.4589],[-83.1453,-78.4859],[-83.0437,-78.5021],[-82.9401,-78.4786],[-83.0068,-78.4599],[-83.0292,-78.4146],[-83.1016,-78.3974],[-83.1974,-78.3536],[-83.2047,-78.3359],[-83.3063,-78.3042],[-83.3854,-78.2979],[-83.5432,-78.2495],[-83.6141,-78.2089],[-83.5443,-78.1797],[-83.6667,-78.1729],[-83.7203,-78.1495],[-83.7714,-78.0463],[-83.7974,-78.0411],[-83.837,-77.987],[-83.7521,-77.9729],[-83.6224,-78.0391],[-83.3667,-78.1312],[-83.1557,-78.1953],[-83.0255,-78.2401],[-82.9099,-78.2995],[-82.7714,-78.3464],[-82.612,-78.4161],[-82.4521,-78.4708],[-82.3771,-78.4708],[-82.2161,-78.5224],[-82.0021,-78.5792],[-81.7354,-78.6396],[-81.5687,-78.6729],[-81.3812,-78.7021],[-80.9708,-78.7729],[-80.7125,-78.8104],[-80.4458,-78.8333],[-80.0708,-78.8562],[-79.8229,-78.8625],[-79.4396,-78.8625],[-79.1937,-78.8583],[-78.7292,-78.8396],[-78.4812,-78.8208],[-78.4333,-78.8125],[-78.0146,-78.775],[-77.6875,-78.7271],[-77.6312,-78.6937],[-77.3896,-78.6375],[-77.3255,-78.6057],[-77.3453,-78.5526],[-77.3255,-78.5411],[-77.3766,-78.488],[-77.3464,-78.4703],[-77.3734,-78.4339],[-77.5646,-78.3833],[-77.6604,-78.3708],[-77.7542,-78.3479],[-77.9771,-78.3083],[-78.1312,-78.2937],[-78.5771,-78.2438],[-78.7542,-78.2312],[-79.3417,-78.1646],[-79.9979,-78.0896],[-80.2229,-78.0729],[-80.5979,-78.025],[-80.9313,-77.9875],[-81.2708,-77.9229],[-81.3896,-77.9062],[-81.6708,-77.8417],[-81.5521,-77.8417],[-81.3833,-77.8333],[-81.2438,-77.8542],[-81.1458,-77.8521],[-81.0125,-77.8333],[-80.9771,-77.8187],[-80.8292,-77.8083],[-80.7583,-77.7792],[-80.663,-77.7588],[-80.6547,-77.7255],[-80.7599,-77.687],[-80.6937,-77.6854],[-80.5542,-77.7271],[-80.4396,-77.7354],[-80.1833,-77.8021],[-80.0479,-77.8146],[-79.9333,-77.8125],[-79.8354,-77.8292],[-79.6708,-77.8437],[-79.5854,-77.8625],[-79.3771,-77.8854],[-79.3042,-77.8812],[-79.1646,-77.8458],[-78.9604,-77.8688],[-78.9271,-77.8833],[-78.8125,-77.8979],[-78.7104,-77.8979],[-78.6625,-77.9104],[-78.5604,-77.9146],[-78.2562,-77.9417],[-78.1083,-77.9354],[-77.8604,-77.9396],[-77.75,-77.9479],[-77.7167,-77.9333],[-77.5417,-77.9333],[-77.3771,-77.9604],[-77.1271,-77.9667],[-76.8833,-77.9667],[-76.6438,-77.9792],[-76.4187,-78.0083],[-76.2396,-78.025],[-76.1083,-78.0437],[-75.5833,-78.0875],[-75.4,-78.1208],[-75.2396,-78.1375],[-75.1568,-78.162],[-75.1068,-78.1901],[-75.0833,-78.2292],[-74.9922,-78.2266],[-74.9,-78.1667],[-74.75,-78.1687],[-74.4479,-78.1479],[-74.2542,-78.1458],[-73.9729,-78.125],[-74.0167,-78.1042],[-73.6208,-78.0229],[-73.4255,-77.9682],[-73.3292,-77.9146],[-73.2047,-77.8932],[-73.1766,-77.8609],[-73.125,-77.8583],[-73.0932,-77.8234],[-72.85,-77.725],[-72.7422,-77.6536],[-72.7932,-77.6057],[-72.7354,-77.575],[-72.8562,-77.5771],[-72.9646,-77.5646],[-72.9792,-77.5521],[-73.0896,-77.5521],[-73.3146,-77.5375],[-73.5646,-77.5146],[-73.7042,-77.5083],[-73.8854,-77.4854],[-74.0667,-77.4771],[-74.4396,-77.4521],[-74.5625,-77.4479],[-74.7646,-77.4313],[-74.8417,-77.4354],[-75.0771,-77.4354],[-75.3057,-77.4714],[-75.3849,-77.5088],[-75.4339,-77.5536],[-75.5474,-77.5307],[-75.5422,-77.5109],[-75.5995,-77.4911],[-75.6776,-77.4401],[-75.8016,-77.4266],[-75.8641,-77.4016],[-75.912,-77.3651],[-75.8667,-77.3479],[-76.0354,-77.3396],[-76.1625,-77.3208],[-76.2042,-77.2979],[-76.2917,-77.2833],[-76.3536,-77.2516],[-76.3682,-77.2266],[-76.5,-77.1479],[-76.5542,-77.1438],[-76.725,-77.0792],[-76.8667,-77.0854],[-76.9745,-77.0536],[-77.0286,-77.0255],[-77,-77.0125],[-76.8625,-77.0292],[-76.8068,-77.0109],[-76.8526,-76.9776],[-76.9792,-76.9521],[-77.0578,-76.9266],[-77.0901,-76.888],[-77.1672,-76.8297],[-77.2521,-76.8083],[-77.5188,-76.7271],[-77.5953,-76.7266],[-77.5828,-76.7026],[-77.5234,-76.6807],[-77.5109,-76.6234],[-77.5964,-76.5672],[-77.6932,-76.5286],[-77.7161,-76.4984],[-77.6693,-76.4964],[-77.6047,-76.5276],[-77.5474,-76.587],[-77.4589,-76.6255],[-77.4276,-76.6214],[-77.5078,-76.5766],[-77.5062,-76.5563],[-77.2979,-76.5625],[-77.0875,-76.5604],[-76.9396,-76.5979],[-76.8068,-76.6422],[-76.713,-76.6464],[-76.8057,-76.5891],[-76.6312,-76.5646],[-76.6266,-76.5255],[-76.5125,-76.5188],[-76.4042,-76.5646],[-76.2937,-76.5729],[-76.1229,-76.55],[-76.0146,-76.5708],[-75.962,-76.6036],[-75.8604,-76.6333],[-75.7896,-76.6417],[-75.6417,-76.6417],[-75.5609,-76.5984],[-75.6682,-76.562],[-75.5542,-76.5687],[-75.4563,-76.5896],[-75.3542,-76.6021],[-75.2604,-76.6021],[-75.2745,-76.5787],[-75.2187,-76.5646],[-75.0646,-76.5917],[-74.7875,-76.6312],[-74.5854,-76.6458],[-74.2042,-76.6896],[-73.9708,-76.6937],[-73.8104,-76.7187],[-73.7505,-76.6943],[-73.9208,-76.6792],[-73.8979,-76.6583],[-73.7292,-76.6646],[-73.5771,-76.6792],[-73.4229,-76.6813],[-73.3708,-76.6896],[-73.0687,-76.6896],[-72.95,-76.7167],[-72.8901,-76.7037],[-72.9,-76.6771],[-72.7354,-76.6813],[-72.6479,-76.7],[-72.4958,-76.7063],[-72.4167,-76.6875],[-72.3458,-76.7042],[-72.1708,-76.7146],[-71.95,-76.7458],[-71.6333,-76.7667],[-71.5104,-76.7667],[-71.4437,-76.7562],[-71.1229,-76.75],[-70.9687,-76.7375],[-70.9375,-76.75],[-70.8375,-76.7521],[-70.75,-76.7312],[-70.6667,-76.7438],[-70.5547,-76.7453],[-70.5771,-76.7104],[-70.5,-76.7021],[-70.425,-76.6813],[-70.2875,-76.675],[-70.2396,-76.6896],[-70.0958,-76.6958],[-69.9417,-76.6854],[-69.9854,-76.6646],[-70.0604,-76.6562],[-70.0146,-76.6333],[-70.0813,-76.6167],[-70.1188,-76.5937],[-70.0849,-76.563],[-70.0271,-76.5375],[-69.8354,-76.5312],[-69.8292,-76.5208],[-70.0229,-76.5229],[-70.0292,-76.4958],[-69.8104,-76.4875],[-69.7505,-76.4672],[-69.8437,-76.4479],[-69.9563,-76.45],[-69.9896,-76.4667],[-70.0937,-76.4687],[-70.1771,-76.4604],[-70.1193,-76.4411],[-70.1307,-76.4213],[-70.0729,-76.4083],[-69.9812,-76.4104],[-69.9354,-76.3896],[-69.8521,-76.3938],[-69.8271,-76.375],[-69.6854,-76.3729],[-69.612,-76.3359],[-69.375,-76.3354],[-69.2625,-76.3271],[-69.1792,-76.3104],[-69.0604,-76.3146],[-68.925,-76.3021],[-68.8208,-76.3021],[-68.7063,-76.2917],[-68.5604,-76.2958],[-68.3313,-76.2646],[-68.2833,-76.2521],[-68.1708,-76.25],[-68.0604,-76.2396],[-68.0729,-76.1896],[-68.1453,-76.1713],[-68.0083,-76.1375],[-67.8521,-76.1229],[-67.7771,-76.1312],[-67.5625,-76.1292],[-67.2937,-76.1042],[-66.9979,-76.0813],[-66.8604,-76.0667],[-66.6771,-76.0375],[-66.4437,-76.0312],[-66.2354,-76.0125],[-66.1792,-75.9938],[-66.0188,-75.9729],[-65.8125,-75.9375],[-65.7417,-75.9208],[-65.5875,-75.8979],[-65.5292,-75.8667],[-65.4812,-75.8667],[-65.3755,-75.8453],[-65.3661,-75.8255],[-65.287,-75.7963],[-65.2146,-75.7917],[-65.0146,-75.7917],[-64.7646,-75.7604],[-64.5271,-75.7208],[-64.4146,-75.7083],[-64.3375,-75.6896],[-64.1375,-75.6625],[-63.8125,-75.5917],[-63.5312,-75.5167],[-63.1318,-75.3974],[-63.0651,-75.3661],[-63.1042,-75.3479],[-63.2729,-75.3333],[-63.6625,-75.3313],[-63.7062,-75.325],[-63.8583,-75.325],[-64.0167,-75.3479],[-64.1458,-75.3521],[-64.1958,-75.3375],[-64.3104,-75.3646],[-64.3807,-75.3557],[-64.4286,-75.3026],[-64.3193,-75.2703],[-64.2958,-75.2479],[-64.2042,-75.2375],[-64.1641,-75.2234],[-64.0333,-75.2042],[-63.8312,-75.1958],[-63.5979,-75.1792],[-63.4979,-75.1521],[-63.4125,-75.175],[-63.3125,-75.1771],[-63.1125,-75.1583],[-63.0339,-75.1453],[-63.1089,-75.0839],[-63.1766,-75.0703],[-63.2172,-75.0318],[-63.325,-75.0062],[-63.4625,-75.0125],[-63.7583,-75.0354],[-63.8771,-75.0375],[-63.9542,-75.0146],[-64.0953,-75.0078],[-64.0641,-74.9818],[-64.0188,-74.975],[-63.7521,-74.9563],[-63.5818,-74.9234],[-63.6161,-74.9099],[-63.5729,-74.8688],[-63.5271,-74.8667],[-63.4271,-74.8958],[-63.2646,-74.9208],[-63.1083,-74.9167],[-63.0443,-74.8838],[-63.0703,-74.8682],[-63.1193,-74.8026],[-63.1672,-74.7734],[-63.2474,-74.7474],[-63.2932,-74.7068],[-63.2042,-74.6729],[-63.0792,-74.6604],[-62.8812,-74.7063],[-62.8063,-74.7042],[-62.7911,-74.6859],[-62.6958,-74.675],[-62.6672,-74.6974],[-62.7036,-74.7234],[-62.6708,-74.7604],[-62.5859,-74.7609],[-62.6141,-74.8245],[-62.5729,-74.8896],[-62.5937,-74.9521],[-62.5583,-74.9854],[-62.4208,-74.9958],[-62.3146,-74.9687],[-62.1479,-74.9563],[-62.0646,-74.9375],[-62.0411,-74.9172],[-61.838,-74.8391],[-61.788,-74.7807],[-61.7714,-74.7214],[-61.825,-74.7],[-61.8932,-74.6974],[-61.8839,-74.6734],[-61.9411,-74.6557],[-62.0026,-74.5901],[-62.1682,-74.5578],[-62.1672,-74.5401],[-62.2536,-74.5016],[-62.3599,-74.4432],[-62.3339,-74.4266],[-62.3437,-74.4021],[-62.2313,-74.4104],[-62.1807,-74.4391],[-62.1042,-74.4667],[-62.0542,-74.4667],[-61.9437,-74.4833],[-61.7938,-74.4938],[-61.7292,-74.5042],[-61.6396,-74.4979],[-61.6182,-74.5349],[-61.4646,-74.5375],[-61.3833,-74.5458],[-61.1437,-74.5312],[-60.9833,-74.4979],[-60.9089,-74.462],[-60.9089,-74.4443],[-60.9599,-74.4234],[-60.9161,-74.387],[-60.825,-74.3771],[-60.7911,-74.3609],[-60.7214,-74.3536],[-60.6651,-74.3203],[-60.6297,-74.2588],[-60.7313,-74.2417],[-60.85,-74.2438],[-60.9125,-74.2542],[-61.0979,-74.3083],[-61.2604,-74.3271],[-61.45,-74.3333],[-61.5417,-74.325],[-61.6583,-74.2917],[-61.8625,-74.3271],[-61.9141,-74.3224],[-61.8547,-74.2859],[-61.9786,-74.2495],[-61.9437,-74.2417],[-61.825,-74.2604],[-61.7255,-74.2432],[-61.6479,-74.1833],[-61.5583,-74.1729],[-61.5828,-74.2141],[-61.4792,-74.2542],[-61.3917,-74.2458],[-61.2943,-74.2245],[-61.1672,-74.1828],[-61.1109,-74.1516],[-61.0297,-74.0932],[-61.0833,-74.0687],[-61.3812,-74.0625],[-61.388,-74.0359],[-61.4854,-74.0125],[-61.7021,-74.0458],[-61.8333,-74.0417],[-61.8271,-74.025],[-61.65,-73.9979],[-61.5859,-73.9766],[-61.5984,-73.9609],[-61.7167,-73.9292],[-61.8099,-73.9141],[-61.7542,-73.8917],[-61.6292,-73.875],[-61.5667,-73.9],[-61.4021,-73.8708],[-61.3589,-73.8984],[-61.3453,-73.9307],[-61.2271,-73.9604],[-61.0062,-73.9646],[-60.9797,-73.9578],[-60.9391,-73.913],[-60.8922,-73.8849],[-60.8891,-73.8484],[-60.8589,-73.837],[-60.8557,-73.8047],[-60.8255,-73.7932],[-60.7297,-73.6922],[-60.7646,-73.6854],[-60.8396,-73.6979],[-60.9172,-73.7307],[-60.9958,-73.75],[-61.05,-73.75],[-61.0896,-73.7271],[-61.0047,-73.7016],[-61.0333,-73.675],[-60.8589,-73.6328],[-60.7672,-73.5953],[-60.8563,-73.5583],[-60.9354,-73.5437],[-61.1542,-73.5188],[-61.2146,-73.5375],[-61.2917,-73.5],[-61.4771,-73.4771],[-61.5474,-73.5047],[-61.5589,-73.5411],[-61.6021,-73.55],[-61.6813,-73.5354],[-61.7161,-73.5162],[-61.7026,-73.4547],[-61.7521,-73.45],[-61.825,-73.4208],[-61.9021,-73.4208],[-61.937,-73.4057],[-61.9495,-73.3776],[-61.9083,-73.3646],[-61.7167,-73.3688],[-61.5771,-73.3938],[-61.5193,-73.3797],[-61.5693,-73.3526],[-61.737,-73.3036],[-61.7792,-73.2729],[-61.9292,-73.25],[-62.0182,-73.2432],[-61.9792,-73.225],[-61.9188,-73.225],[-61.7604,-73.2438],[-61.6813,-73.2729],[-61.6292,-73.2562],[-61.7313,-73.2292],[-61.7833,-73.2271],[-61.875,-73.2083],[-61.9953,-73.1745],[-62.062,-73.1297],[-61.975,-73.1083],[-61.9375,-73.1208],[-61.8099,-73.1307],[-61.725,-73.1542],[-61.5333,-73.1792],[-61.4328,-73.163],[-61.3854,-73.2042],[-61.2479,-73.1937],[-61.2667,-73.2417],[-61.2047,-73.2734],[-61.1661,-73.3266],[-61.0271,-73.3521],[-60.9667,-73.3521],[-60.8964,-73.2995],[-60.9161,-73.2786],[-60.8911,-73.2422],[-60.8026,-73.3234],[-60.8349,-73.3714],[-60.8271,-73.3958],[-60.7,-73.3958],[-60.6729,-73.3625],[-60.6729,-73.3292],[-60.6479,-73.2958],[-60.6286,-73.1839],[-60.5703,-73.1911],[-60.4589,-73.2234],[-60.4745,-73.2849],[-60.4391,-73.3057],[-60.3437,-73.3292],[-60.2667,-73.325],[-60.0693,-73.2932],[-59.9755,-73.2495],[-60.0026,-73.2026],[-60.0391,-73.1786],[-60.037,-73.138],[-60.0161,-73.0964],[-59.8937,-73.0167],[-59.8943,-72.9797],[-59.9432,-72.9307],[-59.9443,-72.8922],[-59.9896,-72.875],[-60.0687,-72.8708],[-60.1286,-72.8964],[-60.2078,-72.9797],[-60.2443,-73.0307],[-60.3187,-73.0583],[-60.3943,-73.0276],[-60.5479,-72.9812],[-60.5797,-73.0078],[-60.7333,-73.0771],[-60.7812,-73.075],[-60.7807,-73.0484],[-60.7443,-73.0307],[-60.625,-72.9437],[-60.6891,-72.9245],[-60.5818,-72.9016],[-60.488,-72.8099],[-60.4854,-72.7271],[-60.512,-72.7057],[-60.5187,-72.6625],[-60.5417,-72.6542],[-60.7396,-72.65],[-60.7938,-72.6708],[-60.9,-72.6917],[-61.0146,-72.6917],[-61.0578,-72.7089],[-61.0891,-72.738],[-61.113,-72.7849],[-61.2307,-72.7662],[-61.213,-72.7109],[-61.2609,-72.6901],[-61.3312,-72.675],[-61.3833,-72.675],[-61.4266,-72.6599],[-61.4021,-72.6438],[-61.2313,-72.6479],[-61.2536,-72.5807],[-61.2443,-72.5463],[-61.2792,-72.525],[-61.35,-72.5354],[-61.4417,-72.5333],[-61.4828,-72.5005],[-61.3589,-72.4766],[-61.3714,-72.4589],[-61.4641,-72.4307],[-61.475,-72.4083],[-61.3958,-72.4083],[-61.2458,-72.4333],[-61.0375,-72.4729],[-60.9458,-72.4667],[-60.8688,-72.4729],[-60.7729,-72.4542],[-60.6813,-72.4479],[-60.6297,-72.4307],[-60.6234,-72.4047],[-60.7187,-72.3708],[-60.8521,-72.375],[-60.9687,-72.3688],[-60.9974,-72.3526],[-60.9234,-72.3391],[-60.9188,-72.3167],[-60.7938,-72.3125],[-60.6937,-72.3354],[-60.6401,-72.3287],[-60.6745,-72.3036],[-60.6526,-72.2609],[-60.6797,-72.2338],[-60.7542,-72.2042],[-60.8896,-72.1813],[-61.0646,-72.1937],[-61.0849,-72.1849],[-61.0146,-72.1521],[-60.9104,-72.1583],[-60.7984,-72.1328],[-60.7833,-72.1229],[-60.6755,-72.1161],[-60.6547,-72.0974],[-60.6609,-72.0005],[-60.7599,-72.0047],[-60.9125,-72.0542],[-61.1042,-72.05],[-61.1599,-72.0568],[-61.1953,-72.0797],[-61.1651,-72.1109],[-61.1464,-72.1661],[-61.2125,-72.1625],[-61.2667,-72.1479],[-61.3589,-72.0839],[-61.4,-72.0646],[-61.4979,-72.0667],[-61.5625,-72.0542],[-61.7125,-72.0458],[-61.8479,-72.0833],[-61.9313,-72.0958],[-62.1042,-72.1042],[-62.2146,-72.1188],[-62.3146,-72.1417],[-62.3703,-72.1057],[-62.1854,-72.0375],[-62.1063,-72.0292],[-62.1312,-72.0062],[-62.2271,-71.9958],[-62.4266,-71.9537],[-62.4495,-71.9213],[-62.25,-71.9187],[-62.2062,-71.9104],[-62.0479,-71.9125],[-61.95,-71.9],[-61.8792,-71.8979],[-61.7521,-71.8625],[-61.5312,-71.8521],[-61.4604,-71.8521],[-61.4042,-71.8708],[-61.1271,-71.8708],[-61.0714,-71.8661],[-61.0703,-71.8401],[-61.1208,-71.8187],[-61.0521,-71.8042],[-61.1396,-71.7542],[-61.15,-71.7167],[-61.0797,-71.7151],[-61.0599,-71.737],[-60.8937,-71.7875],[-60.7818,-71.7766],[-60.7609,-71.7505],[-60.8328,-71.7266],[-60.8328,-71.7109],[-60.7734,-71.6797],[-60.8417,-71.6646],[-60.9562,-71.6667],[-61.0036,-71.6443],[-60.9505,-71.613],[-61.0167,-71.5917],[-61.0729,-71.5917],[-61.1063,-71.5771],[-61.0922,-71.5443],[-61.1813,-71.5333],[-61.2703,-71.5568],[-61.2714,-71.5828],[-61.3609,-71.6328],[-61.5042,-71.6792],[-61.5771,-71.6917],[-61.6688,-71.6771],[-61.75,-71.6833],[-62.0833,-71.675],[-62.1161,-71.6641],[-62.1141,-71.6422],[-62.0661,-71.6234],[-61.8646,-71.6312],[-61.7771,-71.6229],[-61.7089,-71.5953],[-61.7307,-71.5495],[-61.7083,-71.5312],[-61.6,-71.5396],[-61.5234,-71.4953],[-61.5604,-71.45],[-61.4896,-71.4458],[-61.4479,-71.4583],[-61.3417,-71.4667],[-61.2375,-71.4417],[-61.1547,-71.4286],[-61.2771,-71.3729],[-61.3661,-71.3682],[-61.3526,-71.3536],[-61.4224,-71.3203],[-61.3812,-71.3104],[-61.2583,-71.3271],[-61.2167,-71.3271],[-61.0547,-71.3568],[-61.0187,-71.3771],[-60.963,-71.3682],[-60.9234,-71.3318],[-61.0333,-71.275],[-61.1646,-71.2646],[-61.2333,-71.2542],[-61.2828,-71.2328],[-61.2667,-71.2187],[-61.1937,-71.2146],[-61.0937,-71.2292],[-60.9417,-71.2354],[-60.913,-71.212],[-60.9193,-71.1901],[-60.9714,-71.1547],[-61.0797,-71.1193],[-61.1854,-71.1083],[-61.2266,-71.0932],[-61.2057,-71.0672],[-61.1672,-71.0578],[-61.1813,-71.0312],[-61.2417,-71.0271],[-61.3578,-71.0411],[-61.3542,-71.0146],[-61.2797,-70.9682],[-61.2849,-70.9401],[-61.2583,-70.9146],[-61.2589,-70.8818],[-61.2839,-70.8609],[-61.3937,-70.8479],[-61.4479,-70.8354],[-61.5646,-70.8354],[-61.6953,-70.8526],[-61.7474,-70.8859],[-61.7484,-70.9057],[-61.7958,-70.925],[-61.9,-70.9167],[-61.9833,-70.9271],[-62.0599,-70.8953],[-62.0193,-70.8411],[-62.0089,-70.7901],[-62.1063,-70.7833],[-62.087,-70.7578],[-62.137,-70.7411],[-62.1307,-70.7255],[-62.0563,-70.7292],[-62,-70.7167],[-61.9521,-70.7292],[-61.8563,-70.7396],[-61.7901,-70.7307],[-61.7938,-70.7125],[-61.7208,-70.7125],[-61.6297,-70.6849],[-61.6339,-70.6338],[-61.6688,-70.6167],[-61.5021,-70.6021],[-61.4479,-70.5854],[-61.3708,-70.5854],[-61.3547,-70.5484],[-61.3984,-70.5109],[-61.45,-70.4938],[-61.4984,-70.5036],[-61.6813,-70.4958],[-61.8563,-70.5042],[-61.9125,-70.4896],[-62.0896,-70.5479],[-62.1807,-70.5453],[-62.1276,-70.4932],[-62.1297,-70.4297],[-62.2729,-70.4104],[-62.412,-70.4036],[-62.4224,-70.3672],[-62.4026,-70.338],[-62.437,-70.3099],[-62.4146,-70.2958],[-62.3172,-70.287],[-62.3995,-70.2286],[-62.3708,-70.2125],[-62.3229,-70.225],[-62.2417,-70.2187],[-62.1708,-70.25],[-62.0583,-70.2521],[-62.0516,-70.2932],[-62.0026,-70.2891],[-61.8651,-70.2286],[-61.8625,-70.2146],[-61.9161,-70.1786],[-61.9276,-70.1526],[-61.9641,-70.1307],[-61.9693,-70.0964],[-61.9984,-70.0734],[-62.1411,-70.0307],[-62.2083,-69.9958],[-62.2604,-70.0042],[-62.3161,-69.9891],[-62.3391,-69.9672],[-62.2901,-69.9557],[-62.3063,-69.9208],[-62.4208,-69.8833],[-62.4771,-69.8771],[-62.537,-69.8526],[-62.4292,-69.7792],[-62.4266,-69.7526],[-62.3839,-69.7099],[-62.3792,-69.6354],[-62.4104,-69.5729],[-62.3896,-69.5208],[-62.4437,-69.4854],[-62.5521,-69.4896],[-62.6057,-69.4641],[-62.6047,-69.438],[-62.6255,-69.4005],[-62.6609,-69.3776],[-62.7771,-69.3437],[-62.8312,-69.3604],[-62.9167,-69.3646],[-62.9521,-69.3812],[-63.0182,-69.3599],[-63.0786,-69.3036],[-63.0464,-69.2651],[-63.1401,-69.1755],[-63.2089,-69.1703],[-63.2276,-69.187],[-63.35,-69.1958],[-63.437,-69.1682],[-63.3557,-69.1068],[-63.3068,-69.0828],[-63.3047,-69.0505],[-63.3833,-69.0479],[-63.5,-69.0563],[-63.825,-69.0062],[-63.8854,-69.0062],[-63.8859,-68.9838],[-63.9161,-68.9672],[-63.8125,-68.9375],[-63.6875,-68.9604],[-63.6104,-68.9604],[-63.5479,-68.9479],[-63.4188,-68.9521],[-63.388,-68.9411],[-63.4828,-68.9203],[-63.4703,-68.9026],[-63.3917,-68.9],[-63.4047,-68.8672],[-63.4932,-68.8391],[-63.5016,-68.8109],[-63.4583,-68.8104],[-63.3854,-68.825],[-63.2729,-68.8583],[-63.2005,-68.8536],[-63.238,-68.8172],[-63.2958,-68.7958],[-63.4562,-68.7646],[-63.4875,-68.7542],[-63.5792,-68.7438],[-63.6667,-68.7479],[-63.7104,-68.7333],[-63.7958,-68.7229],[-63.8536,-68.6995],[-63.862,-68.6859],[-63.7651,-68.6786],[-63.8203,-68.662],[-63.8349,-68.638],[-63.8036,-68.6047],[-63.7495,-68.5734],[-63.6708,-68.5437],[-63.4979,-68.5437],[-63.4417,-68.5479],[-63.4016,-68.5151],[-63.3484,-68.4911],[-63.312,-68.4609],[-63.2812,-68.4521],[-63.15,-68.45],[-63.1146,-68.4542],[-62.95,-68.5083],[-62.9068,-68.5016],[-62.8995,-68.4818],[-62.8464,-68.4411],[-62.8812,-68.4167],[-62.9771,-68.4125],[-63.1312,-68.4125],[-63.1583,-68.4167],[-63.2896,-68.4146],[-63.375,-68.4187],[-63.4313,-68.4292],[-63.5979,-68.4479],[-63.7187,-68.4542],[-63.7938,-68.4771],[-63.9583,-68.4833],[-64.0391,-68.5151],[-64.0651,-68.5328],[-64.1266,-68.5422],[-64.1443,-68.5776],[-64.2292,-68.5708],[-64.2641,-68.5911],[-64.1422,-68.6214],[-64.1729,-68.65],[-64.2604,-68.6333],[-64.325,-68.6312],[-64.2891,-68.662],[-64.1583,-68.6896],[-64.0917,-68.7104],[-63.9964,-68.7505],[-64.0646,-68.7646],[-64.1312,-68.7479],[-64.137,-68.7745],[-64.0276,-68.8068],[-64.0417,-68.8333],[-64.0917,-68.8333],[-64.1896,-68.8021],[-64.2417,-68.7937],[-64.3641,-68.7495],[-64.3464,-68.7807],[-64.3958,-68.7812],[-64.4771,-68.7646],[-64.5208,-68.7771],[-64.612,-68.7495],[-64.6078,-68.7224],[-64.6495,-68.6995],[-64.6479,-68.6771],[-64.6875,-68.6625],[-64.7234,-68.6849],[-64.7667,-68.6937],[-64.8417,-68.6875],[-64.8729,-68.6729],[-64.9479,-68.6729],[-65.0062,-68.6542],[-65.1271,-68.6521],[-65.1562,-68.6271],[-65.2208,-68.6375],[-65.2682,-68.6286],[-65.2505,-68.5859],[-65.3104,-68.5771],[-65.3599,-68.5578],[-65.3661,-68.5297],[-65.2875,-68.5146],[-65.2125,-68.5146],[-65.1953,-68.4922],[-65.1104,-68.475],[-64.9797,-68.4161],[-65.0151,-68.3797],[-65.0583,-68.3646],[-65.1687,-68.3625],[-65.2833,-68.3729],[-65.3646,-68.3917],[-65.4,-68.3771],[-65.4521,-68.3771],[-65.4911,-68.362],[-65.4854,-68.3083],[-65.4292,-68.3083],[-65.3193,-68.2745],[-65.3224,-68.2547],[-65.2292,-68.2562],[-65.1417,-68.2042],[-65.0958,-68.2271],[-64.9812,-68.2208],[-64.9354,-68.2021],[-64.8938,-68.1979],[-64.7958,-68.1687],[-64.7609,-68.1432],[-64.7521,-68.1104],[-64.8,-68.0792],[-64.8417,-68.1],[-64.9042,-68.1042],[-64.9828,-68.0953],[-65.0318,-68.0807],[-65.137,-68.113],[-65.1818,-68.1495],[-65.2542,-68.175],[-65.3141,-68.1703],[-65.3562,-68.1396],[-65.3979,-68.1417],[-65.4667,-68.1604],[-65.5146,-68.1396],[-65.5833,-68.1562],[-65.6667,-68.15],[-65.725,-68.1542],[-65.7807,-68.1161],[-65.7542,-68.0792],[-65.7083,-68.0937],[-65.6464,-68.0787],[-65.6412,-68.0547],[-65.6104,-68.0458],[-65.5375,-68.0479],[-65.4563,-68.025],[-65.4062,-68.0271],[-65.3208,-67.9854],[-65.4062,-67.9542],[-65.4833,-67.9542],[-65.5578,-67.9141],[-65.7057,-67.8766],[-65.7037,-67.8568],[-65.6458,-67.8604],[-65.5818,-67.8495],[-65.5542,-67.8083],[-65.5713,-67.7818],[-65.6099,-67.7557],[-65.5828,-67.7276],[-65.5188,-67.725],[-65.4563,-67.7063],[-65.3609,-67.7078],[-65.3682,-67.6818],[-65.3521,-67.6583],[-65.4161,-67.6432],[-65.4203,-67.6255],[-65.3901,-67.6109],[-65.4792,-67.6],[-65.5068,-67.5818],[-65.5953,-67.5578],[-65.5953,-67.5245],[-65.6349,-67.4984],[-65.612,-67.4859],[-65.4964,-67.4703],[-65.513,-67.4391],[-65.513,-67.4047],[-65.6161,-67.3703],[-65.6245,-67.3505],[-65.5896,-67.3125],[-65.5458,-67.3417],[-65.4812,-67.3521],[-65.4505,-67.3391],[-65.4359,-67.3089],[-65.4703,-67.2953],[-65.4443,-67.2651],[-65.3901,-67.2901],[-65.3734,-67.3359],[-65.387,-67.362],[-65.3146,-67.4042],[-65.2422,-67.3995],[-65.2536,-67.3734],[-65.1953,-67.338],[-65.1443,-67.3234],[-65.137,-67.3495],[-65.0964,-67.3641],[-65.0422,-67.3599],[-65.0391,-67.3005],[-64.9604,-67.3021],[-64.9208,-67.3271],[-64.8396,-67.3292],[-64.8063,-67.3167],[-64.7505,-67.3141],[-64.7609,-67.2714],[-64.8167,-67.2646],[-64.8896,-67.2458],[-64.9687,-67.2375],[-65.0292,-67.2396],[-65.0661,-67.2182],[-65.0333,-67.2],[-64.9375,-67.2021],[-64.8609,-67.1922],[-64.8995,-67.1713],[-64.8063,-67.1729],[-64.6943,-67.1495],[-64.7286,-67.1266],[-64.7318,-67.0964],[-64.8083,-67.0917],[-64.8766,-67.1141],[-64.8943,-67.0713],[-64.9703,-67.0411],[-64.9682,-67.0255],[-64.9213,-67.0162],[-64.9182,-66.9943],[-64.8859,-66.987],[-64.8812,-66.9521],[-64.9255,-66.9193],[-64.9,-66.9062],[-64.8276,-66.9443],[-64.8099,-66.9828],[-64.7438,-66.9938],[-64.6922,-66.9828],[-64.7037,-66.9286],[-64.7328,-66.9016],[-64.7359,-66.8776],[-64.7807,-66.8578],[-64.75,-66.8375],[-64.6734,-66.8266],[-64.6443,-66.8036],[-64.6412,-66.7755],[-64.5854,-66.7771],[-64.5234,-66.7568],[-64.5359,-66.8391],[-64.5599,-66.8693],[-64.5557,-66.8932],[-64.475,-66.9021],[-64.4375,-66.8917],[-64.3854,-66.9146],[-64.3568,-66.9078],[-64.3484,-66.8828],[-64.3151,-66.8474],[-64.2464,-66.8484],[-64.225,-66.8812],[-64.1734,-66.888],[-64.1286,-66.9245],[-64.0854,-66.9354],[-64.0083,-66.9354],[-63.9292,-66.925],[-63.8437,-66.925],[-63.7297,-66.8953],[-63.7151,-66.8443],[-63.7661,-66.8068],[-63.7443,-66.7901],[-63.8417,-66.7312],[-63.9062,-66.7208],[-63.9417,-66.7042],[-64.05,-66.6875],[-64.1224,-66.6859],[-64.1109,-66.6651],[-64.1391,-66.6359],[-64.0729,-66.6333],[-64.0724,-66.5713],[-64.0062,-66.5604],[-63.9641,-66.5974],[-63.9083,-66.6062],[-63.8708,-66.5958],[-63.7964,-66.5932],[-63.8349,-66.5495],[-63.8026,-66.537],[-63.8208,-66.5208],[-63.9042,-66.5062],[-63.925,-66.475],[-63.887,-66.4484],[-63.8271,-66.4271],[-63.9104,-66.4],[-63.9099,-66.3838],[-63.8083,-66.3854],[-63.6667,-66.3812],[-63.5708,-66.3979],[-63.5714,-66.3568],[-63.6542,-66.3333],[-63.7542,-66.3354],[-63.6792,-66.3021],[-63.8,-66.3],[-63.8974,-66.2807],[-63.85,-66.2646],[-63.7604,-66.2646],[-63.7422,-66.2234],[-63.812,-66.1974],[-63.7417,-66.1917],[-63.6771,-66.2167],[-63.6333,-66.2167],[-63.5547,-66.1984],[-63.5125,-66.2292],[-63.4687,-66.2271],[-63.4292,-66.2521],[-63.3563,-66.2562],[-63.3104,-66.2688],[-63.2479,-66.2375],[-63.2047,-66.2443],[-63.1937,-66.2625],[-63.1995,-66.3036],[-63.1703,-66.3516],[-63.1297,-66.363],[-63.0828,-66.3953],[-63.0109,-66.4193],[-62.9641,-66.462],[-62.925,-66.4667],[-62.8776,-66.4943],[-62.8359,-66.5359],[-62.8411,-66.5891],[-62.7901,-66.6068],[-62.7953,-66.662],[-62.625,-66.7354],[-62.6042,-66.7229],[-62.5354,-66.7208],[-62.4964,-66.7099],[-62.4484,-66.6807],[-62.4562,-66.6438],[-62.5083,-66.6667],[-62.5682,-66.6599],[-62.5333,-66.5896],[-62.6354,-66.5958],[-62.7203,-66.5787],[-62.7245,-66.5276],[-62.6813,-66.5083],[-62.5979,-66.4896],[-62.5172,-66.4807],[-62.5318,-66.4255],[-62.5854,-66.3875],[-62.6333,-66.3812],[-62.7078,-66.3557],[-62.713,-66.3422],[-62.7745,-66.3161],[-62.7536,-66.2651],[-62.6599,-66.2193],[-62.55,-66.2229],[-62.5083,-66.2104],[-62.4562,-66.2104],[-62.4542,-66.1875],[-62.3167,-66.1875],[-62.2625,-66.1771],[-62.1922,-66.1797],[-62.1375,-66.2125],[-62.0937,-66.2167],[-62.0557,-66.2026],[-61.9589,-66.2005],[-61.9583,-66.2375],[-61.9828,-66.2703],[-61.9526,-66.2797],[-61.9349,-66.312],[-61.8776,-66.3359],[-61.85,-66.4],[-61.8536,-66.4349],[-61.8328,-66.462],[-61.7875,-66.475],[-61.7026,-66.4703],[-61.6818,-66.4474],[-61.6693,-66.388],[-61.7203,-66.3599],[-61.6755,-66.3307],[-61.6818,-66.3109],[-61.7599,-66.2682],[-61.7807,-66.237],[-61.7828,-66.2047],[-61.6917,-66.2042],[-61.6521,-66.2187],[-61.5833,-66.2187],[-61.5042,-66.2604],[-61.5042,-66.1979],[-61.4901,-66.1849],[-61.5021,-66.1354],[-61.4828,-66.1151],[-61.4422,-66.1193],[-61.4125,-66.1521],[-61.3521,-66.1708],[-61.3292,-66.1542],[-61.2458,-66.1583],[-61.1901,-66.1797],[-61.1422,-66.2193],[-61.1464,-66.2516],[-61.1849,-66.2672],[-61.1729,-66.2979],[-61.1286,-66.3474],[-61.0375,-66.3521],[-60.9797,-66.3411],[-60.9411,-66.2859],[-60.9068,-66.2724],[-60.9182,-66.2349],[-60.8755,-66.1953],[-60.8922,-66.1734],[-60.9375,-66.1687],[-60.9911,-66.1495],[-61.0391,-66.1224],[-61.037,-66.0818],[-61.0104,-66.0729],[-60.9297,-66.0766],[-60.9146,-66.0396],[-60.8083,-66.0542],[-60.8099,-66.0932],[-60.7724,-66.1182],[-60.6901,-66.1266],[-60.6854,-66.0979],[-60.7042,-66.0771],[-60.7057,-66.0359],[-60.613,-66.0557],[-60.5682,-65.9776],[-60.5443,-65.9526],[-60.5792,-65.9396],[-60.6562,-65.9417],[-60.775,-65.925],[-60.8208,-65.9125],[-60.9229,-65.9208],[-60.9792,-65.9104],[-61.0224,-65.913],[-61.0151,-66.0349],[-61.0807,-66.0391],[-61.1318,-65.9651],[-61.1813,-65.9542],[-61.2276,-65.9172],[-61.3521,-65.9187],[-61.362,-65.9391],[-61.3042,-65.9979],[-61.3182,-66.0151],[-61.3208,-66.075],[-61.3437,-66.0875],[-61.3896,-66.0667],[-61.4271,-66.0625],[-61.4833,-66.0375],[-61.5396,-66.0354],[-61.5667,-66.0188],[-61.6292,-66.0146],[-61.65,-66.0396],[-61.6479,-66.075],[-61.6234,-66.0901],[-61.5896,-66.1521],[-61.6375,-66.1646],[-61.6688,-66.1438],[-61.7224,-66.137],[-61.7151,-66.1151],[-61.7646,-66.0958],[-61.8437,-66.1333],[-61.9021,-66.1375],[-61.9583,-66.1188],[-62.0458,-66.1083],[-62.137,-66.0724],[-62.2557,-66.0078],[-62.2667,-65.9917],[-62.263,-65.9297],[-62.3708,-65.9187],[-62.3703,-65.888],[-62.3297,-65.863],[-62.3766,-65.8026],[-62.3187,-65.7875],[-62.2625,-65.7854],[-62.2354,-65.7583],[-62.1792,-65.7354],[-62.1255,-65.7286],[-62.0609,-65.6953],[-62.0458,-65.6729],[-62.0568,-65.6401],[-62.087,-65.6286],[-62.0786,-65.5943],[-62.0104,-65.5896],[-61.9786,-65.5713],[-61.925,-65.5646],[-61.875,-65.5875],[-61.8396,-65.5729],[-61.7396,-65.5708],[-61.7068,-65.5578],[-61.7104,-65.5271],[-61.8167,-65.5333],[-61.838,-65.5474],[-61.8958,-65.55],[-61.9391,-65.537],[-61.9464,-65.4964],[-62.062,-65.4766],[-62.1078,-65.4557],[-62.1182,-65.4391],[-62.1099,-65.4005],[-62.0146,-65.3833],[-62.0896,-65.3542],[-62.15,-65.3542],[-62.212,-65.3224],[-62.1917,-65.3021],[-62.1104,-65.2937],[-62.0833,-65.2688],[-62.0109,-65.262],[-62.0599,-65.237],[-62.0474,-65.2068],[-61.9792,-65.2042],[-61.9313,-65.1896],[-61.8484,-65.2214],[-61.8224,-65.2432],[-61.725,-65.2396],[-61.6396,-65.2479],[-61.5984,-65.237],[-61.5859,-65.2026],[-61.6203,-65.1995],[-61.6271,-65.175],[-61.5641,-65.1557],[-61.5703,-65.1318],[-61.6729,-65.125],[-61.7109,-65.1005],[-61.7495,-65.0891],[-61.7438,-65.0396],[-61.7599,-65.012],[-61.7516,-64.9714],[-61.6958,-64.9646],[-61.6667,-64.975],[-61.5375,-64.9729],[-61.4833,-64.9958],[-61.4255,-65.0068],[-61.3937,-65.0542],[-61.325,-65.0437],[-61.2516,-65.013],[-61.1479,-64.9896],[-61.1021,-65.0125],[-61.0375,-65.0146],[-61.0026,-64.9891],[-61.0078,-64.9672],[-60.9755,-64.9578],[-60.9766,-64.9359],[-60.9234,-64.9245],[-60.9245,-64.9109],[-60.8734,-64.8912],[-60.8786,-64.8755],[-60.813,-64.8516],[-60.6922,-64.7911],[-60.7432,-64.7578],[-60.7021,-64.725],[-60.6396,-64.6958],[-60.4984,-64.6682],[-60.4604,-64.6375],[-60.3651,-64.6495],[-60.3521,-64.6333],[-60.3609,-64.6026],[-60.3995,-64.5932],[-60.3943,-64.5547],[-60.4307,-64.5328],[-60.3604,-64.5312],[-60.3026,-64.5505],[-60.2687,-64.5729],[-60.2396,-64.5563],[-60.2474,-64.5214],[-60.0937,-64.5],[-60.0255,-64.4807],[-59.9818,-64.4495],[-60.0099,-64.4026],[-59.9687,-64.3812],[-59.9396,-64.3792],[-59.8807,-64.4057],[-59.8333,-64.4187],[-59.7646,-64.4229],[-59.7557,-64.4745],[-59.7187,-64.4979],[-59.7495,-64.5162],[-59.7661,-64.5682],[-59.725,-64.5729],[-59.65,-64.6],[-59.6,-64.5958],[-59.5484,-64.5766],[-59.5609,-64.5234],[-59.6453,-64.5005],[-59.6068,-64.4745],[-59.6234,-64.4234],[-59.6682,-64.4016],[-59.625,-64.3917],[-59.5745,-64.3464],[-59.512,-64.3151],[-59.4625,-64.3104],[-59.3901,-64.3359],[-59.4057,-64.3599],[-59.3714,-64.3964],[-59.3724,-64.4224],[-59.2729,-64.4604],[-59.1771,-64.4729],[-59.0667,-64.4479],[-59.0354,-64.4313],[-58.988,-64.4359],[-58.9859,-64.4786],[-59.012,-64.4964],[-58.9875,-64.5188],[-58.9401,-64.5214],[-58.9266,-64.5453],[-58.8151,-64.5516],[-58.7833,-64.5292],[-58.7604,-64.4979],[-58.7797,-64.4172],[-58.8125,-64.4104],[-58.8729,-64.4187],[-58.9057,-64.4099],[-58.9047,-64.388],[-58.9391,-64.3786],[-58.9146,-64.35],[-58.8786,-64.3401],[-58.7958,-64.3396],[-58.7526,-64.3287],[-58.7484,-64.2922],[-58.8542,-64.2708],[-58.9375,-64.2688],[-59.0187,-64.2583],[-59.0979,-64.2583],[-59.1099,-64.2234],[-59.0589,-64.2161],[-59.0557,-64.1943],[-59.0062,-64.1917],[-58.9771,-64.2042],[-58.925,-64.1958],[-58.875,-64.2187],[-58.8104,-64.2187],[-58.7943,-64.1953],[-58.8245,-64.1755],[-58.7891,-64.1422],[-58.7016,-64.0911],[-58.7443,-64.0422],[-58.7005,-64.0016],[-58.7057,-63.9901],[-58.6432,-63.9464],[-58.6208,-63.9458],[-58.5687,-63.9208],[-58.4896,-63.9167],[-58.4766,-63.8964],[-58.4375,-63.8812],[-58.4641,-63.8682],[-58.4724,-63.8422],[-58.4,-63.8417],[-58.3693,-63.8161],[-58.3724,-63.7943],[-58.3214,-63.7745],[-58.2411,-63.7255],[-58.1547,-63.712],[-58.1026,-63.6672],[-58.0646,-63.6562],[-58.0292,-63.675],[-57.9917,-63.6688],[-57.9547,-63.6828],[-57.9,-63.6771],[-57.8812,-63.6583],[-57.7812,-63.6458],[-57.7542,-63.6625],[-57.7172,-63.6516],[-57.7245,-63.6318],[-57.6188,-63.6333],[-57.6063,-63.6021],[-57.6979,-63.6],[-57.7411,-63.562],[-57.7083,-63.55],[-57.6271,-63.5604],[-57.5375,-63.5563],[-57.5,-63.5625],[-57.3875,-63.5583],[-57.4062,-63.5354],[-57.4661,-63.5307],[-57.4443,-63.4901],[-57.4932,-63.4526],[-57.4292,-63.4437],[-57.3792,-63.4542],[-57.3312,-63.4813],[-57.2562,-63.4833],[-57.1833,-63.4708],[-57.1422,-63.4818],[-57.1214,-63.512],[-57.1411,-63.5245],[-57.088,-63.5536],[-57.1271,-63.5583],[-57.1766,-63.5901],[-57.162,-63.6349],[-57.1354,-63.6542],[-57.0479,-63.6479],[-56.9974,-63.6172],[-56.9354,-63.6104],[-56.9203,-63.6266],[-56.8667,-63.6437],[-56.8109,-63.637],[-56.7672,-63.6016],[-56.7672,-63.5464],[-56.85,-63.5229],[-56.9062,-63.525],[-56.9276,-63.4859],[-56.9917,-63.4771],[-57.0057,-63.4672],[-56.938,-63.4432],[-56.9318,-63.4089],[-56.9833,-63.3979],[-57.0396,-63.4146],[-57.0391,-63.3859],[-56.9958,-63.3625],[-57.0333,-63.3563],[-57.0146,-63.3208],[-57.0318,-63.2672],[-57.0896,-63.2458],[-57.2104,-63.2229],[-57.2729,-63.2208]]],[[[-20.6078,-73.5932],[-20.638,-73.612],[-20.7521,-73.6271],[-20.8521,-73.6479],[-20.9109,-73.6953],[-20.9974,-73.7818],[-21.0005,-73.8141],[-21.0359,-73.9016],[-21.1005,-73.9453],[-21.3354,-74.0042],[-21.4813,-74.0229],[-21.775,-74.0396],[-21.9661,-74.063],[-22.0453,-74.1057],[-21.9667,-74.1146],[-21.8979,-74.0979],[-21.6917,-74.0854],[-21.4667,-74.0854],[-21.1833,-74.125],[-21.1375,-74.1354],[-21.0089,-74.1859],[-20.9443,-74.2557],[-20.9099,-74.3474],[-20.8693,-74.363],[-20.8578,-74.4557],[-20.7167,-74.4875],[-20.5896,-74.4979],[-20.4542,-74.4979],[-20.3932,-74.4693],[-20.3661,-74.4245],[-20.388,-74.3359],[-20.4589,-74.2839],[-20.5245,-74.2578],[-20.5891,-74.2182],[-20.6536,-74.1495],[-20.6932,-74.0953],[-20.6484,-74.0599],[-20.6557,-74.0234],[-20.5901,-73.9828],[-20.6078,-73.9422],[-20.5755,-73.8859],[-20.5953,-73.8359],[-20.4943,-73.7901],[-20.5474,-73.7495],[-20.5411,-73.7255],[-20.4859,-73.687],[-20.4859,-73.6734],[-20.5495,-73.6495],[-20.5589,-73.613],[-20.6078,-73.5932]]],[[[-17.6276,-72.7286],[-17.6896,-72.7417],[-17.7125,-72.7625],[-17.6401,-72.7641],[-17.6276,-72.7286]]],[[[-16.3563,-72.4542],[-16.4682,-72.4693],[-16.5203,-72.5193],[-16.5229,-72.575],[-16.4766,-72.6474],[-16.3667,-72.6979],[-16.2458,-72.7104],[-16.1771,-72.7063],[-16.1063,-72.6917],[-16.1047,-72.6589],[-16.162,-72.6307],[-16.1609,-72.6047],[-16.237,-72.5453],[-16.2693,-72.4943],[-16.3563,-72.4542]]],[[[-12.8292,-72],[-12.9266,-72.0047],[-12.9687,-72.0542],[-12.9641,-72.0787],[-12.8828,-72.1474],[-12.7932,-72.1745],[-12.6479,-72.2042],[-12.6125,-72.2042],[-12.5167,-72.1771],[-12.4891,-72.1547],[-12.5089,-72.1318],[-12.587,-72.1016],[-12.613,-72.0755],[-12.6828,-72.0516],[-12.7047,-72.0339],[-12.8292,-72]]],[[[-3.2812,-71.0458],[-3.412,-71.0505],[-3.3891,-71.1026],[-3.4036,-71.1516],[-3.3224,-71.2016],[-3.2042,-71.2333],[-2.9812,-71.2312],[-2.9443,-71.2224],[-2.9484,-71.2005],[-3.0953,-71.1599],[-3.1312,-71.125],[-3.2161,-71.1078],[-3.2276,-71.0526],[-3.2812,-71.0458]]],[[[-3.025,-70.6646],[-3.2146,-70.6687],[-3.25,-70.6771],[-3.3417,-70.6792],[-3.3729,-70.6917],[-3.4375,-70.6917],[-3.55,-70.6792],[-3.587,-70.7047],[-3.5875,-70.7396],[-3.4708,-70.7417],[-3.3958,-70.7542],[-3.3109,-70.7818],[-3.2708,-70.8021],[-3.1833,-70.8292],[-3.0417,-70.8333],[-2.9339,-70.8912],[-2.95,-70.9125],[-2.9042,-70.9583],[-2.7667,-70.9896],[-2.725,-71.0042],[-2.7979,-71.025],[-2.8026,-71.0391],[-2.8599,-71.0484],[-2.8401,-71.0713],[-2.8432,-71.1099],[-2.813,-71.1193],[-2.8182,-71.1578],[-2.7646,-71.1708],[-2.7062,-71.15],[-2.5187,-71.1167],[-2.4932,-71.0818],[-2.4229,-71.0542],[-2.3854,-71.0667],[-2.288,-71.0182],[-2.2911,-70.9505],[-2.2557,-70.9151],[-2.2026,-70.9016],[-2.1953,-70.8859],[-2.1297,-70.8724],[-2.0818,-70.8266],[-2.1375,-70.8063],[-2.2604,-70.8042],[-2.3,-70.7917],[-2.4812,-70.8229],[-2.6062,-70.8292],[-2.7,-70.825],[-2.7557,-70.8078],[-2.7125,-70.775],[-2.575,-70.7625],[-2.5214,-70.7495],[-2.513,-70.7255],[-2.5875,-70.7021],[-2.6625,-70.6958],[-2.825,-70.6937],[-2.8979,-70.6792],[-3.025,-70.6646]]],[[[-48.7833,-77.7396],[-48.9854,-77.7854],[-49.0917,-77.7812],[-49.2583,-77.8083],[-49.4479,-77.8625],[-49.4062,-77.8792],[-49.2729,-77.875],[-49.1432,-77.8318],[-48.9542,-77.8],[-48.8026,-77.7662],[-48.7833,-77.7396]]],[[[-56.8891,-64.3307],[-56.9313,-64.3271],[-56.9839,-64.3578],[-57.0854,-64.3854],[-57.1792,-64.4042],[-57.2464,-64.4349],[-57.3063,-64.4396],[-57.3604,-64.4333],[-57.4328,-64.4401],[-57.4557,-64.4672],[-57.4578,-64.5255],[-57.4432,-64.5495],[-57.3229,-64.575],[-57.2333,-64.5646],[-57.1813,-64.5396],[-57.1437,-64.5354],[-57.0214,-64.4911],[-56.9974,-64.4609],[-56.9422,-64.4328],[-56.9318,-64.3984],[-56.9495,-64.3755],[-56.8891,-64.3307]]],[[[-57.5417,-64.4437],[-57.5464,-64.4276],[-57.6125,-64.4292],[-57.6542,-64.4479],[-57.5937,-64.4625],[-57.5417,-64.4437]]],[[[-56.6036,-64.2266],[-56.6333,-64.2104],[-56.713,-64.2536],[-56.8083,-64.2438],[-56.8151,-64.2682],[-56.8974,-64.3203],[-56.8042,-64.3187],[-56.7062,-64.3083],[-56.6932,-64.2901],[-56.6396,-64.2604],[-56.5859,-64.2411],[-56.6036,-64.2266]]],[[[68.7375,-72.0854],[68.6297,-72.1193],[68.6328,-72.1328],[68.5411,-72.2141],[68.4589,-72.2401],[68.4,-72.2937],[68.4563,-72.3146],[68.7021,-72.2688],[68.8349,-72.2307],[68.8646,-72.1896],[68.8495,-72.1568],[68.7797,-72.1224],[68.7375,-72.0854]]],[[[69.8917,-71.8875],[69.763,-71.8984],[69.7703,-71.9161],[69.7328,-71.9339],[69.7328,-71.9578],[69.6818,-71.9734],[69.7182,-71.9943],[69.7495,-72.0453],[69.8026,-72.0255],[69.8547,-71.9838],[69.912,-71.9661],[69.9229,-71.9104],[69.8917,-71.8875]]],[[[68.75,-71.4833],[68.6859,-71.4818],[68.6672,-71.4964],[68.6609,-71.5432],[68.7286,-71.5495],[68.75,-71.4833]]],[[[169.8062,-73.3292],[169.7104,-73.3271],[169.6672,-73.3359],[169.6724,-73.363],[169.6375,-73.4],[169.6766,-73.4193],[169.6172,-73.4734],[169.5245,-73.5203],[169.4714,-73.5359],[169.4609,-73.5557],[169.5125,-73.5729],[169.6182,-73.5755],[169.6662,-73.6068],[169.6708,-73.6312],[169.7437,-73.6188],[169.8537,-73.6161],[169.8745,-73.5776],[169.8672,-73.5547],[169.9516,-73.5328],[169.9411,-73.4838],[169.8422,-73.4391],[169.8172,-73.4078],[169.8062,-73.3292]]],[[[71.813,-70.2682],[71.7625,-70.2604],[71.6901,-70.2901],[71.6276,-70.338],[71.6255,-70.4151],[71.6464,-70.4901],[71.6922,-70.5411],[71.762,-70.5901],[71.7797,-70.6224],[71.8646,-70.6188],[71.9187,-70.6417],[72.1333,-70.6375],[72.225,-70.6458],[72.2245,-70.6214],[72.1922,-70.5849],[72.212,-70.5443],[72.1375,-70.5396],[72.063,-70.5203],[72.0557,-70.4859],[71.9411,-70.4276],[71.8568,-70.3953],[71.813,-70.2682]]],[[[72.6391,-69.9838],[72.5859,-69.988],[72.5474,-70.0391],[72.4729,-70.0437],[72.4276,-70.063],[72.413,-70.0953],[72.4708,-70.1042],[72.5479,-70.1],[72.7229,-70.0292],[72.7266,-70.0005],[72.6297,-70.0016],[72.6391,-69.9838]]],[[[20.7318,-70.6995],[20.6901,-70.6963],[20.6859,-70.7286],[20.7417,-70.7458],[20.8167,-70.7479],[20.8411,-70.738],[20.7526,-70.7141],[20.7318,-70.6995]]],[[[-7.9729,-70.6729],[-7.9146,-70.7],[-7.8479,-70.7104],[-7.7833,-70.7083],[-7.7437,-70.6875],[-7.8521,-70.6833],[-7.9729,-70.6729]]],[[[2.0729,-70.5958],[1.9958,-70.5917],[1.9521,-70.6062],[1.9484,-70.6432],[2.0229,-70.6687],[2.1125,-70.6729],[2.1495,-70.6505],[2.0729,-70.5958]]],[[[-6.0542,-70.4021],[-6.1453,-70.4109],[-6.2026,-70.4349],[-6.3375,-70.4771],[-6.4536,-70.4401],[-6.4453,-70.4766],[-6.3979,-70.4917],[-6.3417,-70.4917],[-6.2797,-70.5047],[-6.237,-70.5495],[-6.1818,-70.5693],[-6.1724,-70.6078],[-6.1167,-70.6167],[-5.9958,-70.5625],[-5.9,-70.5625],[-5.888,-70.5463],[-5.962,-70.5099],[-5.9896,-70.4708],[-5.9464,-70.4328],[-5.9547,-70.4151],[-6.0542,-70.4021]]],[[[3.1776,-70.3828],[3.1042,-70.3792],[3.0438,-70.3896],[2.9396,-70.425],[2.8229,-70.4458],[2.7708,-70.4646],[2.6833,-70.4833],[2.5797,-70.5193],[2.6026,-70.587],[2.6547,-70.6141],[2.7271,-70.6292],[2.8125,-70.6292],[2.9771,-70.6042],[3.0063,-70.5917],[3.1354,-70.5687],[3.212,-70.5245],[3.2708,-70.4604],[3.2432,-70.4068],[3.1776,-70.3828]]],[[[-2.9484,-70.2984],[-2.9687,-70.2937],[-3.1125,-70.2958],[-3.2062,-70.3083],[-3.2891,-70.3422],[-3.3495,-70.3755],[-3.3734,-70.4099],[-3.4505,-70.462],[-3.5036,-70.4776],[-3.5099,-70.5182],[-3.4604,-70.5354],[-3.3979,-70.5396],[-3.3229,-70.5271],[-3.1396,-70.525],[-3.0917,-70.5312],[-2.9021,-70.5292],[-2.7312,-70.5083],[-2.6797,-70.4703],[-2.675,-70.4292],[-2.6958,-70.4021],[-2.6859,-70.3234],[-2.8021,-70.3],[-2.9484,-70.2984]]],[[[10.6443,-70.387],[10.5646,-70.3854],[10.55,-70.3979],[10.6354,-70.4167],[10.6443,-70.387]]],[[[4.5396,-70.2479],[4.3604,-70.2438],[4.1229,-70.2604],[4.0505,-70.2818],[4.0422,-70.3036],[4.0797,-70.3641],[4.1943,-70.4682],[4.2896,-70.5],[4.4313,-70.5062],[4.4604,-70.5021],[4.5786,-70.462],[4.6141,-70.4328],[4.6026,-70.3734],[4.6078,-70.3151],[4.5396,-70.2479]]],[[[11.5292,-70.3208],[11.5151,-70.3453],[11.575,-70.3479],[11.6141,-70.337],[11.5292,-70.3208]]],[[[5.7104,-70.2208],[5.6354,-70.2167],[5.5458,-70.2271],[5.4604,-70.2542],[5.5266,-70.2818],[5.5651,-70.3078],[5.6208,-70.3271],[5.7167,-70.3313],[5.7958,-70.325],[5.8182,-70.312],[5.8036,-70.2797],[5.7104,-70.2208]]],[[[26.4229,-70.0604],[26.2771,-70.0687],[26.2208,-70.0833],[26.137,-70.1412],[26.0875,-70.1625],[26.0172,-70.1755],[25.9714,-70.1984],[25.9068,-70.2849],[25.9255,-70.3141],[26.0313,-70.3917],[26.1688,-70.3938],[26.2521,-70.4146],[26.3083,-70.4208],[26.4083,-70.4437],[26.4958,-70.4521],[26.5521,-70.4187],[26.6354,-70.4062],[26.6917,-70.4083],[26.7833,-70.4313],[26.8432,-70.412],[26.8464,-70.3838],[26.8766,-70.3474],[26.8807,-70.3026],[26.8005,-70.2745],[26.7766,-70.2505],[26.8036,-70.2338],[26.7505,-70.212],[26.7109,-70.1807],[26.7224,-70.1286],[26.687,-70.1005],[26.5292,-70.0646],[26.4229,-70.0604]]],[[[-31.7703,-79.6349],[-32.0375,-79.6562],[-32.0828,-79.6724],[-31.9875,-79.6979],[-31.9771,-79.7187],[-31.8755,-79.7588],[-31.9708,-79.775],[-32.087,-79.8089],[-31.9625,-79.8187],[-31.8375,-79.8042],[-31.7687,-79.825],[-31.8786,-79.8443],[-31.8208,-79.8583],[-31.6562,-79.8667],[-31.6375,-79.8833],[-31.5187,-79.8833],[-31.3396,-79.9042],[-31.2313,-79.8979],[-31.0646,-79.9167],[-30.8667,-79.9187],[-30.8062,-79.9417],[-30.65,-79.9521],[-30.6333,-79.9062],[-30.5109,-79.9047],[-30.5141,-79.9349],[-30.2693,-79.9755],[-30.4229,-79.9792],[-30.4042,-80.0104],[-30.2958,-80.0104],[-30.1187,-79.9979],[-29.9943,-79.9724],[-29.9984,-79.9484],[-30.1786,-79.9141],[-30.1604,-79.8792],[-30.0937,-79.8521],[-30.0104,-79.8542],[-29.9161,-79.9016],[-29.8437,-79.9229],[-29.6583,-79.9271],[-29.6255,-79.9109],[-29.6776,-79.8838],[-29.863,-79.8213],[-30.0021,-79.8104],[-30.1854,-79.7812],[-30.4083,-79.7688],[-30.4625,-79.7521],[-30.6771,-79.7292],[-30.7391,-79.6932],[-30.7646,-79.6562],[-30.8521,-79.6521],[-30.9286,-79.6828],[-30.8693,-79.7089],[-30.8724,-79.7307],[-30.6812,-79.7625],[-30.6375,-79.7792],[-30.5146,-79.7896],[-30.4896,-79.8042],[-30.3521,-79.8063],[-30.213,-79.837],[-30.3,-79.8542],[-30.4188,-79.8521],[-30.5125,-79.8396],[-30.7203,-79.837],[-30.7271,-79.825],[-30.8979,-79.8187],[-31.1333,-79.7917],[-31.1854,-79.7625],[-31.4167,-79.7187],[-31.5099,-79.6828],[-31.5625,-79.6479],[-31.7703,-79.6349]]],[[[-32.5125,-79.6833],[-32.6479,-79.6833],[-32.6417,-79.7],[-32.4708,-79.7],[-32.5125,-79.6833]]],[[[-32.3104,-79.5312],[-32.4516,-79.5505],[-32.4089,-79.5776],[-32.4609,-79.6516],[-32.5896,-79.6646],[-32.4896,-79.6771],[-32.2417,-79.6708],[-32.2125,-79.6229],[-31.9833,-79.6208],[-31.9109,-79.5932],[-31.9172,-79.5713],[-32.0625,-79.55],[-32.1667,-79.55],[-32.3104,-79.5312]]],[[[-31.5542,-79.5396],[-31.6937,-79.5396],[-31.7391,-79.5505],[-31.6917,-79.5792],[-31.5812,-79.5792],[-31.4297,-79.5516],[-31.5542,-79.5396]]],[[[-33.4354,-79.3229],[-33.5542,-79.3187],[-33.6516,-79.3474],[-33.4542,-79.3458],[-33.4354,-79.3229]]],[[[-47.0146,-77.7729],[-47.2417,-77.7708],[-47.4479,-77.7875],[-47.5125,-77.7854],[-47.7438,-77.8146],[-47.8812,-77.8458],[-48.0146,-77.8562],[-48.0792,-77.8792],[-48.2208,-77.9104],[-48.4292,-77.9417],[-48.5062,-77.9646],[-48.8625,-78.0188],[-48.9724,-78.0255],[-49.1349,-78.0641],[-49.0771,-78.0875],[-49.0854,-78.1062],[-49.2078,-78.1255],[-49.2474,-78.1536],[-49.2068,-78.1682],[-49.2849,-78.1963],[-49.5026,-78.2891],[-49.6224,-78.3318],[-49.6901,-78.3661],[-49.7974,-78.4005],[-49.8359,-78.4224],[-49.937,-78.4526],[-50.012,-78.4922],[-50.0109,-78.5099],[-50.1245,-78.5547],[-50.2516,-78.6276],[-50.2609,-78.6745],[-50.3599,-78.6849],[-50.362,-78.712],[-50.2693,-78.7234],[-50.3714,-78.7891],[-50.4224,-78.8068],[-50.2234,-78.8474],[-50.3141,-78.8838],[-50.3792,-78.9313],[-50.4875,-78.9396],[-50.5536,-78.9568],[-50.4875,-78.9771],[-50.4526,-79.0088],[-50.4526,-79.0411],[-50.4958,-79.0875],[-50.4714,-79.1224],[-50.5432,-79.1589],[-50.5271,-79.1708],[-50.6432,-79.2214],[-50.7224,-79.287],[-50.4854,-79.3063],[-50.4375,-79.3417],[-50.3568,-79.3568],[-50.3682,-79.3859],[-50.337,-79.4141],[-50.2526,-79.4359],[-50.2661,-79.4609],[-50.2172,-79.4818],[-50.2443,-79.5214],[-50.4786,-79.6088],[-50.6583,-79.6667],[-50.7354,-79.6813],[-50.8214,-79.7141],[-50.9974,-79.7609],[-50.988,-79.7766],[-51.3917,-79.8708],[-51.4005,-79.8974],[-51.5333,-79.9354],[-51.7458,-79.9854],[-51.9005,-80.0495],[-52.0042,-80.0729],[-52.0875,-80.1042],[-52.2562,-80.1375],[-52.3047,-80.0589],[-52.4021,-80.0542],[-52.5625,-80.0896],[-52.687,-80.1297],[-52.6958,-80.1438],[-52.8646,-80.1708],[-52.9813,-80.1687],[-53.0854,-80.1833],[-53.2453,-80.1599],[-53.3083,-80.1062],[-53.4391,-80.1359],[-53.4625,-80.1625],[-53.4234,-80.1963],[-53.5396,-80.2125],[-53.612,-80.2359],[-53.6151,-80.2578],[-53.7089,-80.3224],[-53.8432,-80.3797],[-54.0641,-80.5109],[-54.2932,-80.538],[-54.3089,-80.5682],[-54.3786,-80.5776],[-54.3563,-80.6438],[-54.4057,-80.6713],[-54.4016,-80.7516],[-54.3422,-80.7714],[-54.3182,-80.8307],[-54.2417,-80.8521],[-54.1021,-80.8729],[-53.9292,-80.8792],[-53.3146,-80.8812],[-53.1333,-80.8917],[-52.7521,-80.8958],[-52.6813,-80.9],[-52.1229,-80.8938],[-51.1792,-80.8646],[-50.875,-80.8583],[-50.0167,-80.8187],[-49.7146,-80.7792],[-49.688,-80.762],[-49.7682,-80.7141],[-49.6833,-80.675],[-49.4333,-80.6396],[-49.0521,-80.6146],[-48.9354,-80.6271],[-48.7167,-80.6271],[-48.4813,-80.6354],[-48.1646,-80.6542],[-47.9896,-80.6542],[-47.8,-80.6458],[-47.4667,-80.6396],[-47.4062,-80.6312],[-47.1333,-80.6188],[-46.9521,-80.6042],[-46.7729,-80.6],[-46.0375,-80.5396],[-45.9354,-80.5354],[-45.3063,-80.4521],[-44.9646,-80.4125],[-44.8271,-80.3896],[-44.6979,-80.3792],[-44.4,-80.3292],[-44.1146,-80.2917],[-43.6792,-80.2187],[-43.5354,-80.1833],[-43.4089,-80.1338],[-43.4687,-80.0937],[-43.5854,-80.0792],[-43.6896,-80.0417],[-43.8417,-80.0021],[-43.7708,-79.9729],[-43.5687,-79.9563],[-43.3458,-79.9729],[-43.325,-79.9938],[-43.2062,-79.9875],[-43.1318,-79.9641],[-43.1224,-79.9443],[-42.9922,-79.8495],[-42.9703,-79.7109],[-42.9443,-79.6995],[-42.9661,-79.6589],[-42.9401,-79.6297],[-42.9557,-79.587],[-42.9401,-79.5432],[-42.9422,-79.4547],[-42.9797,-79.4193],[-43.0557,-79.3912],[-43.0693,-79.3568],[-43.1375,-79.3167],[-43.3495,-79.2359],[-43.163,-79.1953],[-43.1359,-79.1818],[-43.2146,-79.15],[-43.2974,-79.137],[-43.3516,-79.1057],[-43.4557,-79.1005],[-43.4172,-79.0745],[-43.4516,-78.9911],[-43.4526,-78.9568],[-43.5297,-78.8984],[-43.663,-78.8297],[-43.7479,-78.7979],[-44.0167,-78.8083],[-44.3604,-78.7979],[-44.7313,-78.7979],[-45.1646,-78.8063],[-45.3646,-78.7896],[-45.3458,-78.7729],[-45.2276,-78.7349],[-45.362,-78.6911],[-45.3104,-78.6771],[-45.125,-78.6604],[-44.9896,-78.6333],[-44.8792,-78.625],[-44.6667,-78.6188],[-44.4229,-78.6042],[-43.9667,-78.6042],[-43.9292,-78.6],[-43.7922,-78.4745],[-43.7682,-78.4339],[-43.7151,-78.4036],[-43.713,-78.3464],[-43.7922,-78.2568],[-43.9599,-78.212],[-44.0333,-78.1687],[-44.1646,-78.1438],[-44.2432,-78.1203],[-44.2875,-78.0917],[-44.3812,-78.0792],[-44.5208,-78.0396],[-44.6708,-78.0125],[-44.7479,-77.9812],[-44.8604,-77.9687],[-44.9167,-77.9458],[-45.1312,-77.9229],[-45.575,-77.8521],[-45.8729,-77.8313],[-45.9401,-77.8151],[-46.0104,-77.8146],[-46.3208,-77.7896],[-46.5875,-77.7875],[-46.7104,-77.775],[-46.9125,-77.7771],[-47.0146,-77.7729]]],[[[-35.5958,-79.1],[-35.7536,-79.1182],[-35.713,-79.1318],[-35.8333,-79.1667],[-36.0917,-79.1875],[-36.1958,-79.1813],[-36.5563,-79.2271],[-36.6703,-79.2234],[-36.5964,-79.2547],[-36.6417,-79.2833],[-36.7458,-79.2646],[-36.8172,-79.2172],[-36.8891,-79.2266],[-36.7833,-79.2792],[-36.625,-79.3083],[-36.4375,-79.3229],[-36.4062,-79.3333],[-36.2646,-79.3333],[-36.2104,-79.3083],[-36.0646,-79.3292],[-35.6167,-79.3417],[-35.5312,-79.3313],[-35.3896,-79.3458],[-35.275,-79.3458],[-35.0812,-79.3583],[-34.7833,-79.3583],[-34.7104,-79.3625],[-34.5375,-79.3521],[-34.2229,-79.3604],[-34.05,-79.3521],[-33.9562,-79.3333],[-33.913,-79.312],[-34.0021,-79.2708],[-34.2687,-79.2521],[-34.4188,-79.2292],[-34.6667,-79.2125],[-34.8083,-79.1937],[-35.0146,-79.175],[-35.4167,-79.1208],[-35.5958,-79.1]]],[[[-60.0854,-79.6937],[-60.0401,-79.6547],[-60.1312,-79.6583],[-60.4146,-79.7187],[-60.5292,-79.7312],[-60.7896,-79.775],[-60.8458,-79.7792],[-61.0563,-79.8187],[-61.1292,-79.8625],[-61.2583,-79.8938],[-61.3292,-79.8875],[-61.5161,-79.888],[-61.4542,-79.9229],[-61.3208,-79.9396],[-61.2651,-79.9609],[-61.2526,-79.9995],[-61.375,-80.0125],[-61.4583,-80],[-61.6354,-80.0021],[-61.7125,-80.0417],[-61.7953,-80.0443],[-61.8021,-80.0667],[-61.7193,-80.0964],[-61.7161,-80.1245],[-61.6422,-80.1505],[-61.6609,-80.1693],[-61.5,-80.2479],[-61.2104,-80.2479],[-61.2005,-80.2641],[-61.3521,-80.3063],[-61.4875,-80.3167],[-61.6,-80.3458],[-61.8229,-80.3771],[-61.9604,-80.3854],[-62.1104,-80.4083],[-62.3792,-80.4229],[-62.6667,-80.4271],[-62.8563,-80.4479],[-63.2083,-80.4583],[-63.2687,-80.4458],[-63.5021,-80.4604],[-64.0167,-80.4354],[-64.6188,-80.4271],[-64.8917,-80.4187],[-65.2292,-80.4125],[-65.5458,-80.4104],[-65.9187,-80.3854],[-65.9771,-80.3875],[-66.1312,-80.3625],[-66.2266,-80.3245],[-66.1833,-80.2708],[-66.2099,-80.2599],[-66.1672,-80.2193],[-66.2693,-80.212],[-66.4938,-80.2167],[-66.6682,-80.2464],[-66.7828,-80.2943],[-66.8078,-80.337],[-66.7693,-80.3484],[-66.7474,-80.3953],[-66.5625,-80.4437],[-66.3516,-80.487],[-65.8667,-80.575],[-65.6396,-80.6104],[-65.4917,-80.6271],[-65.2604,-80.6667],[-64.8917,-80.7063],[-64.4229,-80.7375],[-64.2104,-80.7438],[-64.1693,-80.7214],[-64.1766,-80.6922],[-64.1104,-80.6521],[-63.8479,-80.6375],[-63.8182,-80.613],[-63.7062,-80.6],[-63.5417,-80.5937],[-63.4667,-80.6062],[-63.1146,-80.6042],[-63.0484,-80.6297],[-63.0453,-80.6766],[-62.9589,-80.7026],[-62.9896,-80.7396],[-62.937,-80.787],[-62.6854,-80.8271],[-62.5875,-80.8479],[-62.2792,-80.8896],[-61.8937,-80.9021],[-61.8542,-80.9104],[-61.5375,-80.9354],[-61.4495,-80.9557],[-61.2062,-80.9687],[-60.9667,-80.9667],[-60.7958,-80.9729],[-60.6583,-80.9625],[-60.4396,-80.9333],[-60.3125,-80.9042],[-60.1708,-80.8583],[-60.1771,-80.8458],[-59.9734,-80.8016],[-59.8995,-80.7588],[-59.8047,-80.737],[-59.6755,-80.6557],[-59.8161,-80.662],[-59.8766,-80.6474],[-59.8516,-80.5797],[-59.7521,-80.5813],[-59.6953,-80.5609],[-59.5401,-80.5318],[-59.4714,-80.488],[-59.6417,-80.4771],[-59.6771,-80.5125],[-59.8411,-80.5286],[-59.7943,-80.4724],[-59.7724,-80.3401],[-59.6964,-80.3266],[-59.6604,-80.2792],[-59.6208,-80.2625],[-59.6167,-80.2187],[-59.5271,-80.2021],[-59.3479,-80.2021],[-59.2943,-80.1755],[-59.4104,-80.1625],[-59.4214,-80.1276],[-59.5563,-80.1208],[-59.7146,-80.1312],[-59.9161,-80.1141],[-59.9599,-80.087],[-59.9313,-80.0687],[-59.8021,-80.0625],[-59.7714,-80.0339],[-59.8578,-79.9849],[-59.8536,-79.9505],[-59.7286,-79.9245],[-59.7,-79.9],[-59.8682,-79.9057],[-59.887,-79.8724],[-59.8557,-79.8182],[-59.8047,-79.7932],[-59.8333,-79.7708],[-59.9062,-79.7583],[-60.0896,-79.7521],[-60.1667,-79.7667],[-60.2917,-79.7688],[-60.3583,-79.7312],[-60.225,-79.7063],[-60.0854,-79.6937]]],[[[-62.4021,-69.1417],[-62.4854,-69.1417],[-62.5766,-69.1776],[-62.5505,-69.2109],[-62.5411,-69.2682],[-62.4901,-69.2963],[-62.4849,-69.3266],[-62.4354,-69.3521],[-62.3005,-69.4068],[-62.3016,-69.4286],[-62.262,-69.4661],[-62.2047,-69.4964],[-62.1729,-69.5729],[-62.2016,-69.5964],[-62.187,-69.6307],[-62.1464,-69.6464],[-62.1234,-69.6911],[-62.137,-69.7203],[-62.0187,-69.7292],[-61.9818,-69.7224],[-61.9422,-69.6349],[-61.8943,-69.6161],[-61.8859,-69.5839],[-61.9203,-69.5359],[-61.8688,-69.5229],[-61.788,-69.5245],[-61.7995,-69.5047],[-61.7417,-69.4958],[-61.7516,-69.4682],[-61.7984,-69.4193],[-61.837,-69.3932],[-61.8432,-69.3641],[-61.8776,-69.3401],[-61.9422,-69.313],[-62.0104,-69.2979],[-62.0354,-69.2833],[-62.0339,-69.2526],[-62.1495,-69.2078],[-62.1672,-69.1922],[-62.3437,-69.1458],[-62.4021,-69.1417]]],[[[-63.0208,-64.8437],[-63.1161,-64.8495],[-63.125,-64.8708],[-63.1042,-64.8854],[-62.9771,-64.8979],[-62.9297,-64.8912],[-62.9271,-64.8729],[-63.0208,-64.8437]]],[[[-60.8568,-72.5422],[-60.9021,-72.5375],[-60.9391,-72.5568],[-60.962,-72.5995],[-60.8896,-72.5833],[-60.7943,-72.5745],[-60.7797,-72.5547],[-60.8568,-72.5422]]],[[[-60.1818,-72.1713],[-60.2557,-72.1859],[-60.262,-72.2141],[-60.2411,-72.2391],[-60.1917,-72.2604],[-60.1417,-72.2583],[-60.1068,-72.2391],[-60.1063,-72.2083],[-60.1818,-72.1713]]],[[[-60.6672,-70.9089],[-60.7854,-70.9104],[-60.875,-70.9333],[-60.9536,-70.9609],[-60.9604,-70.9812],[-60.9349,-71.0036],[-60.875,-71.0208],[-60.7193,-71.0463],[-60.6958,-71.0583],[-60.6,-71.0708],[-60.5318,-71.0536],[-60.513,-70.9755],[-60.5703,-70.9411],[-60.5776,-70.9255],[-60.6672,-70.9089]]],[[[-60.5917,-70.5083],[-60.7333,-70.5062],[-60.8208,-70.5125],[-60.9333,-70.5292],[-60.9724,-70.5443],[-60.9672,-70.5911],[-60.987,-70.6141],[-60.962,-70.6453],[-60.9255,-70.6651],[-60.9057,-70.6974],[-60.8417,-70.7125],[-60.7,-70.7104],[-60.6208,-70.6833],[-60.5417,-70.6813],[-60.5141,-70.6526],[-60.4391,-70.6099],[-60.4609,-70.5339],[-60.4797,-70.5214],[-60.5917,-70.5083]]],[[[-61.2167,-69.8437],[-61.325,-69.8458],[-61.3995,-69.8964],[-61.4078,-69.9474],[-61.3458,-69.9729],[-61.2667,-69.9875],[-61.2104,-69.9896],[-61.1109,-69.9641],[-61.1339,-69.9109],[-61.2167,-69.8437]]],[[[-60.8187,-68.6854],[-60.9375,-68.6813],[-60.9974,-68.688],[-61.0203,-68.7141],[-60.9021,-68.7583],[-60.8646,-68.7604],[-60.7932,-68.7911],[-60.7083,-68.7979],[-60.6505,-68.7849],[-60.6505,-68.7651],[-60.6818,-68.7318],[-60.7229,-68.7125],[-60.8187,-68.6854]]],[[[-59.7313,-65.0979],[-59.8057,-65.0964],[-59.8411,-65.1193],[-59.8391,-65.1412],[-59.7953,-65.1766],[-59.7521,-65.1917],[-59.6604,-65.1958],[-59.6068,-65.213],[-59.5641,-65.2411],[-59.4896,-65.2583],[-59.4359,-65.2318],[-59.4891,-65.2057],[-59.4901,-65.1943],[-59.5599,-65.162],[-59.6271,-65.1146],[-59.7313,-65.0979]]],[[[-59.5453,-65.0787],[-59.5807,-65.0776],[-59.5703,-65.112],[-59.5208,-65.1042],[-59.5453,-65.0787]]],[[[16.2687,-69.7063],[16.0771,-69.7063],[15.9854,-69.7187],[15.8979,-69.7229],[15.875,-69.7333],[15.7542,-69.75],[15.6255,-69.8047],[15.5672,-69.8422],[15.5526,-69.9036],[15.5797,-69.9245],[15.6708,-69.9625],[15.7396,-69.975],[15.85,-69.9792],[15.9911,-70.0109],[16.0786,-70.0526],[16.1109,-70.0849],[16.1599,-70.087],[16.2005,-70.0193],[16.2411,-69.9891],[16.2516,-69.9609],[16.2318,-69.9203],[16.2589,-69.8672],[16.3563,-69.8104],[16.4375,-69.8063],[16.5375,-69.7812],[16.5958,-69.7771],[16.6349,-69.7474],[16.6245,-69.7338],[16.5563,-69.725],[16.475,-69.725],[16.3958,-69.7125],[16.2687,-69.7063]]],[[[28.4307,-69.8287],[28.4125,-69.8063],[28.3234,-69.8234],[28.3896,-69.8396],[28.4307,-69.8287]]],[[[-57.7833,-63.7875],[-57.8214,-63.7974],[-57.9557,-63.8026],[-57.9401,-63.8391],[-57.9766,-63.8599],[-58.0068,-63.8401],[-58.1042,-63.8521],[-58.1161,-63.8786],[-58.0943,-63.8995],[-58.15,-63.9104],[-58.1807,-63.8891],[-58.2318,-63.9141],[-58.3036,-63.9109],[-58.3292,-63.9542],[-58.2984,-63.9891],[-58.3766,-64.0005],[-58.3792,-64.0333],[-58.4453,-64.0568],[-58.4599,-64.0891],[-58.462,-64.1286],[-58.3771,-64.1333],[-58.3333,-64.1458],[-58.2646,-64.0979],[-58.1458,-64.0979],[-58.1193,-64.1266],[-58.1661,-64.1484],[-58.187,-64.187],[-58.175,-64.2187],[-58.0172,-64.2318],[-58.0234,-64.2495],[-58.0687,-64.2625],[-58.1417,-64.2583],[-58.2104,-64.2792],[-58.2542,-64.3],[-58.2891,-64.3005],[-58.3099,-64.3245],[-58.2318,-64.3547],[-58.2292,-64.3854],[-58.1922,-64.3849],[-58.1599,-64.3505],[-58.1104,-64.3417],[-58.0922,-64.3557],[-58.1432,-64.3838],[-58.1208,-64.3958],[-58.0589,-64.3505],[-58.0703,-64.3172],[-57.9687,-64.3104],[-57.9151,-64.3255],[-57.9396,-64.3396],[-57.9536,-64.3734],[-57.9396,-64.4042],[-57.8937,-64.4208],[-57.8255,-64.4078],[-57.8047,-64.3786],[-57.8307,-64.3401],[-57.8255,-64.3213],[-57.8536,-64.2963],[-57.8172,-64.2901],[-57.7896,-64.3146],[-57.7104,-64.2854],[-57.6589,-64.2901],[-57.6609,-64.3057],[-57.7203,-64.3297],[-57.7349,-64.3547],[-57.7266,-64.3932],[-57.6797,-64.3912],[-57.6505,-64.3786],[-57.6547,-64.3505],[-57.6099,-64.3599],[-57.5776,-64.3526],[-57.4901,-64.3547],[-57.4484,-64.3464],[-57.4437,-64.3833],[-57.375,-64.3896],[-57.3187,-64.3833],[-57.2839,-64.3526],[-57.3578,-64.3203],[-57.3568,-64.3109],[-57.4146,-64.2917],[-57.4979,-64.2917],[-57.5536,-64.3057],[-57.563,-64.288],[-57.5266,-64.2568],[-57.4625,-64.25],[-57.4078,-64.2745],[-57.3354,-64.2812],[-57.3047,-64.2672],[-57.3401,-64.2505],[-57.4229,-64.2354],[-57.475,-64.2396],[-57.4521,-64.2125],[-57.3922,-64.2109],[-57.3229,-64.2396],[-57.2812,-64.2458],[-57.2271,-64.2146],[-57.1729,-64.2208],[-57.0911,-64.1859],[-57.0646,-64.1604],[-57.1312,-64.1542],[-57.2172,-64.1641],[-57.2651,-64.1859],[-57.3266,-64.1891],[-57.3474,-64.1599],[-57.3292,-64.1417],[-57.25,-64.1104],[-57.2042,-64.1271],[-57.1688,-64.1167],[-57.1568,-64.0755],[-57.2089,-64.0755],[-57.2333,-64.0646],[-57.2792,-64.0708],[-57.2943,-64.0568],[-57.3729,-64.0625],[-57.425,-64.0375],[-57.4583,-64.0375],[-57.513,-64.0182],[-57.5021,-63.9875],[-57.4776,-63.9651],[-57.5151,-63.9464],[-57.562,-63.9443],[-57.5755,-63.9703],[-57.6745,-63.9922],[-57.6937,-64.0062],[-57.7453,-64.0151],[-57.7521,-64.0333],[-57.7193,-64.0745],[-57.7479,-64.0813],[-57.8229,-64.075],[-57.8599,-64.063],[-57.8151,-64.0474],[-57.8307,-64.0182],[-57.8151,-64.0005],[-57.875,-63.9813],[-57.8026,-63.9349],[-57.8271,-63.9104],[-57.763,-63.8995],[-57.7839,-63.8422],[-57.8141,-63.8307],[-57.8286,-63.8078],[-57.7833,-63.7875]]],[[[-57.3604,-63.8],[-57.3651,-63.788],[-57.4667,-63.7917],[-57.5417,-63.8104],[-57.5583,-63.8],[-57.6146,-63.8083],[-57.65,-63.7917],[-57.6891,-63.7984],[-57.6995,-63.8161],[-57.6312,-63.8563],[-57.4849,-63.8599],[-57.3646,-63.8833],[-57.3328,-63.8693],[-57.262,-63.8703],[-57.1917,-63.8792],[-57.0943,-63.8359],[-57.1422,-63.8151],[-57.1979,-63.8042],[-57.2917,-63.8146],[-57.3422,-63.8286],[-57.3604,-63.8]]],[[[-63.5396,-64.8396],[-63.5687,-64.8313],[-63.6266,-64.8599],[-63.5234,-64.8641],[-63.5396,-64.8396]]],[[[1.3547,-70.0307],[1.2104,-70.0292],[1.1521,-70.0396],[1.0458,-70.0437],[0.9609,-70.0693],[0.938,-70.1005],[0.9401,-70.162],[0.9734,-70.2286],[1.0568,-70.2807],[1.1182,-70.3109],[1.1391,-70.3339],[1.1422,-70.3766],[1.187,-70.4161],[1.262,-70.3203],[1.2651,-70.2755],[1.313,-70.2443],[1.3911,-70.212],[1.4359,-70.1568],[1.4599,-70.1495],[1.4411,-70.063],[1.4146,-70.0396],[1.3547,-70.0307]]],[[[-2.188,-70.1797],[-2.2391,-70.1995],[-2.175,-70.2208],[-2.0943,-70.2172],[-2.188,-70.1797]]],[[[-1.813,-70.1672],[-1.8312,-70.1583],[-1.9224,-70.1703],[-1.9042,-70.1833],[-1.9318,-70.2057],[-1.8687,-70.2208],[-1.8125,-70.2229],[-1.7937,-70.1833],[-1.813,-70.1672]]],[[[6.3042,-70.1208],[6.3266,-70.1526],[6.3068,-70.1661],[6.4688,-70.2104],[6.5432,-70.2016],[6.5328,-70.1443],[6.5,-70.1271],[6.3042,-70.1208]]],[[[10.6167,-70.0083],[10.5438,-70.0062],[10.5505,-70.0245],[10.6146,-70.0417],[10.7729,-70.0729],[10.975,-70.0937],[11.0182,-70.0682],[10.9792,-70.0437],[10.9021,-70.0396],[10.775,-70.0146],[10.6167,-70.0083]]],[[[27.675,-69.9729],[27.5646,-69.9708],[27.5547,-69.9849],[27.6188,-69.9917],[27.725,-69.9917],[27.675,-69.9729]]],[[[39.0307,-69.8359],[38.9562,-69.8333],[38.9151,-69.8495],[38.95,-69.8646],[39.0307,-69.8661],[39.0307,-69.8359]]],[[[74.4453,-69.7464],[74.4104,-69.7354],[74.3354,-69.7646],[74.363,-69.7953],[74.4292,-69.8021],[74.4745,-69.7828],[74.4453,-69.7464]]],[[[29.3151,-69.6953],[29.2193,-69.6901],[29.1818,-69.712],[29.2313,-69.7167],[29.3151,-69.6953]]],[[[73.6958,-69.6333],[73.6396,-69.6458],[73.6901,-69.6786],[73.6958,-69.6333]]],[[[38.3229,-69.6687],[38.3521,-69.6312],[38.3063,-69.6312],[38.2901,-69.662],[38.3229,-69.6687]]],[[[30.5089,-69.2724],[30.4359,-69.2734],[30.4562,-69.2937],[30.5141,-69.2891],[30.5089,-69.2724]]],[[[163.5354,-70.3458],[163.35,-70.35],[163.3422,-70.3786],[163.3958,-70.3917],[163.475,-70.3771],[163.5578,-70.3724],[163.5354,-70.3458]]],[[[161.9125,-70.225],[161.8792,-70.2146],[161.8172,-70.2234],[161.838,-70.2599],[161.8974,-70.2536],[161.9125,-70.225]]],[[[155.0807,-68.7411],[155.0297,-68.7714],[155.0776,-68.8057],[155.1599,-68.7828],[155.1229,-68.7542],[155.0807,-68.7411]]],[[[70.3333,-68.7312],[70.2479,-68.725],[70.2109,-68.7338],[70.2047,-68.7641],[70.2958,-68.7667],[70.3333,-68.7312]]],[[[47.6057,-67.5234],[47.5146,-67.5167],[47.4859,-67.5255],[47.4146,-67.6271],[47.5187,-67.6188],[47.7125,-67.6188],[47.8229,-67.6021],[47.9016,-67.5953],[47.9203,-67.5818],[47.8542,-67.5604],[47.8099,-67.5849],[47.7667,-67.5937],[47.6437,-67.5917],[47.6104,-67.5771],[47.4896,-67.5771],[47.5396,-67.5479],[47.5807,-67.5474],[47.6057,-67.5234]]],[[[164.6938,-67.25],[164.6422,-67.2536],[164.6703,-67.3151],[164.6901,-67.3849],[164.7141,-67.3995],[164.6755,-67.4422],[164.6724,-67.4703],[164.6359,-67.4818],[164.6797,-67.5599],[164.7312,-67.5708],[164.8182,-67.5641],[164.8766,-67.5162],[164.8484,-67.4995],[164.9224,-67.4641],[164.9089,-67.4328],[164.9141,-67.4005],[164.8568,-67.3807],[164.8318,-67.3536],[164.837,-67.3339],[164.762,-67.2672],[164.6938,-67.25]]],[[[120.8625,-66.8875],[120.7312,-66.9083],[120.6609,-66.9016],[120.6646,-66.8875],[120.5271,-66.8812],[120.5162,-66.9057],[120.4776,-66.9172],[120.5068,-66.9724],[120.5229,-66.9771],[120.6083,-66.9396],[120.7729,-66.9187],[120.8625,-66.8875]]],[[[121.1917,-66.7979],[121.1932,-66.7672],[121.1333,-66.7792],[121.0354,-66.7833],[120.9901,-66.7922],[120.925,-66.8562],[121.0458,-66.8354],[121.1917,-66.7979]]],[[[163.2234,-66.6932],[163.1646,-66.7021],[163.1042,-66.6854],[163.0797,-66.7057],[163.0984,-66.7349],[163.1349,-66.7609],[163.1672,-66.8432],[163.2234,-66.8891],[163.2807,-66.8953],[163.3037,-66.8432],[163.2859,-66.7963],[163.3141,-66.7776],[163.2641,-66.763],[163.2766,-66.7464],[163.2234,-66.7099],[163.2234,-66.6932]]],[[[86.2672,-66.9411],[86.2146,-66.9375],[86.1964,-66.9495],[86.2917,-66.9687],[86.3224,-66.9537],[86.2672,-66.9411]]],[[[85.3833,-66.7208],[85.3375,-66.7187],[85.2568,-66.7422],[85.2651,-66.7974],[85.3193,-66.8557],[85.4417,-66.8979],[85.5036,-66.9047],[85.5333,-66.9271],[85.5911,-66.9234],[85.6349,-66.9432],[85.5943,-66.9818],[85.6937,-66.9833],[85.75,-66.975],[85.8438,-66.9458],[85.8995,-66.9349],[85.9391,-66.888],[85.9161,-66.8526],[85.8578,-66.8026],[85.7896,-66.7667],[85.7,-66.7438],[85.4979,-66.725],[85.4396,-66.7292],[85.3833,-66.7208]]],[[[48.738,-66.6911],[48.6125,-66.7042],[48.4313,-66.6958],[48.3667,-66.6979],[48.3026,-66.7172],[48.2797,-66.7474],[48.2839,-66.7953],[48.3417,-66.8187],[48.4182,-66.8078],[48.4729,-66.7812],[48.5833,-66.775],[48.6312,-66.7833],[48.7604,-66.7896],[48.8057,-66.7682],[48.8182,-66.7359],[48.7672,-66.7161],[48.738,-66.6911]]],[[[85.1682,-66.5214],[85.1333,-66.5146],[85.088,-66.5297],[85.0891,-66.5787],[85.0526,-66.6016],[85.0813,-66.625],[85.1833,-66.6396],[85.2688,-66.6458],[85.3057,-66.637],[85.3411,-66.6141],[85.2708,-66.5833],[85.2068,-66.5745],[85.1734,-66.5495],[85.1682,-66.5214]]],[[[-60.2583,-65.05],[-60.2891,-65.0682],[-60.2292,-65.0896],[-60.2005,-65.0755],[-60.2583,-65.05]]],[[[-60.0083,-65.0083],[-60.0375,-65.0021],[-60.087,-65.0203],[-60.0542,-65.0333],[-60.0068,-65.0286],[-60.0083,-65.0083]]],[[[-62.9464,-64.7963],[-62.9875,-64.8125],[-62.887,-64.8193],[-62.8542,-64.8042],[-62.9464,-64.7963]]],[[[-62.6583,-64.6792],[-62.7036,-64.6776],[-62.7089,-64.7016],[-62.7687,-64.7063],[-62.7266,-64.7266],[-62.7224,-64.7432],[-62.6646,-64.7438],[-62.6359,-64.7286],[-62.6583,-64.6792]]],[[[-63.1661,-64.7141],[-63.1937,-64.7104],[-63.3646,-64.8021],[-63.3771,-64.7854],[-63.4375,-64.7833],[-63.4943,-64.8141],[-63.4849,-64.8505],[-63.5062,-64.8729],[-63.575,-64.9146],[-63.4687,-64.8938],[-63.4026,-64.8953],[-63.4099,-64.8797],[-63.3437,-64.8729],[-63.2943,-64.8536],[-63.2786,-64.7984],[-63.1526,-64.7474],[-63.1661,-64.7141]]],[[[-63.3312,-64.2417],[-63.3937,-64.2625],[-63.4521,-64.25],[-63.4896,-64.2604],[-63.5495,-64.2588],[-63.5568,-64.3182],[-63.5958,-64.325],[-63.6688,-64.3146],[-63.6891,-64.3516],[-63.65,-64.3521],[-63.6422,-64.3766],[-63.6807,-64.4016],[-63.7068,-64.4453],[-63.7812,-64.4521],[-63.7922,-64.4297],[-63.8729,-64.4333],[-63.8755,-64.4495],[-63.937,-64.4609],[-63.9167,-64.4792],[-63.8568,-64.5005],[-63.8859,-64.537],[-63.9604,-64.5437],[-64.0375,-64.5417],[-64.1141,-64.5589],[-64.1672,-64.5849],[-64.1974,-64.5901],[-64.1901,-64.6453],[-64.2338,-64.6828],[-64.2896,-64.6854],[-64.2943,-64.7068],[-64.1729,-64.7187],[-64.125,-64.7063],[-64.0755,-64.7359],[-64.0703,-64.7557],[-64.0146,-64.7792],[-63.9854,-64.7708],[-63.9125,-64.7875],[-63.8,-64.7854],[-63.7693,-64.7901],[-63.7484,-64.8276],[-63.7141,-64.8536],[-63.6833,-64.8542],[-63.6422,-64.8224],[-63.6349,-64.8047],[-63.5937,-64.7937],[-63.5557,-64.7651],[-63.5646,-64.7354],[-63.4854,-64.7271],[-63.4521,-64.7104],[-63.4214,-64.7234],[-63.4042,-64.7646],[-63.35,-64.7667],[-63.2828,-64.7193],[-63.1818,-64.6766],[-63.1953,-64.6589],[-63.0771,-64.6208],[-63,-64.6229],[-62.875,-64.5813],[-62.8437,-64.5813],[-62.8312,-64.5583],[-62.8693,-64.5359],[-62.9396,-64.5146],[-62.9547,-64.5328],[-62.9958,-64.5396],[-63.0542,-64.5333],[-63.0609,-64.5495],[-63.1286,-64.5589],[-63.1271,-64.5792],[-63.1813,-64.5792],[-63.225,-64.5687],[-63.2828,-64.5787],[-63.2932,-64.5526],[-63.2292,-64.5417],[-63.212,-64.5214],[-63.1255,-64.4911],[-63.0917,-64.4563],[-63.1682,-64.4672],[-63.1693,-64.4807],[-63.2411,-64.4745],[-63.1641,-64.4203],[-63.1214,-64.4057],[-63.1932,-64.388],[-63.2422,-64.4245],[-63.3104,-64.4458],[-63.3578,-64.4391],[-63.3167,-64.4208],[-63.263,-64.3849],[-63.2896,-64.3604],[-63.2193,-64.3641],[-63.1901,-64.3516],[-63.1583,-64.3104],[-63.1672,-64.2755],[-63.2313,-64.275],[-63.3161,-64.2599],[-63.3312,-64.2417]]],[[[-62.0271,-64.55],[-62.0911,-64.5505],[-62.1193,-64.588],[-62.1182,-64.6151],[-62.0464,-64.6016],[-62.0557,-64.5797],[-62.0234,-64.5724],[-62.0271,-64.55]]],[[[-61.5396,-64.3521],[-61.6005,-64.3693],[-61.5667,-64.3979],[-61.4901,-64.3776],[-61.5396,-64.3521]]],[[[-62.8083,-64.4042],[-62.8833,-64.3958],[-62.8646,-64.4167],[-62.8083,-64.4042]]],[[[-62.4333,-64.0104],[-62.475,-64.0271],[-62.5661,-64.038],[-62.5703,-64.0536],[-62.4943,-64.0839],[-62.5375,-64.1125],[-62.6161,-64.1151],[-62.5776,-64.1505],[-62.5745,-64.1703],[-62.4641,-64.2182],[-62.4875,-64.2604],[-62.5245,-64.2672],[-62.5318,-64.3078],[-62.5599,-64.3109],[-62.5839,-64.362],[-62.6245,-64.3693],[-62.6828,-64.4026],[-62.6578,-64.4391],[-62.6167,-64.4437],[-62.6771,-64.4833],[-62.7125,-64.4604],[-62.7682,-64.4651],[-62.775,-64.4979],[-62.6625,-64.4896],[-62.6641,-64.4995],[-62.6042,-64.525],[-62.5641,-64.487],[-62.5453,-64.4568],[-62.4938,-64.4563],[-62.5016,-64.4849],[-62.4479,-64.4896],[-62.3714,-64.4599],[-62.3109,-64.4245],[-62.3349,-64.3995],[-62.2958,-64.3792],[-62.2271,-64.3896],[-62.1708,-64.3583],[-62.2062,-64.3562],[-62.1859,-64.3089],[-62.2141,-64.2963],[-62.1589,-64.2849],[-62.0714,-64.2349],[-62.0937,-64.1854],[-62.1896,-64.1917],[-62.212,-64.1807],[-62.1583,-64.1604],[-62.1063,-64.1542],[-62.0359,-64.1557],[-62.0062,-64.1354],[-62.0807,-64.1328],[-62.0964,-64.1193],[-62.1688,-64.1188],[-62.2833,-64.0896],[-62.2849,-64.0536],[-62.2672,-64.0297],[-62.2979,-64.0146],[-62.3458,-64.0167],[-62.4333,-64.0104]]],[[[-169.7458,-83.5292],[-169.8938,-83.5292],[-169.9375,-83.5563],[-169.7729,-83.5583],[-169.7458,-83.5292]]],[[[-169.8313,-83.4292],[-169.8786,-83.4516],[-169.6276,-83.4755],[-169.525,-83.4938],[-169.3917,-83.4771],[-169.6292,-83.4417],[-169.8313,-83.4292]]],[[[-171.8229,-82.8333],[-171.8771,-82.8479],[-171.55,-82.8854],[-171.4563,-82.9042],[-171.1812,-82.9354],[-170.9438,-82.9812],[-170.7521,-83.0021],[-170.525,-83.0521],[-170.3313,-83.0729],[-169.9422,-83.1255],[-169.9125,-83.1479],[-169.8062,-83.1562],[-169.775,-83.1813],[-169.5917,-83.1958],[-169.4542,-83.1958],[-169.0833,-83.2229],[-168.8562,-83.225],[-168.8687,-83.2],[-169.0213,-83.1505],[-169.5958,-83.0833],[-169.7193,-83.0484],[-170.0958,-83.0083],[-170.1208,-82.9979],[-170.6667,-82.9458],[-170.9896,-82.9021],[-171.3021,-82.8688],[-171.4146,-82.8688],[-171.8229,-82.8333]]],[[[-163.2588,-82.8339],[-163.8021,-82.8375],[-163.7474,-82.8818],[-163.5568,-82.9245],[-163.6286,-82.9703],[-163.5771,-82.9958],[-163.2771,-83.0271],[-163.2583,-83.0771],[-163.0625,-83.0813],[-162.9583,-83.1042],[-162.6417,-83.1417],[-162.1854,-83.1354],[-161.9339,-83.1057],[-161.8995,-83.0609],[-161.7833,-83.0354],[-161.5854,-83.025],[-161.8208,-82.9833],[-162.2312,-82.95],[-162.3245,-82.9328],[-162.4318,-82.8734],[-162.6646,-82.875],[-162.8917,-82.8458],[-163.0917,-82.8458],[-163.2588,-82.8339]]],[[[-158.8979,-81.7812],[-159.0141,-81.7839],[-158.9958,-81.8271],[-158.8938,-81.8437],[-158.6812,-81.8958],[-158.6057,-81.9286],[-158.4146,-81.9917],[-158.2542,-82.0125],[-158.2271,-82.0271],[-158.0667,-82.0479],[-158.0172,-82.0734],[-158.0917,-82.0896],[-157.9542,-82.1],[-157.8901,-82.0839],[-157.8911,-82.0526],[-157.8021,-82.0292],[-157.9771,-82.0167],[-158.1016,-81.9911],[-158.3583,-81.9104],[-158.4021,-81.8708],[-158.5396,-81.8604],[-158.5562,-81.8437],[-158.7208,-81.825],[-158.8979,-81.7812]]],[[[-162.7563,-81.2729],[-163.1542,-81.2708],[-163.4104,-81.2917],[-163.5521,-81.2937],[-163.8229,-81.3104],[-163.9286,-81.3526],[-163.9958,-81.4021],[-163.7937,-81.4458],[-163.6458,-81.4542],[-163.75,-81.4708],[-163.4375,-81.4875],[-163.3646,-81.5],[-163.1729,-81.5083],[-162.6812,-81.5375],[-162.5104,-81.5396],[-162.3792,-81.5521],[-162.0146,-81.5687],[-161.5729,-81.5604],[-161.3729,-81.5813],[-161.2875,-81.5813],[-161.0292,-81.6104],[-160.7917,-81.6104],[-160.525,-81.5979],[-160.3922,-81.5807],[-160.4896,-81.5458],[-160.6458,-81.5271],[-160.6745,-81.5068],[-160.6313,-81.4812],[-160.7292,-81.4542],[-161.0792,-81.425],[-161.2891,-81.3974],[-161.3375,-81.3833],[-161.8542,-81.35],[-162.4479,-81.2896],[-162.7563,-81.2729]]],[[[-156.9583,-81.1396],[-157.0937,-81.1375],[-157.5479,-81.1521],[-158.1187,-81.1625],[-158.5813,-81.1813],[-158.9958,-81.1896],[-159.625,-81.2167],[-159.8062,-81.2187],[-160.0771,-81.2333],[-160.3437,-81.2417],[-160.3479,-81.25],[-159.8938,-81.2542],[-159.5708,-81.2375],[-159.3313,-81.2438],[-158.6792,-81.2438],[-158.3792,-81.2354],[-157.9083,-81.2083],[-157.8833,-81.2021],[-157.4792,-81.1708],[-157.05,-81.1583],[-156.9583,-81.1396]]],[[[-155.5771,-79.8146],[-155.575,-79.8354],[-155.3229,-79.8812],[-154.9833,-79.8979],[-155.0432,-79.9099],[-154.9812,-79.9292],[-154.7521,-79.9375],[-154.5437,-79.9563],[-154.4422,-79.9734],[-154.425,-80],[-154.3208,-80.0104],[-154.3625,-80.0312],[-153.8922,-80.0266],[-153.9937,-79.9875],[-154.2854,-79.95],[-154.5729,-79.9187],[-154.7688,-79.8854],[-155.0458,-79.8708],[-155.1146,-79.8479],[-155.3188,-79.8396],[-155.4687,-79.8167],[-155.5771,-79.8146]]],[[[-153.0396,-79.8958],[-153.1229,-79.8938],[-153.1687,-79.9187],[-153.0875,-79.9354],[-152.9797,-79.9245],[-153.0396,-79.8958]]],[[[-149.4542,-79.8208],[-149.4521,-79.8333],[-149.3229,-79.8479],[-149.1338,-79.8432],[-149.1604,-79.8271],[-149.4542,-79.8208]]],[[[-155.2234,-79.7839],[-155.4833,-79.7875],[-155.3458,-79.8146],[-155.2,-79.7979],[-155.2234,-79.7839]]],[[[-155.6917,-79.7708],[-155.8313,-79.7771],[-155.8396,-79.8063],[-155.7063,-79.8104],[-155.5688,-79.7812],[-155.6917,-79.7708]]],[[[-163.1167,-79.7396],[-163.0312,-79.7667],[-163.2521,-79.7646],[-163.3667,-79.7917],[-163.1187,-79.8042],[-162.9333,-79.8208],[-162.7063,-79.8271],[-162.6818,-79.8161],[-162.7479,-79.7875],[-162.9229,-79.7583],[-163.1167,-79.7396]]],[[[-153.5854,-79.6792],[-153.6938,-79.6792],[-153.7245,-79.6943],[-153.5786,-79.7547],[-153.6932,-79.7745],[-153.6417,-79.8104],[-153.5088,-79.8078],[-153.5292,-79.7833],[-153.3625,-79.7771],[-153.3193,-79.762],[-153.3729,-79.7354],[-153.4703,-79.7224],[-153.5854,-79.6792]]],[[[-155.4771,-79.7125],[-155.4854,-79.7333],[-155.6187,-79.7479],[-155.5917,-79.7688],[-155.3292,-79.7792],[-155.2307,-79.7422],[-155.2479,-79.7333],[-155.4771,-79.7125]]],[[[-163.1958,-78.7146],[-163.3057,-78.7193],[-163.2651,-78.7599],[-163.3417,-78.7896],[-163.4,-78.7896],[-163.5396,-78.8104],[-163.6474,-78.8443],[-163.6338,-78.8588],[-163.7495,-78.8724],[-163.8328,-78.9047],[-163.8068,-78.9328],[-163.9354,-78.9417],[-163.9729,-78.9646],[-164.0771,-78.975],[-164.2016,-79.0172],[-164.2411,-79.0432],[-164.2005,-79.063],[-164.2083,-79.0917],[-164.2745,-79.0984],[-164.2786,-79.1974],[-164.3016,-79.2307],[-164.2609,-79.238],[-164.2276,-79.2849],[-164.3062,-79.3042],[-164.2,-79.3125],[-164.0682,-79.3766],[-163.7375,-79.4437],[-163.5437,-79.4563],[-163.4854,-79.4875],[-163.3979,-79.4958],[-163.1729,-79.5458],[-163.1536,-79.562],[-162.9458,-79.5937],[-162.8521,-79.6146],[-162.5854,-79.6375],[-162.3292,-79.6854],[-162.2021,-79.7146],[-161.85,-79.7729],[-161.7229,-79.7896],[-161.4708,-79.8125],[-161.2437,-79.825],[-161.0437,-79.8417],[-160.4375,-79.8521],[-159.5667,-79.8521],[-159.3729,-79.8479],[-159.1292,-79.8292],[-159.0318,-79.8141],[-158.9438,-79.7625],[-159.0089,-79.7047],[-159.1474,-79.6745],[-159.2042,-79.6438],[-159.188,-79.6151],[-159.2245,-79.5911],[-159.3609,-79.5526],[-159.3276,-79.5276],[-159.4286,-79.5141],[-159.5203,-79.4818],[-159.5604,-79.4313],[-159.7042,-79.3771],[-159.7922,-79.3547],[-160.0125,-79.325],[-160.1104,-79.2958],[-160.25,-79.2833],[-160.3766,-79.2464],[-160.3609,-79.2338],[-160.5813,-79.1937],[-160.7833,-79.1417],[-160.8313,-79.1229],[-160.9375,-79.1062],[-161.1146,-79.0458],[-161.3271,-79.0062],[-161.4125,-78.9542],[-161.5312,-78.9208],[-161.6021,-78.9146],[-161.7396,-78.8562],[-161.9875,-78.7917],[-162.1375,-78.7896],[-162.3,-78.7729],[-162.3292,-78.7542],[-162.475,-78.7396],[-162.6729,-78.7417],[-162.9312,-78.7292],[-163.0562,-78.7146],[-163.1958,-78.7146]]],[[[-149.4109,-77.5505],[-149.5292,-77.5354],[-149.5646,-77.5563],[-149.3729,-77.5646],[-149.25,-77.5813],[-149.1292,-77.5854],[-149.0755,-77.5641],[-149.2375,-77.5646],[-149.4109,-77.5505]]],[[[-145.8818,-77.3734],[-146.0208,-77.3688],[-146.0208,-77.3958],[-145.9,-77.4],[-145.8818,-77.3734]]],[[[-149.0625,-77.4229],[-149.2021,-77.4333],[-149.2016,-77.4526],[-149.0646,-77.4687],[-148.9146,-77.4687],[-148.838,-77.4537],[-149.0625,-77.4229]]],[[[-153.0458,-77.3354],[-153.2042,-77.3271],[-153.2563,-77.3604],[-153.2396,-77.3729],[-153.1229,-77.3708],[-153.0458,-77.3354]]],[[[-149.5083,-77.2792],[-149.575,-77.3063],[-149.6375,-77.3125],[-149.5042,-77.35],[-149.4187,-77.3542],[-149.3458,-77.3708],[-148.9646,-77.3938],[-148.9271,-77.375],[-149.1354,-77.3583],[-149.2208,-77.3396],[-149.2193,-77.313],[-149.275,-77.2917],[-149.4438,-77.2917],[-149.5083,-77.2792]]],[[[-151.0417,-77.2187],[-151.1854,-77.2167],[-151.2208,-77.2271],[-151.4,-77.2333],[-151.5224,-77.2703],[-151.4958,-77.2937],[-151.1313,-77.3396],[-150.9833,-77.3521],[-150.675,-77.3667],[-150.6167,-77.3646],[-150.4479,-77.3792],[-150.3547,-77.3578],[-150.3542,-77.3437],[-150.5188,-77.3375],[-150.513,-77.3213],[-150.575,-77.3042],[-150.7521,-77.2812],[-150.8151,-77.2547],[-150.975,-77.2208],[-151.0417,-77.2187]]],[[[-153.0688,-77.2667],[-153.2167,-77.2792],[-153.1786,-77.312],[-153.0292,-77.3125],[-152.9312,-77.2979],[-153.0042,-77.2708],[-153.0688,-77.2667]]],[[[-153.1687,-77.2],[-153.4521,-77.2021],[-153.4396,-77.2229],[-153.3396,-77.2312],[-153.2,-77.2562],[-153.0813,-77.2562],[-153.0401,-77.2411],[-153.075,-77.2104],[-153.1687,-77.2]]],[[[-147.0536,-77.2214],[-147.2083,-77.2187],[-147.175,-77.2417],[-147.0536,-77.2214]]],[[[-147.4875,-77.1708],[-147.5771,-77.1708],[-147.5875,-77.1979],[-147.4922,-77.2151],[-147.4271,-77.2542],[-147.3396,-77.2562],[-147.3224,-77.237],[-147.1818,-77.212],[-147.2479,-77.1854],[-147.4229,-77.1833],[-147.4875,-77.1708]]],[[[-148.1313,-77.1104],[-148.1682,-77.112],[-148.0604,-77.1625],[-148.0417,-77.1229],[-148.1313,-77.1104]]],[[[-147.8813,-77.0417],[-147.9479,-77.0396],[-147.9729,-77.0646],[-147.825,-77.0896],[-147.7568,-77.0703],[-147.788,-77.0505],[-147.8813,-77.0417]]],[[[-75.1458,-80.5646],[-75.2078,-80.5828],[-75.1599,-80.6057],[-75.0463,-80.5839],[-75.1458,-80.5646]]],[[[-75.3964,-78.7349],[-75.5354,-78.7354],[-75.6266,-78.7734],[-75.6661,-78.8078],[-75.6271,-78.8542],[-75.5083,-78.8667],[-75.4797,-78.8401],[-75.5286,-78.8089],[-75.3964,-78.7349]]],[[[-67.0396,-78.3146],[-67.2562,-78.3167],[-67.3688,-78.3292],[-67.4479,-78.35],[-67.6813,-78.3875],[-67.7375,-78.4167],[-67.9604,-78.45],[-68.1083,-78.4792],[-68.1479,-78.5],[-68.4062,-78.5563],[-68.6458,-78.5896],[-68.8396,-78.6104],[-68.9146,-78.6312],[-69.1333,-78.6625],[-69.2354,-78.6604],[-69.35,-78.6792],[-69.4125,-78.6792],[-69.587,-78.738],[-69.6667,-78.7438],[-69.7937,-78.7937],[-70.1188,-78.8396],[-70.2161,-78.8297],[-70.2812,-78.8417],[-70.3333,-78.8688],[-70.5062,-78.8917],[-70.6458,-78.8896],[-70.6651,-78.9078],[-70.8083,-78.9292],[-70.9964,-78.9807],[-71.075,-78.9917],[-71.2458,-79.0542],[-71.3125,-79.0646],[-71.4109,-79.1203],[-71.4849,-79.1359],[-71.6078,-79.2005],[-71.7203,-79.2922],[-71.762,-79.3443],[-71.7708,-79.3854],[-71.8078,-79.4255],[-71.8141,-79.4953],[-71.7349,-79.5578],[-71.5807,-79.6182],[-71.4396,-79.6542],[-71.2542,-79.6687],[-70.9313,-79.7042],[-70.8167,-79.7],[-70.6375,-79.7083],[-70.5188,-79.6979],[-70.3562,-79.6979],[-70.2146,-79.6771],[-70.1333,-79.675],[-69.8083,-79.625],[-69.6937,-79.6146],[-69.6521,-79.6],[-69.737,-79.5693],[-69.6088,-79.5026],[-69.6687,-79.4833],[-69.8141,-79.4609],[-69.775,-79.4375],[-69.5771,-79.4313],[-69.5088,-79.4203],[-69.6292,-79.4042],[-69.5849,-79.363],[-69.5276,-79.3516],[-69.4474,-79.2963],[-69.3562,-79.2625],[-69.3161,-79.2338],[-69.225,-79.2187],[-69.1953,-79.2005],[-68.9818,-79.1412],[-68.9083,-79.0896],[-68.8609,-79.0849],[-68.7766,-79.0422],[-68.6208,-79.0042],[-68.3604,-78.9313],[-68.2812,-78.9146],[-68.1901,-78.912],[-68.1646,-78.8958],[-68.0687,-78.8833],[-68.0104,-78.8562],[-67.85,-78.8063],[-67.7208,-78.775],[-67.5599,-78.7234],[-67.5099,-78.7005],[-67.3859,-78.6641],[-67.3786,-78.6422],[-67.1818,-78.5766],[-67.1682,-78.5463],[-67.0443,-78.5349],[-67.0604,-78.5],[-67.0146,-78.4812],[-66.9437,-78.4812],[-66.8583,-78.4646],[-66.8,-78.4396],[-66.8167,-78.4208],[-66.6188,-78.375],[-66.6661,-78.3411],[-66.8042,-78.3271],[-67.0396,-78.3146]]],[[[-100.2682,-74.7068],[-100.3396,-74.6979],[-100.3932,-74.7161],[-100.2979,-74.725],[-100.2682,-74.7068]]],[[[-154.2979,-77.0604],[-154.4187,-77.0583],[-154.4917,-77.0708],[-154.562,-77.1036],[-154.5437,-77.125],[-154.4292,-77.1271],[-154.3396,-77.1417],[-154.15,-77.1562],[-154.0453,-77.1224],[-154.0359,-77.1047],[-154.1021,-77.0771],[-154.2979,-77.0604]]],[[[-150.3792,-76.9062],[-150.4214,-76.9172],[-150.6375,-76.9375],[-150.7849,-76.9672],[-150.8057,-76.9953],[-150.7208,-77.025],[-150.6271,-77.0396],[-150.5521,-77.0396],[-150.4292,-77.0792],[-150.3417,-77.0896],[-150.0604,-77.0958],[-149.9229,-77.0937],[-149.7958,-77.1312],[-149.5437,-77.1292],[-149.4104,-77.1438],[-149.2542,-77.1354],[-149.2255,-77.1161],[-149.2792,-77.0937],[-149.4245,-77.0828],[-149.4443,-77.0276],[-149.5078,-77.0057],[-149.6005,-76.9589],[-149.6729,-76.9333],[-149.7599,-76.9224],[-149.7776,-76.8984],[-149.8833,-76.8833],[-150.0521,-76.8792],[-150.1833,-76.8917],[-150.2354,-76.9062],[-150.3792,-76.9062]]],[[[-149.1708,-76.9021],[-149.2854,-76.9042],[-149.3078,-76.9224],[-149.2713,-76.9443],[-149.2724,-76.9807],[-149.2083,-77.0021],[-149.1208,-77.0042],[-149.0458,-77.0271],[-148.9104,-77.0271],[-148.7708,-77.0104],[-148.6625,-77.0104],[-148.6083,-77.0229],[-148.4917,-77.0062],[-148.4401,-76.9849],[-148.4625,-76.9563],[-148.5432,-76.9537],[-148.6167,-76.9313],[-148.7167,-76.9292],[-148.875,-76.9354],[-149.0188,-76.9083],[-149.0979,-76.9125],[-149.1708,-76.9021]]],[[[-147.0042,-76.8187],[-147.0833,-76.8187],[-147.1266,-76.8432],[-147.0943,-76.8536],[-147.1266,-76.8797],[-147.0807,-76.9057],[-147.0172,-76.9213],[-147.0068,-76.9547],[-147.0833,-76.9854],[-147.0646,-77],[-146.8979,-76.9979],[-146.7583,-76.9812],[-146.6271,-76.9542],[-146.4026,-76.9328],[-146.4224,-76.8984],[-146.3604,-76.8896],[-146.2708,-76.9458],[-146.1255,-76.9443],[-146.2391,-76.8912],[-146.3083,-76.8688],[-146.4458,-76.8604],[-146.5937,-76.8354],[-146.7771,-76.8208],[-147.0042,-76.8187]]],[[[-148.5208,-76.7],[-148.5786,-76.6984],[-148.6083,-76.725],[-148.7312,-76.7],[-148.8016,-76.7099],[-148.8083,-76.7354],[-148.9229,-76.7167],[-149.1187,-76.7083],[-149.2167,-76.7312],[-149.3875,-76.7271],[-149.4911,-76.7682],[-149.4354,-76.7875],[-149.3583,-76.7937],[-149.3146,-76.8104],[-149.1417,-76.8375],[-148.9771,-76.8458],[-148.8062,-76.8375],[-148.7297,-76.8245],[-148.7125,-76.8042],[-148.5875,-76.8063],[-148.45,-76.7937],[-148.4229,-76.7812],[-148.3271,-76.7875],[-148.3005,-76.7682],[-148.425,-76.7208],[-148.5208,-76.7]]],[[[-150.2984,-76.6859],[-150.7271,-76.6917],[-150.8208,-76.7083],[-150.8807,-76.7411],[-150.8229,-76.7625],[-150.7104,-76.7729],[-150.6708,-76.7896],[-150.5125,-76.8],[-150.425,-76.8],[-150.2896,-76.7771],[-150.1687,-76.7729],[-150.0776,-76.7391],[-150.1208,-76.6979],[-150.2984,-76.6859]]],[[[-148.8609,-76.6193],[-148.9937,-76.6188],[-149.1292,-76.6271],[-149.1396,-76.6458],[-149.0167,-76.6625],[-148.9958,-76.6771],[-148.8583,-76.6958],[-148.7292,-76.6875],[-148.5167,-76.6917],[-148.4651,-76.6766],[-148.5458,-76.6583],[-148.6896,-76.6458],[-148.7542,-76.6271],[-148.8609,-76.6193]]],[[[-147.9187,-76.5625],[-148,-76.575],[-147.9807,-76.6016],[-147.8771,-76.6208],[-147.7792,-76.65],[-147.6896,-76.6625],[-147.6078,-76.6495],[-147.5953,-76.6266],[-147.6958,-76.5917],[-147.8146,-76.5646],[-147.9187,-76.5625]]],[[[-147.55,-76.5875],[-147.6203,-76.5891],[-147.5396,-76.6354],[-147.4641,-76.6203],[-147.55,-76.5875]]],[[[-147.1396,-76.5062],[-147.2563,-76.5021],[-147.3151,-76.5297],[-147.2713,-76.5463],[-147.2568,-76.5745],[-147.3474,-76.5818],[-147.3109,-76.5995],[-147.3641,-76.6151],[-147.2984,-76.6338],[-147.2833,-76.6583],[-147.2229,-76.6729],[-146.9062,-76.7104],[-146.9792,-76.6646],[-146.9438,-76.6479],[-147.0479,-76.6229],[-146.8854,-76.625],[-146.8188,-76.6438],[-146.7401,-76.6338],[-146.8078,-76.5995],[-146.8047,-76.5797],[-146.9729,-76.5417],[-147.0667,-76.5542],[-147.1396,-76.5062]]],[[[-147.1896,-76.0708],[-147.3562,-76.0729],[-147.462,-76.0943],[-147.3417,-76.1312],[-147.3896,-76.1583],[-147.2937,-76.1667],[-147.0943,-76.1984],[-147.038,-76.2214],[-147.0729,-76.2417],[-146.9854,-76.2542],[-146.825,-76.3042],[-146.7604,-76.3042],[-146.662,-76.2745],[-146.7026,-76.2026],[-146.7958,-76.1792],[-146.8828,-76.1349],[-146.8859,-76.1088],[-146.9693,-76.0776],[-147.1896,-76.0708]]],[[[-147.0213,-75.8005],[-147.125,-75.7979],[-147.1682,-75.8245],[-147.0979,-75.8333],[-146.9521,-75.8313],[-146.9542,-75.8083],[-147.0213,-75.8005]]],[[[-145.8208,-75.5042],[-145.9812,-75.5062],[-146.0911,-75.5339],[-146.162,-75.5682],[-146.0542,-75.6229],[-145.8979,-75.6375],[-145.6646,-75.6833],[-145.5833,-75.6854],[-145.4542,-75.7021],[-145.2375,-75.7146],[-145.1984,-75.6849],[-145.2479,-75.6729],[-145.3141,-75.6391],[-145.3521,-75.6021],[-145.5557,-75.5516],[-145.5813,-75.5396],[-145.8208,-75.5042]]],[[[-142.9828,-75.3953],[-143.1687,-75.3979],[-143.1662,-75.4266],[-143.1021,-75.4396],[-142.9776,-75.4266],[-142.9828,-75.3953]]],[[[-101,-74.7042],[-101.0625,-74.7],[-101.1292,-74.7146],[-101.0396,-74.7292],[-100.9651,-74.7203],[-101,-74.7042]]],[[[-102.2625,-74.4854],[-102.2588,-74.4693],[-102.4062,-74.4812],[-102.4083,-74.5104],[-102.3146,-74.5083],[-102.2625,-74.4854]]],[[[-128.1521,-74.3021],[-128.1807,-74.3307],[-128.1255,-74.3797],[-128.137,-74.4016],[-128.0568,-74.4641],[-127.9229,-74.5229],[-127.8755,-74.5297],[-127.9036,-74.5536],[-127.7833,-74.5687],[-127.6312,-74.6062],[-127.5891,-74.6349],[-127.5437,-74.6438],[-127.4521,-74.6396],[-127.2854,-74.6083],[-127.2026,-74.5849],[-127.1818,-74.5463],[-127.2328,-74.5286],[-127.187,-74.4984],[-127.1464,-74.4953],[-127.1172,-74.4682],[-127.1917,-74.4521],[-127.2005,-74.4339],[-127.3583,-74.4021],[-127.5125,-74.3979],[-127.5479,-74.3812],[-127.6813,-74.3646],[-127.7979,-74.3292],[-127.9333,-74.3208],[-127.9958,-74.3104],[-128.1521,-74.3021]]],[[[-131.6542,-74.3187],[-131.7042,-74.3271],[-131.8292,-74.3208],[-132.0099,-74.363],[-132.0297,-74.3953],[-132.1,-74.4146],[-132.1167,-74.4313],[-132.0172,-74.4568],[-132.0828,-74.4891],[-132.0396,-74.5062],[-131.9125,-74.5146],[-131.85,-74.55],[-131.7667,-74.5333],[-131.7042,-74.5437],[-131.4563,-74.55],[-131.4,-74.5667],[-131.2755,-74.5818],[-131.1604,-74.6042],[-131.0937,-74.6],[-131.0151,-74.5599],[-130.9641,-74.5151],[-130.9578,-74.4838],[-130.9172,-74.4411],[-131.0042,-74.4146],[-131.0792,-74.4375],[-131.1542,-74.4229],[-131.2458,-74.4167],[-131.2792,-74.4042],[-131.4021,-74.4],[-131.5188,-74.3792],[-131.6542,-74.3354],[-131.6542,-74.3187]]],[[[-132.4984,-74.3818],[-132.5479,-74.3792],[-132.6625,-74.4104],[-132.8021,-74.4125],[-132.8807,-74.4578],[-132.8313,-74.475],[-132.6687,-74.4938],[-132.5562,-74.4938],[-132.4818,-74.4828],[-132.4349,-74.4547],[-132.3708,-74.4333],[-132.3745,-74.4109],[-132.4984,-74.3818]]],[[[-117.0625,-74.2792],[-117.1708,-74.3042],[-117.2958,-74.3187],[-117.3891,-74.3422],[-117.3849,-74.3724],[-117.2792,-74.3729],[-117.2146,-74.3562],[-117.0068,-74.3141],[-116.9812,-74.2812],[-117.0625,-74.2792]]],[[[-132.1771,-74.1292],[-132.2542,-74.125],[-132.2912,-74.1516],[-132.2063,-74.1729],[-132.1396,-74.1687],[-132.1234,-74.1516],[-132.1771,-74.1292]]],[[[-122.3479,-73.6687],[-122.5146,-73.6729],[-122.6083,-73.6813],[-122.9521,-73.6813],[-123.0625,-73.675],[-123.1458,-73.6833],[-123.2193,-73.7328],[-123.2828,-73.7568],[-123.2891,-73.7839],[-123.2214,-73.8068],[-123.2479,-73.8229],[-123.3474,-73.8359],[-123.3417,-73.85],[-123.0208,-73.8333],[-122.9401,-73.8505],[-122.9479,-73.8708],[-122.8458,-73.8854],[-122.7375,-73.8771],[-122.6333,-73.9042],[-122.3604,-73.9042],[-122.3896,-73.925],[-122.575,-73.9646],[-122.6396,-73.9854],[-122.7083,-73.9958],[-122.7229,-74.0271],[-122.7937,-74.0583],[-122.7646,-74.0813],[-122.8833,-74.0813],[-122.9,-74.1021],[-122.8797,-74.1234],[-122.9333,-74.1354],[-122.8854,-74.1625],[-122.8271,-74.1708],[-122.8245,-74.1891],[-122.7338,-74.2151],[-122.8292,-74.2292],[-122.9792,-74.2333],[-123.0245,-74.2516],[-123.0162,-74.2828],[-122.8833,-74.3458],[-122.6542,-74.3708],[-122.6146,-74.3833],[-122.4167,-74.3812],[-122.2104,-74.4125],[-122.1521,-74.4125],[-122.0583,-74.4333],[-121.9938,-74.4333],[-121.8667,-74.4208],[-121.7812,-74.3979],[-121.6167,-74.3833],[-121.425,-74.3708],[-121.2625,-74.3479],[-121.0167,-74.3271],[-120.9443,-74.3099],[-121.0125,-74.2875],[-121.0932,-74.2786],[-121.0463,-74.2588],[-121.1125,-74.2312],[-121.0193,-74.2266],[-121.0682,-74.1995],[-121.0297,-74.188],[-121.0787,-74.1682],[-120.9021,-74.1375],[-120.8125,-74.1062],[-120.6625,-74.0937],[-120.6286,-74.0755],[-120.5146,-74.0542],[-120.3479,-74.0125],[-120.3,-74.0146],[-120.2359,-73.9807],[-120.2849,-73.9537],[-120.263,-73.9255],[-120.3021,-73.9167],[-120.4542,-73.9125],[-120.5167,-73.8896],[-120.6708,-73.8917],[-120.7307,-73.8766],[-120.675,-73.8625],[-120.6083,-73.8688],[-120.5146,-73.8646],[-120.3776,-73.837],[-120.3734,-73.788],[-120.4771,-73.7583],[-120.5854,-73.7521],[-120.6646,-73.7667],[-120.9958,-73.7646],[-121.0833,-73.775],[-121.1521,-73.7708],[-121.2292,-73.7521],[-121.2958,-73.7458],[-121.3417,-73.7604],[-121.5521,-73.7521],[-121.6521,-73.7292],[-121.7828,-73.7307],[-121.8354,-73.725],[-121.9521,-73.7312],[-122.0396,-73.7208],[-122.1208,-73.6958],[-122.2146,-73.6792],[-122.3479,-73.6687]]],[[[-116.325,-73.8646],[-116.4479,-73.8667],[-116.6667,-73.9271],[-116.7521,-73.9333],[-116.975,-73.9875],[-117.1188,-74.0167],[-117.1417,-74.0417],[-117.1917,-74.0417],[-117.362,-74.0787],[-117.3151,-74.0984],[-117.3729,-74.1146],[-117.3932,-74.1443],[-117.2646,-74.1979],[-117.1792,-74.2042],[-116.9604,-74.2042],[-116.8229,-74.1771],[-116.7521,-74.1771],[-116.6667,-74.1562],[-116.5646,-74.1458],[-116.4854,-74.0771],[-116.6036,-74.0724],[-116.6453,-74.0568],[-116.5417,-74.0479],[-116.4047,-74.0016],[-116.3333,-73.9625],[-116.1979,-73.9396],[-116.1443,-73.9026],[-116.1771,-73.8896],[-116.2646,-73.8833],[-116.325,-73.8646]]],[[[-119.15,-73.7792],[-119.2667,-73.775],[-119.4083,-73.7875],[-119.4583,-73.7792],[-119.5958,-73.7854],[-119.6146,-73.8042],[-119.75,-73.8187],[-119.8974,-73.8234],[-119.7958,-73.8396],[-119.7812,-73.8667],[-119.8521,-73.875],[-119.7588,-73.9172],[-119.7807,-73.9349],[-119.6839,-73.9693],[-119.6333,-74.0042],[-119.7021,-74.0188],[-119.7958,-74.0208],[-119.837,-74.0422],[-119.8318,-74.0641],[-119.9208,-74.075],[-119.9224,-74.0995],[-119.8042,-74.1104],[-119.6604,-74.1312],[-119.5271,-74.1042],[-119.4974,-74.0807],[-119.4125,-74.0667],[-119.3313,-74.0625],[-119.1833,-74.0292],[-119.1026,-74.0224],[-119.0349,-73.988],[-118.9755,-73.9766],[-118.9463,-73.9537],[-119.0057,-73.9318],[-118.9089,-73.912],[-118.8714,-73.8932],[-118.9078,-73.8766],[-118.8943,-73.8359],[-118.9646,-73.8021],[-119.15,-73.7792]]],[[[-126.3521,-73.275],[-126.3958,-73.2792],[-126.4979,-73.2708],[-126.65,-73.2937],[-126.6813,-73.2833],[-126.7875,-73.2896],[-126.8812,-73.2812],[-126.9812,-73.2833],[-127.0792,-73.3042],[-127.138,-73.2932],[-127.225,-73.2979],[-127.2422,-73.3141],[-127.3578,-73.3297],[-127.363,-73.3557],[-127.3953,-73.3651],[-127.4229,-73.4],[-127.4932,-73.4213],[-127.4974,-73.4432],[-127.4213,-73.4849],[-127.4375,-73.5042],[-127.4042,-73.5396],[-127.4661,-73.5495],[-127.3578,-73.5724],[-127.1937,-73.5896],[-127.1682,-73.6068],[-127.2286,-73.6234],[-127.2516,-73.6422],[-127.2604,-73.6917],[-127.2354,-73.725],[-127.0896,-73.7479],[-126.9505,-73.7307],[-126.9786,-73.6776],[-126.9104,-73.6687],[-126.8766,-73.6484],[-126.7396,-73.6667],[-126.7,-73.6604],[-126.5396,-73.6646],[-126.5312,-73.6833],[-126.4568,-73.7026],[-126.5099,-73.7276],[-126.5042,-73.75],[-126.4172,-73.7693],[-126.3984,-73.8099],[-126.4703,-73.8432],[-126.4146,-73.8562],[-126.2667,-73.8667],[-126.1438,-73.8917],[-126.0771,-73.8979],[-126.0021,-73.9167],[-125.8875,-73.9625],[-125.8375,-73.9687],[-125.7792,-73.9958],[-125.7604,-74.0188],[-125.7063,-74.0396],[-125.5771,-74.0583],[-125.375,-74.0708],[-125.3167,-74.0917],[-125.2021,-74.0958],[-125.1109,-74.1193],[-125.2224,-74.1599],[-125.1729,-74.175],[-125.1021,-74.175],[-124.9938,-74.2083],[-124.9437,-74.2167],[-124.8542,-74.2104],[-124.7875,-74.2312],[-124.4729,-74.2167],[-124.2542,-74.2125],[-124.1021,-74.2292],[-124.025,-74.2688],[-123.8958,-74.2583],[-123.8151,-74.2245],[-123.8089,-74.2026],[-123.8912,-74.1766],[-123.8542,-74.1687],[-123.8536,-74.1193],[-123.787,-74.1016],[-123.7729,-74.0729],[-123.8516,-74.062],[-123.8688,-74.0333],[-123.9313,-74.0333],[-123.9276,-74.0099],[-124.0792,-73.9917],[-124.1021,-73.975],[-124.1896,-73.9437],[-124.1974,-73.9297],[-124.1292,-73.9083],[-124.013,-73.8828],[-124.0255,-73.8526],[-124.1125,-73.8313],[-124.2391,-73.8182],[-124.3307,-73.7995],[-124.3646,-73.775],[-124.4224,-73.7786],[-124.5057,-73.7578],[-124.5047,-73.7297],[-124.5333,-73.7208],[-124.6271,-73.7208],[-124.6401,-73.7349],[-124.7438,-73.7729],[-124.8521,-73.7771],[-124.937,-73.8047],[-124.9213,-73.8432],[-124.9417,-73.8771],[-125.0146,-73.8833],[-125.0787,-73.8682],[-125.0505,-73.8484],[-125.0896,-73.8229],[-125.212,-73.8182],[-125.213,-73.7984],[-125.2646,-73.7896],[-125.4021,-73.7917],[-125.5604,-73.8146],[-125.6375,-73.8333],[-125.7063,-73.8271],[-125.8109,-73.7776],[-125.9099,-73.7495],[-125.9057,-73.7193],[-125.85,-73.6937],[-125.7521,-73.7146],[-125.6438,-73.7125],[-125.5854,-73.7021],[-125.5167,-73.7083],[-125.2917,-73.7042],[-125.2234,-73.6828],[-125.2068,-73.6557],[-125.2172,-73.6193],[-125.2792,-73.6021],[-125.3646,-73.6021],[-125.4604,-73.5813],[-125.5703,-73.5391],[-125.6307,-73.4974],[-125.5589,-73.462],[-125.5547,-73.4463],[-125.6333,-73.4187],[-125.8271,-73.4],[-125.9828,-73.3641],[-126.1167,-73.2854],[-126.1917,-73.275],[-126.3521,-73.275]]],[[[-104.9682,-72.9411],[-105.0375,-72.9396],[-105.0787,-72.9505],[-105.1026,-72.9766],[-105.1578,-73.0026],[-105.1359,-73.0297],[-105.1495,-73.0547],[-105.1021,-73.0854],[-105.0078,-73.1641],[-104.9708,-73.1792],[-104.8042,-73.2146],[-104.7229,-73.2146],[-104.5917,-73.2],[-104.5318,-73.1745],[-104.5484,-73.1464],[-104.588,-73.1255],[-104.7307,-73.0766],[-104.7255,-73.0568],[-104.7714,-73.0297],[-104.8745,-73.0016],[-104.8964,-72.9755],[-104.9682,-72.9411]]],[[[-65.7917,-80.2312],[-65.8922,-80.262],[-65.8104,-80.2646],[-65.7917,-80.2312]]],[[[-67.6484,-79.537],[-67.6979,-79.5292],[-67.8453,-79.5526],[-67.8453,-79.5787],[-67.7651,-79.5911],[-67.7286,-79.6161],[-67.5432,-79.6682],[-67.2979,-79.7083],[-67.1958,-79.7187],[-67.0896,-79.7521],[-67.0292,-79.7562],[-66.8812,-79.7958],[-66.8359,-79.8224],[-66.9938,-79.8708],[-67.0328,-79.9005],[-66.9167,-79.9354],[-66.8042,-79.925],[-66.6375,-79.9354],[-66.5792,-79.9583],[-66.3979,-79.9646],[-66.3417,-80.0167],[-66.4062,-80.0229],[-66.3912,-80.0641],[-66.25,-80.0854],[-66.1813,-80.0854],[-66.0354,-80.0563],[-65.7937,-80.0229],[-65.7542,-80.0042],[-65.5583,-79.9792],[-65.4661,-79.9526],[-65.5141,-79.937],[-65.5062,-79.8875],[-65.5641,-79.8745],[-65.7771,-79.8771],[-65.8854,-79.8313],[-65.7438,-79.8146],[-65.6604,-79.825],[-65.538,-79.8026],[-65.5646,-79.7729],[-65.6562,-79.7521],[-65.8938,-79.7625],[-66.0062,-79.7729],[-66.3313,-79.7167],[-66.662,-79.6828],[-66.5917,-79.6646],[-66.4687,-79.6562],[-66.4104,-79.6708],[-66.2125,-79.6583],[-65.8958,-79.65],[-65.8208,-79.6083],[-66.2057,-79.6338],[-66.2854,-79.6167],[-66.3562,-79.6312],[-66.6875,-79.6083],[-66.9187,-79.5833],[-66.9146,-79.5625],[-67.0937,-79.5729],[-67.225,-79.5646],[-67.4521,-79.5667],[-67.5083,-79.5458],[-67.6484,-79.537]]],[[[-67.1625,-79.3938],[-67.1562,-79.4479],[-67.0604,-79.4354],[-67.0818,-79.4068],[-67.1625,-79.3938]]],[[[-67.4672,-79.1943],[-67.6312,-79.1937],[-67.6625,-79.2021],[-67.9161,-79.213],[-68.1099,-79.2443],[-68.1047,-79.262],[-68.2333,-79.2917],[-68.3625,-79.3],[-68.3042,-79.3208],[-68.1188,-79.2917],[-68.0125,-79.2875],[-67.7833,-79.2896],[-67.7,-79.3021],[-67.5625,-79.2979],[-67.4693,-79.3047],[-67.6521,-79.3458],[-67.8396,-79.3562],[-67.9313,-79.3688],[-68.0542,-79.3688],[-68.4458,-79.3896],[-68.5828,-79.437],[-68.4729,-79.4437],[-68.4271,-79.4667],[-68.3458,-79.4792],[-68.1687,-79.4771],[-68.0771,-79.4958],[-67.9708,-79.4854],[-67.7229,-79.4896],[-67.675,-79.5062],[-67.4875,-79.5],[-67.3521,-79.4854],[-67.3078,-79.4495],[-67.3146,-79.425],[-67.4208,-79.4229],[-67.5057,-79.4016],[-67.3792,-79.3333],[-67.2438,-79.3042],[-67.1979,-79.3146],[-67.0526,-79.2609],[-67.1562,-79.2542],[-67.4672,-79.1943]]],[[[-67.6891,-79.1297],[-67.9708,-79.1375],[-68.0167,-79.15],[-68.225,-79.1625],[-68.1958,-79.1813],[-68.0875,-79.1854],[-67.9375,-79.1729],[-67.8542,-79.1438],[-67.7542,-79.1583],[-67.6104,-79.1396],[-67.6891,-79.1297]]],[[[-67.1854,-68.1312],[-67.2187,-68.1271],[-67.2578,-68.1453],[-67.2453,-68.1682],[-67.1875,-68.1708],[-67.1354,-68.1354],[-67.1854,-68.1312]]],[[[-66.8766,-67.862],[-66.9021,-67.8479],[-67.0411,-67.8609],[-67.0104,-67.8792],[-66.9396,-67.8875],[-66.8646,-67.8792],[-66.8766,-67.862]]],[[[-67.1979,-67.7917],[-67.2438,-67.7896],[-67.275,-67.8083],[-67.238,-67.8255],[-67.2443,-67.8495],[-67.2849,-67.8588],[-67.2807,-67.8912],[-67.2292,-67.8938],[-67.1646,-67.8792],[-67.1005,-67.8495],[-67.0859,-67.8297],[-67.1484,-67.7963],[-67.1979,-67.7917]]],[[[-67.4125,-67.5896],[-67.4563,-67.5854],[-67.5229,-67.6],[-67.5729,-67.6],[-67.6703,-67.6276],[-67.7193,-67.6536],[-67.7662,-67.6651],[-67.7849,-67.6953],[-67.7354,-67.7042],[-67.6828,-67.6797],[-67.6338,-67.6849],[-67.6672,-67.7099],[-67.7495,-67.7276],[-67.737,-67.7495],[-67.662,-67.7766],[-67.6104,-67.7854],[-67.5682,-67.7786],[-67.5083,-67.7875],[-67.4354,-67.7854],[-67.3995,-67.7651],[-67.2963,-67.7391],[-67.3161,-67.7141],[-67.2578,-67.7005],[-67.2432,-67.6776],[-67.1214,-67.6453],[-67.1359,-67.6109],[-67.2521,-67.5896],[-67.2979,-67.5917],[-67.3271,-67.6083],[-67.3912,-67.6078],[-67.4125,-67.5896]]],[[[-66.9167,-67.5083],[-67.0141,-67.5318],[-67.1542,-67.5833],[-67.1521,-67.5958],[-67.0625,-67.5979],[-67.0292,-67.5813],[-66.9625,-67.5896],[-66.9286,-67.563],[-66.8917,-67.5583],[-66.85,-67.5333],[-66.85,-67.5125],[-66.9167,-67.5083]]],[[[-67.063,-67.5005],[-67.1188,-67.5271],[-67.1813,-67.5354],[-67.2078,-67.5516],[-67.1484,-67.5745],[-67.1036,-67.5443],[-67.038,-67.5162],[-67.063,-67.5005]]],[[[-67.6328,-67.3349],[-67.6068,-67.3161],[-67.6229,-67.3],[-67.6854,-67.3229],[-67.7161,-67.3234],[-67.7474,-67.362],[-67.725,-67.3729],[-67.6526,-67.3516],[-67.6328,-67.3349]]],[[[-67.6146,-67.2],[-67.7203,-67.2234],[-67.7682,-67.2422],[-67.812,-67.2703],[-67.7854,-67.2833],[-67.6917,-67.2792],[-67.5797,-67.2161],[-67.6146,-67.2]]],[[[-66.8229,-67.225],[-66.85,-67.2083],[-66.9042,-67.2292],[-66.8375,-67.2438],[-66.8229,-67.225]]],[[[-67.5536,-67.0568],[-67.6099,-67.0463],[-67.6338,-67.0766],[-67.6338,-67.1036],[-67.6828,-67.1286],[-67.6396,-67.1417],[-67.5713,-67.1328],[-67.538,-67.1057],[-67.5536,-67.0568]]],[[[-67.675,-66.6271],[-67.8646,-66.625],[-67.9161,-66.6359],[-67.9193,-66.6495],[-67.9708,-66.675],[-68.0766,-66.713],[-68.0979,-66.7271],[-68.1917,-66.7417],[-68.2708,-66.7604],[-68.3245,-66.7859],[-68.3297,-66.8036],[-68.3932,-66.8255],[-68.4151,-66.8495],[-68.4724,-66.8693],[-68.4943,-66.9286],[-68.562,-66.9463],[-68.5818,-66.9828],[-68.6495,-67.038],[-68.6651,-67.0724],[-68.7099,-67.1005],[-68.7151,-67.1182],[-68.7703,-67.1651],[-68.7917,-67.2042],[-68.7797,-67.2203],[-68.8307,-67.2484],[-68.8193,-67.2641],[-68.8849,-67.2859],[-68.8979,-67.3125],[-69.0036,-67.3464],[-69.1432,-67.4526],[-69.1464,-67.4807],[-69.1958,-67.5354],[-69.1661,-67.5828],[-69.1005,-67.6151],[-69.1146,-67.6333],[-69.0693,-67.6401],[-69.0787,-67.6578],[-69.0021,-67.6667],[-68.9745,-67.6932],[-68.9276,-67.6963],[-68.9396,-67.7208],[-68.8938,-67.7646],[-68.8479,-67.7521],[-68.7292,-67.7479],[-68.6161,-67.7245],[-68.5568,-67.7432],[-68.4974,-67.6922],[-68.4047,-67.6536],[-68.4016,-67.6214],[-68.4286,-67.563],[-68.3979,-67.5521],[-68.3104,-67.5396],[-68.2807,-67.5172],[-68.2214,-67.5203],[-68.237,-67.5391],[-68.1542,-67.5667],[-68.0526,-67.5203],[-68.0307,-67.4818],[-67.9766,-67.4589],[-67.9453,-67.4193],[-67.9422,-67.3984],[-68.0667,-67.3917],[-68.1062,-67.3833],[-68.1562,-67.3875],[-68.2479,-67.3792],[-68.25,-67.3625],[-68.188,-67.3495],[-68.1786,-67.3359],[-68.1021,-67.3146],[-67.9755,-67.2974],[-67.9745,-67.2484],[-67.8583,-67.2333],[-67.8411,-67.1859],[-67.7562,-67.1813],[-67.6859,-67.162],[-67.6755,-67.1464],[-67.7667,-67.1354],[-67.7922,-67.088],[-67.8755,-67.0589],[-67.9479,-67.0542],[-67.9193,-66.9964],[-68.0245,-66.9453],[-68.013,-66.9203],[-67.9734,-66.8838],[-67.9911,-66.8745],[-67.9458,-66.8167],[-67.9167,-66.8063],[-67.8688,-66.8125],[-67.8213,-66.8016],[-67.8328,-66.7776],[-67.738,-66.7578],[-67.7557,-66.7411],[-67.737,-66.7255],[-67.6693,-66.7068],[-67.6766,-66.6922],[-67.6562,-66.6438],[-67.675,-66.6271]]],[[[-64.7214,-67.5984],[-64.7646,-67.6188],[-64.8057,-67.6161],[-64.8604,-67.5979],[-64.9255,-67.6068],[-64.9359,-67.6474],[-64.8833,-67.6604],[-64.8641,-67.6422],[-64.8104,-67.6438],[-64.7693,-67.6338],[-64.7516,-67.6745],[-64.7208,-67.675],[-64.663,-67.6536],[-64.6193,-67.6536],[-64.5651,-67.613],[-64.7214,-67.5984]]],[[[-73.7464,-73.3568],[-73.7932,-73.3547],[-73.8328,-73.3932],[-73.7401,-73.3786],[-73.7464,-73.3568]]],[[[-73.6682,-73.0911],[-73.7354,-73.0875],[-73.8146,-73.1104],[-73.8828,-73.1172],[-73.9016,-73.1495],[-73.863,-73.1911],[-74.062,-73.2224],[-74.0068,-73.2422],[-74.0167,-73.2542],[-74.1516,-73.2776],[-74.1557,-73.3182],[-74.0787,-73.3474],[-74.0891,-73.3682],[-74.0354,-73.4042],[-73.9776,-73.4016],[-74.0042,-73.3729],[-73.8833,-73.3729],[-73.8588,-73.3453],[-73.7729,-73.3271],[-73.7453,-73.2943],[-73.688,-73.2766],[-73.7016,-73.213],[-73.6417,-73.2104],[-73.5964,-73.1911],[-73.5443,-73.1234],[-73.6354,-73.0917],[-73.6682,-73.0911]]],[[[-71.9313,-73.1854],[-72.0875,-73.1875],[-72.1167,-73.2063],[-72.0542,-73.2354],[-71.8354,-73.2354],[-71.7943,-73.2203],[-71.8146,-73.2042],[-71.9313,-73.1854]]],[[[-75.3583,-72.8167],[-75.4432,-72.8234],[-75.4755,-72.8516],[-75.5437,-72.85],[-75.5979,-72.8771],[-75.7479,-72.8812],[-75.7724,-72.9078],[-75.5672,-72.9641],[-75.5604,-72.9833],[-75.5021,-72.9896],[-75.3229,-72.9812],[-75.1458,-73.0146],[-75.0563,-73.0271],[-75.0833,-73.0521],[-75.2708,-73.0437],[-75.4167,-73.0437],[-75.4661,-73.0505],[-75.4682,-73.0787],[-75.4068,-73.1026],[-75.4354,-73.1104],[-75.5182,-73.1016],[-75.5583,-73.0854],[-75.7521,-73.0479],[-75.8557,-73.0463],[-75.8625,-73.0604],[-76.0036,-73.0672],[-76.0724,-73.0797],[-76.0682,-73.0922],[-76.1161,-73.1276],[-76.1286,-73.1578],[-76.0651,-73.1943],[-76.0474,-73.2766],[-75.9537,-73.3245],[-75.7625,-73.3938],[-75.6854,-73.3979],[-75.6125,-73.4292],[-75.5458,-73.4292],[-75.4854,-73.45],[-75.3984,-73.4547],[-75.2937,-73.4792],[-75.2338,-73.4818],[-75.1917,-73.5042],[-75.1276,-73.5109],[-75.0813,-73.5375],[-74.9938,-73.5542],[-74.9271,-73.5542],[-74.8333,-73.5729],[-74.7229,-73.5813],[-74.65,-73.6146],[-74.5646,-73.6208],[-74.4755,-73.5974],[-74.4411,-73.5505],[-74.3734,-73.5057],[-74.3891,-73.4818],[-74.3588,-73.462],[-74.4641,-73.4245],[-74.4734,-73.4005],[-74.5432,-73.3891],[-74.5068,-73.3641],[-74.5297,-73.3213],[-74.5729,-73.3104],[-74.7125,-73.3083],[-74.7458,-73.2875],[-74.5771,-73.275],[-74.4859,-73.2286],[-74.4891,-73.1984],[-74.4599,-73.1797],[-74.3984,-73.1682],[-74.3771,-73.1],[-74.3453,-73.0693],[-74.3068,-73.0578],[-74.2932,-73.0318],[-74.2276,-73.0036],[-74.2193,-72.9755],[-74.2714,-72.9359],[-74.3542,-72.9125],[-74.5188,-72.8875],[-74.6958,-72.8667],[-74.7625,-72.8729],[-74.8875,-72.8625],[-75.0104,-72.8583],[-75.0667,-72.8333],[-75.3583,-72.8167]]],[[[-90.2849,-73.1036],[-90.3104,-73.1312],[-90.1943,-73.1245],[-90.2849,-73.1036]]],[[[-97.0687,-73.0208],[-97.2266,-73.0234],[-97.1979,-73.0458],[-97.0521,-73.0354],[-97.0687,-73.0208]]],[[[-97.5953,-73.0141],[-97.675,-73.0104],[-97.6792,-73.0375],[-97.5979,-73.0375],[-97.5953,-73.0141]]],[[[-96.3786,-72.9964],[-96.4938,-72.9938],[-96.5188,-73.0146],[-96.4333,-73.0167],[-96.3875,-73.0083],[-95.1609,-73.0078],[-95.1625,-73.0062],[-96.3792,-73.0062],[-96.3786,-72.9964]]],[[[-89.8021,-72.8521],[-89.8542,-72.8479],[-89.8859,-72.8661],[-89.9068,-72.9203],[-89.9318,-72.9432],[-90.087,-72.9891],[-90.1312,-72.9542],[-90.1875,-72.9333],[-90.2521,-72.9354],[-90.3287,-72.9672],[-90.3339,-73.0162],[-90.2922,-73.0359],[-90.2849,-73.0578],[-90.2083,-73.0729],[-90.1625,-73.0917],[-90.0583,-73.0917],[-90.0807,-73.0672],[-90.0125,-73.0583],[-89.9333,-73.0792],[-89.8625,-73.0792],[-89.7958,-73.0917],[-89.7354,-73.0917],[-89.5463,-73.0599],[-89.5599,-73.0339],[-89.5109,-73.0057],[-89.4891,-72.9755],[-89.425,-72.9542],[-89.3458,-72.9458],[-89.3276,-72.9307],[-89.3771,-72.9062],[-89.5229,-72.8833],[-89.7667,-72.8688],[-89.8021,-72.8521]]],[[[-90.2495,-72.8891],[-90.3292,-72.8812],[-90.3229,-72.9104],[-90.2495,-72.8891]]],[[[-93.8922,-72.8339],[-94.0229,-72.8333],[-94.1021,-72.8417],[-94.1286,-72.8703],[-93.9521,-72.9125],[-93.7604,-72.9292],[-93.7297,-72.9057],[-93.738,-72.8807],[-93.8922,-72.8339]]],[[[-91.1396,-72.5312],[-91.2417,-72.5292],[-91.3458,-72.5375],[-91.3854,-72.5521],[-91.4687,-72.5521],[-91.6078,-72.5713],[-91.6786,-72.6203],[-91.6088,-72.6547],[-91.5943,-72.687],[-91.6078,-72.7224],[-91.5891,-72.7599],[-91.4651,-72.8109],[-91.338,-72.8943],[-91.3964,-72.937],[-91.4516,-72.9516],[-91.4641,-72.9786],[-91.4463,-73.012],[-91.4724,-73.0422],[-91.4672,-73.0787],[-91.4891,-73.0943],[-91.4964,-73.1536],[-91.5266,-73.1901],[-91.4687,-73.2042],[-91.3938,-73.2042],[-91.1208,-73.1646],[-91.0146,-73.1417],[-90.9359,-73.1141],[-90.888,-73.087],[-90.9057,-73.0568],[-90.8292,-73.05],[-90.7859,-72.9964],[-90.7089,-72.9453],[-90.7349,-72.8984],[-90.7172,-72.8755],[-90.7359,-72.8339],[-90.7833,-72.8146],[-90.8995,-72.8203],[-90.7901,-72.7766],[-90.7484,-72.7411],[-90.7693,-72.6464],[-90.8328,-72.6078],[-90.8375,-72.5833],[-90.8729,-72.5667],[-90.9729,-72.5521],[-91.0771,-72.5479],[-91.1396,-72.5312]]],[[[-97.9563,-72.6604],[-98.0667,-72.6625],[-98.1255,-72.6932],[-98.0958,-72.7042],[-97.9812,-72.7167],[-97.8396,-72.7167],[-97.7526,-72.6891],[-97.8542,-72.6625],[-97.9563,-72.6604]]],[[[-70.5396,-72.2229],[-70.5979,-72.2208],[-70.6453,-72.2422],[-70.6495,-72.262],[-70.5437,-72.2771],[-70.4109,-72.237],[-70.5396,-72.2229]]],[[[-93.15,-72.55],[-93.2583,-72.55],[-93.3333,-72.5646],[-93.3771,-72.6229],[-93.2932,-72.6412],[-93.2208,-72.6396],[-93.1276,-72.5932],[-93.1088,-72.563],[-93.15,-72.55]]],[[[-94.4979,-72.4771],[-94.6417,-72.4896],[-94.663,-72.5078],[-94.7875,-72.525],[-94.8437,-72.5396],[-94.8979,-72.5396],[-95.0604,-72.5729],[-95.1312,-72.5771],[-95.2042,-72.6],[-95.2745,-72.6516],[-95.2271,-72.6708],[-95.1625,-72.6646],[-95.0208,-72.6646],[-94.8958,-72.6562],[-94.8458,-72.6417],[-94.7271,-72.6271],[-94.4375,-72.6188],[-94.4005,-72.6099],[-94.4734,-72.5391],[-94.512,-72.5162],[-94.4776,-72.4974],[-94.4979,-72.4771]]],[[[-98.6922,-71.7255],[-98.7401,-71.7307],[-98.8271,-71.7604],[-98.8708,-71.7646],[-98.9182,-71.788],[-98.9109,-71.8245],[-98.9396,-71.8375],[-99.0333,-71.8542],[-99.1391,-71.8922],[-99.1438,-71.9187],[-99.075,-71.9146],[-99.0828,-71.937],[-99.0292,-71.9542],[-98.9583,-71.9583],[-98.8562,-71.9875],[-98.7943,-71.9943],[-98.6849,-72.0703],[-98.6401,-72.0859],[-98.6479,-72.1042],[-98.7583,-72.1104],[-98.8521,-72.0792],[-98.9354,-72.0854],[-99.0375,-72.0813],[-99.0255,-72.063],[-99.2193,-72.0005],[-99.4812,-71.9417],[-99.5896,-71.9375],[-99.6578,-71.9505],[-99.6646,-71.9792],[-99.7016,-71.9964],[-99.6979,-72.0333],[-99.7536,-72.0401],[-99.7854,-72.0646],[-99.8437,-72.0625],[-99.9286,-72.0463],[-99.8776,-72.0099],[-99.8776,-71.9901],[-99.9979,-71.9667],[-100.1312,-71.9646],[-100.2208,-71.9875],[-100.275,-71.9812],[-100.4,-72.0021],[-100.4479,-71.9979],[-100.3833,-71.9563],[-100.1917,-71.9458],[-100.075,-71.9146],[-100.0083,-71.9313],[-99.9458,-71.9313],[-99.963,-71.8755],[-100.0182,-71.862],[-100.0401,-71.8359],[-100.15,-71.8229],[-100.2833,-71.8313],[-100.4016,-71.8714],[-100.4213,-71.8995],[-100.5021,-71.9021],[-100.5458,-71.9125],[-100.6375,-71.8792],[-100.7,-71.875],[-100.7562,-71.8958],[-100.85,-71.8833],[-100.9979,-71.8958],[-101.0937,-71.8771],[-101.2167,-71.8917],[-101.2521,-71.9083],[-101.3125,-71.9146],[-101.4104,-71.8958],[-101.4521,-71.8958],[-101.5453,-71.913],[-101.5646,-71.925],[-101.7667,-71.925],[-101.8604,-71.9375],[-101.9271,-71.9646],[-102.0104,-71.9687],[-102.0771,-71.9896],[-102.1771,-72.0042],[-102.225,-72.0042],[-102.2995,-72.0276],[-102.3432,-72.087],[-102.2646,-72.1396],[-102.1958,-72.1417],[-102.0771,-72.1771],[-101.9208,-72.1979],[-101.8089,-72.1953],[-101.7521,-72.1875],[-101.7307,-72.163],[-101.5958,-72.1958],[-101.4875,-72.1896],[-101.4187,-72.2083],[-101.2396,-72.2271],[-101.175,-72.2083],[-101.1229,-72.225],[-101.0271,-72.2271],[-100.9958,-72.2354],[-100.6687,-72.2438],[-100.6438,-72.2354],[-100.5542,-72.2458],[-100.4875,-72.2458],[-100.4208,-72.2562],[-100.3521,-72.2937],[-100.3104,-72.2979],[-100.1708,-72.2625],[-100.1182,-72.3016],[-100.0521,-72.3229],[-99.9792,-72.3333],[-99.8922,-72.3318],[-99.8104,-72.3604],[-99.625,-72.3646],[-99.5875,-72.3562],[-99.4625,-72.3542],[-99.3958,-72.3625],[-99.2312,-72.3646],[-99.2047,-72.3932],[-99.2958,-72.4062],[-99.4495,-72.4432],[-99.4682,-72.4682],[-99.4354,-72.4854],[-99.3667,-72.4771],[-99.2896,-72.4812],[-99.2229,-72.4687],[-99.1146,-72.4729],[-98.9021,-72.4625],[-98.7604,-72.4708],[-98.5625,-72.4583],[-98.5713,-72.5078],[-98.6578,-72.5516],[-98.4083,-72.5792],[-98.2312,-72.5771],[-98.2083,-72.5833],[-98.0979,-72.575],[-97.9875,-72.5604],[-97.8771,-72.5625],[-97.7854,-72.5521],[-97.6937,-72.5521],[-97.6396,-72.5354],[-97.5375,-72.5437],[-97.5021,-72.5229],[-97.4104,-72.5354],[-97.4,-72.5167],[-97.2979,-72.5312],[-97.1979,-72.5062],[-97.1995,-72.5453],[-97.1333,-72.5646],[-96.9542,-72.5792],[-96.7854,-72.5729],[-96.7724,-72.5359],[-96.7042,-72.5021],[-96.6693,-72.5151],[-96.6547,-72.5495],[-96.6062,-72.5687],[-96.3812,-72.5687],[-96.2479,-72.5625],[-96.1854,-72.5771],[-96.0458,-72.5646],[-95.9729,-72.5667],[-95.9359,-72.5557],[-95.9359,-72.5339],[-95.9807,-72.512],[-95.9547,-72.4901],[-96.0021,-72.4646],[-96.0995,-72.4589],[-96.0271,-72.4333],[-95.9167,-72.4396],[-95.7625,-72.4396],[-95.5958,-72.4042],[-95.5354,-72.4042],[-95.4646,-72.375],[-95.4151,-72.3641],[-95.4125,-72.3354],[-95.5583,-72.3083],[-95.65,-72.3083],[-95.8146,-72.3187],[-95.8875,-72.2875],[-95.9646,-72.2771],[-96.0958,-72.2688],[-96.1396,-72.2583],[-96.2354,-72.2729],[-96.3104,-72.275],[-96.3688,-72.2917],[-96.4036,-72.2797],[-96.3458,-72.2542],[-96.2479,-72.2396],[-96.0646,-72.2396],[-95.9896,-72.2187],[-95.9146,-72.2167],[-95.8146,-72.2396],[-95.6729,-72.2354],[-95.6599,-72.2172],[-95.5026,-72.1568],[-95.5375,-72.1417],[-95.6229,-72.1333],[-95.7182,-72.1036],[-95.6813,-72.0875],[-95.5922,-72.0766],[-95.6292,-72.0583],[-95.6896,-72.0625],[-95.7583,-72.05],[-95.8266,-72.0713],[-95.8641,-72.0943],[-95.8693,-72.1182],[-95.9313,-72.1396],[-96.0604,-72.1604],[-96.1625,-72.1646],[-96.3146,-72.1896],[-96.3896,-72.1896],[-96.5583,-72.2063],[-96.5755,-72.2318],[-96.6896,-72.25],[-96.75,-72.25],[-96.7729,-72.2333],[-96.9229,-72.2375],[-96.9995,-72.2099],[-96.9479,-72.1896],[-96.8708,-72.175],[-96.6208,-72.1021],[-96.563,-72.1057],[-96.3917,-72.0667],[-96.3943,-72.0422],[-96.4917,-72.0188],[-96.4896,-72.0021],[-96.3875,-72.0062],[-96.3333,-72.0208],[-96.2083,-72.0208],[-96.1333,-72.0062],[-96.1005,-71.9891],[-96.1078,-71.9516],[-96.0891,-71.9339],[-96.0943,-71.8838],[-96.2583,-71.8417],[-96.3792,-71.8313],[-96.4979,-71.8396],[-96.5833,-71.8562],[-96.6333,-71.875],[-96.7708,-71.8667],[-96.8,-71.8458],[-96.8896,-71.8229],[-97.0432,-71.8484],[-97.0443,-71.8703],[-97.087,-71.888],[-97.0776,-71.9286],[-97.1391,-72.013],[-97.1255,-72.0307],[-97.2266,-72.0839],[-97.2318,-72.1245],[-97.3578,-72.1901],[-97.3729,-72.2146],[-97.4745,-72.2182],[-97.438,-72.1922],[-97.4953,-72.1786],[-97.5411,-72.1526],[-97.5151,-72.1359],[-97.6141,-72.0922],[-97.5667,-72.075],[-97.3734,-72.0328],[-97.3734,-71.9776],[-97.4771,-71.9542],[-97.5437,-71.9583],[-97.6141,-71.9516],[-97.5708,-71.9292],[-97.4812,-71.9146],[-97.5375,-71.9],[-97.5958,-71.9],[-97.6708,-71.8667],[-97.75,-71.8646],[-97.887,-71.9026],[-97.8641,-71.9286],[-97.8255,-71.9422],[-97.8536,-71.9693],[-97.8641,-72.0318],[-97.8432,-72.062],[-97.7672,-72.0797],[-97.7484,-72.1109],[-97.788,-72.1516],[-97.8667,-72.1729],[-97.9437,-72.1729],[-97.8505,-72.1172],[-97.9354,-72.0979],[-98.0104,-72.0958],[-98.112,-72.0734],[-98.1516,-72.0859],[-98.2109,-72.1224],[-98.3042,-72.1604],[-98.3516,-72.1568],[-98.288,-72.1099],[-98.2807,-72.0734],[-98.2338,-72.0339],[-98.2891,-71.9766],[-98.1422,-71.9661],[-97.9922,-71.8786],[-97.9818,-71.8588],[-98.0667,-71.8479],[-98.1521,-71.8292],[-98.2104,-71.8292],[-98.2354,-71.8146],[-98.3224,-71.7974],[-98.35,-71.7792],[-98.4396,-71.7604],[-98.5125,-71.7646],[-98.5854,-71.7542],[-98.5875,-71.7417],[-98.7057,-71.7432],[-98.6922,-71.7255]]],[[[-71.0766,-70.9266],[-71.1516,-70.9359],[-71.1667,-70.9667],[-71.1062,-70.9667],[-71.0255,-70.9391],[-71.0766,-70.9266]]],[[[-74.0437,-70.5458],[-74.1286,-70.5484],[-74.1443,-70.5787],[-74.1182,-70.6349],[-74.1604,-70.6542],[-74.2193,-70.6151],[-74.2896,-70.6042],[-74.3646,-70.5771],[-74.4667,-70.5771],[-74.4958,-70.6083],[-74.4609,-70.6495],[-74.4828,-70.7182],[-74.4693,-70.7536],[-74.5917,-70.7958],[-74.6234,-70.7193],[-74.6776,-70.688],[-74.7828,-70.6432],[-74.8026,-70.6151],[-74.8667,-70.5875],[-74.9542,-70.5833],[-75.0224,-70.5984],[-75.0391,-70.6224],[-75.0193,-70.6391],[-75.0463,-70.712],[-75.1776,-70.7724],[-75.2562,-70.7896],[-75.3667,-70.7896],[-75.4625,-70.8042],[-75.5563,-70.8],[-75.7187,-70.8021],[-75.8896,-70.8104],[-75.9583,-70.8187],[-76.2266,-70.8755],[-76.3187,-70.8896],[-76.3646,-70.9042],[-76.4479,-70.9167],[-76.537,-70.9547],[-76.5432,-70.9703],[-76.5047,-70.9984],[-76.5224,-71.0068],[-76.4818,-71.0359],[-76.4911,-71.0641],[-76.4286,-71.0974],[-76.3542,-71.1208],[-76.2833,-71.1292],[-76.1604,-71.1292],[-75.8167,-71.0979],[-75.7083,-71.0917],[-75.6167,-71.0937],[-75.5146,-71.0813],[-75.4458,-71.0792],[-75.3792,-71.0542],[-75.25,-71.0354],[-74.975,-71.0188],[-74.8708,-71.0229],[-74.7958,-71.0104],[-74.6813,-71.0083],[-74.6057,-70.9943],[-74.4646,-70.9917],[-74.3979,-70.9729],[-74.3063,-70.9667],[-74.1167,-70.8979],[-74.0104,-70.8729],[-73.9187,-70.8646],[-73.9099,-70.8547],[-73.7083,-70.8063],[-73.5401,-70.7432],[-73.5318,-70.7203],[-73.5505,-70.6901],[-73.7099,-70.637],[-73.8292,-70.5833],[-73.9437,-70.5563],[-74.0437,-70.5458]]],[[[-70.4333,-68.7833],[-70.5708,-68.8146],[-70.7833,-68.8063],[-70.8083,-68.8167],[-70.8958,-68.8229],[-70.95,-68.8521],[-71.0396,-68.8667],[-71.1188,-68.8604],[-71.1583,-68.8479],[-71.3417,-68.8562],[-71.4938,-68.8479],[-71.5995,-68.8714],[-71.6583,-68.9062],[-71.85,-68.9333],[-71.9537,-68.938],[-72.0068,-68.9609],[-72.0214,-68.9932],[-72.1078,-69.0172],[-72.1464,-69.0474],[-72.187,-69.0568],[-72.2125,-69.0854],[-72.138,-69.1338],[-72.1099,-69.1609],[-72.1412,-69.1797],[-72.1333,-69.2083],[-72.1536,-69.2255],[-72.1328,-69.2432],[-72.0667,-69.2583],[-72.0401,-69.2932],[-72.0729,-69.3167],[-71.9375,-69.3187],[-71.9396,-69.3437],[-71.8625,-69.3479],[-71.8453,-69.3641],[-71.7937,-69.375],[-71.7229,-69.375],[-71.6807,-69.4026],[-71.6661,-69.4349],[-71.6214,-69.4505],[-71.6818,-69.4776],[-71.688,-69.5266],[-71.7453,-69.5609],[-71.7536,-69.6245],[-71.7255,-69.6359],[-71.7786,-69.6505],[-71.8042,-69.6729],[-71.8938,-69.6792],[-71.9062,-69.7229],[-71.863,-69.7422],[-71.8849,-69.7766],[-71.8401,-69.7943],[-71.8568,-69.862],[-71.9047,-69.8838],[-71.9005,-69.9245],[-71.9286,-69.9526],[-71.8354,-70],[-71.8328,-70.0162],[-71.6312,-70.0896],[-71.5729,-70.1],[-71.4792,-70.1062],[-71.4687,-70.1188],[-71.4021,-70.1229],[-71.3891,-70.1412],[-71.3208,-70.1771],[-71.2792,-70.1833],[-71.1604,-70.1813],[-71.0964,-70.2026],[-71.0651,-70.2266],[-70.9958,-70.2042],[-70.938,-70.2203],[-70.8828,-70.1818],[-70.7922,-70.1589],[-70.8057,-70.1359],[-70.7458,-70.1167],[-70.675,-70.1146],[-70.588,-70.1422],[-70.5458,-70.1646],[-70.3917,-70.1687],[-70.2771,-70.1583],[-70.2708,-70.15],[-70.1713,-70.1453],[-70.1713,-70.1724],[-70.2438,-70.1854],[-70.2536,-70.2057],[-70.2292,-70.2354],[-70.1062,-70.2417],[-70.0125,-70.2646],[-69.963,-70.2568],[-69.9062,-70.2896],[-69.7922,-70.3172],[-69.7167,-70.3479],[-69.5984,-70.3714],[-69.5833,-70.4208],[-69.6438,-70.4313],[-69.7083,-70.4313],[-69.8208,-70.3896],[-69.9036,-70.3766],[-69.9563,-70.3479],[-70.0542,-70.3292],[-70.1703,-70.3193],[-70.2,-70.3521],[-70.2542,-70.3646],[-70.3729,-70.375],[-70.4229,-70.3938],[-70.5062,-70.4062],[-70.6,-70.3958],[-70.6854,-70.4021],[-70.8479,-70.4292],[-70.8812,-70.4437],[-70.9812,-70.45],[-71.0162,-70.4672],[-71.0391,-70.5234],[-71.0734,-70.5661],[-71.1422,-70.5911],[-71.1917,-70.5917],[-71.1984,-70.6141],[-71.2349,-70.6234],[-71.263,-70.6786],[-71.2318,-70.6901],[-71.2099,-70.7453],[-71.1646,-70.7583],[-71.1042,-70.7562],[-70.9146,-70.7792],[-70.8333,-70.8187],[-70.5896,-70.8396],[-70.4542,-70.8042],[-70.2917,-70.8375],[-70.1896,-70.8396],[-70.1479,-70.8583],[-70.0979,-70.8417],[-70.0208,-70.8458],[-69.9167,-70.8812],[-69.8912,-70.8443],[-69.8562,-70.8313],[-69.7818,-70.8526],[-69.7953,-70.8984],[-69.8266,-70.9234],[-69.8474,-70.9703],[-69.8411,-70.9974],[-69.8057,-71.0443],[-69.8474,-71.1318],[-69.8833,-71.1646],[-70.0162,-71.1495],[-70.0443,-71.1109],[-70.0953,-71.087],[-70.1276,-71.0339],[-70.1839,-70.988],[-70.2979,-70.9458],[-70.4292,-70.9458],[-70.4792,-70.9625],[-70.5932,-70.9526],[-70.6318,-70.9786],[-70.7063,-70.9979],[-70.8354,-70.9938],[-70.8917,-71.0042],[-71.0146,-70.9563],[-71.1255,-70.9932],[-71.1917,-70.9792],[-71.2771,-70.9833],[-71.3568,-70.9714],[-71.3516,-71.0099],[-71.3307,-71.0297],[-71.3667,-71.0625],[-71.4213,-71.0911],[-71.4786,-71.1005],[-71.5463,-71.1391],[-71.6083,-71.1562],[-71.7104,-71.15],[-71.7396,-71.1604],[-71.8562,-71.1458],[-71.913,-71.1151],[-72,-71.1167],[-72.0359,-71.0964],[-72.2245,-71.0891],[-72.238,-71.0672],[-72.3458,-71.0521],[-72.4542,-71.0563],[-72.4917,-71.0729],[-72.575,-71.075],[-72.5979,-71.0875],[-72.6833,-71.0687],[-72.7917,-71.0625],[-72.8422,-71.0911],[-72.9313,-71.1021],[-73.0083,-71.0896],[-73.1068,-71.1224],[-73.1224,-71.1474],[-73.0521,-71.1729],[-72.95,-71.225],[-72.6875,-71.2688],[-72.5437,-71.2708],[-72.3313,-71.3042],[-72.275,-71.2979],[-72.1797,-71.3266],[-73.1354,-71.3271],[-73.2104,-71.325],[-73.2979,-71.3125],[-73.4187,-71.3083],[-73.5479,-71.3125],[-73.6125,-71.3208],[-73.6745,-71.3547],[-73.6547,-71.3901],[-73.662,-71.412],[-73.5604,-71.4583],[-73.487,-71.5016],[-73.3651,-71.513],[-73.3479,-71.5458],[-73.4161,-71.5505],[-73.4458,-71.6021],[-73.5042,-71.6062],[-73.5807,-71.5807],[-73.5849,-71.5661],[-73.6687,-71.5312],[-73.7182,-71.5307],[-73.7901,-71.4818],[-73.9083,-71.4417],[-73.9833,-71.425],[-74.0625,-71.3917],[-74.1396,-71.3792],[-74.2646,-71.3792],[-74.3417,-71.3938],[-74.4203,-71.4213],[-74.437,-71.4537],[-74.4109,-71.4703],[-74.4349,-71.4953],[-74.3797,-71.5359],[-74.3974,-71.587],[-74.2755,-71.6359],[-74.2776,-71.6578],[-74.3271,-71.6625],[-74.3807,-71.6828],[-74.4271,-71.6604],[-74.5292,-71.6458],[-74.6438,-71.6479],[-74.7026,-71.6068],[-74.7557,-71.5828],[-74.8125,-71.5396],[-74.9187,-71.5229],[-75.0958,-71.5292],[-75.1995,-71.5839],[-75.2026,-71.6057],[-75.3125,-71.6125],[-75.3807,-71.6297],[-75.4141,-71.6641],[-75.3208,-71.7],[-75.2708,-71.6937],[-75.2234,-71.7078],[-75.2474,-71.7214],[-75.1776,-71.7484],[-75.2557,-71.7662],[-75.2333,-71.7854],[-75.35,-71.7854],[-75.4161,-71.8068],[-75.438,-71.8349],[-75.4307,-71.8766],[-75.4099,-71.9016],[-75.3078,-71.9411],[-75.2583,-71.95],[-75.0312,-72.0271],[-74.8542,-72.0687],[-74.675,-72.0854],[-74.5896,-72.0687],[-74.5292,-72.0708],[-74.5141,-72.0443],[-74.4625,-72.0312],[-74.3625,-72.0354],[-74.2901,-72.0693],[-74.2297,-72.1234],[-74.2224,-72.1432],[-74.1667,-72.1604],[-74.05,-72.1729],[-73.9333,-72.1479],[-73.8458,-72.1438],[-73.8068,-72.1214],[-73.8099,-72.0984],[-73.7521,-72.0771],[-73.6375,-72.0542],[-73.5813,-72.0271],[-73.5068,-72.0162],[-73.5479,-71.9917],[-73.7089,-71.9213],[-73.8089,-71.8818],[-73.8708,-71.8708],[-73.8521,-71.8479],[-73.8,-71.8354],[-73.5917,-71.8458],[-73.4542,-71.8333],[-73.4187,-71.8396],[-73.3063,-71.8958],[-73.2312,-71.9062],[-73.1646,-71.925],[-73.0729,-71.9396],[-72.9583,-71.9271],[-72.8875,-71.9271],[-72.763,-71.8932],[-72.7255,-71.8766],[-72.7005,-71.8391],[-72.7037,-71.8026],[-72.6797,-71.7557],[-72.6849,-71.7338],[-72.6021,-71.7354],[-72.4875,-71.7229],[-72.4422,-71.6963],[-72.4537,-71.663],[-72.3505,-71.6349],[-72.3396,-71.6104],[-72.2484,-71.6203],[-72.262,-71.6432],[-72.0208,-71.7292],[-72.0141,-71.7578],[-71.9563,-71.7562],[-71.9354,-71.7729],[-71.8688,-71.775],[-71.8396,-71.7896],[-71.8229,-71.8542],[-71.862,-71.8651],[-71.85,-71.8938],[-71.7646,-71.8833],[-71.6813,-71.8875],[-71.5563,-71.85],[-71.4229,-71.8354],[-71.3854,-71.8208],[-71.2729,-71.8375],[-71.1542,-71.8979],[-71.1083,-71.9021],[-71.0292,-71.8771],[-70.8938,-71.8688],[-70.8313,-71.8708],[-70.7234,-71.8984],[-70.7682,-71.9339],[-70.738,-71.9641],[-70.7438,-71.9812],[-70.7937,-72],[-71,-72.0312],[-71.0479,-72.0229],[-71.0708,-72.0479],[-71.2297,-72.0547],[-71.3479,-72.0708],[-71.4208,-72.0646],[-71.5188,-72.0667],[-71.6172,-72.0911],[-71.7479,-72.0958],[-71.8542,-72.1104],[-71.9292,-72.1062],[-72.0312,-72.1167],[-72.0557,-72.1526],[-71.9563,-72.1917],[-71.8333,-72.2125],[-71.675,-72.2125],[-71.6932,-72.237],[-71.625,-72.2521],[-71.475,-72.2646],[-71.4479,-72.275],[-71.3458,-72.2625],[-71.2125,-72.2625],[-71.1167,-72.2729],[-70.9854,-72.2417],[-70.925,-72.2396],[-70.9,-72.225],[-70.8104,-72.2187],[-70.737,-72.1776],[-70.6875,-72.1625],[-70.5813,-72.1625],[-70.4667,-72.1521],[-70.4333,-72.1333],[-70.3818,-72.1359],[-70.3641,-72.1661],[-70.313,-72.1839],[-70.2875,-72.2167],[-70.1687,-72.2167],[-70.1234,-72.2359],[-70.1641,-72.2484],[-70.1526,-72.2662],[-70.3708,-72.3042],[-70.5042,-72.3417],[-70.5708,-72.3437],[-70.6286,-72.3578],[-70.6333,-72.3875],[-70.7542,-72.3854],[-70.8917,-72.3938],[-71.0542,-72.3854],[-71.3042,-72.3875],[-71.3417,-72.3812],[-71.6375,-72.3771],[-71.7625,-72.3521],[-71.8542,-72.3521],[-71.9437,-72.3333],[-72.1021,-72.3208],[-72.1412,-72.3359],[-72.1193,-72.3526],[-72.1729,-72.3667],[-72.2474,-72.3411],[-72.2688,-72.3083],[-72.4563,-72.2792],[-72.575,-72.2729],[-72.7208,-72.2729],[-72.7958,-72.2833],[-72.9036,-72.3172],[-72.9151,-72.3328],[-73.0104,-72.3604],[-73.062,-72.3672],[-73.112,-72.388],[-73.1536,-72.4193],[-73.1661,-72.4453],[-73.1224,-72.4703],[-72.9542,-72.5312],[-72.8167,-72.5896],[-72.6604,-72.6104],[-72.6234,-72.5995],[-72.5396,-72.55],[-72.4417,-72.5542],[-72.487,-72.5818],[-72.512,-72.6412],[-72.4812,-72.6583],[-72.3771,-72.6708],[-72.2417,-72.6604],[-72.0563,-72.6375],[-71.8542,-72.6312],[-71.6146,-72.6312],[-71.4396,-72.6354],[-71.3437,-72.6292],[-71.3042,-72.6417],[-70.9979,-72.6479],[-70.9104,-72.6562],[-70.8838,-72.6474],[-70.8682,-72.5984],[-70.8083,-72.5792],[-70.7875,-72.5583],[-70.7417,-72.5563],[-70.6901,-72.6026],[-70.6995,-72.6432],[-70.6849,-72.6661],[-70.55,-72.6687],[-70.5104,-72.6771],[-70.4521,-72.6521],[-70.3896,-72.6417],[-70.1755,-72.6276],[-70.1458,-72.6354],[-69.7833,-72.6062],[-69.7375,-72.6062],[-69.6479,-72.5875],[-69.5771,-72.5896],[-69.4062,-72.5625],[-69.2,-72.5354],[-69.1443,-72.4964],[-69.2141,-72.4703],[-69.2286,-72.4297],[-69.162,-72.4193],[-69.1703,-72.3818],[-69.1208,-72.3688],[-69.0188,-72.3667],[-68.9339,-72.3745],[-68.9026,-72.3401],[-68.912,-72.3036],[-68.8213,-72.287],[-68.7547,-72.2588],[-68.7828,-72.2338],[-68.7375,-72.2146],[-68.6292,-72.2187],[-68.5625,-72.25],[-68.4213,-72.2328],[-68.4042,-72.1958],[-68.4328,-72.1703],[-68.4245,-72.1505],[-68.3714,-72.1078],[-68.3443,-72.0589],[-68.3526,-72.0151],[-68.4266,-71.9891],[-68.4255,-71.9359],[-68.4557,-71.9328],[-68.4792,-71.8958],[-68.3083,-71.8958],[-68.2234,-71.8745],[-68.2224,-71.8078],[-68.1963,-71.7453],[-68.2208,-71.7083],[-68.1958,-71.6646],[-68.2037,-71.6193],[-68.1651,-71.6057],[-68.2078,-71.5641],[-68.2151,-71.4984],[-68.2745,-71.4391],[-68.2641,-71.3505],[-68.2297,-71.3432],[-68.2432,-71.3141],[-68.2458,-71.2521],[-68.2297,-71.213],[-68.2495,-71.1807],[-68.2443,-71.1505],[-68.2932,-71.112],[-68.2755,-71.0672],[-68.3187,-71.0292],[-68.2943,-71.0016],[-68.3047,-70.9443],[-68.3224,-70.9286],[-68.2943,-70.8703],[-68.3109,-70.8443],[-68.3458,-70.8333],[-68.475,-70.8187],[-68.3297,-70.7974],[-68.3526,-70.7714],[-68.3974,-70.7599],[-68.3818,-70.7338],[-68.437,-70.6974],[-68.4339,-70.6547],[-68.4828,-70.6359],[-68.463,-70.6172],[-68.4859,-70.5922],[-68.5891,-70.5536],[-68.5943,-70.5172],[-68.6266,-70.4745],[-68.6234,-70.4484],[-68.6792,-70.4208],[-68.7182,-70.3891],[-68.7214,-70.3443],[-68.7917,-70.2979],[-68.8229,-70.3],[-68.8833,-70.2479],[-69.0057,-70.1911],[-69.013,-70.1776],[-69.0787,-70.1432],[-69.0984,-70.0818],[-69.1682,-70.0453],[-69.1839,-70.0068],[-69.2307,-69.9745],[-69.2338,-69.9443],[-69.2849,-69.9266],[-69.2588,-69.8891],[-69.2609,-69.8609],[-69.312,-69.8391],[-69.3307,-69.7328],[-69.3104,-69.6937],[-69.3354,-69.65],[-69.3193,-69.6234],[-69.4036,-69.5953],[-69.4213,-69.5797],[-69.4807,-69.5682],[-69.4714,-69.5234],[-69.5182,-69.5078],[-69.5474,-69.4766],[-69.5318,-69.4484],[-69.5818,-69.4109],[-69.6266,-69.4057],[-69.7047,-69.313],[-69.9542,-69.3125],[-70.0182,-69.3057],[-70.0255,-69.2922],[-70.0964,-69.2755],[-70.1047,-69.2568],[-70.0672,-69.237],[-70.0557,-69.2089],[-70.0276,-69.1974],[-70.0339,-69.1505],[-70.0911,-69.137],[-70.0599,-69.1026],[-69.9922,-69.0901],[-70.0792,-69.0479],[-70.1021,-68.9938],[-70.063,-68.9786],[-70.0995,-68.9557],[-70.0839,-68.913],[-70.1068,-68.8818],[-70.1979,-68.8417],[-70.2542,-68.8271],[-70.3229,-68.8229],[-70.3797,-68.7963],[-70.4333,-68.7833]]],[[[-71.6995,-70.2662],[-71.7396,-70.2604],[-71.812,-70.288],[-71.7578,-70.3505],[-71.7641,-70.3849],[-71.7042,-70.4292],[-71.6292,-70.4521],[-71.5422,-70.4349],[-71.537,-70.4255],[-71.4339,-70.3953],[-71.4266,-70.3818],[-71.3505,-70.3411],[-71.3213,-70.2963],[-71.3417,-70.2812],[-71.45,-70.2646],[-71.5047,-70.2807],[-71.5724,-70.2797],[-71.6151,-70.3036],[-71.6661,-70.2974],[-71.6995,-70.2662]]],[[[-70.6818,-70.2391],[-70.7245,-70.238],[-70.7724,-70.2724],[-70.7745,-70.3287],[-70.7104,-70.3354],[-70.6589,-70.3182],[-70.638,-70.2984],[-70.6583,-70.2667],[-70.6318,-70.2484],[-70.6818,-70.2391]]],[[[-74.9333,-69.7187],[-74.9708,-69.7146],[-75.1583,-69.7333],[-75.2583,-69.7521],[-75.4187,-69.7625],[-75.4104,-69.7875],[-75.3229,-69.7875],[-75.2724,-69.7953],[-75.2396,-69.8437],[-75.325,-69.8521],[-75.3667,-69.8479],[-75.5583,-69.8521],[-75.6333,-69.8688],[-75.6958,-69.8667],[-75.7359,-69.8974],[-75.7724,-69.9047],[-75.8141,-69.9328],[-75.7943,-69.9807],[-75.8307,-70.013],[-75.8328,-70.0349],[-75.788,-70.0818],[-75.7438,-70.1021],[-75.6646,-70.1188],[-75.5833,-70.1188],[-75.5271,-70.1312],[-75.35,-70.1354],[-75.2812,-70.15],[-75.1083,-70.1583],[-75.0458,-70.1729],[-74.9854,-70.1625],[-74.8354,-70.1625],[-74.7625,-70.1667],[-74.6875,-70.1354],[-74.6172,-70.1245],[-74.5859,-70.0953],[-74.662,-70.0068],[-74.6188,-69.9792],[-74.4917,-69.9875],[-74.4026,-69.9641],[-74.4141,-69.9339],[-74.5276,-69.8838],[-74.5255,-69.8609],[-74.5813,-69.8417],[-74.6625,-69.8271],[-74.7161,-69.8036],[-74.713,-69.7588],[-74.8125,-69.7229],[-74.9333,-69.7187]]],[[[-72.6484,-69.4151],[-72.7667,-69.4104],[-72.8667,-69.4292],[-72.9641,-69.4776],[-72.9854,-69.5146],[-72.9349,-69.5536],[-72.8484,-69.5776],[-72.8557,-69.5932],[-72.8287,-69.6203],[-72.7901,-69.6359],[-72.775,-69.6583],[-72.7146,-69.6562],[-72.6521,-69.675],[-72.5979,-69.6729],[-72.5432,-69.6911],[-72.4917,-69.6854],[-72.4068,-69.6922],[-72.3125,-69.725],[-72.2995,-69.7411],[-72.1896,-69.7438],[-72.1854,-69.6896],[-72.0964,-69.7068],[-72.0505,-69.7338],[-72.0047,-69.7037],[-71.9484,-69.687],[-71.9463,-69.6609],[-72.0104,-69.65],[-72.0375,-69.6354],[-72.1583,-69.6229],[-72.187,-69.6057],[-72.1609,-69.5859],[-72.2911,-69.5328],[-72.3213,-69.4943],[-72.3964,-69.4568],[-72.4812,-69.4437],[-72.5813,-69.4208],[-72.6484,-69.4151]]],[[[-69.7276,-69.287],[-69.7849,-69.2818],[-69.8167,-69.3],[-69.9042,-69.2979],[-69.9141,-69.3099],[-69.7089,-69.3099],[-69.7276,-69.287]]],[[[-68.4542,-69.2],[-68.5516,-69.2037],[-68.4526,-69.2234],[-68.4542,-69.2]]],[[[-66.9542,-66.8958],[-66.9995,-66.8984],[-66.9896,-66.9187],[-66.9339,-66.9161],[-66.9542,-66.8958]]],[[[-67.3792,-66.7312],[-67.4563,-66.7333],[-67.5162,-66.7568],[-67.4964,-66.788],[-67.5068,-66.8099],[-67.5516,-66.8213],[-67.5547,-66.862],[-67.6057,-66.8807],[-67.4729,-66.9125],[-67.3818,-66.9016],[-67.3766,-66.8797],[-67.3042,-66.8771],[-67.2359,-66.837],[-67.2578,-66.8182],[-67.2401,-66.8026],[-67.2891,-66.7828],[-67.2755,-66.7693],[-67.3349,-66.7536],[-67.3792,-66.7312]]],[[[-67.1797,-66.3734],[-67.2,-66.3688],[-67.2724,-66.4005],[-67.2292,-66.4083],[-67.1818,-66.3932],[-67.1797,-66.3734]]],[[[-67.1005,-66.3172],[-67.1474,-66.3213],[-67.1474,-66.3495],[-67.1276,-66.3745],[-67.0458,-66.3729],[-67.0193,-66.3557],[-67.0568,-66.3297],[-67.1005,-66.3172]]],[[[-67.0542,-66.25],[-67.1,-66.2479],[-67.1016,-66.2682],[-67.025,-66.2875],[-66.9542,-66.2937],[-66.8901,-66.2703],[-67.0542,-66.25]]],[[[-66.5958,-66.0687],[-66.6516,-66.0672],[-66.6505,-66.0932],[-66.7266,-66.0953],[-66.7911,-66.1151],[-66.775,-66.1354],[-66.7849,-66.1661],[-66.7568,-66.1797],[-66.7818,-66.2349],[-66.9099,-66.2901],[-66.8958,-66.3167],[-66.8396,-66.325],[-66.8141,-66.3068],[-66.7583,-66.2917],[-66.725,-66.2646],[-66.6797,-66.2495],[-66.6005,-66.2078],[-66.5776,-66.1807],[-66.5922,-66.1526],[-66.6349,-66.1255],[-66.5797,-66.1036],[-66.5651,-66.0672],[-66.5958,-66.0687]]],[[[-65.7396,-65.9542],[-65.8036,-65.9953],[-65.75,-65.9958],[-65.7318,-65.9838],[-65.7396,-65.9542]]],[[[-65.8901,-65.8953],[-65.8943,-65.8755],[-65.987,-65.8922],[-66.0078,-65.9026],[-65.9833,-65.9271],[-65.9458,-65.9229],[-65.8901,-65.8953]]],[[[-65.2833,-65.8313],[-65.3495,-65.8411],[-65.2859,-65.8714],[-65.2932,-65.8912],[-65.2146,-65.9021],[-65.188,-65.8609],[-65.2833,-65.8313]]],[[[-65.7516,-65.5286],[-65.7688,-65.5167],[-65.85,-65.5292],[-65.8979,-65.55],[-65.9641,-65.5484],[-65.9568,-65.5901],[-65.9682,-65.6172],[-66.0062,-65.6562],[-66.0521,-65.6604],[-66.0849,-65.6995],[-66.0432,-65.7401],[-66.0854,-65.7729],[-66.1562,-65.7604],[-66.1932,-65.8297],[-66.1693,-65.8495],[-66.1828,-65.8682],[-66.0833,-65.875],[-66.0583,-65.8646],[-65.9812,-65.8667],[-65.9422,-65.8578],[-65.9062,-65.8354],[-65.8437,-65.8354],[-65.8224,-65.7662],[-65.8609,-65.7214],[-65.9125,-65.7063],[-65.9099,-65.688],[-65.8521,-65.6771],[-65.8021,-65.6875],[-65.7521,-65.6792],[-65.6792,-65.6792],[-65.65,-65.6562],[-65.6807,-65.6297],[-65.6599,-65.613],[-65.6667,-65.5708],[-65.6958,-65.5479],[-65.7516,-65.5286]]],[[[-65.5807,-65.4734],[-65.6109,-65.4672],[-65.675,-65.4896],[-65.5958,-65.5042],[-65.5542,-65.4792],[-65.5807,-65.4734]]],[[[-64.3109,-65.5516],[-64.3271,-65.5396],[-64.3917,-65.5396],[-64.3792,-65.5563],[-64.3109,-65.5516]]],[[[-64.0463,-65.1036],[-64.0911,-65.1047],[-64.1266,-65.1276],[-64.1068,-65.1516],[-64.0463,-65.1036]]],[[[-63.9495,-65.0609],[-64.0099,-65.0693],[-63.988,-65.0995],[-63.9495,-65.0609]]],[[[86.4979,-66.6896],[86.5,-66.6729],[86.4234,-66.6828],[86.4063,-66.6667],[86.3318,-66.6797],[86.2547,-66.7047],[86.2297,-66.7349],[86.2776,-66.7786],[86.3187,-66.7979],[86.4167,-66.7937],[86.5062,-66.7812],[86.5437,-66.7833],[86.5609,-66.7588],[86.6062,-66.7438],[86.6083,-66.7271],[86.55,-66.7104],[86.5458,-66.6917],[86.4979,-66.6896]]],[[[98.6896,-66.3688],[98.6333,-66.3667],[98.5943,-66.3776],[98.5922,-66.4141],[98.6849,-66.4484],[98.6901,-66.4745],[98.7646,-66.4854],[98.8167,-66.4812],[98.9229,-66.4354],[98.9557,-66.413],[98.8964,-66.4036],[98.7813,-66.375],[98.6896,-66.3688]]],[[[85.5839,-66.4286],[85.5458,-66.4229],[85.4646,-66.4313],[85.5479,-66.45],[85.5839,-66.4286]]],[[[162.3297,-66.2578],[162.2859,-66.2536],[162.3318,-66.3255],[162.3422,-66.4245],[162.3797,-66.4599],[162.4432,-66.4838],[162.4464,-66.4974],[162.5391,-66.5234],[162.6286,-66.4651],[162.6042,-66.4625],[162.5276,-66.4161],[162.4995,-66.3797],[162.463,-66.3724],[162.4474,-66.3443],[162.3818,-66.3182],[162.3495,-66.2672],[162.3297,-66.2578]]],[[[97.2479,-66.3375],[97.1542,-66.3354],[97.1,-66.35],[97.0375,-66.3521],[97.0068,-66.3807],[97.0896,-66.4104],[97.1813,-66.4104],[97.2521,-66.4271],[97.3583,-66.4208],[97.4021,-66.4271],[97.4078,-66.4016],[97.3599,-66.3547],[97.3083,-66.3333],[97.2479,-66.3375]]],[[[100.2875,-66.1146],[100.2479,-66.1104],[100.1526,-66.1297],[100.112,-66.1745],[100.0651,-66.1963],[100.0714,-66.2161],[100.1208,-66.2312],[100.1833,-66.2312],[100.25,-66.2146],[100.2688,-66.1729],[100.3125,-66.175],[100.3245,-66.1578],[100.2875,-66.1146]]],[[[96.6703,-66.0484],[96.6542,-66.0375],[96.4896,-66.0417],[96.4339,-66.0526],[96.3651,-66.0859],[96.3214,-66.138],[96.3266,-66.1516],[96.2943,-66.1755],[96.325,-66.1875],[96.3521,-66.2229],[96.55,-66.2187],[96.6083,-66.2083],[96.6854,-66.2167],[96.7854,-66.2146],[96.9458,-66.1958],[97.0141,-66.1724],[97.0495,-66.1453],[97.0026,-66.1203],[96.9953,-66.0922],[96.9521,-66.0646],[96.9042,-66.0521],[96.8583,-66.0625],[96.7729,-66.0625],[96.7146,-66.0708],[96.6703,-66.0484]]],[[[100.8125,-65.7812],[100.7771,-65.7729],[100.6854,-65.7937],[100.6771,-65.7792],[100.5375,-65.775],[100.4568,-65.8089],[100.4516,-65.8245],[100.4047,-65.8464],[100.4229,-65.8688],[100.5083,-65.875],[100.6333,-65.8583],[100.6854,-65.875],[100.8229,-65.8771],[100.9521,-65.8583],[101.0411,-65.8203],[101.0042,-65.7917],[100.9479,-65.7812],[100.8125,-65.7812]]],[[[92.45,-65.6896],[92.3771,-65.6854],[92.3146,-65.6979],[92.263,-65.7214],[92.2297,-65.7557],[92.2505,-65.787],[92.3396,-65.8104],[92.3979,-65.8167],[92.5021,-65.8146],[92.5354,-65.8063],[92.625,-65.8021],[92.6849,-65.7766],[92.6839,-65.7536],[92.6516,-65.7338],[92.5042,-65.7063],[92.45,-65.6896]]],[[[102.9547,-65.562],[102.8797,-65.5724],[102.9229,-65.5875],[102.9661,-65.5828],[102.9547,-65.562]]],[[[100.8313,-65.3833],[100.7333,-65.3812],[100.5875,-65.3958],[100.513,-65.4151],[100.4172,-65.4568],[100.3849,-65.4911],[100.2714,-65.5693],[100.2755,-65.6432],[100.2984,-65.6661],[100.3417,-65.6771],[100.5437,-65.6708],[100.5229,-65.6979],[100.725,-65.7042],[100.8063,-65.6958],[100.9396,-65.6917],[101.0286,-65.6786],[101.0359,-65.6609],[101.1318,-65.613],[101.2021,-65.5875],[101.2286,-65.587],[101.2516,-65.562],[101.2536,-65.4943],[101.2214,-65.4786],[101.1495,-65.4255],[100.9896,-65.3896],[100.8313,-65.3833]]],[[[102.8917,-65.125],[102.7901,-65.1297],[102.7693,-65.1422],[102.7484,-65.1828],[102.7833,-65.2354],[102.9125,-65.2458],[103.0328,-65.2776],[103.1057,-65.3026],[103.1432,-65.3339],[103.1557,-65.3766],[103.1151,-65.4172],[103.1297,-65.4411],[103.1672,-65.4578],[103.2917,-65.4667],[103.412,-65.462],[103.4266,-65.4349],[103.4063,-65.4187],[103.2609,-65.3828],[103.2172,-65.3641],[103.1713,-65.3307],[103.1568,-65.3005],[103.187,-65.2828],[103.1911,-65.2318],[103.1578,-65.2026],[103.1172,-65.1932],[103.0479,-65.1604],[102.8917,-65.125]]],[[[-61.7062,-64.1],[-61.762,-64.1172],[-61.7422,-64.1328],[-61.7349,-64.1661],[-61.6833,-64.175],[-61.6609,-64.1422],[-61.7062,-64.1]]],[[[-60.7854,-63.6729],[-60.787,-63.6911],[-60.7333,-63.7187],[-60.7062,-63.7417],[-60.7958,-63.7521],[-60.8078,-63.787],[-60.7651,-63.8026],[-60.8,-63.8375],[-60.85,-63.8271],[-60.9042,-63.8521],[-60.863,-63.8651],[-60.8776,-63.8932],[-60.8297,-63.9068],[-60.7958,-63.8896],[-60.7505,-63.8859],[-60.7458,-63.9062],[-60.6646,-63.8729],[-60.6437,-63.8542],[-60.712,-63.813],[-60.5896,-63.7125],[-60.6104,-63.6896],[-60.7125,-63.7],[-60.7854,-63.6729]]],[[[-61.8063,-63.9667],[-61.8625,-63.9854],[-61.8979,-63.9833],[-61.9359,-63.9995],[-62.0161,-64.0068],[-62.0234,-64.0432],[-62.0599,-64.0526],[-62.0599,-64.0807],[-62.0104,-64.0771],[-61.9682,-64.0849],[-61.9286,-64.0453],[-61.8859,-64.0349],[-61.8812,-64.0146],[-61.8318,-64.0016],[-61.8063,-63.9667]]],[[[-62.1839,-63.2422],[-62.2599,-63.2786],[-62.238,-63.3286],[-62.2682,-63.3464],[-62.2146,-63.3542],[-62.1604,-63.3521],[-62.0917,-63.3396],[-62.0396,-63.3396],[-62.0062,-63.3521],[-61.9609,-63.3245],[-61.9609,-63.3068],[-62.0036,-63.2974],[-62.0182,-63.2734],[-62.0563,-63.25],[-62.0901,-63.2641],[-62.1578,-63.262],[-62.1839,-63.2422]]],[[[-61.6896,-63.7229],[-61.7234,-63.7422],[-61.7161,-63.7724],[-61.6339,-63.7953],[-61.613,-63.7745],[-61.6255,-63.7297],[-61.6896,-63.7229]]],[[[-59.8161,-63.5453],[-59.8693,-63.562],[-59.8745,-63.587],[-59.825,-63.6],[-59.7833,-63.5958],[-59.7974,-63.5766],[-59.7859,-63.5568],[-59.8161,-63.5453]]],[[[-58.6589,-63.3109],[-58.6813,-63.2979],[-58.7516,-63.3089],[-58.6984,-63.3214],[-58.6589,-63.3109]]],[[[-62.3146,-62.8833],[-62.375,-62.8875],[-62.4979,-62.9042],[-62.5391,-62.9318],[-62.5255,-62.9516],[-62.5745,-62.9651],[-62.5964,-63.0057],[-62.6349,-63.0193],[-62.6359,-63.037],[-62.6786,-63.0547],[-62.6625,-63.0875],[-62.5651,-63.0536],[-62.4089,-62.9703],[-62.3609,-62.937],[-62.3146,-62.8833]]],[[[-60.6063,-62.8937],[-60.6667,-62.8917],[-60.737,-62.9214],[-60.7479,-62.9542],[-60.7245,-62.9911],[-60.6688,-63.0104],[-60.5771,-63.0125],[-60.575,-62.9958],[-60.6167,-62.9917],[-60.7141,-62.9568],[-60.6776,-62.9349],[-60.6333,-62.9229],[-60.6047,-62.9318],[-60.5932,-62.9661],[-60.5234,-62.9849],[-60.5036,-62.962],[-60.5151,-62.9401],[-60.5583,-62.8979],[-60.6063,-62.8937]]],[[[-61.3104,-62.7125],[-61.3703,-62.7255],[-61.3937,-62.7438],[-61.4953,-62.7484],[-61.5203,-62.7755],[-61.5078,-62.8099],[-61.4745,-62.8307],[-61.4396,-62.8375],[-61.388,-62.8328],[-61.2578,-62.7661],[-61.2453,-62.738],[-61.2542,-62.7208],[-61.3104,-62.7125]]],[[[-61.2682,-62.6193],[-61.2729,-62.6417],[-61.2104,-62.6354],[-61.2208,-62.6208],[-61.2682,-62.6193]]],[[[-60.1063,-62.4687],[-60.138,-62.4661],[-60.1792,-62.5042],[-60.2557,-62.5172],[-60.2714,-62.5411],[-60.3229,-62.5625],[-60.3917,-62.55],[-60.475,-62.5729],[-60.5396,-62.5708],[-60.5875,-62.5771],[-60.687,-62.5578],[-60.6818,-62.5359],[-60.7125,-62.4896],[-60.7786,-62.4786],[-60.8224,-62.488],[-60.8432,-62.5391],[-60.8104,-62.55],[-60.8354,-62.5875],[-60.9083,-62.5917],[-60.9729,-62.6125],[-61.0729,-62.6125],[-61.1234,-62.588],[-61.1625,-62.5792],[-61.1937,-62.5896],[-61.1443,-62.6089],[-61.1437,-62.675],[-61.1021,-62.6729],[-61.0641,-62.6568],[-60.9625,-62.6604],[-60.8688,-62.6813],[-60.8063,-62.6708],[-60.7714,-62.6557],[-60.7682,-62.6297],[-60.7333,-62.6125],[-60.6917,-62.6125],[-60.6109,-62.6318],[-60.5875,-62.6458],[-60.5312,-62.6271],[-60.4625,-62.6333],[-60.425,-62.6167],[-60.3479,-62.6083],[-60.3255,-62.6234],[-60.3724,-62.6443],[-60.3625,-62.6562],[-60.4141,-62.6714],[-60.4234,-62.7078],[-60.2964,-62.6818],[-60.337,-62.7318],[-60.3042,-62.7583],[-60.2484,-62.7536],[-60.2167,-62.7375],[-60.1479,-62.7271],[-60.1104,-62.7125],[-60.0438,-62.7021],[-59.9995,-62.6755],[-59.9234,-62.6536],[-59.8724,-62.6297],[-59.8771,-62.6104],[-59.9599,-62.6172],[-59.9687,-62.6333],[-60.0453,-62.6161],[-60.0443,-62.6005],[-60.087,-62.5891],[-60.0953,-62.5609],[-60.0563,-62.5375],[-60.0109,-62.5234],[-60.0479,-62.5021],[-60.0911,-62.4953],[-60.1063,-62.4687]]],[[[-57.4026,-63.6266],[-57.4917,-63.6354],[-57.5724,-63.638],[-57.5297,-63.6651],[-57.5349,-63.687],[-57.4505,-63.6891],[-57.4349,-63.6505],[-57.4026,-63.6266]]],[[[-56.5354,-63.5563],[-56.625,-63.5583],[-56.6708,-63.5667],[-56.6911,-63.587],[-56.6786,-63.612],[-56.6312,-63.6063],[-56.5583,-63.6167],[-56.5172,-63.6057],[-56.5141,-63.5818],[-56.4792,-63.5604],[-56.5354,-63.5563]]],[[[-56.6484,-63.5339],[-56.7042,-63.5271],[-56.7245,-63.5453],[-56.6568,-63.5536],[-56.6484,-63.5339]]],[[[-55.9646,-63.3979],[-55.9896,-63.3917],[-56.1542,-63.4333],[-56.1797,-63.4526],[-56.2271,-63.4604],[-56.1953,-63.512],[-56.1354,-63.5417],[-56.0604,-63.5396],[-56.0255,-63.5526],[-56.012,-63.5849],[-55.9359,-63.5786],[-55.9245,-63.5484],[-55.8583,-63.5271],[-55.7875,-63.5271],[-55.7234,-63.4995],[-55.7214,-63.4589],[-55.7422,-63.4359],[-55.8146,-63.4333],[-55.8318,-63.4151],[-55.8792,-63.3979],[-55.9646,-63.3979]]],[[[-55.5958,-63.1208],[-55.6875,-63.125],[-55.7521,-63.1542],[-55.8625,-63.125],[-55.9708,-63.1479],[-56.0312,-63.1458],[-56.1771,-63.1708],[-56.2411,-63.1943],[-56.2526,-63.2099],[-56.3479,-63.2208],[-56.387,-63.2359],[-56.4807,-63.2995],[-56.4276,-63.312],[-56.45,-63.325],[-56.5104,-63.325],[-56.5495,-63.338],[-56.5557,-63.3703],[-56.5167,-63.3896],[-56.4667,-63.3937],[-56.462,-63.4224],[-56.4292,-63.4354],[-56.3583,-63.4396],[-56.3125,-63.4333],[-56.2604,-63.4042],[-56.1354,-63.4021],[-56.1125,-63.3875],[-56.0563,-63.3854],[-56.0193,-63.3641],[-56.0104,-63.3312],[-55.9625,-63.3354],[-55.9151,-63.3182],[-55.9062,-63.2938],[-55.8479,-63.3],[-55.8411,-63.3161],[-55.7854,-63.3229],[-55.7568,-63.288],[-55.6724,-63.3245],[-55.6208,-63.3354],[-55.5474,-63.3339],[-55.4792,-63.325],[-55.4125,-63.3312],[-55.3807,-63.3495],[-55.3208,-63.3625],[-55.1396,-63.3563],[-55.0568,-63.3224],[-55.038,-63.2891],[-55.0589,-63.2255],[-55.1349,-63.2016],[-55.2042,-63.2146],[-55.2375,-63.2021],[-55.3208,-63.1875],[-55.3812,-63.1896],[-55.4109,-63.2099],[-55.4687,-63.2062],[-55.537,-63.1724],[-55.5146,-63.1479],[-55.5958,-63.1208]]],[[[-56.5917,-63.15],[-56.6312,-63.1458],[-56.6995,-63.1734],[-56.6953,-63.2078],[-56.6583,-63.2167],[-56.6021,-63.2167],[-56.5734,-63.1786],[-56.5917,-63.15]]],[[[-56.4495,-62.9828],[-56.5312,-63.0021],[-56.6,-63.0354],[-56.6245,-63.0557],[-56.5464,-63.0943],[-56.5432,-63.1036],[-56.4729,-63.1354],[-56.3672,-63.1568],[-56.3432,-63.1786],[-56.3104,-63.1875],[-56.2458,-63.1688],[-56.1547,-63.1286],[-56.1495,-63.1109],[-56.0526,-63.0807],[-56.0359,-63.0599],[-56.0359,-63.0255],[-56.0896,-63.0021],[-56.175,-62.9958],[-56.2542,-63.0083],[-56.3292,-63.0042],[-56.3875,-62.9833],[-56.4495,-62.9828]]],[[[-59.7724,-62.4516],[-59.9854,-62.4437],[-59.962,-62.4911],[-59.937,-62.5016],[-59.8854,-62.5042],[-59.8563,-62.5167],[-59.8063,-62.5104],[-59.7521,-62.5187],[-59.7786,-62.5349],[-59.7187,-62.5542],[-59.65,-62.5542],[-59.5839,-62.5349],[-59.5609,-62.5099],[-59.5724,-62.4932],[-59.6214,-62.4714],[-59.662,-62.4693],[-59.6714,-62.4974],[-59.6984,-62.5078],[-59.7646,-62.4917],[-59.7578,-62.4672],[-59.7724,-62.4516]]],[[[-59.5292,-62.3375],[-59.6146,-62.3375],[-59.6833,-62.3542],[-59.6932,-62.3661],[-59.6729,-62.3917],[-59.6312,-62.3729],[-59.6078,-62.3859],[-59.6167,-62.4125],[-59.5714,-62.4318],[-59.5667,-62.4458],[-59.4901,-62.4599],[-59.4375,-62.4354],[-59.3849,-62.4359],[-59.3505,-62.4078],[-59.3776,-62.3755],[-59.4333,-62.375],[-59.5161,-62.3557],[-59.5292,-62.3375]]],[[[-58.9813,-62.2417],[-59.0563,-62.2354],[-59.1474,-62.2568],[-59.2182,-62.2891],[-59.1568,-62.3068],[-59.1536,-62.3245],[-59.1141,-62.3432],[-59.0375,-62.35],[-58.9771,-62.3396],[-58.9542,-62.3208],[-58.838,-62.3099],[-58.8484,-62.2776],[-58.8979,-62.2604],[-58.9437,-62.2583],[-58.9813,-62.2417]]],[[[-57.9708,-61.9125],[-58,-61.8979],[-58.0521,-61.9292],[-58.0917,-61.9292],[-58.2167,-61.9625],[-58.2958,-61.9396],[-58.3583,-61.9354],[-58.4276,-61.9432],[-58.512,-61.9734],[-58.5354,-61.9896],[-58.6063,-62.0104],[-58.6604,-62.0021],[-58.7161,-62.0214],[-58.7109,-62.0557],[-58.7516,-62.0609],[-58.7896,-62.0917],[-58.8641,-62.1026],[-58.9042,-62.1417],[-58.9682,-62.1651],[-59.0078,-62.2089],[-58.9641,-62.2141],[-58.9578,-62.1964],[-58.8958,-62.1813],[-58.8589,-62.1807],[-58.8453,-62.1568],[-58.7984,-62.1651],[-58.7974,-62.1974],[-58.7354,-62.2],[-58.7234,-62.2099],[-58.7724,-62.2328],[-58.7333,-62.2396],[-58.675,-62.2187],[-58.6458,-62.2208],[-58.6349,-62.2474],[-58.5833,-62.25],[-58.5208,-62.2271],[-58.4526,-62.2224],[-58.4458,-62.1854],[-58.487,-62.1609],[-58.5396,-62.1813],[-58.5979,-62.1813],[-58.5854,-62.1542],[-58.5458,-62.1521],[-58.4818,-62.1255],[-58.4609,-62.0984],[-58.5036,-62.0849],[-58.4661,-62.0651],[-58.4318,-62.0651],[-58.3771,-62.0792],[-58.325,-62.0729],[-58.2818,-62.0776],[-58.3911,-62.1109],[-58.3854,-62.1292],[-58.3479,-62.1312],[-58.2911,-62.1828],[-58.2396,-62.1875],[-58.1979,-62.15],[-58.1646,-62.1583],[-58.1276,-62.138],[-58.1641,-62.1307],[-58.1875,-62.1125],[-58.1714,-62.0974],[-58.1745,-62.0589],[-58.1437,-62.0479],[-58.0563,-62.0687],[-57.9792,-62.0687],[-57.9458,-62.0833],[-57.9151,-62.0724],[-57.912,-62.0422],[-57.8563,-62.025],[-57.7667,-62.0083],[-57.7083,-62.0062],[-57.7036,-62.0203],[-57.6437,-62.0229],[-57.638,-62.0026],[-57.687,-61.9786],[-57.687,-61.963],[-57.6443,-61.937],[-57.6443,-61.9172],[-57.675,-61.9104],[-57.763,-61.9266],[-57.8083,-61.9458],[-57.8792,-61.9437],[-57.9396,-61.9354],[-57.9708,-61.9125]]],[[[-54.0021,-61.15],[-54.0151,-61.1276],[-54.0995,-61.1693],[-54.1307,-61.1984],[-54.1401,-61.2245],[-54.2099,-61.2484],[-54.2203,-61.2807],[-54.1917,-61.2938],[-54.125,-61.2938],[-54.088,-61.3099],[-54.063,-61.2953],[-54.0354,-61.2458],[-54.0359,-61.2151],[-54.0578,-61.2099],[-54.0453,-61.1714],[-54.0021,-61.15]]],[[[-55.2995,-61.0661],[-55.3068,-61.0568],[-55.3703,-61.0568],[-55.4161,-61.0776],[-55.4495,-61.1224],[-55.3792,-61.1333],[-55.3505,-61.1484],[-55.3911,-61.1776],[-55.3786,-61.2099],[-55.3193,-61.2359],[-55.3099,-61.2495],[-55.2479,-61.2729],[-55.2068,-61.2745],[-55.2016,-61.2568],[-55.138,-61.2161],[-55.137,-61.2026],[-55.0734,-61.1932],[-55.0729,-61.1604],[-55.0042,-61.1604],[-54.9313,-61.1521],[-54.7583,-61.1562],[-54.7104,-61.1417],[-54.6932,-61.1214],[-54.7521,-61.0958],[-54.7875,-61.1083],[-54.85,-61.1],[-54.9458,-61.1104],[-55.0479,-61.1042],[-55.0646,-61.0917],[-55.1188,-61.0875],[-55.1667,-61.0687],[-55.1854,-61.0792],[-55.2687,-61.0771],[-55.2995,-61.0661]]],[[[-44.4974,-60.6807],[-44.6245,-60.7141],[-44.7208,-60.7187],[-44.7542,-60.7354],[-44.6271,-60.7521],[-44.5214,-60.7349],[-44.5161,-60.7151],[-44.4505,-60.7057],[-44.4974,-60.6807]]],[[[-45.0474,-60.6453],[-45.0682,-60.6526],[-45.0849,-60.687],[-45.0516,-60.712],[-45.0026,-60.7099],[-45.0391,-60.6724],[-45.0474,-60.6453]]],[[[-45.6932,-60.5161],[-45.7062,-60.5104],[-45.7667,-60.5375],[-45.8063,-60.5292],[-45.8479,-60.55],[-45.8849,-60.5411],[-45.9151,-60.5214],[-45.9526,-60.5349],[-45.9526,-60.562],[-45.9974,-60.5776],[-46.012,-60.5964],[-45.9938,-60.6229],[-45.9292,-60.6271],[-45.888,-60.6203],[-45.8661,-60.5964],[-45.8234,-60.5932],[-45.7917,-60.5792],[-45.7526,-60.5964],[-45.7646,-60.6125],[-45.7453,-60.637],[-45.6755,-60.6536],[-45.6417,-60.6292],[-45.6,-60.6417],[-45.5146,-60.6354],[-45.462,-60.6557],[-45.4234,-60.6557],[-45.3484,-60.6672],[-45.2786,-60.6953],[-45.213,-60.713],[-45.1807,-60.7141],[-45.1849,-60.6818],[-45.2104,-60.6604],[-45.2005,-60.6411],[-45.237,-60.6255],[-45.2792,-60.6333],[-45.3286,-60.6234],[-45.3557,-60.6286],[-45.3875,-60.5812],[-45.4297,-60.5568],[-45.5099,-60.5422],[-45.5417,-60.5604],[-45.5792,-60.5479],[-45.6188,-60.55],[-45.6401,-60.5339],[-45.6932,-60.5161]]]]},"properties":{"GID_0":"ATA","ISO_A2":"AQ","ISO_A3":"ATA","NAME_EN":"Antarctica","NAME_IT":"Antartide"}}
]}